model,sequence,camera,n_frames,pred_focal_mean_px,pred_focal_median_px,pred_focal_std_px,coefficient_of_variation,pred_focal_min_px,pred_focal_max_px,range_px,range_pct_of_mean
AnyCalib[anycalib_pinhole/pinhole],p36-tea-0010,brics-odroid-001_cam0,8,1205.745,1215.47,70.528,0.05849,1100.379,1279.618,179.239,14.865
AnyCalib[anycalib_pinhole/pinhole],p36-tea-0010,brics-odroid-001_cam1,8,1053.767,1054.235,11.064,0.0105,1037.736,1071.829,34.092,3.235
AnyCalib[anycalib_pinhole/pinhole],p36-tea-0010,brics-odroid-002_cam0,8,1137.531,1143.457,14.763,0.01298,1117.901,1158.043,40.142,3.529
AnyCalib[anycalib_pinhole/pinhole],p36-tea-0010,brics-odroid-006_cam0,8,1079.066,1084.159,16.246,0.01506,1046.793,1099.661,52.869,4.9
AnyCalib[anycalib_pinhole/pinhole],p36-tea-0010,brics-odroid-007_cam0,8,1134.262,1133.544,31.726,0.02797,1097.27,1183.837,86.567,7.632
AnyCalib[anycalib_pinhole/pinhole],p36-tea-0010,brics-odroid-007_cam1,8,1087.71,1084.605,22.064,0.02028,1057.879,1124.996,67.117,6.17
AnyCalib[anycalib_pinhole/pinhole],p36-tea-0010,brics-odroid-008_cam0,8,1212.641,1215.307,23.403,0.0193,1181.889,1244.418,62.529,5.156
AnyCalib[anycalib_pinhole/pinhole],p36-tea-0010,brics-odroid-009_cam1,8,957.354,947.096,35.595,0.03718,924.615,1031.531,106.916,11.168
AnyCalib[anycalib_pinhole/pinhole],p36-tea-0010,brics-odroid-010_cam0,8,1094.544,1098.723,46.328,0.04233,1042.869,1186.69,143.822,13.14
AnyCalib[anycalib_pinhole/pinhole],p36-tea-0010,brics-odroid-010_cam1,8,1012.955,1009.685,34.542,0.0341,952.134,1061.147,109.013,10.762
AnyCalib[anycalib_pinhole/pinhole],p36-tea-0010,brics-odroid-011_cam0,8,1099.219,1098.429,8.859,0.00806,1085.324,1117.573,32.249,2.934
AnyCalib[anycalib_pinhole/pinhole],p36-tea-0010,brics-odroid-012_cam0,8,1050.975,1049.561,11.98,0.0114,1038.827,1073.817,34.99,3.329
AnyCalib[anycalib_pinhole/pinhole],p36-tea-0010,brics-odroid-012_cam1,8,1055.321,1053.319,25.784,0.02443,1020.92,1091.851,70.931,6.721
AnyCalib[anycalib_pinhole/pinhole],p36-tea-0010,brics-odroid-014_cam1,8,1005.258,999.979,24.355,0.02423,972.841,1047.165,74.324,7.394
AnyCalib[anycalib_pinhole/pinhole],p36-tea-0010,brics-odroid-015_cam0,8,986.755,986.129,32.832,0.03327,944.375,1035.335,90.96,9.218
AnyCalib[anycalib_pinhole/pinhole],p36-tea-0010,brics-odroid-015_cam1,8,922.862,919.338,11.79,0.01278,908.178,943.275,35.097,3.803
AnyCalib[anycalib_pinhole/pinhole],p36-tea-0010,brics-odroid-016_cam0,8,1356.618,1373.904,89.598,0.06605,1228.054,1467.414,239.361,17.644
AnyCalib[anycalib_pinhole/pinhole],p36-tea-0010,brics-odroid-017_cam0,8,1009.874,1013.516,22.426,0.02221,979.206,1036.696,57.491,5.693
AnyCalib[anycalib_pinhole/pinhole],p36-tea-0010,brics-odroid-017_cam1,8,1174.77,1171.179,27.011,0.02299,1143.829,1217.274,73.446,6.252
AnyCalib[anycalib_pinhole/pinhole],p36-tea-0010,brics-odroid-019_cam1,8,1090.472,1093.91,13.637,0.01251,1065.329,1103.1,37.77,3.464
AnyCalib[anycalib_pinhole/pinhole],p36-tea-0010,brics-odroid-020_cam0,8,1073.822,1077.766,45.966,0.04281,993.122,1134.14,141.018,13.132
AnyCalib[anycalib_pinhole/pinhole],p36-tea-0010,brics-odroid-020_cam1,8,1047.477,1040.684,25.965,0.02479,1021.621,1087.668,66.047,6.305
AnyCalib[anycalib_pinhole/pinhole],p36-tea-0010,brics-odroid-021_cam0,8,1160.305,1160.597,46.693,0.04024,1088.951,1245.667,156.716,13.506
AnyCalib[anycalib_pinhole/pinhole],p36-tea-0010,brics-odroid-021_cam1,8,1126.625,1119.79,24.129,0.02142,1101.103,1163.283,62.18,5.519
AnyCalib[anycalib_pinhole/pinhole],p36-tea-0010,brics-odroid-022_cam0,8,1208.699,1223.501,52.112,0.04311,1126.55,1270.297,143.748,11.893
AnyCalib[anycalib_pinhole/pinhole],p36-tea-0010,brics-odroid-022_cam1,8,1029.11,1031.034,21.43,0.02082,988.912,1051.977,63.064,6.128
AnyCalib[anycalib_pinhole/pinhole],p36-tea-0010,brics-odroid-023_cam0,8,1061.635,1069.758,22.074,0.02079,1020.974,1083.737,62.764,5.912
AnyCalib[anycalib_pinhole/pinhole],p36-tea-0010,brics-odroid-024_cam0,8,973.222,981.611,37.615,0.03865,897.585,1015.042,117.456,12.069
AnyCalib[anycalib_pinhole/pinhole],p36-tea-0010,brics-odroid-024_cam1,8,1134.629,1132.704,18.966,0.01672,1117.367,1175.481,58.114,5.122
AnyCalib[anycalib_pinhole/pinhole],p36-tea-0010,brics-odroid-025_cam0,8,710.316,699.036,30.286,0.04264,677.964,767.462,89.498,12.6
AnyCalib[anycalib_pinhole/pinhole],p36-tea-0010,brics-odroid-025_cam1,8,1001.287,1000.707,23.357,0.02333,961.979,1037.556,75.577,7.548
AnyCalib[anycalib_pinhole/pinhole],p36-tea-0010,brics-odroid-026_cam0,8,1132.283,1136.648,18.835,0.01663,1094.754,1154.925,60.171,5.314
AnyCalib[anycalib_pinhole/pinhole],p36-tea-0010,brics-odroid-026_cam1,8,1185.424,1200.113,58.077,0.04899,1092.455,1250.475,158.02,13.33
AnyCalib[anycalib_pinhole/pinhole],p36-tea-0010,brics-odroid-027_cam0,8,1126.862,1123.764,33.466,0.0297,1075.202,1172.12,96.917,8.601
AnyCalib[anycalib_pinhole/pinhole],p36-tea-0010,brics-odroid-027_cam1,8,1082.539,1079.406,56.574,0.05226,1017.302,1183.526,166.224,15.355
AnyCalib[anycalib_pinhole/pinhole],p36-tea-0010,brics-odroid-028_cam0,8,1176.771,1178.235,43.378,0.03686,1124.099,1243.647,119.548,10.159
AnyCalib[anycalib_pinhole/pinhole],p36-tea-0010,brics-odroid-029_cam0,8,1553.375,1557.592,75.577,0.04865,1432.792,1637.014,204.223,13.147
AnyCalib[anycalib_pinhole/pinhole],p36-tea-0010,brics-odroid-029_cam1,8,1121.101,1105.554,51.09,0.04557,1087.888,1243.678,155.791,13.896
AnyCalib[anycalib_pinhole/pinhole],p36-tea-0010,brics-odroid-030_cam0,8,1177.029,1182.359,41.924,0.03562,1109.234,1233.732,124.498,10.577
AnyCalib[anycalib_pinhole/pinhole],p36-tea-0010,brics-odroid-030_cam1,8,913.3,893.612,88.183,0.09655,772.764,1046.177,273.413,29.937
AnyCalib[anycalib_pinhole/pinhole],p41-boxing-0021,brics-odroid-001_cam0,8,1140.364,1119.017,44.718,0.03921,1099.552,1215.073,115.52,10.13
AnyCalib[anycalib_pinhole/pinhole],p41-boxing-0021,brics-odroid-001_cam1,8,1124.579,1114.62,25.333,0.02253,1098.811,1175.722,76.911,6.839
AnyCalib[anycalib_pinhole/pinhole],p41-boxing-0021,brics-odroid-002_cam0,8,1055.05,1049.521,22.112,0.02096,1039.447,1106.799,67.353,6.384
AnyCalib[anycalib_pinhole/pinhole],p41-boxing-0021,brics-odroid-006_cam0,8,1022.104,1017.915,18.41,0.01801,1002.527,1054.738,52.211,5.108
AnyCalib[anycalib_pinhole/pinhole],p41-boxing-0021,brics-odroid-007_cam0,8,1126.299,1127.445,10.679,0.00948,1108.62,1141.606,32.986,2.929
AnyCalib[anycalib_pinhole/pinhole],p41-boxing-0021,brics-odroid-007_cam1,8,1086.604,1085.361,15.589,0.01435,1067.822,1112.502,44.68,4.112
AnyCalib[anycalib_pinhole/pinhole],p41-boxing-0021,brics-odroid-008_cam0,8,1178.414,1177.703,18.203,0.01545,1154.757,1202.631,47.874,4.063
AnyCalib[anycalib_pinhole/pinhole],p41-boxing-0021,brics-odroid-009_cam1,8,1023.309,1015.276,28.649,0.028,1000.582,1085.583,85.001,8.307
AnyCalib[anycalib_pinhole/pinhole],p41-boxing-0021,brics-odroid-010_cam0,8,993.879,995.653,22.041,0.02218,959.362,1028.309,68.947,6.937
AnyCalib[anycalib_pinhole/pinhole],p41-boxing-0021,brics-odroid-010_cam1,8,898.527,889.526,18.08,0.02012,881.908,922.752,40.845,4.546
AnyCalib[anycalib_pinhole/pinhole],p41-boxing-0021,brics-odroid-011_cam0,8,1158.928,1158.115,10.749,0.00928,1144.351,1177.343,32.992,2.847
AnyCalib[anycalib_pinhole/pinhole],p41-boxing-0021,brics-odroid-012_cam0,8,1076.447,1076.49,12.381,0.0115,1061.128,1101.653,40.525,3.765
AnyCalib[anycalib_pinhole/pinhole],p41-boxing-0021,brics-odroid-012_cam1,8,1110.741,1108.854,9.657,0.00869,1097.397,1124.064,26.666,2.401
AnyCalib[anycalib_pinhole/pinhole],p41-boxing-0021,brics-odroid-014_cam1,8,1009.396,1010.811,10.448,0.01035,995.272,1029.651,34.379,3.406
AnyCalib[anycalib_pinhole/pinhole],p41-boxing-0021,brics-odroid-015_cam0,8,1044.777,1044.54,20.408,0.01953,1016.929,1070.666,53.737,5.143
AnyCalib[anycalib_pinhole/pinhole],p41-boxing-0021,brics-odroid-015_cam1,8,997.415,997.519,10.818,0.01085,976.337,1014.69,38.353,3.845
AnyCalib[anycalib_pinhole/pinhole],p41-boxing-0021,brics-odroid-016_cam0,8,1370.984,1377.319,20.003,0.01459,1326.151,1388.204,62.053,4.526
AnyCalib[anycalib_pinhole/pinhole],p41-boxing-0021,brics-odroid-017_cam0,8,1013.825,1015.921,23.994,0.02367,977.708,1049.83,72.122,7.114
AnyCalib[anycalib_pinhole/pinhole],p41-boxing-0021,brics-odroid-017_cam1,8,1129.377,1131.197,13.645,0.01208,1110.346,1149.779,39.433,3.492
AnyCalib[anycalib_pinhole/pinhole],p41-boxing-0021,brics-odroid-019_cam1,8,976.908,979.22,14.335,0.01467,949.73,991.928,42.198,4.32
AnyCalib[anycalib_pinhole/pinhole],p41-boxing-0021,brics-odroid-020_cam0,8,887.878,883.586,22.638,0.0255,864.052,924.467,60.415,6.804
AnyCalib[anycalib_pinhole/pinhole],p41-boxing-0021,brics-odroid-020_cam1,8,1029.479,1030.438,12.833,0.01247,1007.862,1049.652,41.79,4.059
AnyCalib[anycalib_pinhole/pinhole],p41-boxing-0021,brics-odroid-021_cam0,8,1196.728,1195.749,22.102,0.01847,1169.478,1236.429,66.952,5.595
AnyCalib[anycalib_pinhole/pinhole],p41-boxing-0021,brics-odroid-021_cam1,8,1159.32,1155.906,20.709,0.01786,1130.609,1194.656,64.047,5.525
AnyCalib[anycalib_pinhole/pinhole],p41-boxing-0021,brics-odroid-022_cam0,8,1100.523,1097.119,15.735,0.0143,1083.151,1127.022,43.871,3.986
AnyCalib[anycalib_pinhole/pinhole],p41-boxing-0021,brics-odroid-022_cam1,8,1033.012,1033.521,12.145,0.01176,1016.522,1052.396,35.874,3.473
AnyCalib[anycalib_pinhole/pinhole],p41-boxing-0021,brics-odroid-023_cam0,8,1001.58,1011.257,32.744,0.03269,951.27,1040.493,89.224,8.908
AnyCalib[anycalib_pinhole/pinhole],p41-boxing-0021,brics-odroid-024_cam0,8,1064.726,1057.04,37.785,0.03549,1025.757,1151.04,125.283,11.767
AnyCalib[anycalib_pinhole/pinhole],p41-boxing-0021,brics-odroid-024_cam1,8,1081.329,1080.721,15.442,0.01428,1061.49,1108.754,47.265,4.371
AnyCalib[anycalib_pinhole/pinhole],p41-boxing-0021,brics-odroid-025_cam0,8,688.514,683.194,16.449,0.02389,672.744,721.263,48.52,7.047
AnyCalib[anycalib_pinhole/pinhole],p41-boxing-0021,brics-odroid-025_cam1,8,1064.055,1065.876,17.559,0.0165,1041.739,1089.733,47.994,4.511
AnyCalib[anycalib_pinhole/pinhole],p41-boxing-0021,brics-odroid-026_cam0,8,1126.655,1120.77,21.035,0.01867,1101.338,1160.987,59.649,5.294
AnyCalib[anycalib_pinhole/pinhole],p41-boxing-0021,brics-odroid-026_cam1,8,1064.634,1069.487,19.03,0.01787,1033.417,1091.619,58.201,5.467
AnyCalib[anycalib_pinhole/pinhole],p41-boxing-0021,brics-odroid-027_cam0,8,1008.904,1010.099,32.562,0.03227,958.771,1059.48,100.709,9.982
AnyCalib[anycalib_pinhole/pinhole],p41-boxing-0021,brics-odroid-027_cam1,8,1004.423,1004.944,18.551,0.01847,977.502,1024.561,47.058,4.685
AnyCalib[anycalib_pinhole/pinhole],p41-boxing-0021,brics-odroid-028_cam0,8,1098.373,1092.844,29.35,0.02672,1070.254,1165.133,94.879,8.638
AnyCalib[anycalib_pinhole/pinhole],p41-boxing-0021,brics-odroid-029_cam0,8,1277.708,1280.224,47.796,0.03741,1192.108,1337.539,145.431,11.382
AnyCalib[anycalib_pinhole/pinhole],p41-boxing-0021,brics-odroid-029_cam1,8,1143.662,1135.542,34.12,0.02983,1099.171,1208.28,109.109,9.54
AnyCalib[anycalib_pinhole/pinhole],p41-boxing-0021,brics-odroid-030_cam0,8,1032.887,1039.765,23.56,0.02281,985.84,1058.73,72.89,7.057
AnyCalib[anycalib_pinhole/pinhole],p41-boxing-0021,brics-odroid-030_cam1,8,790.046,786.808,21.411,0.0271,749.984,820.423,70.44,8.916
AnyCalib[anycalib_pinhole/pinhole],p41-plant-0004,brics-odroid-001_cam0,8,1143.962,1141.35,13.975,0.01222,1132.489,1176.372,43.884,3.836
AnyCalib[anycalib_pinhole/pinhole],p41-plant-0004,brics-odroid-001_cam1,8,1190.838,1191.316,4.289,0.0036,1182.889,1197.735,14.846,1.247
AnyCalib[anycalib_pinhole/pinhole],p41-plant-0004,brics-odroid-002_cam0,8,1122.617,1121.397,13.124,0.01169,1102.295,1143.781,41.486,3.695
AnyCalib[anycalib_pinhole/pinhole],p41-plant-0004,brics-odroid-006_cam0,8,1152.275,1156.027,9.83,0.00853,1134.361,1161.326,26.965,2.34
AnyCalib[anycalib_pinhole/pinhole],p41-plant-0004,brics-odroid-007_cam0,8,1066.409,1068.338,6.732,0.00631,1056.909,1073.945,17.036,1.598
AnyCalib[anycalib_pinhole/pinhole],p41-plant-0004,brics-odroid-007_cam1,8,1139.689,1145.677,13.658,0.01198,1115.289,1155.219,39.93,3.504
AnyCalib[anycalib_pinhole/pinhole],p41-plant-0004,brics-odroid-008_cam0,8,1171.261,1172.887,7.268,0.00621,1157.083,1179.874,22.791,1.946
AnyCalib[anycalib_pinhole/pinhole],p41-plant-0004,brics-odroid-009_cam1,8,867.655,865.985,14.881,0.01715,842.968,892.772,49.804,5.74
AnyCalib[anycalib_pinhole/pinhole],p41-plant-0004,brics-odroid-010_cam0,8,898.039,885.333,39.099,0.04354,863.328,969.146,105.819,11.783
AnyCalib[anycalib_pinhole/pinhole],p41-plant-0004,brics-odroid-010_cam1,8,1031.631,1024.962,19.563,0.01896,1002.294,1058.409,56.115,5.439
AnyCalib[anycalib_pinhole/pinhole],p41-plant-0004,brics-odroid-011_cam0,8,1232.215,1228.438,8.72,0.00708,1221.646,1245.981,24.335,1.975
AnyCalib[anycalib_pinhole/pinhole],p41-plant-0004,brics-odroid-012_cam0,8,1141.751,1143.949,9.332,0.00817,1124.869,1152.133,27.264,2.388
AnyCalib[anycalib_pinhole/pinhole],p41-plant-0004,brics-odroid-012_cam1,8,1062.094,1061.226,4.418,0.00416,1055.913,1070.873,14.96,1.408
AnyCalib[anycalib_pinhole/pinhole],p41-plant-0004,brics-odroid-014_cam1,8,1064.533,1063.75,15.051,0.01414,1047.672,1088.657,40.984,3.85
AnyCalib[anycalib_pinhole/pinhole],p41-plant-0004,brics-odroid-015_cam0,8,1356.832,1358.637,12.957,0.00955,1336.644,1374.796,38.152,2.812
AnyCalib[anycalib_pinhole/pinhole],p41-plant-0004,brics-odroid-015_cam1,8,978.758,982.547,9.291,0.00949,964.052,988.269,24.217,2.474
AnyCalib[anycalib_pinhole/pinhole],p41-plant-0004,brics-odroid-016_cam0,8,1418.857,1419.086,26.405,0.01861,1366.63,1449.554,82.924,5.844
AnyCalib[anycalib_pinhole/pinhole],p41-plant-0004,brics-odroid-017_cam0,8,1129.881,1131.423,11.841,0.01048,1106.717,1144.042,37.325,3.303
AnyCalib[anycalib_pinhole/pinhole],p41-plant-0004,brics-odroid-017_cam1,8,1094.917,1095.754,11.56,0.01056,1077.727,1115.897,38.169,3.486
AnyCalib[anycalib_pinhole/pinhole],p41-plant-0004,brics-odroid-019_cam1,8,1257.709,1265.25,46.753,0.03717,1157.505,1310.509,153.004,12.165
AnyCalib[anycalib_pinhole/pinhole],p41-plant-0004,brics-odroid-020_cam0,8,1237.443,1233.13,46.774,0.0378,1179.583,1308.285,128.702,10.401
AnyCalib[anycalib_pinhole/pinhole],p41-plant-0004,brics-odroid-020_cam1,8,1048.159,1050.003,13.523,0.0129,1026.001,1069.083,43.082,4.11
AnyCalib[anycalib_pinhole/pinhole],p41-plant-0004,brics-odroid-021_cam0,8,906.306,906.617,10.566,0.01166,886.796,924.196,37.4,4.127
AnyCalib[anycalib_pinhole/pinhole],p41-plant-0004,brics-odroid-021_cam1,8,1120.251,1119.1,8.312,0.00742,1111.76,1135.453,23.693,2.115
AnyCalib[anycalib_pinhole/pinhole],p41-plant-0004,brics-odroid-022_cam0,8,1109.7,1112.716,19.803,0.01785,1070.401,1129.085,58.685,5.288
AnyCalib[anycalib_pinhole/pinhole],p41-plant-0004,brics-odroid-022_cam1,8,964.247,965.242,10.313,0.0107,951.375,981.263,29.888,3.1
AnyCalib[anycalib_pinhole/pinhole],p41-plant-0004,brics-odroid-023_cam0,8,957.132,958.933,11.274,0.01178,936.662,972.97,36.308,3.793
AnyCalib[anycalib_pinhole/pinhole],p41-plant-0004,brics-odroid-024_cam0,8,988.238,982.73,19.406,0.01964,968.629,1029.516,60.887,6.161
AnyCalib[anycalib_pinhole/pinhole],p41-plant-0004,brics-odroid-024_cam1,8,1002.362,1006.185,22.519,0.02247,969.094,1032.924,63.831,6.368
AnyCalib[anycalib_pinhole/pinhole],p41-plant-0004,brics-odroid-025_cam0,8,724.977,724.02,8.476,0.01169,713.073,736.5,23.427,3.231
AnyCalib[anycalib_pinhole/pinhole],p41-plant-0004,brics-odroid-025_cam1,8,854.595,852.843,11.942,0.01397,841.002,869.934,28.932,3.385
AnyCalib[anycalib_pinhole/pinhole],p41-plant-0004,brics-odroid-026_cam0,8,1249.501,1254.117,16.796,0.01344,1223.177,1270.131,46.954,3.758
AnyCalib[anycalib_pinhole/pinhole],p41-plant-0004,brics-odroid-026_cam1,8,1001.176,998.138,12.736,0.01272,980.563,1021.229,40.666,4.062
AnyCalib[anycalib_pinhole/pinhole],p41-plant-0004,brics-odroid-027_cam0,8,965.236,966.589,8.565,0.00887,947.745,974.235,26.49,2.744
AnyCalib[anycalib_pinhole/pinhole],p41-plant-0004,brics-odroid-027_cam1,8,930.258,930.34,15.319,0.01647,910.067,960.785,50.718,5.452
AnyCalib[anycalib_pinhole/pinhole],p41-plant-0004,brics-odroid-028_cam0,8,1245.01,1246.29,23.27,0.01869,1212.981,1290.421,77.44,6.22
AnyCalib[anycalib_pinhole/pinhole],p41-plant-0004,brics-odroid-029_cam0,8,1093.549,1094.808,12.646,0.01156,1066.665,1107.62,40.956,3.745
AnyCalib[anycalib_pinhole/pinhole],p41-plant-0004,brics-odroid-029_cam1,8,1107.888,1107.082,13.536,0.01222,1090.264,1125.513,35.25,3.182
AnyCalib[anycalib_pinhole/pinhole],p41-plant-0004,brics-odroid-030_cam0,8,920.898,921.836,12.771,0.01387,898.419,935.492,37.073,4.026
AnyCalib[anycalib_pinhole/pinhole],p41-plant-0004,brics-odroid-030_cam1,8,912.431,920.728,20.611,0.02259,880.488,937.919,57.431,6.294
AnyCalib[anycalib_pinhole/pinhole],p44-dog-0004,brics-odroid-001_cam0,8,1073.531,1073.436,4.275,0.00398,1068.196,1080.181,11.984,1.116
AnyCalib[anycalib_pinhole/pinhole],p44-dog-0004,brics-odroid-001_cam1,8,1141.638,1142.97,10.936,0.00958,1125.991,1157.943,31.952,2.799
AnyCalib[anycalib_pinhole/pinhole],p44-dog-0004,brics-odroid-002_cam0,8,1114.627,1116.796,9.994,0.00897,1098.072,1131.081,33.009,2.961
AnyCalib[anycalib_pinhole/pinhole],p44-dog-0004,brics-odroid-006_cam0,8,995.515,998.468,6.127,0.00615,985.163,1001.96,16.797,1.687
AnyCalib[anycalib_pinhole/pinhole],p44-dog-0004,brics-odroid-007_cam0,8,1120.724,1121.624,11.266,0.01005,1106.703,1134.551,27.849,2.485
AnyCalib[anycalib_pinhole/pinhole],p44-dog-0004,brics-odroid-007_cam1,8,1048.158,1047.669,5.448,0.0052,1039.584,1055.696,16.112,1.537
AnyCalib[anycalib_pinhole/pinhole],p44-dog-0004,brics-odroid-008_cam0,8,1338.685,1344.602,21.837,0.01631,1299.88,1358.343,58.463,4.367
AnyCalib[anycalib_pinhole/pinhole],p44-dog-0004,brics-odroid-009_cam1,8,1073.537,1073.438,7.128,0.00664,1062.159,1082.791,20.631,1.922
AnyCalib[anycalib_pinhole/pinhole],p44-dog-0004,brics-odroid-010_cam0,8,1019.732,1017.748,23.895,0.02343,982.746,1051.424,68.678,6.735
AnyCalib[anycalib_pinhole/pinhole],p44-dog-0004,brics-odroid-010_cam1,8,1038.762,1054.833,34.931,0.03363,990.881,1070.029,79.149,7.62
AnyCalib[anycalib_pinhole/pinhole],p44-dog-0004,brics-odroid-011_cam0,8,1059.883,1057.884,5.391,0.00509,1052.753,1069.362,16.609,1.567
AnyCalib[anycalib_pinhole/pinhole],p44-dog-0004,brics-odroid-012_cam0,8,1120.737,1117.945,8.092,0.00722,1112.752,1135.225,22.473,2.005
AnyCalib[anycalib_pinhole/pinhole],p44-dog-0004,brics-odroid-012_cam1,8,997.823,996.693,13.303,0.01333,981.603,1027.17,45.566,4.567
AnyCalib[anycalib_pinhole/pinhole],p44-dog-0004,brics-odroid-014_cam1,8,966.097,967.531,12.53,0.01297,949.531,989.935,40.405,4.182
AnyCalib[anycalib_pinhole/pinhole],p44-dog-0004,brics-odroid-015_cam0,8,945.275,944.392,11.521,0.01219,928.158,966.487,38.328,4.055
AnyCalib[anycalib_pinhole/pinhole],p44-dog-0004,brics-odroid-015_cam1,8,922.782,923.519,8.621,0.00934,911.601,935.137,23.536,2.55
AnyCalib[anycalib_pinhole/pinhole],p44-dog-0004,brics-odroid-016_cam0,8,1538.96,1546.435,36.41,0.02366,1484.926,1582.153,97.227,6.318
AnyCalib[anycalib_pinhole/pinhole],p44-dog-0004,brics-odroid-017_cam0,8,1048.901,1051.031,13.468,0.01284,1027.256,1072.64,45.384,4.327
AnyCalib[anycalib_pinhole/pinhole],p44-dog-0004,brics-odroid-017_cam1,8,1148.946,1149.187,14.059,0.01224,1131.711,1169.226,37.514,3.265
AnyCalib[anycalib_pinhole/pinhole],p44-dog-0004,brics-odroid-019_cam1,8,1456.151,1473.205,51.945,0.03567,1362.234,1503.812,141.578,9.723
AnyCalib[anycalib_pinhole/pinhole],p44-dog-0004,brics-odroid-020_cam0,8,959.151,957.757,14.339,0.01495,943.566,990.284,46.718,4.871
AnyCalib[anycalib_pinhole/pinhole],p44-dog-0004,brics-odroid-020_cam1,8,1073.586,1073.946,11.291,0.01052,1055.997,1090.472,34.475,3.211
AnyCalib[anycalib_pinhole/pinhole],p44-dog-0004,brics-odroid-021_cam0,8,1104.847,1103.557,18.23,0.0165,1078.24,1130.555,52.315,4.735
AnyCalib[anycalib_pinhole/pinhole],p44-dog-0004,brics-odroid-021_cam1,8,1213.974,1210.159,21.95,0.01808,1183.419,1255.48,72.061,5.936
AnyCalib[anycalib_pinhole/pinhole],p44-dog-0004,brics-odroid-022_cam0,8,1061.584,1057.664,21.577,0.02033,1041.329,1099.708,58.379,5.499
AnyCalib[anycalib_pinhole/pinhole],p44-dog-0004,brics-odroid-022_cam1,8,871.667,869.226,10.298,0.01181,859.069,888.47,29.402,3.373
AnyCalib[anycalib_pinhole/pinhole],p44-dog-0004,brics-odroid-023_cam0,8,966.405,966.971,8.71,0.00901,956.076,980.598,24.523,2.538
AnyCalib[anycalib_pinhole/pinhole],p44-dog-0004,brics-odroid-024_cam0,8,975.175,978.654,15.623,0.01602,941.465,993.704,52.24,5.357
AnyCalib[anycalib_pinhole/pinhole],p44-dog-0004,brics-odroid-024_cam1,8,1013.683,1011.413,13.185,0.01301,994.996,1031.156,36.16,3.567
AnyCalib[anycalib_pinhole/pinhole],p44-dog-0004,brics-odroid-025_cam0,8,767.301,768.002,18.693,0.02436,738.626,790.487,51.861,6.759
AnyCalib[anycalib_pinhole/pinhole],p44-dog-0004,brics-odroid-025_cam1,8,838.995,835.264,13.929,0.0166,827.066,870.345,43.279,5.158
AnyCalib[anycalib_pinhole/pinhole],p44-dog-0004,brics-odroid-026_cam0,8,1153.948,1150.07,13.288,0.01152,1134.897,1175.857,40.96,3.55
AnyCalib[anycalib_pinhole/pinhole],p44-dog-0004,brics-odroid-026_cam1,8,1145.383,1149.954,31.082,0.02714,1075.713,1178.85,103.137,9.005
AnyCalib[anycalib_pinhole/pinhole],p44-dog-0004,brics-odroid-027_cam0,8,1024.96,1022.11,27.784,0.02711,992.329,1080.807,88.478,8.632
AnyCalib[anycalib_pinhole/pinhole],p44-dog-0004,brics-odroid-027_cam1,8,1035.671,1034.027,7.426,0.00717,1026.406,1049.313,22.908,2.212
AnyCalib[anycalib_pinhole/pinhole],p44-dog-0004,brics-odroid-028_cam0,8,1252.132,1251.236,9.026,0.00721,1238.264,1269.026,30.762,2.457
AnyCalib[anycalib_pinhole/pinhole],p44-dog-0004,brics-odroid-029_cam0,8,1120.735,1126.106,33.077,0.02951,1056.89,1160.123,103.233,9.211
AnyCalib[anycalib_pinhole/pinhole],p44-dog-0004,brics-odroid-029_cam1,8,1094.686,1089.258,35.453,0.03239,1053.033,1159.47,106.438,9.723
AnyCalib[anycalib_pinhole/pinhole],p44-dog-0004,brics-odroid-030_cam0,8,998.054,994.269,26.127,0.02618,963.54,1042.653,79.114,7.927
AnyCalib[anycalib_pinhole/pinhole],p44-dog-0004,brics-odroid-030_cam1,8,831.582,828.831,27.62,0.03321,798.309,871.453,73.145,8.796
AnyCalib[anycalib_pinhole/pinhole],p52-instrument-0034,brics-odroid-002_cam0,8,1069.941,1072.746,10.835,0.01013,1054.287,1082.758,28.471,2.661
AnyCalib[anycalib_pinhole/pinhole],p52-instrument-0034,brics-odroid-007_cam0,8,1126.919,1125.049,6.55,0.00581,1119.709,1138.9,19.191,1.703
AnyCalib[anycalib_pinhole/pinhole],p52-instrument-0034,brics-odroid-007_cam1,8,1132.618,1128.592,10.469,0.00924,1119.003,1148.92,29.917,2.641
AnyCalib[anycalib_pinhole/pinhole],p52-instrument-0034,brics-odroid-012_cam1,8,1022.094,1022.094,5.322,0.00521,1013.412,1030.499,17.087,1.672
AnyCalib[anycalib_pinhole/pinhole],p52-instrument-0034,brics-odroid-015_cam1,8,920.466,918.779,6.883,0.00748,911.59,932.094,20.504,2.228
AnyCalib[anycalib_pinhole/pinhole],p52-instrument-0034,brics-odroid-016_cam0,8,1320.877,1324.789,14.078,0.01066,1302.416,1336.979,34.563,2.617
AnyCalib[anycalib_pinhole/pinhole],p52-instrument-0034,brics-odroid-021_cam0,8,1093.145,1090.565,10.912,0.00998,1078.527,1113.549,35.022,3.204
AnyCalib[anycalib_pinhole/pinhole],p52-instrument-0034,brics-odroid-023_cam0,8,1038.207,1039.964,11.658,0.01123,1017.785,1052.315,34.53,3.326
AnyCalib[anycalib_pinhole/pinhole],p52-instrument-0034,brics-odroid-024_cam0,8,984.901,988.845,11.919,0.0121,966.535,1002.583,36.047,3.66
AnyCalib[anycalib_pinhole/pinhole],p52-instrument-0034,brics-odroid-025_cam1,8,950.244,947.961,16.024,0.01686,927.647,974.123,46.475,4.891
AnyCalib[anycalib_pinhole/pinhole],p52-instrument-0034,brics-odroid-027_cam0,8,1018.928,1020.419,8.687,0.00853,1005.068,1027.309,22.241,2.183
AnyCalib[anycalib_pinhole/pinhole],p52-instrument-0034,brics-odroid-027_cam1,8,1069.103,1068.281,7.336,0.00686,1055.197,1079.491,24.294,2.272
AnyCalib[anycalib_pinhole/pinhole],p52-instrument-0034,brics-odroid-028_cam0,8,1099.436,1099.452,4.632,0.00421,1093.076,1105.249,12.173,1.107
AnyCalib[anycalib_pinhole/pinhole],p52-instrument-0034,brics-odroid-030_cam0,8,1084.418,1083.524,10.27,0.00947,1070.906,1097.374,26.467,2.441
AnyCalib[anycalib_pinhole/pinhole],p52-instrument-0034,brics-odroid-030_cam1,8,791.049,791.268,3.021,0.00382,786.452,796.728,10.275,1.299
DEMO_FIXED_5000,p36-tea-0010,brics-odroid-001_cam0,8,5000.0,5000.0,0.0,0.0,5000.0,5000.0,0.0,0.0
DEMO_FIXED_5000,p36-tea-0010,brics-odroid-001_cam1,8,5000.0,5000.0,0.0,0.0,5000.0,5000.0,0.0,0.0
DEMO_FIXED_5000,p36-tea-0010,brics-odroid-002_cam0,8,5000.0,5000.0,0.0,0.0,5000.0,5000.0,0.0,0.0
DEMO_FIXED_5000,p36-tea-0010,brics-odroid-006_cam0,8,5000.0,5000.0,0.0,0.0,5000.0,5000.0,0.0,0.0
DEMO_FIXED_5000,p36-tea-0010,brics-odroid-007_cam0,8,5000.0,5000.0,0.0,0.0,5000.0,5000.0,0.0,0.0
DEMO_FIXED_5000,p36-tea-0010,brics-odroid-007_cam1,8,5000.0,5000.0,0.0,0.0,5000.0,5000.0,0.0,0.0
DEMO_FIXED_5000,p36-tea-0010,brics-odroid-008_cam0,8,5000.0,5000.0,0.0,0.0,5000.0,5000.0,0.0,0.0
DEMO_FIXED_5000,p36-tea-0010,brics-odroid-009_cam1,8,5000.0,5000.0,0.0,0.0,5000.0,5000.0,0.0,0.0
DEMO_FIXED_5000,p36-tea-0010,brics-odroid-010_cam0,8,5000.0,5000.0,0.0,0.0,5000.0,5000.0,0.0,0.0
DEMO_FIXED_5000,p36-tea-0010,brics-odroid-010_cam1,8,5000.0,5000.0,0.0,0.0,5000.0,5000.0,0.0,0.0
DEMO_FIXED_5000,p36-tea-0010,brics-odroid-011_cam0,8,5000.0,5000.0,0.0,0.0,5000.0,5000.0,0.0,0.0
DEMO_FIXED_5000,p36-tea-0010,brics-odroid-012_cam0,8,5000.0,5000.0,0.0,0.0,5000.0,5000.0,0.0,0.0
DEMO_FIXED_5000,p36-tea-0010,brics-odroid-012_cam1,8,5000.0,5000.0,0.0,0.0,5000.0,5000.0,0.0,0.0
DEMO_FIXED_5000,p36-tea-0010,brics-odroid-014_cam1,8,5000.0,5000.0,0.0,0.0,5000.0,5000.0,0.0,0.0
DEMO_FIXED_5000,p36-tea-0010,brics-odroid-015_cam0,8,5000.0,5000.0,0.0,0.0,5000.0,5000.0,0.0,0.0
DEMO_FIXED_5000,p36-tea-0010,brics-odroid-015_cam1,8,5000.0,5000.0,0.0,0.0,5000.0,5000.0,0.0,0.0
DEMO_FIXED_5000,p36-tea-0010,brics-odroid-016_cam0,8,5000.0,5000.0,0.0,0.0,5000.0,5000.0,0.0,0.0
DEMO_FIXED_5000,p36-tea-0010,brics-odroid-017_cam0,8,5000.0,5000.0,0.0,0.0,5000.0,5000.0,0.0,0.0
DEMO_FIXED_5000,p36-tea-0010,brics-odroid-017_cam1,8,5000.0,5000.0,0.0,0.0,5000.0,5000.0,0.0,0.0
DEMO_FIXED_5000,p36-tea-0010,brics-odroid-019_cam1,8,5000.0,5000.0,0.0,0.0,5000.0,5000.0,0.0,0.0
DEMO_FIXED_5000,p36-tea-0010,brics-odroid-020_cam0,8,5000.0,5000.0,0.0,0.0,5000.0,5000.0,0.0,0.0
DEMO_FIXED_5000,p36-tea-0010,brics-odroid-020_cam1,8,5000.0,5000.0,0.0,0.0,5000.0,5000.0,0.0,0.0
DEMO_FIXED_5000,p36-tea-0010,brics-odroid-021_cam0,8,5000.0,5000.0,0.0,0.0,5000.0,5000.0,0.0,0.0
DEMO_FIXED_5000,p36-tea-0010,brics-odroid-021_cam1,8,5000.0,5000.0,0.0,0.0,5000.0,5000.0,0.0,0.0
DEMO_FIXED_5000,p36-tea-0010,brics-odroid-022_cam0,8,5000.0,5000.0,0.0,0.0,5000.0,5000.0,0.0,0.0
DEMO_FIXED_5000,p36-tea-0010,brics-odroid-022_cam1,8,5000.0,5000.0,0.0,0.0,5000.0,5000.0,0.0,0.0
DEMO_FIXED_5000,p36-tea-0010,brics-odroid-023_cam0,8,5000.0,5000.0,0.0,0.0,5000.0,5000.0,0.0,0.0
DEMO_FIXED_5000,p36-tea-0010,brics-odroid-024_cam0,8,5000.0,5000.0,0.0,0.0,5000.0,5000.0,0.0,0.0
DEMO_FIXED_5000,p36-tea-0010,brics-odroid-024_cam1,8,5000.0,5000.0,0.0,0.0,5000.0,5000.0,0.0,0.0
DEMO_FIXED_5000,p36-tea-0010,brics-odroid-025_cam0,8,5000.0,5000.0,0.0,0.0,5000.0,5000.0,0.0,0.0
DEMO_FIXED_5000,p36-tea-0010,brics-odroid-025_cam1,8,5000.0,5000.0,0.0,0.0,5000.0,5000.0,0.0,0.0
DEMO_FIXED_5000,p36-tea-0010,brics-odroid-026_cam0,8,5000.0,5000.0,0.0,0.0,5000.0,5000.0,0.0,0.0
DEMO_FIXED_5000,p36-tea-0010,brics-odroid-026_cam1,8,5000.0,5000.0,0.0,0.0,5000.0,5000.0,0.0,0.0
DEMO_FIXED_5000,p36-tea-0010,brics-odroid-027_cam0,8,5000.0,5000.0,0.0,0.0,5000.0,5000.0,0.0,0.0
DEMO_FIXED_5000,p36-tea-0010,brics-odroid-027_cam1,8,5000.0,5000.0,0.0,0.0,5000.0,5000.0,0.0,0.0
DEMO_FIXED_5000,p36-tea-0010,brics-odroid-028_cam0,8,5000.0,5000.0,0.0,0.0,5000.0,5000.0,0.0,0.0
DEMO_FIXED_5000,p36-tea-0010,brics-odroid-029_cam0,8,5000.0,5000.0,0.0,0.0,5000.0,5000.0,0.0,0.0
DEMO_FIXED_5000,p36-tea-0010,brics-odroid-029_cam1,8,5000.0,5000.0,0.0,0.0,5000.0,5000.0,0.0,0.0
DEMO_FIXED_5000,p36-tea-0010,brics-odroid-030_cam0,8,5000.0,5000.0,0.0,0.0,5000.0,5000.0,0.0,0.0
DEMO_FIXED_5000,p36-tea-0010,brics-odroid-030_cam1,8,5000.0,5000.0,0.0,0.0,5000.0,5000.0,0.0,0.0
DEMO_FIXED_5000,p41-boxing-0021,brics-odroid-001_cam0,8,5000.0,5000.0,0.0,0.0,5000.0,5000.0,0.0,0.0
DEMO_FIXED_5000,p41-boxing-0021,brics-odroid-001_cam1,8,5000.0,5000.0,0.0,0.0,5000.0,5000.0,0.0,0.0
DEMO_FIXED_5000,p41-boxing-0021,brics-odroid-002_cam0,8,5000.0,5000.0,0.0,0.0,5000.0,5000.0,0.0,0.0
DEMO_FIXED_5000,p41-boxing-0021,brics-odroid-006_cam0,8,5000.0,5000.0,0.0,0.0,5000.0,5000.0,0.0,0.0
DEMO_FIXED_5000,p41-boxing-0021,brics-odroid-007_cam0,8,5000.0,5000.0,0.0,0.0,5000.0,5000.0,0.0,0.0
DEMO_FIXED_5000,p41-boxing-0021,brics-odroid-007_cam1,8,5000.0,5000.0,0.0,0.0,5000.0,5000.0,0.0,0.0
DEMO_FIXED_5000,p41-boxing-0021,brics-odroid-008_cam0,8,5000.0,5000.0,0.0,0.0,5000.0,5000.0,0.0,0.0
DEMO_FIXED_5000,p41-boxing-0021,brics-odroid-009_cam1,8,5000.0,5000.0,0.0,0.0,5000.0,5000.0,0.0,0.0
DEMO_FIXED_5000,p41-boxing-0021,brics-odroid-010_cam0,8,5000.0,5000.0,0.0,0.0,5000.0,5000.0,0.0,0.0
DEMO_FIXED_5000,p41-boxing-0021,brics-odroid-010_cam1,8,5000.0,5000.0,0.0,0.0,5000.0,5000.0,0.0,0.0
DEMO_FIXED_5000,p41-boxing-0021,brics-odroid-011_cam0,8,5000.0,5000.0,0.0,0.0,5000.0,5000.0,0.0,0.0
DEMO_FIXED_5000,p41-boxing-0021,brics-odroid-012_cam0,8,5000.0,5000.0,0.0,0.0,5000.0,5000.0,0.0,0.0
DEMO_FIXED_5000,p41-boxing-0021,brics-odroid-012_cam1,8,5000.0,5000.0,0.0,0.0,5000.0,5000.0,0.0,0.0
DEMO_FIXED_5000,p41-boxing-0021,brics-odroid-014_cam1,8,5000.0,5000.0,0.0,0.0,5000.0,5000.0,0.0,0.0
DEMO_FIXED_5000,p41-boxing-0021,brics-odroid-015_cam0,8,5000.0,5000.0,0.0,0.0,5000.0,5000.0,0.0,0.0
DEMO_FIXED_5000,p41-boxing-0021,brics-odroid-015_cam1,8,5000.0,5000.0,0.0,0.0,5000.0,5000.0,0.0,0.0
DEMO_FIXED_5000,p41-boxing-0021,brics-odroid-016_cam0,8,5000.0,5000.0,0.0,0.0,5000.0,5000.0,0.0,0.0
DEMO_FIXED_5000,p41-boxing-0021,brics-odroid-017_cam0,8,5000.0,5000.0,0.0,0.0,5000.0,5000.0,0.0,0.0
DEMO_FIXED_5000,p41-boxing-0021,brics-odroid-017_cam1,8,5000.0,5000.0,0.0,0.0,5000.0,5000.0,0.0,0.0
DEMO_FIXED_5000,p41-boxing-0021,brics-odroid-019_cam1,8,5000.0,5000.0,0.0,0.0,5000.0,5000.0,0.0,0.0
DEMO_FIXED_5000,p41-boxing-0021,brics-odroid-020_cam0,8,5000.0,5000.0,0.0,0.0,5000.0,5000.0,0.0,0.0
DEMO_FIXED_5000,p41-boxing-0021,brics-odroid-020_cam1,8,5000.0,5000.0,0.0,0.0,5000.0,5000.0,0.0,0.0
DEMO_FIXED_5000,p41-boxing-0021,brics-odroid-021_cam0,8,5000.0,5000.0,0.0,0.0,5000.0,5000.0,0.0,0.0
DEMO_FIXED_5000,p41-boxing-0021,brics-odroid-021_cam1,8,5000.0,5000.0,0.0,0.0,5000.0,5000.0,0.0,0.0
DEMO_FIXED_5000,p41-boxing-0021,brics-odroid-022_cam0,8,5000.0,5000.0,0.0,0.0,5000.0,5000.0,0.0,0.0
DEMO_FIXED_5000,p41-boxing-0021,brics-odroid-022_cam1,8,5000.0,5000.0,0.0,0.0,5000.0,5000.0,0.0,0.0
DEMO_FIXED_5000,p41-boxing-0021,brics-odroid-023_cam0,8,5000.0,5000.0,0.0,0.0,5000.0,5000.0,0.0,0.0
DEMO_FIXED_5000,p41-boxing-0021,brics-odroid-024_cam0,8,5000.0,5000.0,0.0,0.0,5000.0,5000.0,0.0,0.0
DEMO_FIXED_5000,p41-boxing-0021,brics-odroid-024_cam1,8,5000.0,5000.0,0.0,0.0,5000.0,5000.0,0.0,0.0
DEMO_FIXED_5000,p41-boxing-0021,brics-odroid-025_cam0,8,5000.0,5000.0,0.0,0.0,5000.0,5000.0,0.0,0.0
DEMO_FIXED_5000,p41-boxing-0021,brics-odroid-025_cam1,8,5000.0,5000.0,0.0,0.0,5000.0,5000.0,0.0,0.0
DEMO_FIXED_5000,p41-boxing-0021,brics-odroid-026_cam0,8,5000.0,5000.0,0.0,0.0,5000.0,5000.0,0.0,0.0
DEMO_FIXED_5000,p41-boxing-0021,brics-odroid-026_cam1,8,5000.0,5000.0,0.0,0.0,5000.0,5000.0,0.0,0.0
DEMO_FIXED_5000,p41-boxing-0021,brics-odroid-027_cam0,8,5000.0,5000.0,0.0,0.0,5000.0,5000.0,0.0,0.0
DEMO_FIXED_5000,p41-boxing-0021,brics-odroid-027_cam1,8,5000.0,5000.0,0.0,0.0,5000.0,5000.0,0.0,0.0
DEMO_FIXED_5000,p41-boxing-0021,brics-odroid-028_cam0,8,5000.0,5000.0,0.0,0.0,5000.0,5000.0,0.0,0.0
DEMO_FIXED_5000,p41-boxing-0021,brics-odroid-029_cam0,8,5000.0,5000.0,0.0,0.0,5000.0,5000.0,0.0,0.0
DEMO_FIXED_5000,p41-boxing-0021,brics-odroid-029_cam1,8,5000.0,5000.0,0.0,0.0,5000.0,5000.0,0.0,0.0
DEMO_FIXED_5000,p41-boxing-0021,brics-odroid-030_cam0,8,5000.0,5000.0,0.0,0.0,5000.0,5000.0,0.0,0.0
DEMO_FIXED_5000,p41-boxing-0021,brics-odroid-030_cam1,8,5000.0,5000.0,0.0,0.0,5000.0,5000.0,0.0,0.0
DEMO_FIXED_5000,p41-plant-0004,brics-odroid-001_cam0,8,5000.0,5000.0,0.0,0.0,5000.0,5000.0,0.0,0.0
DEMO_FIXED_5000,p41-plant-0004,brics-odroid-001_cam1,8,5000.0,5000.0,0.0,0.0,5000.0,5000.0,0.0,0.0
DEMO_FIXED_5000,p41-plant-0004,brics-odroid-002_cam0,8,5000.0,5000.0,0.0,0.0,5000.0,5000.0,0.0,0.0
DEMO_FIXED_5000,p41-plant-0004,brics-odroid-006_cam0,8,5000.0,5000.0,0.0,0.0,5000.0,5000.0,0.0,0.0
DEMO_FIXED_5000,p41-plant-0004,brics-odroid-007_cam0,8,5000.0,5000.0,0.0,0.0,5000.0,5000.0,0.0,0.0
DEMO_FIXED_5000,p41-plant-0004,brics-odroid-007_cam1,8,5000.0,5000.0,0.0,0.0,5000.0,5000.0,0.0,0.0
DEMO_FIXED_5000,p41-plant-0004,brics-odroid-008_cam0,8,5000.0,5000.0,0.0,0.0,5000.0,5000.0,0.0,0.0
DEMO_FIXED_5000,p41-plant-0004,brics-odroid-009_cam1,8,5000.0,5000.0,0.0,0.0,5000.0,5000.0,0.0,0.0
DEMO_FIXED_5000,p41-plant-0004,brics-odroid-010_cam0,8,5000.0,5000.0,0.0,0.0,5000.0,5000.0,0.0,0.0
DEMO_FIXED_5000,p41-plant-0004,brics-odroid-010_cam1,8,5000.0,5000.0,0.0,0.0,5000.0,5000.0,0.0,0.0
DEMO_FIXED_5000,p41-plant-0004,brics-odroid-011_cam0,8,5000.0,5000.0,0.0,0.0,5000.0,5000.0,0.0,0.0
DEMO_FIXED_5000,p41-plant-0004,brics-odroid-012_cam0,8,5000.0,5000.0,0.0,0.0,5000.0,5000.0,0.0,0.0
DEMO_FIXED_5000,p41-plant-0004,brics-odroid-012_cam1,8,5000.0,5000.0,0.0,0.0,5000.0,5000.0,0.0,0.0
DEMO_FIXED_5000,p41-plant-0004,brics-odroid-014_cam1,8,5000.0,5000.0,0.0,0.0,5000.0,5000.0,0.0,0.0
DEMO_FIXED_5000,p41-plant-0004,brics-odroid-015_cam0,8,5000.0,5000.0,0.0,0.0,5000.0,5000.0,0.0,0.0
DEMO_FIXED_5000,p41-plant-0004,brics-odroid-015_cam1,8,5000.0,5000.0,0.0,0.0,5000.0,5000.0,0.0,0.0
DEMO_FIXED_5000,p41-plant-0004,brics-odroid-016_cam0,8,5000.0,5000.0,0.0,0.0,5000.0,5000.0,0.0,0.0
DEMO_FIXED_5000,p41-plant-0004,brics-odroid-017_cam0,8,5000.0,5000.0,0.0,0.0,5000.0,5000.0,0.0,0.0
DEMO_FIXED_5000,p41-plant-0004,brics-odroid-017_cam1,8,5000.0,5000.0,0.0,0.0,5000.0,5000.0,0.0,0.0
DEMO_FIXED_5000,p41-plant-0004,brics-odroid-019_cam1,8,5000.0,5000.0,0.0,0.0,5000.0,5000.0,0.0,0.0
DEMO_FIXED_5000,p41-plant-0004,brics-odroid-020_cam0,8,5000.0,5000.0,0.0,0.0,5000.0,5000.0,0.0,0.0
DEMO_FIXED_5000,p41-plant-0004,brics-odroid-020_cam1,8,5000.0,5000.0,0.0,0.0,5000.0,5000.0,0.0,0.0
DEMO_FIXED_5000,p41-plant-0004,brics-odroid-021_cam0,8,5000.0,5000.0,0.0,0.0,5000.0,5000.0,0.0,0.0
DEMO_FIXED_5000,p41-plant-0004,brics-odroid-021_cam1,8,5000.0,5000.0,0.0,0.0,5000.0,5000.0,0.0,0.0
DEMO_FIXED_5000,p41-plant-0004,brics-odroid-022_cam0,8,5000.0,5000.0,0.0,0.0,5000.0,5000.0,0.0,0.0
DEMO_FIXED_5000,p41-plant-0004,brics-odroid-022_cam1,8,5000.0,5000.0,0.0,0.0,5000.0,5000.0,0.0,0.0
DEMO_FIXED_5000,p41-plant-0004,brics-odroid-023_cam0,8,5000.0,5000.0,0.0,0.0,5000.0,5000.0,0.0,0.0
DEMO_FIXED_5000,p41-plant-0004,brics-odroid-024_cam0,8,5000.0,5000.0,0.0,0.0,5000.0,5000.0,0.0,0.0
DEMO_FIXED_5000,p41-plant-0004,brics-odroid-024_cam1,8,5000.0,5000.0,0.0,0.0,5000.0,5000.0,0.0,0.0
DEMO_FIXED_5000,p41-plant-0004,brics-odroid-025_cam0,8,5000.0,5000.0,0.0,0.0,5000.0,5000.0,0.0,0.0
DEMO_FIXED_5000,p41-plant-0004,brics-odroid-025_cam1,8,5000.0,5000.0,0.0,0.0,5000.0,5000.0,0.0,0.0
DEMO_FIXED_5000,p41-plant-0004,brics-odroid-026_cam0,8,5000.0,5000.0,0.0,0.0,5000.0,5000.0,0.0,0.0
DEMO_FIXED_5000,p41-plant-0004,brics-odroid-026_cam1,8,5000.0,5000.0,0.0,0.0,5000.0,5000.0,0.0,0.0
DEMO_FIXED_5000,p41-plant-0004,brics-odroid-027_cam0,8,5000.0,5000.0,0.0,0.0,5000.0,5000.0,0.0,0.0
DEMO_FIXED_5000,p41-plant-0004,brics-odroid-027_cam1,8,5000.0,5000.0,0.0,0.0,5000.0,5000.0,0.0,0.0
DEMO_FIXED_5000,p41-plant-0004,brics-odroid-028_cam0,8,5000.0,5000.0,0.0,0.0,5000.0,5000.0,0.0,0.0
DEMO_FIXED_5000,p41-plant-0004,brics-odroid-029_cam0,8,5000.0,5000.0,0.0,0.0,5000.0,5000.0,0.0,0.0
DEMO_FIXED_5000,p41-plant-0004,brics-odroid-029_cam1,8,5000.0,5000.0,0.0,0.0,5000.0,5000.0,0.0,0.0
DEMO_FIXED_5000,p41-plant-0004,brics-odroid-030_cam0,8,5000.0,5000.0,0.0,0.0,5000.0,5000.0,0.0,0.0
DEMO_FIXED_5000,p41-plant-0004,brics-odroid-030_cam1,8,5000.0,5000.0,0.0,0.0,5000.0,5000.0,0.0,0.0
DEMO_FIXED_5000,p44-dog-0004,brics-odroid-001_cam0,8,5000.0,5000.0,0.0,0.0,5000.0,5000.0,0.0,0.0
DEMO_FIXED_5000,p44-dog-0004,brics-odroid-001_cam1,8,5000.0,5000.0,0.0,0.0,5000.0,5000.0,0.0,0.0
DEMO_FIXED_5000,p44-dog-0004,brics-odroid-002_cam0,8,5000.0,5000.0,0.0,0.0,5000.0,5000.0,0.0,0.0
DEMO_FIXED_5000,p44-dog-0004,brics-odroid-006_cam0,8,5000.0,5000.0,0.0,0.0,5000.0,5000.0,0.0,0.0
DEMO_FIXED_5000,p44-dog-0004,brics-odroid-007_cam0,8,5000.0,5000.0,0.0,0.0,5000.0,5000.0,0.0,0.0
DEMO_FIXED_5000,p44-dog-0004,brics-odroid-007_cam1,8,5000.0,5000.0,0.0,0.0,5000.0,5000.0,0.0,0.0
DEMO_FIXED_5000,p44-dog-0004,brics-odroid-008_cam0,8,5000.0,5000.0,0.0,0.0,5000.0,5000.0,0.0,0.0
DEMO_FIXED_5000,p44-dog-0004,brics-odroid-009_cam1,8,5000.0,5000.0,0.0,0.0,5000.0,5000.0,0.0,0.0
DEMO_FIXED_5000,p44-dog-0004,brics-odroid-010_cam0,8,5000.0,5000.0,0.0,0.0,5000.0,5000.0,0.0,0.0
DEMO_FIXED_5000,p44-dog-0004,brics-odroid-010_cam1,8,5000.0,5000.0,0.0,0.0,5000.0,5000.0,0.0,0.0
DEMO_FIXED_5000,p44-dog-0004,brics-odroid-011_cam0,8,5000.0,5000.0,0.0,0.0,5000.0,5000.0,0.0,0.0
DEMO_FIXED_5000,p44-dog-0004,brics-odroid-012_cam0,8,5000.0,5000.0,0.0,0.0,5000.0,5000.0,0.0,0.0
DEMO_FIXED_5000,p44-dog-0004,brics-odroid-012_cam1,8,5000.0,5000.0,0.0,0.0,5000.0,5000.0,0.0,0.0
DEMO_FIXED_5000,p44-dog-0004,brics-odroid-014_cam1,8,5000.0,5000.0,0.0,0.0,5000.0,5000.0,0.0,0.0
DEMO_FIXED_5000,p44-dog-0004,brics-odroid-015_cam0,8,5000.0,5000.0,0.0,0.0,5000.0,5000.0,0.0,0.0
DEMO_FIXED_5000,p44-dog-0004,brics-odroid-015_cam1,8,5000.0,5000.0,0.0,0.0,5000.0,5000.0,0.0,0.0
DEMO_FIXED_5000,p44-dog-0004,brics-odroid-016_cam0,8,5000.0,5000.0,0.0,0.0,5000.0,5000.0,0.0,0.0
DEMO_FIXED_5000,p44-dog-0004,brics-odroid-017_cam0,8,5000.0,5000.0,0.0,0.0,5000.0,5000.0,0.0,0.0
DEMO_FIXED_5000,p44-dog-0004,brics-odroid-017_cam1,8,5000.0,5000.0,0.0,0.0,5000.0,5000.0,0.0,0.0
DEMO_FIXED_5000,p44-dog-0004,brics-odroid-019_cam1,8,5000.0,5000.0,0.0,0.0,5000.0,5000.0,0.0,0.0
DEMO_FIXED_5000,p44-dog-0004,brics-odroid-020_cam0,8,5000.0,5000.0,0.0,0.0,5000.0,5000.0,0.0,0.0
DEMO_FIXED_5000,p44-dog-0004,brics-odroid-020_cam1,8,5000.0,5000.0,0.0,0.0,5000.0,5000.0,0.0,0.0
DEMO_FIXED_5000,p44-dog-0004,brics-odroid-021_cam0,8,5000.0,5000.0,0.0,0.0,5000.0,5000.0,0.0,0.0
DEMO_FIXED_5000,p44-dog-0004,brics-odroid-021_cam1,8,5000.0,5000.0,0.0,0.0,5000.0,5000.0,0.0,0.0
DEMO_FIXED_5000,p44-dog-0004,brics-odroid-022_cam0,8,5000.0,5000.0,0.0,0.0,5000.0,5000.0,0.0,0.0
DEMO_FIXED_5000,p44-dog-0004,brics-odroid-022_cam1,8,5000.0,5000.0,0.0,0.0,5000.0,5000.0,0.0,0.0
DEMO_FIXED_5000,p44-dog-0004,brics-odroid-023_cam0,8,5000.0,5000.0,0.0,0.0,5000.0,5000.0,0.0,0.0
DEMO_FIXED_5000,p44-dog-0004,brics-odroid-024_cam0,8,5000.0,5000.0,0.0,0.0,5000.0,5000.0,0.0,0.0
DEMO_FIXED_5000,p44-dog-0004,brics-odroid-024_cam1,8,5000.0,5000.0,0.0,0.0,5000.0,5000.0,0.0,0.0
DEMO_FIXED_5000,p44-dog-0004,brics-odroid-025_cam0,8,5000.0,5000.0,0.0,0.0,5000.0,5000.0,0.0,0.0
DEMO_FIXED_5000,p44-dog-0004,brics-odroid-025_cam1,8,5000.0,5000.0,0.0,0.0,5000.0,5000.0,0.0,0.0
DEMO_FIXED_5000,p44-dog-0004,brics-odroid-026_cam0,8,5000.0,5000.0,0.0,0.0,5000.0,5000.0,0.0,0.0
DEMO_FIXED_5000,p44-dog-0004,brics-odroid-026_cam1,8,5000.0,5000.0,0.0,0.0,5000.0,5000.0,0.0,0.0
DEMO_FIXED_5000,p44-dog-0004,brics-odroid-027_cam0,8,5000.0,5000.0,0.0,0.0,5000.0,5000.0,0.0,0.0
DEMO_FIXED_5000,p44-dog-0004,brics-odroid-027_cam1,8,5000.0,5000.0,0.0,0.0,5000.0,5000.0,0.0,0.0
DEMO_FIXED_5000,p44-dog-0004,brics-odroid-028_cam0,8,5000.0,5000.0,0.0,0.0,5000.0,5000.0,0.0,0.0
DEMO_FIXED_5000,p44-dog-0004,brics-odroid-029_cam0,8,5000.0,5000.0,0.0,0.0,5000.0,5000.0,0.0,0.0
DEMO_FIXED_5000,p44-dog-0004,brics-odroid-029_cam1,8,5000.0,5000.0,0.0,0.0,5000.0,5000.0,0.0,0.0
DEMO_FIXED_5000,p44-dog-0004,brics-odroid-030_cam0,8,5000.0,5000.0,0.0,0.0,5000.0,5000.0,0.0,0.0
DEMO_FIXED_5000,p44-dog-0004,brics-odroid-030_cam1,8,5000.0,5000.0,0.0,0.0,5000.0,5000.0,0.0,0.0
DEMO_FIXED_5000,p52-instrument-0034,brics-odroid-002_cam0,8,5000.0,5000.0,0.0,0.0,5000.0,5000.0,0.0,0.0
DEMO_FIXED_5000,p52-instrument-0034,brics-odroid-007_cam0,8,5000.0,5000.0,0.0,0.0,5000.0,5000.0,0.0,0.0
DEMO_FIXED_5000,p52-instrument-0034,brics-odroid-007_cam1,8,5000.0,5000.0,0.0,0.0,5000.0,5000.0,0.0,0.0
DEMO_FIXED_5000,p52-instrument-0034,brics-odroid-012_cam1,8,5000.0,5000.0,0.0,0.0,5000.0,5000.0,0.0,0.0
DEMO_FIXED_5000,p52-instrument-0034,brics-odroid-015_cam1,8,5000.0,5000.0,0.0,0.0,5000.0,5000.0,0.0,0.0
DEMO_FIXED_5000,p52-instrument-0034,brics-odroid-016_cam0,8,5000.0,5000.0,0.0,0.0,5000.0,5000.0,0.0,0.0
DEMO_FIXED_5000,p52-instrument-0034,brics-odroid-021_cam0,8,5000.0,5000.0,0.0,0.0,5000.0,5000.0,0.0,0.0
DEMO_FIXED_5000,p52-instrument-0034,brics-odroid-023_cam0,8,5000.0,5000.0,0.0,0.0,5000.0,5000.0,0.0,0.0
DEMO_FIXED_5000,p52-instrument-0034,brics-odroid-024_cam0,8,5000.0,5000.0,0.0,0.0,5000.0,5000.0,0.0,0.0
DEMO_FIXED_5000,p52-instrument-0034,brics-odroid-025_cam1,8,5000.0,5000.0,0.0,0.0,5000.0,5000.0,0.0,0.0
DEMO_FIXED_5000,p52-instrument-0034,brics-odroid-027_cam0,8,5000.0,5000.0,0.0,0.0,5000.0,5000.0,0.0,0.0
DEMO_FIXED_5000,p52-instrument-0034,brics-odroid-027_cam1,8,5000.0,5000.0,0.0,0.0,5000.0,5000.0,0.0,0.0
DEMO_FIXED_5000,p52-instrument-0034,brics-odroid-028_cam0,8,5000.0,5000.0,0.0,0.0,5000.0,5000.0,0.0,0.0
DEMO_FIXED_5000,p52-instrument-0034,brics-odroid-030_cam0,8,5000.0,5000.0,0.0,0.0,5000.0,5000.0,0.0,0.0
DEMO_FIXED_5000,p52-instrument-0034,brics-odroid-030_cam1,8,5000.0,5000.0,0.0,0.0,5000.0,5000.0,0.0,0.0
GeoCalib[pinhole],p36-tea-0010,brics-odroid-001_cam0,8,976.772,959.806,75.955,0.07776,898.456,1154.659,256.203,26.23
GeoCalib[pinhole],p36-tea-0010,brics-odroid-001_cam1,8,1102.819,1086.453,49.713,0.04508,1051.665,1186.636,134.971,12.239
GeoCalib[pinhole],p36-tea-0010,brics-odroid-002_cam0,8,920.867,882.092,73.279,0.07958,855.764,1037.692,181.928,19.756
GeoCalib[pinhole],p36-tea-0010,brics-odroid-006_cam0,8,1113.452,1119.426,39.903,0.03584,1048.005,1165.813,117.808,10.58
GeoCalib[pinhole],p36-tea-0010,brics-odroid-007_cam0,8,1567.476,1586.635,92.892,0.05926,1410.879,1669.781,258.902,16.517
GeoCalib[pinhole],p36-tea-0010,brics-odroid-007_cam1,8,1493.823,1507.031,758.707,0.5079,299.78,2646.031,2346.25,157.063
GeoCalib[pinhole],p36-tea-0010,brics-odroid-008_cam0,8,1498.239,1502.816,40.357,0.02694,1442.367,1568.361,125.995,8.41
GeoCalib[pinhole],p36-tea-0010,brics-odroid-009_cam1,8,634.351,632.234,17.825,0.0281,608.532,664.857,56.325,8.879
GeoCalib[pinhole],p36-tea-0010,brics-odroid-010_cam0,8,1046.399,1040.014,125.826,0.12025,892.286,1230.805,338.519,32.351
GeoCalib[pinhole],p36-tea-0010,brics-odroid-010_cam1,8,883.55,760.771,303.503,0.3435,630.445,1495.641,865.196,97.923
GeoCalib[pinhole],p36-tea-0010,brics-odroid-011_cam0,8,1511.868,1513.229,28.118,0.0186,1477.6,1551.387,73.787,4.881
GeoCalib[pinhole],p36-tea-0010,brics-odroid-012_cam0,8,1074.473,1094.611,64.949,0.06045,959.171,1156.519,197.348,18.367
GeoCalib[pinhole],p36-tea-0010,brics-odroid-012_cam1,8,921.881,734.305,330.87,0.35891,611.155,1502.16,891.005,96.651
GeoCalib[pinhole],p36-tea-0010,brics-odroid-014_cam1,8,1152.876,1126.966,131.983,0.11448,1014.544,1361.673,347.129,30.11
GeoCalib[pinhole],p36-tea-0010,brics-odroid-015_cam0,8,1671.317,1638.098,221.639,0.13261,1463.019,2134.811,671.792,40.195
GeoCalib[pinhole],p36-tea-0010,brics-odroid-015_cam1,8,1153.736,1149.485,149.916,0.12994,1002.156,1464.375,462.219,40.063
GeoCalib[pinhole],p36-tea-0010,brics-odroid-016_cam0,8,1357.867,1366.915,31.563,0.02324,1302.925,1395.125,92.2,6.79
GeoCalib[pinhole],p36-tea-0010,brics-odroid-017_cam0,8,1494.673,1517.475,121.503,0.08129,1295.883,1629.184,333.301,22.299
GeoCalib[pinhole],p36-tea-0010,brics-odroid-017_cam1,8,1200.538,1218.004,100.902,0.08405,1086.566,1391.05,304.483,25.362
GeoCalib[pinhole],p36-tea-0010,brics-odroid-019_cam1,8,1290.223,1237.998,293.928,0.22781,1039.564,1942.654,903.089,69.995
GeoCalib[pinhole],p36-tea-0010,brics-odroid-020_cam0,8,883.607,888.983,98.466,0.11144,779.796,1068.822,289.026,32.71
GeoCalib[pinhole],p36-tea-0010,brics-odroid-020_cam1,8,796.951,730.618,180.852,0.22693,583.814,1108.081,524.267,65.784
GeoCalib[pinhole],p36-tea-0010,brics-odroid-021_cam0,8,988.059,946.058,414.647,0.41966,515.966,1916.664,1400.698,141.763
GeoCalib[pinhole],p36-tea-0010,brics-odroid-021_cam1,8,834.014,835.276,52.377,0.0628,770.011,925.611,155.601,18.657
GeoCalib[pinhole],p36-tea-0010,brics-odroid-022_cam0,8,1015.105,1082.277,161.602,0.1592,640.368,1121.985,481.617,47.445
GeoCalib[pinhole],p36-tea-0010,brics-odroid-022_cam1,8,863.131,770.522,258.283,0.29924,703.959,1489.887,785.928,91.055
GeoCalib[pinhole],p36-tea-0010,brics-odroid-023_cam0,8,1244.382,1258.144,152.461,0.12252,1043.537,1453.593,410.055,32.953
GeoCalib[pinhole],p36-tea-0010,brics-odroid-024_cam0,8,1774.224,992.509,2372.678,1.3373,819.582,7640.502,6820.92,384.445
GeoCalib[pinhole],p36-tea-0010,brics-odroid-024_cam1,8,1087.733,1067.349,495.049,0.45512,241.061,1782.947,1541.886,141.752
GeoCalib[pinhole],p36-tea-0010,brics-odroid-025_cam0,8,622.975,624.021,66.348,0.1065,533.798,728.856,195.058,31.311
GeoCalib[pinhole],p36-tea-0010,brics-odroid-025_cam1,8,1585.77,1677.18,290.812,0.18339,1116.506,1901.547,785.041,49.505
GeoCalib[pinhole],p36-tea-0010,brics-odroid-026_cam0,8,872.85,848.07,105.474,0.12084,779.059,1110.905,331.846,38.019
GeoCalib[pinhole],p36-tea-0010,brics-odroid-026_cam1,8,1690.926,1431.661,1148.132,0.679,818.906,4330.529,3511.623,207.674
GeoCalib[pinhole],p36-tea-0010,brics-odroid-027_cam0,8,857.393,857.153,31.673,0.03694,804.438,906.429,101.991,11.895
GeoCalib[pinhole],p36-tea-0010,brics-odroid-027_cam1,8,750.61,786.911,64.392,0.08579,624.192,802.964,178.772,23.817
GeoCalib[pinhole],p36-tea-0010,brics-odroid-028_cam0,8,790.778,773.138,202.448,0.25601,397.964,1085.845,687.881,86.988
GeoCalib[pinhole],p36-tea-0010,brics-odroid-029_cam0,8,2705.223,2220.986,1471.582,0.54398,1325.333,5936.689,4611.357,170.461
GeoCalib[pinhole],p36-tea-0010,brics-odroid-029_cam1,8,849.795,860.814,87.909,0.10345,726.718,948.038,221.319,26.044
GeoCalib[pinhole],p36-tea-0010,brics-odroid-030_cam0,8,945.465,920.012,244.483,0.25858,696.49,1343.563,647.074,68.44
GeoCalib[pinhole],p36-tea-0010,brics-odroid-030_cam1,8,958.904,978.542,122.062,0.12729,777.463,1154.121,376.658,39.28
GeoCalib[pinhole],p41-boxing-0021,brics-odroid-001_cam0,8,961.16,954.452,47.527,0.04945,895.718,1065.435,169.717,17.658
GeoCalib[pinhole],p41-boxing-0021,brics-odroid-001_cam1,8,1215.74,972.13,364.241,0.2996,930.043,1734.714,804.671,66.188
GeoCalib[pinhole],p41-boxing-0021,brics-odroid-002_cam0,8,993.335,995.594,55.277,0.05565,918.092,1081.6,163.508,16.461
GeoCalib[pinhole],p41-boxing-0021,brics-odroid-006_cam0,8,1185.98,1211.675,102.626,0.08653,939.337,1258.946,319.609,26.949
GeoCalib[pinhole],p41-boxing-0021,brics-odroid-007_cam0,8,1709.725,1792.97,174.985,0.10235,1422.172,1895.895,473.723,27.708
GeoCalib[pinhole],p41-boxing-0021,brics-odroid-007_cam1,8,3699.149,1034.059,3765.024,1.01781,865.43,8245.356,7379.926,199.503
GeoCalib[pinhole],p41-boxing-0021,brics-odroid-008_cam0,8,1632.985,1613.131,62.016,0.03798,1547.79,1742.27,194.479,11.909
GeoCalib[pinhole],p41-boxing-0021,brics-odroid-009_cam1,8,656.226,629.482,64.589,0.09842,598.877,788.905,190.028,28.958
GeoCalib[pinhole],p41-boxing-0021,brics-odroid-010_cam0,8,1046.935,1083.808,117.365,0.1121,904.091,1167.863,263.772,25.195
GeoCalib[pinhole],p41-boxing-0021,brics-odroid-010_cam1,8,829.506,832.505,140.619,0.16952,632.025,986.792,354.767,42.768
GeoCalib[pinhole],p41-boxing-0021,brics-odroid-011_cam0,8,1383.231,1378.234,43.289,0.0313,1335.783,1455.791,120.009,8.676
GeoCalib[pinhole],p41-boxing-0021,brics-odroid-012_cam0,8,1253.824,1245.981,119.754,0.09551,1129.521,1491.012,361.491,28.831
GeoCalib[pinhole],p41-boxing-0021,brics-odroid-012_cam1,8,1128.006,1135.561,73.024,0.06474,977.577,1222.697,245.12,21.73
GeoCalib[pinhole],p41-boxing-0021,brics-odroid-014_cam1,8,977.844,969.38,48.1,0.04919,922.153,1049.715,127.562,13.045
GeoCalib[pinhole],p41-boxing-0021,brics-odroid-015_cam0,8,1431.56,1428.912,41.728,0.02915,1385.454,1495.624,110.17,7.696
GeoCalib[pinhole],p41-boxing-0021,brics-odroid-015_cam1,8,1025.472,1025.345,35.625,0.03474,953.075,1068.954,115.878,11.3
GeoCalib[pinhole],p41-boxing-0021,brics-odroid-016_cam0,8,1368.805,1381.754,40.163,0.02934,1289.683,1405.162,115.479,8.436
GeoCalib[pinhole],p41-boxing-0021,brics-odroid-017_cam0,8,1503.104,1461.407,174.628,0.11618,1260.091,1753.35,493.26,32.816
GeoCalib[pinhole],p41-boxing-0021,brics-odroid-017_cam1,8,1159.107,1133.332,99.013,0.08542,1067.549,1363.509,295.96,25.533
GeoCalib[pinhole],p41-boxing-0021,brics-odroid-019_cam1,8,1114.983,1007.393,356.16,0.31943,798.683,1717.718,919.035,82.426
GeoCalib[pinhole],p41-boxing-0021,brics-odroid-020_cam0,8,961.961,983.538,158.147,0.1644,738.959,1220.266,481.307,50.034
GeoCalib[pinhole],p41-boxing-0021,brics-odroid-020_cam1,8,662.753,606.571,126.746,0.19124,557.499,870.493,312.994,47.226
GeoCalib[pinhole],p41-boxing-0021,brics-odroid-021_cam0,8,1107.079,1136.583,117.858,0.10646,832.274,1200.11,367.836,33.226
GeoCalib[pinhole],p41-boxing-0021,brics-odroid-021_cam1,8,802.24,806.967,28.131,0.03507,758.701,839.471,80.77,10.068
GeoCalib[pinhole],p41-boxing-0021,brics-odroid-022_cam0,8,828.521,932.655,221.246,0.26704,474.291,1044.995,570.705,68.882
GeoCalib[pinhole],p41-boxing-0021,brics-odroid-022_cam1,8,770.729,787.734,49.887,0.06473,675.718,818.606,142.888,18.539
GeoCalib[pinhole],p41-boxing-0021,brics-odroid-023_cam0,8,1275.336,1304.648,78.683,0.0617,1151.283,1350.254,198.971,15.601
GeoCalib[pinhole],p41-boxing-0021,brics-odroid-024_cam0,8,3349.968,1105.833,3520.21,1.05082,310.677,8245.357,7934.681,236.858
GeoCalib[pinhole],p41-boxing-0021,brics-odroid-024_cam1,8,1065.734,1081.269,59.1,0.05545,952.672,1131.989,179.317,16.826
GeoCalib[pinhole],p41-boxing-0021,brics-odroid-025_cam0,8,683.399,688.861,40.108,0.05869,621.222,738.96,117.738,17.228
GeoCalib[pinhole],p41-boxing-0021,brics-odroid-025_cam1,8,897.909,904.121,40.876,0.04552,839.411,954.867,115.456,12.858
GeoCalib[pinhole],p41-boxing-0021,brics-odroid-026_cam0,8,876.557,877.192,15.222,0.01737,845.138,900.396,55.257,6.304
GeoCalib[pinhole],p41-boxing-0021,brics-odroid-026_cam1,8,634.578,631.543,210.307,0.33141,244.285,910.898,666.613,105.048
GeoCalib[pinhole],p41-boxing-0021,brics-odroid-027_cam0,8,2035.253,1260.229,2517.543,1.23697,819.135,8245.355,7426.22,364.879
GeoCalib[pinhole],p41-boxing-0021,brics-odroid-027_cam1,8,830.427,829.215,10.071,0.01213,816.517,848.645,32.128,3.869
GeoCalib[pinhole],p41-boxing-0021,brics-odroid-028_cam0,8,1040.685,1043.024,49.264,0.04734,956.659,1130.818,174.159,16.735
GeoCalib[pinhole],p41-boxing-0021,brics-odroid-029_cam0,8,1241.198,997.3,620.549,0.49996,745.643,2374.41,1628.767,131.225
GeoCalib[pinhole],p41-boxing-0021,brics-odroid-029_cam1,8,994.753,1002.368,64.354,0.06469,901.45,1114.036,212.586,21.371
GeoCalib[pinhole],p41-boxing-0021,brics-odroid-030_cam0,8,904.622,930.27,278.434,0.30779,601.364,1183.261,581.897,64.325
GeoCalib[pinhole],p41-boxing-0021,brics-odroid-030_cam1,8,711.751,709.43,62.227,0.08743,632.233,809.022,176.788,24.838
GeoCalib[pinhole],p41-plant-0004,brics-odroid-001_cam0,8,1197.07,1196.482,6.989,0.00584,1184.052,1207.751,23.699,1.98
GeoCalib[pinhole],p41-plant-0004,brics-odroid-001_cam1,8,1459.817,1465.6,22.994,0.01575,1425.448,1491.267,65.819,4.509
GeoCalib[pinhole],p41-plant-0004,brics-odroid-002_cam0,8,1324.421,1323.191,25.07,0.01893,1295.438,1362.092,66.654,5.033
GeoCalib[pinhole],p41-plant-0004,brics-odroid-006_cam0,8,1290.69,1292.511,24.505,0.01899,1260.188,1323.34,63.152,4.893
GeoCalib[pinhole],p41-plant-0004,brics-odroid-007_cam0,8,1589.722,1600.29,37.686,0.02371,1521.136,1626.984,105.847,6.658
GeoCalib[pinhole],p41-plant-0004,brics-odroid-007_cam1,8,1251.397,1248.607,19.661,0.01571,1221.757,1276.883,55.126,4.405
GeoCalib[pinhole],p41-plant-0004,brics-odroid-008_cam0,8,1859.608,1865.465,13.83,0.00744,1835.901,1874.022,38.121,2.05
GeoCalib[pinhole],p41-plant-0004,brics-odroid-009_cam1,8,648.849,639.964,18.775,0.02894,630.851,685.615,54.764,8.44
GeoCalib[pinhole],p41-plant-0004,brics-odroid-010_cam0,8,1140.763,1130.772,91.345,0.08007,1016.495,1301.362,284.866,24.972
GeoCalib[pinhole],p41-plant-0004,brics-odroid-010_cam1,8,813.088,816.317,40.09,0.04931,756.941,876.88,119.939,14.751
GeoCalib[pinhole],p41-plant-0004,brics-odroid-011_cam0,8,1702.223,1700.92,48.07,0.02824,1634.174,1775.909,141.734,8.326
GeoCalib[pinhole],p41-plant-0004,brics-odroid-012_cam0,8,1338.383,1345.521,57.82,0.0432,1231.897,1420.559,188.661,14.096
GeoCalib[pinhole],p41-plant-0004,brics-odroid-012_cam1,8,1383.497,1383.662,19.668,0.01422,1351.727,1420.894,69.167,4.999
GeoCalib[pinhole],p41-plant-0004,brics-odroid-014_cam1,8,1095.778,1093.98,13.923,0.01271,1077.792,1123.252,45.46,4.149
GeoCalib[pinhole],p41-plant-0004,brics-odroid-015_cam0,8,1992.102,1993.901,69.702,0.03499,1905.258,2107.074,201.816,10.131
GeoCalib[pinhole],p41-plant-0004,brics-odroid-015_cam1,8,1271.957,1276.635,25.449,0.02001,1234.945,1309.916,74.971,5.894
GeoCalib[pinhole],p41-plant-0004,brics-odroid-016_cam0,8,1457.172,1455.662,7.293,0.005,1446.331,1466.463,20.132,1.382
GeoCalib[pinhole],p41-plant-0004,brics-odroid-017_cam0,8,1552.557,1567.951,43.926,0.02829,1474.342,1597.283,122.941,7.919
GeoCalib[pinhole],p41-plant-0004,brics-odroid-017_cam1,8,1302.3,1300.059,39.739,0.03051,1254.921,1368.418,113.496,8.715
GeoCalib[pinhole],p41-plant-0004,brics-odroid-019_cam1,8,5404.439,6361.54,2597.202,0.48057,1077.941,8156.479,7078.538,130.976
GeoCalib[pinhole],p41-plant-0004,brics-odroid-020_cam0,8,1585.855,1617.832,135.578,0.08549,1397.654,1786.157,388.503,24.498
GeoCalib[pinhole],p41-plant-0004,brics-odroid-020_cam1,8,710.432,707.302,34.306,0.04829,668.789,770.476,101.686,14.313
GeoCalib[pinhole],p41-plant-0004,brics-odroid-021_cam0,8,972.877,1016.602,98.305,0.10105,792.551,1048.522,255.97,26.311
GeoCalib[pinhole],p41-plant-0004,brics-odroid-021_cam1,8,802.787,799.551,16.563,0.02063,778.468,826.147,47.679,5.939
GeoCalib[pinhole],p41-plant-0004,brics-odroid-022_cam0,8,1041.548,1044.487,38.148,0.03663,987.218,1105.357,118.139,11.343
GeoCalib[pinhole],p41-plant-0004,brics-odroid-022_cam1,8,769.356,696.593,241.97,0.31451,645.853,1362.559,716.706,93.157
GeoCalib[pinhole],p41-plant-0004,brics-odroid-023_cam0,8,934.361,923.467,31.211,0.0334,904.915,995.189,90.274,9.662
GeoCalib[pinhole],p41-plant-0004,brics-odroid-024_cam0,8,1184.747,1188.177,17.207,0.01452,1148.88,1204.58,55.7,4.701
GeoCalib[pinhole],p41-plant-0004,brics-odroid-024_cam1,8,1189.085,1140.744,155.937,0.13114,1050.935,1551.961,501.026,42.135
GeoCalib[pinhole],p41-plant-0004,brics-odroid-025_cam0,8,1094.6,1117.853,72.903,0.0666,930.242,1152.793,222.551,20.332
GeoCalib[pinhole],p41-plant-0004,brics-odroid-025_cam1,8,246.866,253.384,26.225,0.10623,215.997,289.911,73.913,29.941
GeoCalib[pinhole],p41-plant-0004,brics-odroid-026_cam0,8,772.039,791.895,59.226,0.07671,693.592,849.477,155.885,20.191
GeoCalib[pinhole],p41-plant-0004,brics-odroid-026_cam1,8,1126.616,1091.532,64.99,0.05769,1070.642,1230.003,159.361,14.145
GeoCalib[pinhole],p41-plant-0004,brics-odroid-027_cam0,8,857.928,859.749,16.541,0.01928,822.954,878.646,55.691,6.491
GeoCalib[pinhole],p41-plant-0004,brics-odroid-027_cam1,8,847.023,848.747,11.449,0.01352,829.247,861.844,32.597,3.848
GeoCalib[pinhole],p41-plant-0004,brics-odroid-028_cam0,8,1584.575,1380.636,818.14,0.51632,806.654,3375.201,2568.547,162.097
GeoCalib[pinhole],p41-plant-0004,brics-odroid-029_cam0,8,2071.37,943.784,2087.103,1.0076,425.608,5595.755,5170.148,249.6
GeoCalib[pinhole],p41-plant-0004,brics-odroid-029_cam1,8,1242.723,1260.834,69.005,0.05553,1100.462,1337.914,237.452,19.107
GeoCalib[pinhole],p41-plant-0004,brics-odroid-030_cam0,8,863.183,863.022,16.351,0.01894,839.259,889.05,49.791,5.768
GeoCalib[pinhole],p41-plant-0004,brics-odroid-030_cam1,8,990.454,998.331,61.211,0.0618,853.67,1056.645,202.975,20.493
GeoCalib[pinhole],p44-dog-0004,brics-odroid-001_cam0,8,967.203,967.75,23.287,0.02408,930.568,1006.464,75.896,7.847
GeoCalib[pinhole],p44-dog-0004,brics-odroid-001_cam1,8,1030.724,1032.395,36.269,0.03519,963.108,1088.891,125.783,12.203
GeoCalib[pinhole],p44-dog-0004,brics-odroid-002_cam0,8,1023.135,1004.103,64.395,0.06294,960.685,1135.851,175.167,17.121
GeoCalib[pinhole],p44-dog-0004,brics-odroid-006_cam0,8,1141.528,1139.59,54.889,0.04808,1076.22,1238.983,162.762,14.258
GeoCalib[pinhole],p44-dog-0004,brics-odroid-007_cam0,8,1692.591,1694.871,35.946,0.02124,1631.733,1751.991,120.257,7.105
GeoCalib[pinhole],p44-dog-0004,brics-odroid-007_cam1,8,1218.676,1228.496,35.903,0.02946,1170.28,1263.588,93.309,7.657
GeoCalib[pinhole],p44-dog-0004,brics-odroid-008_cam0,8,1813.665,1802.55,36.158,0.01994,1765.854,1862.477,96.623,5.328
GeoCalib[pinhole],p44-dog-0004,brics-odroid-009_cam1,8,726.591,611.301,338.141,0.46538,589.673,1563.147,973.475,133.978
GeoCalib[pinhole],p44-dog-0004,brics-odroid-010_cam0,8,1060.457,1072.293,33.81,0.03188,998.735,1095.441,96.706,9.119
GeoCalib[pinhole],p44-dog-0004,brics-odroid-010_cam1,8,833.355,827.546,43.325,0.05199,791.301,925.432,134.131,16.095
GeoCalib[pinhole],p44-dog-0004,brics-odroid-011_cam0,8,1506.159,1509.903,69.56,0.04618,1398.395,1598.502,200.108,13.286
GeoCalib[pinhole],p44-dog-0004,brics-odroid-012_cam0,8,1005.256,1003.125,32.185,0.03202,965.74,1067.099,101.359,10.083
GeoCalib[pinhole],p44-dog-0004,brics-odroid-012_cam1,8,1493.214,1500.85,38.509,0.02579,1420.107,1528.891,108.784,7.285
GeoCalib[pinhole],p44-dog-0004,brics-odroid-014_cam1,8,1604.619,1607.63,56.265,0.03506,1525.2,1693.413,168.213,10.483
GeoCalib[pinhole],p44-dog-0004,brics-odroid-015_cam0,8,2399.496,2373.406,104.007,0.04335,2287.926,2605.254,317.329,13.225
GeoCalib[pinhole],p44-dog-0004,brics-odroid-015_cam1,8,1053.308,1068.464,444.515,0.42202,583.667,1913.521,1329.854,126.255
GeoCalib[pinhole],p44-dog-0004,brics-odroid-016_cam0,8,1360.651,1347.705,27.904,0.02051,1336.748,1411.549,74.801,5.497
GeoCalib[pinhole],p44-dog-0004,brics-odroid-017_cam0,8,1460.918,1468.994,66.857,0.04576,1373.31,1555.099,181.789,12.443
GeoCalib[pinhole],p44-dog-0004,brics-odroid-017_cam1,8,1234.316,1227.63,33.488,0.02713,1191.443,1279.818,88.375,7.16
GeoCalib[pinhole],p44-dog-0004,brics-odroid-019_cam1,8,1913.427,1514.641,1122.902,0.58685,1420.87,4686.327,3265.457,170.66
GeoCalib[pinhole],p44-dog-0004,brics-odroid-020_cam0,8,1232.766,1222.256,86.518,0.07018,1140.415,1408.292,267.876,21.73
GeoCalib[pinhole],p44-dog-0004,brics-odroid-020_cam1,8,1404.517,1408.755,108.709,0.0774,1257.425,1600.281,342.856,24.411
GeoCalib[pinhole],p44-dog-0004,brics-odroid-021_cam0,8,1166.251,545.216,904.674,0.77571,460.046,2356.29,1896.243,162.593
GeoCalib[pinhole],p44-dog-0004,brics-odroid-021_cam1,8,896.53,905.565,28.794,0.03212,847.223,924.306,77.083,8.598
GeoCalib[pinhole],p44-dog-0004,brics-odroid-022_cam0,8,1003.605,992.319,57.857,0.05765,930.66,1124.006,193.346,19.265
GeoCalib[pinhole],p44-dog-0004,brics-odroid-022_cam1,8,537.458,559.685,133.05,0.24755,315.575,696.638,381.063,70.901
GeoCalib[pinhole],p44-dog-0004,brics-odroid-023_cam0,8,1283.253,1298.727,42.721,0.03329,1195.685,1330.221,134.536,10.484
GeoCalib[pinhole],p44-dog-0004,brics-odroid-024_cam0,8,1986.311,1124.574,2530.3,1.27387,957.642,8245.356,7287.714,366.897
GeoCalib[pinhole],p44-dog-0004,brics-odroid-024_cam1,8,1187.371,1189.877,48.157,0.04056,1089.144,1240.689,151.545,12.763
GeoCalib[pinhole],p44-dog-0004,brics-odroid-025_cam0,8,901.707,902.527,29.705,0.03294,861.614,940.691,79.077,8.77
GeoCalib[pinhole],p44-dog-0004,brics-odroid-025_cam1,8,1256.93,1269.52,157.297,0.12514,1085.738,1546.65,460.911,36.67
GeoCalib[pinhole],p44-dog-0004,brics-odroid-026_cam0,8,955.062,952.553,60.711,0.06357,890.036,1056.381,166.345,17.417
GeoCalib[pinhole],p44-dog-0004,brics-odroid-026_cam1,8,1149.763,1137.762,184.54,0.1605,880.366,1440.692,560.325,48.734
GeoCalib[pinhole],p44-dog-0004,brics-odroid-027_cam0,8,952.127,944.579,17.164,0.01803,931.724,975.859,44.134,4.635
GeoCalib[pinhole],p44-dog-0004,brics-odroid-027_cam1,8,2943.45,1127.728,3295.543,1.11962,830.899,8245.356,7414.458,251.897
GeoCalib[pinhole],p44-dog-0004,brics-odroid-028_cam0,8,975.752,1023.39,180.422,0.18491,562.847,1154.733,591.885,60.659
GeoCalib[pinhole],p44-dog-0004,brics-odroid-029_cam0,8,1443.323,1447.031,148.59,0.10295,1208.068,1638.979,430.911,29.855
GeoCalib[pinhole],p44-dog-0004,brics-odroid-029_cam1,8,860.352,751.695,317.35,0.36886,418.045,1316.528,898.482,104.432
GeoCalib[pinhole],p44-dog-0004,brics-odroid-030_cam0,8,892.407,898.98,25.744,0.02885,853.123,922.477,69.355,7.772
GeoCalib[pinhole],p44-dog-0004,brics-odroid-030_cam1,8,865.182,890.595,45.352,0.05242,803.63,903.529,99.899,11.547
GeoCalib[pinhole],p52-instrument-0034,brics-odroid-002_cam0,8,911.884,912.055,7.499,0.00822,901.509,920.453,18.944,2.077
GeoCalib[pinhole],p52-instrument-0034,brics-odroid-007_cam0,8,1766.426,1766.317,19.176,0.01086,1737.88,1795.9,58.02,3.285
GeoCalib[pinhole],p52-instrument-0034,brics-odroid-007_cam1,8,865.293,884.026,458.982,0.53044,274.866,1508.189,1233.323,142.532
GeoCalib[pinhole],p52-instrument-0034,brics-odroid-012_cam1,8,1045.937,1033.152,122.675,0.11729,815.446,1198.084,382.638,36.583
GeoCalib[pinhole],p52-instrument-0034,brics-odroid-015_cam1,8,940.053,799.13,214.769,0.22847,773.303,1225.499,452.196,48.103
GeoCalib[pinhole],p52-instrument-0034,brics-odroid-016_cam0,8,1290.247,1292.431,7.861,0.00609,1277.098,1298.239,21.141,1.639
GeoCalib[pinhole],p52-instrument-0034,brics-odroid-021_cam0,8,1123.363,1126.295,24.971,0.02223,1076.711,1157.222,80.511,7.167
GeoCalib[pinhole],p52-instrument-0034,brics-odroid-023_cam0,8,1243.814,1237.283,31.405,0.02525,1208.446,1289.85,81.404,6.545
GeoCalib[pinhole],p52-instrument-0034,brics-odroid-024_cam0,8,1022.747,1020.975,29.729,0.02907,974.932,1066.545,91.612,8.957
GeoCalib[pinhole],p52-instrument-0034,brics-odroid-025_cam1,8,1797.649,1805.187,48.435,0.02694,1690.285,1862.726,172.441,9.593
GeoCalib[pinhole],p52-instrument-0034,brics-odroid-027_cam0,8,844.15,841.778,26.179,0.03101,797.381,880.578,83.197,9.856
GeoCalib[pinhole],p52-instrument-0034,brics-odroid-027_cam1,8,830.122,829.957,8.104,0.00976,819.328,846.406,27.077,3.262
GeoCalib[pinhole],p52-instrument-0034,brics-odroid-028_cam0,8,771.362,776.676,34.293,0.04446,710.431,823.607,113.176,14.672
GeoCalib[pinhole],p52-instrument-0034,brics-odroid-030_cam0,8,1001.771,998.417,13.127,0.0131,989.445,1032.054,42.609,4.253
GeoCalib[pinhole],p52-instrument-0034,brics-odroid-030_cam1,8,877.209,874.712,19.038,0.0217,850.56,915.592,65.032,7.414
ORACLE_GT,p36-tea-0010,brics-odroid-001_cam0,8,921.611,921.611,0.0,0.0,921.611,921.611,0.0,0.0
ORACLE_GT,p36-tea-0010,brics-odroid-001_cam1,8,918.354,918.354,0.0,0.0,918.354,918.354,0.0,0.0
ORACLE_GT,p36-tea-0010,brics-odroid-002_cam0,8,940.341,940.341,0.0,0.0,940.341,940.341,0.0,0.0
ORACLE_GT,p36-tea-0010,brics-odroid-006_cam0,8,919.384,919.384,0.0,0.0,919.384,919.384,0.0,0.0
ORACLE_GT,p36-tea-0010,brics-odroid-007_cam0,8,924.42,924.42,0.0,0.0,924.42,924.42,0.0,0.0
ORACLE_GT,p36-tea-0010,brics-odroid-007_cam1,8,931.305,931.305,0.0,0.0,931.305,931.305,0.0,0.0
ORACLE_GT,p36-tea-0010,brics-odroid-008_cam0,8,919.474,919.474,0.0,0.0,919.474,919.474,0.0,0.0
ORACLE_GT,p36-tea-0010,brics-odroid-009_cam1,8,931.935,931.935,0.0,0.0,931.935,931.935,0.0,0.0
ORACLE_GT,p36-tea-0010,brics-odroid-010_cam0,8,932.027,932.027,0.0,0.0,932.027,932.027,0.0,0.0
ORACLE_GT,p36-tea-0010,brics-odroid-010_cam1,8,934.134,934.134,0.0,0.0,934.134,934.134,0.0,0.0
ORACLE_GT,p36-tea-0010,brics-odroid-011_cam0,8,922.774,922.774,0.0,0.0,922.774,922.774,0.0,0.0
ORACLE_GT,p36-tea-0010,brics-odroid-012_cam0,8,926.425,926.425,0.0,0.0,926.425,926.425,0.0,0.0
ORACLE_GT,p36-tea-0010,brics-odroid-012_cam1,8,926.515,926.515,0.0,0.0,926.515,926.515,0.0,0.0
ORACLE_GT,p36-tea-0010,brics-odroid-014_cam1,8,922.315,922.315,0.0,0.0,922.315,922.315,0.0,0.0
ORACLE_GT,p36-tea-0010,brics-odroid-015_cam0,8,914.979,914.979,0.0,0.0,914.979,914.979,0.0,0.0
ORACLE_GT,p36-tea-0010,brics-odroid-015_cam1,8,930.794,930.794,0.0,0.0,930.794,930.794,0.0,0.0
ORACLE_GT,p36-tea-0010,brics-odroid-016_cam0,8,919.841,919.841,0.0,0.0,919.841,919.841,0.0,0.0
ORACLE_GT,p36-tea-0010,brics-odroid-017_cam0,8,921.895,921.895,0.0,0.0,921.895,921.895,0.0,0.0
ORACLE_GT,p36-tea-0010,brics-odroid-017_cam1,8,938.321,938.321,0.0,0.0,938.321,938.321,0.0,0.0
ORACLE_GT,p36-tea-0010,brics-odroid-019_cam1,8,920.926,920.926,0.0,0.0,920.926,920.926,0.0,0.0
ORACLE_GT,p36-tea-0010,brics-odroid-020_cam0,8,899.424,899.424,0.0,0.0,899.424,899.424,0.0,0.0
ORACLE_GT,p36-tea-0010,brics-odroid-020_cam1,8,925.859,925.859,0.0,0.0,925.859,925.859,0.0,0.0
ORACLE_GT,p36-tea-0010,brics-odroid-021_cam0,8,938.355,938.355,0.0,0.0,938.355,938.355,0.0,0.0
ORACLE_GT,p36-tea-0010,brics-odroid-021_cam1,8,920.783,920.783,0.0,0.0,920.783,920.783,0.0,0.0
ORACLE_GT,p36-tea-0010,brics-odroid-022_cam0,8,916.312,916.312,0.0,0.0,916.312,916.312,0.0,0.0
ORACLE_GT,p36-tea-0010,brics-odroid-022_cam1,8,903.016,903.016,0.0,0.0,903.016,903.016,0.0,0.0
ORACLE_GT,p36-tea-0010,brics-odroid-023_cam0,8,914.888,914.888,0.0,0.0,914.888,914.888,0.0,0.0
ORACLE_GT,p36-tea-0010,brics-odroid-024_cam0,8,931.895,931.895,0.0,0.0,931.895,931.895,0.0,0.0
ORACLE_GT,p36-tea-0010,brics-odroid-024_cam1,8,951.806,951.806,0.0,0.0,951.806,951.806,0.0,0.0
ORACLE_GT,p36-tea-0010,brics-odroid-025_cam0,8,913.867,913.867,0.0,0.0,913.867,913.867,0.0,0.0
ORACLE_GT,p36-tea-0010,brics-odroid-025_cam1,8,879.873,879.873,0.0,0.0,879.873,879.873,0.0,0.0
ORACLE_GT,p36-tea-0010,brics-odroid-026_cam0,8,921.928,921.928,0.0,0.0,921.928,921.928,0.0,0.0
ORACLE_GT,p36-tea-0010,brics-odroid-026_cam1,8,927.794,927.794,0.0,0.0,927.794,927.794,0.0,0.0
ORACLE_GT,p36-tea-0010,brics-odroid-027_cam0,8,917.45,917.45,0.0,0.0,917.45,917.45,0.0,0.0
ORACLE_GT,p36-tea-0010,brics-odroid-027_cam1,8,919.999,919.999,0.0,0.0,919.999,919.999,0.0,0.0
ORACLE_GT,p36-tea-0010,brics-odroid-028_cam0,8,919.052,919.052,0.0,0.0,919.052,919.052,0.0,0.0
ORACLE_GT,p36-tea-0010,brics-odroid-029_cam0,8,907.913,907.913,0.0,0.0,907.913,907.913,0.0,0.0
ORACLE_GT,p36-tea-0010,brics-odroid-029_cam1,8,905.858,905.858,0.0,0.0,905.858,905.858,0.0,0.0
ORACLE_GT,p36-tea-0010,brics-odroid-030_cam0,8,930.997,930.997,0.0,0.0,930.997,930.997,0.0,0.0
ORACLE_GT,p36-tea-0010,brics-odroid-030_cam1,8,907.045,907.045,0.0,0.0,907.045,907.045,0.0,0.0
ORACLE_GT,p41-boxing-0021,brics-odroid-001_cam0,8,921.611,921.611,0.0,0.0,921.611,921.611,0.0,0.0
ORACLE_GT,p41-boxing-0021,brics-odroid-001_cam1,8,918.354,918.354,0.0,0.0,918.354,918.354,0.0,0.0
ORACLE_GT,p41-boxing-0021,brics-odroid-002_cam0,8,940.341,940.341,0.0,0.0,940.341,940.341,0.0,0.0
ORACLE_GT,p41-boxing-0021,brics-odroid-006_cam0,8,919.384,919.384,0.0,0.0,919.384,919.384,0.0,0.0
ORACLE_GT,p41-boxing-0021,brics-odroid-007_cam0,8,924.42,924.42,0.0,0.0,924.42,924.42,0.0,0.0
ORACLE_GT,p41-boxing-0021,brics-odroid-007_cam1,8,931.305,931.305,0.0,0.0,931.305,931.305,0.0,0.0
ORACLE_GT,p41-boxing-0021,brics-odroid-008_cam0,8,919.474,919.474,0.0,0.0,919.474,919.474,0.0,0.0
ORACLE_GT,p41-boxing-0021,brics-odroid-009_cam1,8,931.935,931.935,0.0,0.0,931.935,931.935,0.0,0.0
ORACLE_GT,p41-boxing-0021,brics-odroid-010_cam0,8,932.027,932.027,0.0,0.0,932.027,932.027,0.0,0.0
ORACLE_GT,p41-boxing-0021,brics-odroid-010_cam1,8,934.134,934.134,0.0,0.0,934.134,934.134,0.0,0.0
ORACLE_GT,p41-boxing-0021,brics-odroid-011_cam0,8,922.774,922.774,0.0,0.0,922.774,922.774,0.0,0.0
ORACLE_GT,p41-boxing-0021,brics-odroid-012_cam0,8,926.425,926.425,0.0,0.0,926.425,926.425,0.0,0.0
ORACLE_GT,p41-boxing-0021,brics-odroid-012_cam1,8,926.515,926.515,0.0,0.0,926.515,926.515,0.0,0.0
ORACLE_GT,p41-boxing-0021,brics-odroid-014_cam1,8,922.315,922.315,0.0,0.0,922.315,922.315,0.0,0.0
ORACLE_GT,p41-boxing-0021,brics-odroid-015_cam0,8,914.979,914.979,0.0,0.0,914.979,914.979,0.0,0.0
ORACLE_GT,p41-boxing-0021,brics-odroid-015_cam1,8,930.794,930.794,0.0,0.0,930.794,930.794,0.0,0.0
ORACLE_GT,p41-boxing-0021,brics-odroid-016_cam0,8,919.841,919.841,0.0,0.0,919.841,919.841,0.0,0.0
ORACLE_GT,p41-boxing-0021,brics-odroid-017_cam0,8,921.895,921.895,0.0,0.0,921.895,921.895,0.0,0.0
ORACLE_GT,p41-boxing-0021,brics-odroid-017_cam1,8,938.321,938.321,0.0,0.0,938.321,938.321,0.0,0.0
ORACLE_GT,p41-boxing-0021,brics-odroid-019_cam1,8,920.926,920.926,0.0,0.0,920.926,920.926,0.0,0.0
ORACLE_GT,p41-boxing-0021,brics-odroid-020_cam0,8,899.424,899.424,0.0,0.0,899.424,899.424,0.0,0.0
ORACLE_GT,p41-boxing-0021,brics-odroid-020_cam1,8,925.859,925.859,0.0,0.0,925.859,925.859,0.0,0.0
ORACLE_GT,p41-boxing-0021,brics-odroid-021_cam0,8,938.355,938.355,0.0,0.0,938.355,938.355,0.0,0.0
ORACLE_GT,p41-boxing-0021,brics-odroid-021_cam1,8,920.783,920.783,0.0,0.0,920.783,920.783,0.0,0.0
ORACLE_GT,p41-boxing-0021,brics-odroid-022_cam0,8,916.312,916.312,0.0,0.0,916.312,916.312,0.0,0.0
ORACLE_GT,p41-boxing-0021,brics-odroid-022_cam1,8,903.016,903.016,0.0,0.0,903.016,903.016,0.0,0.0
ORACLE_GT,p41-boxing-0021,brics-odroid-023_cam0,8,914.888,914.888,0.0,0.0,914.888,914.888,0.0,0.0
ORACLE_GT,p41-boxing-0021,brics-odroid-024_cam0,8,931.895,931.895,0.0,0.0,931.895,931.895,0.0,0.0
ORACLE_GT,p41-boxing-0021,brics-odroid-024_cam1,8,951.806,951.806,0.0,0.0,951.806,951.806,0.0,0.0
ORACLE_GT,p41-boxing-0021,brics-odroid-025_cam0,8,913.867,913.867,0.0,0.0,913.867,913.867,0.0,0.0
ORACLE_GT,p41-boxing-0021,brics-odroid-025_cam1,8,879.873,879.873,0.0,0.0,879.873,879.873,0.0,0.0
ORACLE_GT,p41-boxing-0021,brics-odroid-026_cam0,8,921.928,921.928,0.0,0.0,921.928,921.928,0.0,0.0
ORACLE_GT,p41-boxing-0021,brics-odroid-026_cam1,8,927.794,927.794,0.0,0.0,927.794,927.794,0.0,0.0
ORACLE_GT,p41-boxing-0021,brics-odroid-027_cam0,8,917.45,917.45,0.0,0.0,917.45,917.45,0.0,0.0
ORACLE_GT,p41-boxing-0021,brics-odroid-027_cam1,8,919.999,919.999,0.0,0.0,919.999,919.999,0.0,0.0
ORACLE_GT,p41-boxing-0021,brics-odroid-028_cam0,8,919.052,919.052,0.0,0.0,919.052,919.052,0.0,0.0
ORACLE_GT,p41-boxing-0021,brics-odroid-029_cam0,8,907.913,907.913,0.0,0.0,907.913,907.913,0.0,0.0
ORACLE_GT,p41-boxing-0021,brics-odroid-029_cam1,8,905.858,905.858,0.0,0.0,905.858,905.858,0.0,0.0
ORACLE_GT,p41-boxing-0021,brics-odroid-030_cam0,8,930.997,930.997,0.0,0.0,930.997,930.997,0.0,0.0
ORACLE_GT,p41-boxing-0021,brics-odroid-030_cam1,8,907.045,907.045,0.0,0.0,907.045,907.045,0.0,0.0
ORACLE_GT,p41-plant-0004,brics-odroid-001_cam0,8,921.611,921.611,0.0,0.0,921.611,921.611,0.0,0.0
ORACLE_GT,p41-plant-0004,brics-odroid-001_cam1,8,918.354,918.354,0.0,0.0,918.354,918.354,0.0,0.0
ORACLE_GT,p41-plant-0004,brics-odroid-002_cam0,8,940.341,940.341,0.0,0.0,940.341,940.341,0.0,0.0
ORACLE_GT,p41-plant-0004,brics-odroid-006_cam0,8,919.384,919.384,0.0,0.0,919.384,919.384,0.0,0.0
ORACLE_GT,p41-plant-0004,brics-odroid-007_cam0,8,924.42,924.42,0.0,0.0,924.42,924.42,0.0,0.0
ORACLE_GT,p41-plant-0004,brics-odroid-007_cam1,8,931.305,931.305,0.0,0.0,931.305,931.305,0.0,0.0
ORACLE_GT,p41-plant-0004,brics-odroid-008_cam0,8,919.474,919.474,0.0,0.0,919.474,919.474,0.0,0.0
ORACLE_GT,p41-plant-0004,brics-odroid-009_cam1,8,931.935,931.935,0.0,0.0,931.935,931.935,0.0,0.0
ORACLE_GT,p41-plant-0004,brics-odroid-010_cam0,8,932.027,932.027,0.0,0.0,932.027,932.027,0.0,0.0
ORACLE_GT,p41-plant-0004,brics-odroid-010_cam1,8,934.134,934.134,0.0,0.0,934.134,934.134,0.0,0.0
ORACLE_GT,p41-plant-0004,brics-odroid-011_cam0,8,922.774,922.774,0.0,0.0,922.774,922.774,0.0,0.0
ORACLE_GT,p41-plant-0004,brics-odroid-012_cam0,8,926.425,926.425,0.0,0.0,926.425,926.425,0.0,0.0
ORACLE_GT,p41-plant-0004,brics-odroid-012_cam1,8,926.515,926.515,0.0,0.0,926.515,926.515,0.0,0.0
ORACLE_GT,p41-plant-0004,brics-odroid-014_cam1,8,922.315,922.315,0.0,0.0,922.315,922.315,0.0,0.0
ORACLE_GT,p41-plant-0004,brics-odroid-015_cam0,8,914.979,914.979,0.0,0.0,914.979,914.979,0.0,0.0
ORACLE_GT,p41-plant-0004,brics-odroid-015_cam1,8,930.794,930.794,0.0,0.0,930.794,930.794,0.0,0.0
ORACLE_GT,p41-plant-0004,brics-odroid-016_cam0,8,919.841,919.841,0.0,0.0,919.841,919.841,0.0,0.0
ORACLE_GT,p41-plant-0004,brics-odroid-017_cam0,8,921.895,921.895,0.0,0.0,921.895,921.895,0.0,0.0
ORACLE_GT,p41-plant-0004,brics-odroid-017_cam1,8,938.321,938.321,0.0,0.0,938.321,938.321,0.0,0.0
ORACLE_GT,p41-plant-0004,brics-odroid-019_cam1,8,920.926,920.926,0.0,0.0,920.926,920.926,0.0,0.0
ORACLE_GT,p41-plant-0004,brics-odroid-020_cam0,8,899.424,899.424,0.0,0.0,899.424,899.424,0.0,0.0
ORACLE_GT,p41-plant-0004,brics-odroid-020_cam1,8,925.859,925.859,0.0,0.0,925.859,925.859,0.0,0.0
ORACLE_GT,p41-plant-0004,brics-odroid-021_cam0,8,938.355,938.355,0.0,0.0,938.355,938.355,0.0,0.0
ORACLE_GT,p41-plant-0004,brics-odroid-021_cam1,8,920.783,920.783,0.0,0.0,920.783,920.783,0.0,0.0
ORACLE_GT,p41-plant-0004,brics-odroid-022_cam0,8,916.312,916.312,0.0,0.0,916.312,916.312,0.0,0.0
ORACLE_GT,p41-plant-0004,brics-odroid-022_cam1,8,903.016,903.016,0.0,0.0,903.016,903.016,0.0,0.0
ORACLE_GT,p41-plant-0004,brics-odroid-023_cam0,8,914.888,914.888,0.0,0.0,914.888,914.888,0.0,0.0
ORACLE_GT,p41-plant-0004,brics-odroid-024_cam0,8,931.895,931.895,0.0,0.0,931.895,931.895,0.0,0.0
ORACLE_GT,p41-plant-0004,brics-odroid-024_cam1,8,951.806,951.806,0.0,0.0,951.806,951.806,0.0,0.0
ORACLE_GT,p41-plant-0004,brics-odroid-025_cam0,8,913.867,913.867,0.0,0.0,913.867,913.867,0.0,0.0
ORACLE_GT,p41-plant-0004,brics-odroid-025_cam1,8,879.873,879.873,0.0,0.0,879.873,879.873,0.0,0.0
ORACLE_GT,p41-plant-0004,brics-odroid-026_cam0,8,921.928,921.928,0.0,0.0,921.928,921.928,0.0,0.0
ORACLE_GT,p41-plant-0004,brics-odroid-026_cam1,8,927.794,927.794,0.0,0.0,927.794,927.794,0.0,0.0
ORACLE_GT,p41-plant-0004,brics-odroid-027_cam0,8,917.45,917.45,0.0,0.0,917.45,917.45,0.0,0.0
ORACLE_GT,p41-plant-0004,brics-odroid-027_cam1,8,919.999,919.999,0.0,0.0,919.999,919.999,0.0,0.0
ORACLE_GT,p41-plant-0004,brics-odroid-028_cam0,8,919.052,919.052,0.0,0.0,919.052,919.052,0.0,0.0
ORACLE_GT,p41-plant-0004,brics-odroid-029_cam0,8,907.913,907.913,0.0,0.0,907.913,907.913,0.0,0.0
ORACLE_GT,p41-plant-0004,brics-odroid-029_cam1,8,905.858,905.858,0.0,0.0,905.858,905.858,0.0,0.0
ORACLE_GT,p41-plant-0004,brics-odroid-030_cam0,8,930.997,930.997,0.0,0.0,930.997,930.997,0.0,0.0
ORACLE_GT,p41-plant-0004,brics-odroid-030_cam1,8,907.045,907.045,0.0,0.0,907.045,907.045,0.0,0.0
ORACLE_GT,p44-dog-0004,brics-odroid-001_cam0,8,931.967,931.967,0.0,0.0,931.967,931.967,0.0,0.0
ORACLE_GT,p44-dog-0004,brics-odroid-001_cam1,8,970.607,970.607,0.0,0.0,970.607,970.607,0.0,0.0
ORACLE_GT,p44-dog-0004,brics-odroid-002_cam0,8,885.954,885.954,0.0,0.0,885.954,885.954,0.0,0.0
ORACLE_GT,p44-dog-0004,brics-odroid-006_cam0,8,899.017,899.017,0.0,0.0,899.017,899.017,0.0,0.0
ORACLE_GT,p44-dog-0004,brics-odroid-007_cam0,8,932.032,932.032,0.0,0.0,932.032,932.032,0.0,0.0
ORACLE_GT,p44-dog-0004,brics-odroid-007_cam1,8,932.875,932.875,0.0,0.0,932.875,932.875,0.0,0.0
ORACLE_GT,p44-dog-0004,brics-odroid-008_cam0,8,941.907,941.907,0.0,0.0,941.907,941.907,0.0,0.0
ORACLE_GT,p44-dog-0004,brics-odroid-009_cam1,8,959.594,959.594,0.0,0.0,959.594,959.594,0.0,0.0
ORACLE_GT,p44-dog-0004,brics-odroid-010_cam0,8,933.871,933.871,0.0,0.0,933.871,933.871,0.0,0.0
ORACLE_GT,p44-dog-0004,brics-odroid-010_cam1,8,824.945,824.945,0.0,0.0,824.945,824.945,0.0,0.0
ORACLE_GT,p44-dog-0004,brics-odroid-011_cam0,8,938.385,938.385,0.0,0.0,938.385,938.385,0.0,0.0
ORACLE_GT,p44-dog-0004,brics-odroid-012_cam0,8,953.768,953.768,0.0,0.0,953.768,953.768,0.0,0.0
ORACLE_GT,p44-dog-0004,brics-odroid-012_cam1,8,911.327,911.327,0.0,0.0,911.327,911.327,0.0,0.0
ORACLE_GT,p44-dog-0004,brics-odroid-014_cam1,8,940.467,940.467,0.0,0.0,940.467,940.467,0.0,0.0
ORACLE_GT,p44-dog-0004,brics-odroid-015_cam0,8,922.734,922.734,0.0,0.0,922.734,922.734,0.0,0.0
ORACLE_GT,p44-dog-0004,brics-odroid-015_cam1,8,941.986,941.986,0.0,0.0,941.986,941.986,0.0,0.0
ORACLE_GT,p44-dog-0004,brics-odroid-016_cam0,8,986.619,986.619,0.0,0.0,986.619,986.619,0.0,0.0
ORACLE_GT,p44-dog-0004,brics-odroid-017_cam0,8,917.867,917.867,0.0,0.0,917.867,917.867,0.0,0.0
ORACLE_GT,p44-dog-0004,brics-odroid-017_cam1,8,931.661,931.661,0.0,0.0,931.661,931.661,0.0,0.0
ORACLE_GT,p44-dog-0004,brics-odroid-019_cam1,8,958.993,958.993,0.0,0.0,958.993,958.993,0.0,0.0
ORACLE_GT,p44-dog-0004,brics-odroid-020_cam0,8,931.864,931.864,0.0,0.0,931.864,931.864,0.0,0.0
ORACLE_GT,p44-dog-0004,brics-odroid-020_cam1,8,945.562,945.562,0.0,0.0,945.562,945.562,0.0,0.0
ORACLE_GT,p44-dog-0004,brics-odroid-021_cam0,8,920.005,920.005,0.0,0.0,920.005,920.005,0.0,0.0
ORACLE_GT,p44-dog-0004,brics-odroid-021_cam1,8,920.716,920.716,0.0,0.0,920.716,920.716,0.0,0.0
ORACLE_GT,p44-dog-0004,brics-odroid-022_cam0,8,909.549,909.549,0.0,0.0,909.549,909.549,0.0,0.0
ORACLE_GT,p44-dog-0004,brics-odroid-022_cam1,8,900.314,900.314,0.0,0.0,900.314,900.314,0.0,0.0
ORACLE_GT,p44-dog-0004,brics-odroid-023_cam0,8,901.922,901.922,0.0,0.0,901.922,901.922,0.0,0.0
ORACLE_GT,p44-dog-0004,brics-odroid-024_cam0,8,892.527,892.527,0.0,0.0,892.527,892.527,0.0,0.0
ORACLE_GT,p44-dog-0004,brics-odroid-024_cam1,8,920.341,920.341,0.0,0.0,920.341,920.341,0.0,0.0
ORACLE_GT,p44-dog-0004,brics-odroid-025_cam0,8,903.565,903.565,0.0,0.0,903.565,903.565,0.0,0.0
ORACLE_GT,p44-dog-0004,brics-odroid-025_cam1,8,894.819,894.819,0.0,0.0,894.819,894.819,0.0,0.0
ORACLE_GT,p44-dog-0004,brics-odroid-026_cam0,8,895.203,895.203,0.0,0.0,895.203,895.203,0.0,0.0
ORACLE_GT,p44-dog-0004,brics-odroid-026_cam1,8,935.543,935.543,0.0,0.0,935.543,935.543,0.0,0.0
ORACLE_GT,p44-dog-0004,brics-odroid-027_cam0,8,920.35,920.35,0.0,0.0,920.35,920.35,0.0,0.0
ORACLE_GT,p44-dog-0004,brics-odroid-027_cam1,8,919.946,919.946,0.0,0.0,919.946,919.946,0.0,0.0
ORACLE_GT,p44-dog-0004,brics-odroid-028_cam0,8,857.683,857.683,0.0,0.0,857.683,857.683,0.0,0.0
ORACLE_GT,p44-dog-0004,brics-odroid-029_cam0,8,919.496,919.496,0.0,0.0,919.496,919.496,0.0,0.0
ORACLE_GT,p44-dog-0004,brics-odroid-029_cam1,8,927.141,927.141,0.0,0.0,927.141,927.141,0.0,0.0
ORACLE_GT,p44-dog-0004,brics-odroid-030_cam0,8,945.356,945.356,0.0,0.0,945.356,945.356,0.0,0.0
ORACLE_GT,p44-dog-0004,brics-odroid-030_cam1,8,916.522,916.522,0.0,0.0,916.522,916.522,0.0,0.0
ORACLE_GT,p52-instrument-0034,brics-odroid-002_cam0,8,931.786,931.786,0.0,0.0,931.786,931.786,0.0,0.0
ORACLE_GT,p52-instrument-0034,brics-odroid-007_cam0,8,919.0,919.0,0.0,0.0,919.0,919.0,0.0,0.0
ORACLE_GT,p52-instrument-0034,brics-odroid-007_cam1,8,945.903,945.903,0.0,0.0,945.903,945.903,0.0,0.0
ORACLE_GT,p52-instrument-0034,brics-odroid-012_cam1,8,919.387,919.387,0.0,0.0,919.387,919.387,0.0,0.0
ORACLE_GT,p52-instrument-0034,brics-odroid-015_cam1,8,908.361,908.361,0.0,0.0,908.361,908.361,0.0,0.0
ORACLE_GT,p52-instrument-0034,brics-odroid-016_cam0,8,924.89,924.89,0.0,0.0,924.89,924.89,0.0,0.0
ORACLE_GT,p52-instrument-0034,brics-odroid-021_cam0,8,925.33,925.33,0.0,0.0,925.33,925.33,0.0,0.0
ORACLE_GT,p52-instrument-0034,brics-odroid-023_cam0,8,918.969,918.969,0.0,0.0,918.969,918.969,0.0,0.0
ORACLE_GT,p52-instrument-0034,brics-odroid-024_cam0,8,924.839,924.839,0.0,0.0,924.839,924.839,0.0,0.0
ORACLE_GT,p52-instrument-0034,brics-odroid-025_cam1,8,894.409,894.409,0.0,0.0,894.409,894.409,0.0,0.0
ORACLE_GT,p52-instrument-0034,brics-odroid-027_cam0,8,907.767,907.767,0.0,0.0,907.767,907.767,0.0,0.0
ORACLE_GT,p52-instrument-0034,brics-odroid-027_cam1,8,916.838,916.838,0.0,0.0,916.838,916.838,0.0,0.0
ORACLE_GT,p52-instrument-0034,brics-odroid-028_cam0,8,918.639,918.639,0.0,0.0,918.639,918.639,0.0,0.0
ORACLE_GT,p52-instrument-0034,brics-odroid-030_cam0,8,922.447,922.447,0.0,0.0,922.447,922.447,0.0,0.0
ORACLE_GT,p52-instrument-0034,brics-odroid-030_cam1,8,898.434,898.434,0.0,0.0,898.434,898.434,0.0,0.0
PerspectiveFields[centered],p36-tea-0010,brics-odroid-001_cam0,8,774.332,728.052,172.958,0.22336,590.024,1103.7,513.676,66.338
PerspectiveFields[centered],p36-tea-0010,brics-odroid-001_cam1,8,791.036,746.913,119.868,0.15153,686.793,1030.06,343.266,43.395
PerspectiveFields[centered],p36-tea-0010,brics-odroid-002_cam0,8,1070.229,1140.445,169.845,0.1587,765.244,1256.911,491.667,45.94
PerspectiveFields[centered],p36-tea-0010,brics-odroid-006_cam0,8,840.967,743.944,205.965,0.24491,650.4,1188.07,537.67,63.935
PerspectiveFields[centered],p36-tea-0010,brics-odroid-007_cam0,8,996.832,978.23,77.97,0.07822,910.609,1151.774,241.165,24.193
PerspectiveFields[centered],p36-tea-0010,brics-odroid-007_cam1,8,892.482,839.407,220.892,0.2475,674.338,1333.932,659.594,73.906
PerspectiveFields[centered],p36-tea-0010,brics-odroid-008_cam0,8,1080.963,1081.215,30.892,0.02858,1042.448,1122.484,80.036,7.404
PerspectiveFields[centered],p36-tea-0010,brics-odroid-009_cam1,8,879.498,892.089,40.308,0.04583,795.51,916.328,120.818,13.737
PerspectiveFields[centered],p36-tea-0010,brics-odroid-010_cam0,8,909.618,900.775,50.292,0.05529,848.371,981.235,132.864,14.607
PerspectiveFields[centered],p36-tea-0010,brics-odroid-010_cam1,8,908.148,817.006,171.18,0.18849,743.593,1157.268,413.675,45.551
PerspectiveFields[centered],p36-tea-0010,brics-odroid-011_cam0,8,1167.867,1195.588,85.292,0.07303,1015.057,1266.425,251.368,21.524
PerspectiveFields[centered],p36-tea-0010,brics-odroid-012_cam0,8,845.283,819.012,114.566,0.13554,708.2,1023.815,315.615,37.338
PerspectiveFields[centered],p36-tea-0010,brics-odroid-012_cam1,8,835.103,744.774,223.647,0.26781,642.704,1202.454,559.751,67.028
PerspectiveFields[centered],p36-tea-0010,brics-odroid-014_cam1,8,755.816,749.75,44.553,0.05895,683.549,815.298,131.749,17.431
PerspectiveFields[centered],p36-tea-0010,brics-odroid-015_cam0,8,770.54,839.173,198.237,0.25727,527.354,984.313,456.959,59.304
PerspectiveFields[centered],p36-tea-0010,brics-odroid-015_cam1,8,719.759,703.744,101.168,0.14056,563.908,908.501,344.594,47.876
PerspectiveFields[centered],p36-tea-0010,brics-odroid-016_cam0,8,1012.775,1014.732,138.089,0.13635,812.388,1190.118,377.73,37.297
PerspectiveFields[centered],p36-tea-0010,brics-odroid-017_cam0,8,770.292,744.238,76.881,0.09981,707.409,952.713,245.304,31.846
PerspectiveFields[centered],p36-tea-0010,brics-odroid-017_cam1,8,929.933,949.818,74.905,0.08055,795.886,1023.681,227.796,24.496
PerspectiveFields[centered],p36-tea-0010,brics-odroid-019_cam1,8,806.266,736.192,134.932,0.16735,679.042,1032.494,353.451,43.838
PerspectiveFields[centered],p36-tea-0010,brics-odroid-020_cam0,8,856.96,855.639,65.096,0.07596,784.872,977.197,192.325,22.443
PerspectiveFields[centered],p36-tea-0010,brics-odroid-020_cam1,8,1059.258,997.051,140.744,0.13287,910.728,1277.567,366.839,34.632
PerspectiveFields[centered],p36-tea-0010,brics-odroid-021_cam0,8,1259.91,1242.696,197.004,0.15636,993.828,1509.653,515.826,40.941
PerspectiveFields[centered],p36-tea-0010,brics-odroid-021_cam1,8,1119.92,1033.878,176.787,0.15786,951.008,1370.586,419.578,37.465
PerspectiveFields[centered],p36-tea-0010,brics-odroid-022_cam0,8,893.863,918.747,73.189,0.08188,790.681,997.258,206.578,23.111
PerspectiveFields[centered],p36-tea-0010,brics-odroid-022_cam1,8,867.869,820.816,131.131,0.1511,739.634,1080.803,341.17,39.311
PerspectiveFields[centered],p36-tea-0010,brics-odroid-023_cam0,8,874.339,860.701,159.842,0.18281,650.659,1086.143,435.484,49.807
PerspectiveFields[centered],p36-tea-0010,brics-odroid-024_cam0,8,877.716,828.771,188.265,0.21449,686.529,1191.375,504.846,57.518
PerspectiveFields[centered],p36-tea-0010,brics-odroid-024_cam1,8,1077.982,1061.799,95.578,0.08866,974.512,1280.286,305.774,28.365
PerspectiveFields[centered],p36-tea-0010,brics-odroid-025_cam0,8,887.426,888.949,104.134,0.11734,753.667,1104.1,350.434,39.489
PerspectiveFields[centered],p36-tea-0010,brics-odroid-025_cam1,8,1059.86,979.037,319.529,0.30148,707.712,1594.277,886.565,83.649
PerspectiveFields[centered],p36-tea-0010,brics-odroid-026_cam0,8,1150.11,1158.394,95.65,0.08317,1005.638,1263.709,258.071,22.439
PerspectiveFields[centered],p36-tea-0010,brics-odroid-026_cam1,8,1041.281,1015.275,80.159,0.07698,974.666,1196.822,222.156,21.335
PerspectiveFields[centered],p36-tea-0010,brics-odroid-027_cam0,8,1168.236,1205.376,77.664,0.06648,1067.562,1279.116,211.554,18.109
PerspectiveFields[centered],p36-tea-0010,brics-odroid-027_cam1,8,942.34,934.683,32.462,0.03445,900.329,1002.158,101.829,10.806
PerspectiveFields[centered],p36-tea-0010,brics-odroid-028_cam0,8,1151.85,1205.053,346.063,0.30044,638.434,1695.392,1056.958,91.762
PerspectiveFields[centered],p36-tea-0010,brics-odroid-029_cam0,8,1092.569,1095.205,51.691,0.04731,1021.232,1190.408,169.176,15.484
PerspectiveFields[centered],p36-tea-0010,brics-odroid-029_cam1,8,1229.62,1219.682,131.869,0.10724,1069.097,1443.691,374.594,30.464
PerspectiveFields[centered],p36-tea-0010,brics-odroid-030_cam0,8,880.46,886.234,71.62,0.08134,802.168,1017.724,215.556,24.482
PerspectiveFields[centered],p36-tea-0010,brics-odroid-030_cam1,8,670.13,682.026,207.701,0.30994,422.615,926.64,504.025,75.213
PerspectiveFields[centered],p41-boxing-0021,brics-odroid-001_cam0,8,1134.52,1071.351,427.582,0.37688,701.177,1739.42,1038.243,91.514
PerspectiveFields[centered],p41-boxing-0021,brics-odroid-001_cam1,8,821.344,784.104,159.735,0.19448,677.483,1125.967,448.485,54.604
PerspectiveFields[centered],p41-boxing-0021,brics-odroid-002_cam0,8,891.724,881.903,100.137,0.1123,784.35,1045.162,260.812,29.248
PerspectiveFields[centered],p41-boxing-0021,brics-odroid-006_cam0,8,731.363,730.245,25.342,0.03465,695.248,778.048,82.799,11.321
PerspectiveFields[centered],p41-boxing-0021,brics-odroid-007_cam0,8,827.041,834.144,73.798,0.08923,708.991,941.801,232.81,28.15
PerspectiveFields[centered],p41-boxing-0021,brics-odroid-007_cam1,8,686.528,674.308,33.279,0.04848,647.11,738.835,91.725,13.361
PerspectiveFields[centered],p41-boxing-0021,brics-odroid-008_cam0,8,1148.278,1146.954,45.873,0.03995,1081.952,1242.832,160.881,14.011
PerspectiveFields[centered],p41-boxing-0021,brics-odroid-009_cam1,8,855.35,857.362,37.253,0.04355,787.773,908.104,120.331,14.068
PerspectiveFields[centered],p41-boxing-0021,brics-odroid-010_cam0,8,778.741,776.589,34.027,0.0437,725.693,822.899,97.206,12.482
PerspectiveFields[centered],p41-boxing-0021,brics-odroid-010_cam1,8,678.412,664.714,68.796,0.10141,605.474,832.26,226.786,33.429
PerspectiveFields[centered],p41-boxing-0021,brics-odroid-011_cam0,8,1089.576,1089.29,21.823,0.02003,1053.678,1123.64,69.962,6.421
PerspectiveFields[centered],p41-boxing-0021,brics-odroid-012_cam0,8,821.769,814.367,37.219,0.04529,779.607,875.541,95.933,11.674
PerspectiveFields[centered],p41-boxing-0021,brics-odroid-012_cam1,8,904.512,877.334,161.145,0.17816,707.132,1266.116,558.984,61.8
PerspectiveFields[centered],p41-boxing-0021,brics-odroid-014_cam1,8,667.05,688.329,54.899,0.0823,586.719,722.344,135.625,20.332
PerspectiveFields[centered],p41-boxing-0021,brics-odroid-015_cam0,8,911.829,929.4,99.311,0.10891,785.438,1076.662,291.224,31.938
PerspectiveFields[centered],p41-boxing-0021,brics-odroid-015_cam1,8,858.03,853.827,29.686,0.0346,806.978,905.656,98.679,11.501
PerspectiveFields[centered],p41-boxing-0021,brics-odroid-016_cam0,8,676.844,680.153,37.941,0.05606,625.426,732.133,106.707,15.765
PerspectiveFields[centered],p41-boxing-0021,brics-odroid-017_cam0,8,669.432,656.802,34.94,0.05219,625.367,734.112,108.745,16.244
PerspectiveFields[centered],p41-boxing-0021,brics-odroid-017_cam1,8,743.224,739.066,24.117,0.03245,718.209,785.17,66.961,9.009
PerspectiveFields[centered],p41-boxing-0021,brics-odroid-019_cam1,8,719.465,717.375,43.528,0.0605,668.942,802.414,133.472,18.552
PerspectiveFields[centered],p41-boxing-0021,brics-odroid-020_cam0,8,834.423,823.147,108.796,0.13038,724.549,1069.852,345.303,41.382
PerspectiveFields[centered],p41-boxing-0021,brics-odroid-020_cam1,8,949.028,960.134,55.437,0.05841,836.834,1022.045,185.211,19.516
PerspectiveFields[centered],p41-boxing-0021,brics-odroid-021_cam0,8,913.429,890.9,87.239,0.09551,801.031,1056.17,255.138,27.932
PerspectiveFields[centered],p41-boxing-0021,brics-odroid-021_cam1,8,848.909,855.724,86.081,0.1014,753.729,943.82,190.091,22.392
PerspectiveFields[centered],p41-boxing-0021,brics-odroid-022_cam0,8,744.528,742.586,45.713,0.0614,680.931,801.186,120.256,16.152
PerspectiveFields[centered],p41-boxing-0021,brics-odroid-022_cam1,8,767.031,766.735,35.66,0.04649,705.29,814.61,109.32,14.252
PerspectiveFields[centered],p41-boxing-0021,brics-odroid-023_cam0,8,756.76,738.867,81.933,0.10827,665.13,891.278,226.148,29.884
PerspectiveFields[centered],p41-boxing-0021,brics-odroid-024_cam0,8,620.652,600.042,50.509,0.08138,573.223,721.985,148.762,23.969
PerspectiveFields[centered],p41-boxing-0021,brics-odroid-024_cam1,8,846.264,852.445,90.667,0.10714,726.815,959.791,232.977,27.53
PerspectiveFields[centered],p41-boxing-0021,brics-odroid-025_cam0,8,719.391,628.155,302.964,0.42114,420.614,1192.315,771.701,107.271
PerspectiveFields[centered],p41-boxing-0021,brics-odroid-025_cam1,8,755.407,763.913,104.395,0.1382,602.443,887.029,284.586,37.673
PerspectiveFields[centered],p41-boxing-0021,brics-odroid-026_cam0,8,1212.301,1227.215,42.009,0.03465,1147.212,1251.291,104.079,8.585
PerspectiveFields[centered],p41-boxing-0021,brics-odroid-026_cam1,8,674.659,658.204,154.626,0.22919,480.064,938.064,458.0,67.886
PerspectiveFields[centered],p41-boxing-0021,brics-odroid-027_cam0,8,1246.565,1270.002,60.833,0.0488,1144.584,1311.326,166.742,13.376
PerspectiveFields[centered],p41-boxing-0021,brics-odroid-027_cam1,8,1037.308,1035.092,13.531,0.01304,1015.739,1054.334,38.595,3.721
PerspectiveFields[centered],p41-boxing-0021,brics-odroid-028_cam0,8,1269.777,1266.167,81.214,0.06396,1172.238,1401.775,229.536,18.077
PerspectiveFields[centered],p41-boxing-0021,brics-odroid-029_cam0,8,1004.267,1020.218,150.953,0.15031,811.372,1184.518,373.146,37.156
PerspectiveFields[centered],p41-boxing-0021,brics-odroid-029_cam1,8,1122.305,1117.837,54.149,0.04825,1062.959,1224.961,162.001,14.435
PerspectiveFields[centered],p41-boxing-0021,brics-odroid-030_cam0,8,610.284,596.096,37.864,0.06204,568.203,685.844,117.641,19.277
PerspectiveFields[centered],p41-boxing-0021,brics-odroid-030_cam1,8,497.407,494.523,17.052,0.03428,478.63,522.978,44.348,8.916
PerspectiveFields[centered],p41-plant-0004,brics-odroid-001_cam0,8,587.016,592.857,17.444,0.02972,563.523,611.38,47.857,8.153
PerspectiveFields[centered],p41-plant-0004,brics-odroid-001_cam1,8,647.815,646.285,23.259,0.0359,608.258,686.598,78.34,12.093
PerspectiveFields[centered],p41-plant-0004,brics-odroid-002_cam0,8,737.194,745.46,43.89,0.05954,666.656,802.781,136.125,18.465
PerspectiveFields[centered],p41-plant-0004,brics-odroid-006_cam0,8,593.146,591.92,5.689,0.00959,586.473,604.027,17.554,2.959
PerspectiveFields[centered],p41-plant-0004,brics-odroid-007_cam0,8,903.81,906.08,16.434,0.01818,878.422,928.25,49.828,5.513
PerspectiveFields[centered],p41-plant-0004,brics-odroid-007_cam1,8,699.992,697.663,31.297,0.04471,655.693,758.332,102.639,14.663
PerspectiveFields[centered],p41-plant-0004,brics-odroid-008_cam0,8,1042.979,1037.524,21.097,0.02023,1014.817,1077.786,62.969,6.037
PerspectiveFields[centered],p41-plant-0004,brics-odroid-009_cam1,8,811.254,808.905,38.82,0.04785,739.896,862.228,122.331,15.079
PerspectiveFields[centered],p41-plant-0004,brics-odroid-010_cam0,8,632.371,633.89,22.162,0.03505,602.88,662.967,60.087,9.502
PerspectiveFields[centered],p41-plant-0004,brics-odroid-010_cam1,8,712.198,737.941,114.952,0.1614,440.928,827.664,386.736,54.302
PerspectiveFields[centered],p41-plant-0004,brics-odroid-011_cam0,8,797.058,796.799,28.457,0.0357,760.066,837.799,77.732,9.752
PerspectiveFields[centered],p41-plant-0004,brics-odroid-012_cam0,8,619.013,615.682,27.973,0.04519,570.222,657.615,87.393,14.118
PerspectiveFields[centered],p41-plant-0004,brics-odroid-012_cam1,8,749.081,739.287,39.32,0.05249,703.349,817.236,113.887,15.204
PerspectiveFields[centered],p41-plant-0004,brics-odroid-014_cam1,8,737.145,733.582,24.396,0.0331,701.717,777.424,75.707,10.27
PerspectiveFields[centered],p41-plant-0004,brics-odroid-015_cam0,8,772.747,778.306,16.344,0.02115,744.74,789.75,45.01,5.825
PerspectiveFields[centered],p41-plant-0004,brics-odroid-015_cam1,8,803.651,814.933,34.54,0.04298,757.399,842.455,85.056,10.584
PerspectiveFields[centered],p41-plant-0004,brics-odroid-016_cam0,8,542.125,542.243,7.281,0.01343,527.716,552.46,24.744,4.564
PerspectiveFields[centered],p41-plant-0004,brics-odroid-017_cam0,8,612.797,631.517,44.19,0.07211,537.304,655.486,118.182,19.286
PerspectiveFields[centered],p41-plant-0004,brics-odroid-017_cam1,8,578.348,574.795,16.593,0.02869,558.951,600.321,41.37,7.153
PerspectiveFields[centered],p41-plant-0004,brics-odroid-019_cam1,8,615.403,591.285,61.728,0.10031,549.91,725.55,175.64,28.541
PerspectiveFields[centered],p41-plant-0004,brics-odroid-020_cam0,8,742.438,740.387,34.309,0.04621,691.608,794.302,102.694,13.832
PerspectiveFields[centered],p41-plant-0004,brics-odroid-020_cam1,8,733.649,743.085,45.102,0.06148,671.625,815.593,143.967,19.623
PerspectiveFields[centered],p41-plant-0004,brics-odroid-021_cam0,8,729.4,730.207,48.357,0.0663,642.756,796.429,153.673,21.068
PerspectiveFields[centered],p41-plant-0004,brics-odroid-021_cam1,8,957.481,1003.795,127.551,0.13321,701.474,1115.643,414.169,43.256
PerspectiveFields[centered],p41-plant-0004,brics-odroid-022_cam0,8,1084.832,1071.679,47.552,0.04383,1036.285,1160.963,124.678,11.493
PerspectiveFields[centered],p41-plant-0004,brics-odroid-022_cam1,8,723.316,710.889,37.782,0.05223,686.597,806.316,119.719,16.551
PerspectiveFields[centered],p41-plant-0004,brics-odroid-023_cam0,8,610.565,613.201,18.415,0.03016,584.868,631.047,46.179,7.563
PerspectiveFields[centered],p41-plant-0004,brics-odroid-024_cam0,8,587.759,595.401,21.421,0.03644,543.069,610.616,67.547,11.492
PerspectiveFields[centered],p41-plant-0004,brics-odroid-024_cam1,8,1056.688,1053.667,19.634,0.01858,1023.793,1084.524,60.731,5.747
PerspectiveFields[centered],p41-plant-0004,brics-odroid-025_cam0,8,904.096,871.011,122.482,0.13547,769.537,1164.028,394.491,43.634
PerspectiveFields[centered],p41-plant-0004,brics-odroid-025_cam1,8,604.307,600.506,17.942,0.02969,571.232,627.604,56.372,9.328
PerspectiveFields[centered],p41-plant-0004,brics-odroid-026_cam0,8,1366.04,1321.566,291.961,0.21373,1006.176,1792.046,785.871,57.529
PerspectiveFields[centered],p41-plant-0004,brics-odroid-026_cam1,8,757.101,761.047,55.744,0.07363,683.168,839.594,156.426,20.661
PerspectiveFields[centered],p41-plant-0004,brics-odroid-027_cam0,8,1074.593,1081.853,40.844,0.03801,1005.268,1130.763,125.495,11.678
PerspectiveFields[centered],p41-plant-0004,brics-odroid-027_cam1,8,991.059,991.048,40.728,0.0411,937.959,1052.726,114.767,11.58
PerspectiveFields[centered],p41-plant-0004,brics-odroid-028_cam0,8,1160.66,1152.298,66.412,0.05722,1092.638,1287.344,194.706,16.775
PerspectiveFields[centered],p41-plant-0004,brics-odroid-029_cam0,8,1388.509,1428.6,148.72,0.10711,1150.263,1578.361,428.097,30.831
PerspectiveFields[centered],p41-plant-0004,brics-odroid-029_cam1,8,1274.686,1265.301,35.376,0.02775,1246.841,1357.025,110.184,8.644
PerspectiveFields[centered],p41-plant-0004,brics-odroid-030_cam0,8,646.042,653.712,39.969,0.06187,584.24,714.46,130.219,20.156
PerspectiveFields[centered],p41-plant-0004,brics-odroid-030_cam1,8,465.369,465.528,11.914,0.0256,445.232,480.956,35.724,7.677
PerspectiveFields[centered],p44-dog-0004,brics-odroid-001_cam0,8,1051.436,1002.13,165.094,0.15702,849.447,1319.052,469.605,44.663
PerspectiveFields[centered],p44-dog-0004,brics-odroid-001_cam1,8,998.262,993.238,30.045,0.0301,960.96,1042.272,81.312,8.145
PerspectiveFields[centered],p44-dog-0004,brics-odroid-002_cam0,8,1156.499,1149.634,51.781,0.04477,1098.959,1245.696,146.737,12.688
PerspectiveFields[centered],p44-dog-0004,brics-odroid-006_cam0,8,706.898,707.181,19.373,0.02741,668.569,731.361,62.792,8.883
PerspectiveFields[centered],p44-dog-0004,brics-odroid-007_cam0,8,806.592,793.541,39.039,0.0484,768.269,872.805,104.536,12.96
PerspectiveFields[centered],p44-dog-0004,brics-odroid-007_cam1,8,689.611,685.389,18.169,0.02635,675.786,731.225,55.439,8.039
PerspectiveFields[centered],p44-dog-0004,brics-odroid-008_cam0,8,1122.091,1106.795,45.056,0.04015,1065.602,1194.282,128.68,11.468
PerspectiveFields[centered],p44-dog-0004,brics-odroid-009_cam1,8,773.016,822.14,94.325,0.12202,642.725,860.564,217.839,28.18
PerspectiveFields[centered],p44-dog-0004,brics-odroid-010_cam0,8,742.506,736.699,51.716,0.06965,667.752,842.954,175.201,23.596
PerspectiveFields[centered],p44-dog-0004,brics-odroid-010_cam1,8,688.322,635.177,158.365,0.23007,542.542,969.254,426.713,61.993
PerspectiveFields[centered],p44-dog-0004,brics-odroid-011_cam0,8,731.075,736.545,54.4,0.07441,653.197,806.655,153.457,20.991
PerspectiveFields[centered],p44-dog-0004,brics-odroid-012_cam0,8,727.877,724.517,28.292,0.03887,691.157,769.896,78.739,10.818
PerspectiveFields[centered],p44-dog-0004,brics-odroid-012_cam1,8,720.42,727.927,37.554,0.05213,650.007,766.774,116.767,16.208
PerspectiveFields[centered],p44-dog-0004,brics-odroid-014_cam1,8,547.717,608.553,115.624,0.2111,398.636,649.651,251.015,45.829
PerspectiveFields[centered],p44-dog-0004,brics-odroid-015_cam0,8,691.389,692.871,60.822,0.08797,589.46,779.738,190.277,27.521
PerspectiveFields[centered],p44-dog-0004,brics-odroid-015_cam1,8,603.326,623.489,98.796,0.16375,453.748,714.537,260.789,43.225
PerspectiveFields[centered],p44-dog-0004,brics-odroid-016_cam0,8,592.996,594.407,12.619,0.02128,566.632,607.546,40.914,6.899
PerspectiveFields[centered],p44-dog-0004,brics-odroid-017_cam0,8,682.431,673.222,34.213,0.05013,645.996,744.416,98.42,14.422
PerspectiveFields[centered],p44-dog-0004,brics-odroid-017_cam1,8,674.816,667.531,12.685,0.0188,663.915,692.419,28.503,4.224
PerspectiveFields[centered],p44-dog-0004,brics-odroid-019_cam1,8,1079.64,1085.195,72.002,0.06669,989.337,1189.289,199.952,18.52
PerspectiveFields[centered],p44-dog-0004,brics-odroid-020_cam0,8,628.081,624.897,46.222,0.07359,569.608,729.293,159.686,25.424
PerspectiveFields[centered],p44-dog-0004,brics-odroid-020_cam1,8,737.741,719.717,76.831,0.10414,669.825,913.714,243.889,33.059
PerspectiveFields[centered],p44-dog-0004,brics-odroid-021_cam0,8,840.409,830.364,66.776,0.07946,752.158,983.468,231.31,27.524
PerspectiveFields[centered],p44-dog-0004,brics-odroid-021_cam1,8,1026.242,1024.212,31.996,0.03118,983.285,1078.997,95.712,9.326
PerspectiveFields[centered],p44-dog-0004,brics-odroid-022_cam0,8,995.089,982.788,39.361,0.03956,953.059,1075.666,122.607,12.321
PerspectiveFields[centered],p44-dog-0004,brics-odroid-022_cam1,8,652.831,652.093,8.925,0.01367,640.337,671.702,31.365,4.804
PerspectiveFields[centered],p44-dog-0004,brics-odroid-023_cam0,8,703.173,678.194,83.883,0.11929,615.514,807.63,192.116,27.321
PerspectiveFields[centered],p44-dog-0004,brics-odroid-024_cam0,8,605.381,605.673,15.174,0.02507,580.646,622.91,42.264,6.981
PerspectiveFields[centered],p44-dog-0004,brics-odroid-024_cam1,8,680.407,696.696,46.864,0.06888,604.495,734.249,129.754,19.07
PerspectiveFields[centered],p44-dog-0004,brics-odroid-025_cam0,8,1035.422,1081.882,144.196,0.13926,771.803,1175.578,403.775,38.996
PerspectiveFields[centered],p44-dog-0004,brics-odroid-025_cam1,8,1243.728,1269.555,67.047,0.05391,1113.117,1317.39,204.273,16.424
PerspectiveFields[centered],p44-dog-0004,brics-odroid-026_cam0,8,1292.271,1293.041,229.869,0.17788,960.651,1625.064,664.413,51.414
PerspectiveFields[centered],p44-dog-0004,brics-odroid-026_cam1,8,841.776,833.796,81.954,0.09736,713.742,961.122,247.38,29.388
PerspectiveFields[centered],p44-dog-0004,brics-odroid-027_cam0,8,662.345,664.284,25.148,0.03797,633.019,702.08,69.061,10.427
PerspectiveFields[centered],p44-dog-0004,brics-odroid-027_cam1,8,648.053,642.442,16.683,0.02574,633.149,684.551,51.403,7.932
PerspectiveFields[centered],p44-dog-0004,brics-odroid-028_cam0,8,1283.48,1285.16,66.468,0.05179,1190.53,1390.608,200.079,15.589
PerspectiveFields[centered],p44-dog-0004,brics-odroid-029_cam0,8,874.404,868.991,53.155,0.06079,786.565,964.051,177.486,20.298
PerspectiveFields[centered],p44-dog-0004,brics-odroid-029_cam1,8,1035.621,1032.967,54.526,0.05265,960.573,1114.24,153.667,14.838
PerspectiveFields[centered],p44-dog-0004,brics-odroid-030_cam0,8,712.823,699.596,40.801,0.05724,675.438,787.587,112.148,15.733
PerspectiveFields[centered],p44-dog-0004,brics-odroid-030_cam1,8,418.963,427.473,29.196,0.06969,374.685,450.52,75.835,18.101
PerspectiveFields[centered],p52-instrument-0034,brics-odroid-002_cam0,8,1096.908,1095.126,102.965,0.09387,971.74,1234.972,263.232,23.998
PerspectiveFields[centered],p52-instrument-0034,brics-odroid-007_cam0,8,1014.142,989.468,136.167,0.13427,827.89,1226.533,398.643,39.308
PerspectiveFields[centered],p52-instrument-0034,brics-odroid-007_cam1,8,696.301,682.564,48.381,0.06948,639.158,789.262,150.104,21.557
PerspectiveFields[centered],p52-instrument-0034,brics-odroid-012_cam1,8,814.73,810.546,45.767,0.05617,765.063,917.929,152.865,18.763
PerspectiveFields[centered],p52-instrument-0034,brics-odroid-015_cam1,8,941.308,911.831,84.992,0.09029,865.104,1128.18,263.077,27.948
PerspectiveFields[centered],p52-instrument-0034,brics-odroid-016_cam0,8,946.651,949.445,13.811,0.01459,918.621,967.308,48.687,5.143
PerspectiveFields[centered],p52-instrument-0034,brics-odroid-021_cam0,8,1171.679,1173.364,30.601,0.02612,1116.058,1215.528,99.471,8.49
PerspectiveFields[centered],p52-instrument-0034,brics-odroid-023_cam0,8,1143.82,1125.864,102.857,0.08992,1034.029,1346.432,312.402,27.312
PerspectiveFields[centered],p52-instrument-0034,brics-odroid-024_cam0,8,859.709,843.99,35.139,0.04087,829.264,931.88,102.616,11.936
PerspectiveFields[centered],p52-instrument-0034,brics-odroid-025_cam1,8,1382.104,1378.171,33.678,0.02437,1330.12,1439.634,109.514,7.924
PerspectiveFields[centered],p52-instrument-0034,brics-odroid-027_cam0,8,1120.756,1119.614,15.362,0.01371,1104.362,1150.304,45.942,4.099
PerspectiveFields[centered],p52-instrument-0034,brics-odroid-027_cam1,8,992.149,995.359,34.988,0.03526,924.088,1037.704,113.616,11.451
PerspectiveFields[centered],p52-instrument-0034,brics-odroid-028_cam0,8,1103.122,1107.789,38.929,0.03529,1018.917,1158.073,139.155,12.615
PerspectiveFields[centered],p52-instrument-0034,brics-odroid-030_cam0,8,657.987,661.741,22.607,0.03436,617.867,690.912,73.045,11.101
PerspectiveFields[centered],p52-instrument-0034,brics-odroid-030_cam1,8,390.77,396.905,29.113,0.0745,330.393,422.691,92.298,23.62
PerspectiveFields[uncentered],p36-tea-0010,brics-odroid-001_cam0,8,1045.891,924.875,330.143,0.31566,816.595,1774.168,957.573,91.556
PerspectiveFields[uncentered],p36-tea-0010,brics-odroid-001_cam1,8,1098.689,1060.254,152.794,0.13907,907.856,1326.076,418.22,38.065
PerspectiveFields[uncentered],p36-tea-0010,brics-odroid-002_cam0,8,1245.579,1243.309,106.347,0.08538,1090.998,1438.124,347.126,27.869
PerspectiveFields[uncentered],p36-tea-0010,brics-odroid-006_cam0,8,1277.815,1279.057,104.806,0.08202,1110.405,1428.066,317.661,24.86
PerspectiveFields[uncentered],p36-tea-0010,brics-odroid-007_cam0,8,1039.008,1038.414,73.159,0.07041,895.807,1125.025,229.218,22.061
PerspectiveFields[uncentered],p36-tea-0010,brics-odroid-007_cam1,8,1277.101,1254.333,96.298,0.0754,1165.201,1418.397,253.196,19.826
PerspectiveFields[uncentered],p36-tea-0010,brics-odroid-008_cam0,8,1097.362,1104.534,39.832,0.0363,1043.47,1168.645,125.175,11.407
PerspectiveFields[uncentered],p36-tea-0010,brics-odroid-009_cam1,8,1017.861,1035.32,90.984,0.08939,876.964,1136.195,259.23,25.468
PerspectiveFields[uncentered],p36-tea-0010,brics-odroid-010_cam0,8,1227.962,1247.498,134.001,0.10912,993.864,1391.415,397.551,32.375
PerspectiveFields[uncentered],p36-tea-0010,brics-odroid-010_cam1,8,1226.701,1235.229,60.514,0.04933,1139.609,1314.285,174.675,14.239
PerspectiveFields[uncentered],p36-tea-0010,brics-odroid-011_cam0,8,1296.385,1305.625,75.138,0.05796,1148.604,1387.868,239.264,18.456
PerspectiveFields[uncentered],p36-tea-0010,brics-odroid-012_cam0,8,1345.162,1355.109,76.96,0.05721,1184.719,1427.951,243.231,18.082
PerspectiveFields[uncentered],p36-tea-0010,brics-odroid-012_cam1,8,1089.377,1081.555,70.617,0.06482,1007.371,1190.348,182.977,16.796
PerspectiveFields[uncentered],p36-tea-0010,brics-odroid-014_cam1,8,948.092,940.444,51.516,0.05434,862.657,1034.176,171.519,18.091
PerspectiveFields[uncentered],p36-tea-0010,brics-odroid-015_cam0,8,838.333,820.906,46.421,0.05537,790.085,936.334,146.249,17.445
PerspectiveFields[uncentered],p36-tea-0010,brics-odroid-015_cam1,8,952.92,970.641,59.116,0.06204,867.516,1037.221,169.705,17.809
PerspectiveFields[uncentered],p36-tea-0010,brics-odroid-016_cam0,8,1043.072,1052.832,35.301,0.03384,993.561,1090.119,96.558,9.257
PerspectiveFields[uncentered],p36-tea-0010,brics-odroid-017_cam0,8,1051.986,1020.593,84.793,0.0806,969.394,1187.376,217.982,20.721
PerspectiveFields[uncentered],p36-tea-0010,brics-odroid-017_cam1,8,1169.088,1189.412,95.364,0.08157,969.171,1284.926,315.755,27.009
PerspectiveFields[uncentered],p36-tea-0010,brics-odroid-019_cam1,8,1052.747,1080.485,156.431,0.14859,756.069,1249.729,493.66,46.893
PerspectiveFields[uncentered],p36-tea-0010,brics-odroid-020_cam0,8,1228.17,1238.441,60.198,0.04901,1147.861,1328.735,180.874,14.727
PerspectiveFields[uncentered],p36-tea-0010,brics-odroid-020_cam1,8,1308.352,1318.31,74.068,0.05661,1164.329,1396.557,232.229,17.75
PerspectiveFields[uncentered],p36-tea-0010,brics-odroid-021_cam0,8,1604.079,1627.531,127.942,0.07976,1427.276,1793.585,366.309,22.836
PerspectiveFields[uncentered],p36-tea-0010,brics-odroid-021_cam1,8,1311.376,1288.698,123.074,0.09385,1157.373,1476.862,319.489,24.363
PerspectiveFields[uncentered],p36-tea-0010,brics-odroid-022_cam0,8,1189.421,1157.346,126.338,0.10622,1060.418,1451.768,391.35,32.903
PerspectiveFields[uncentered],p36-tea-0010,brics-odroid-022_cam1,8,1332.264,1299.032,131.283,0.09854,1179.646,1554.583,374.937,28.143
PerspectiveFields[uncentered],p36-tea-0010,brics-odroid-023_cam0,8,1197.81,1200.277,159.964,0.13355,1012.15,1421.943,409.794,34.212
PerspectiveFields[uncentered],p36-tea-0010,brics-odroid-024_cam0,8,1260.833,1268.81,78.733,0.06245,1164.267,1386.721,222.454,17.643
PerspectiveFields[uncentered],p36-tea-0010,brics-odroid-024_cam1,8,1624.496,1642.408,110.932,0.06829,1469.216,1799.848,330.631,20.353
PerspectiveFields[uncentered],p36-tea-0010,brics-odroid-025_cam0,8,803.675,793.807,120.669,0.15015,611.534,1006.073,394.538,49.092
PerspectiveFields[uncentered],p36-tea-0010,brics-odroid-025_cam1,8,1201.842,1113.61,191.788,0.15958,972.275,1490.146,517.871,43.09
PerspectiveFields[uncentered],p36-tea-0010,brics-odroid-026_cam0,8,1488.693,1487.094,89.063,0.05983,1357.723,1651.049,293.326,19.704
PerspectiveFields[uncentered],p36-tea-0010,brics-odroid-026_cam1,8,1447.767,1470.439,54.721,0.0378,1360.768,1500.287,139.519,9.637
PerspectiveFields[uncentered],p36-tea-0010,brics-odroid-027_cam0,8,1478.861,1460.238,67.821,0.04586,1404.131,1605.164,201.033,13.594
PerspectiveFields[uncentered],p36-tea-0010,brics-odroid-027_cam1,8,1074.48,1073.261,73.5,0.0684,991.6,1207.542,215.942,20.097
PerspectiveFields[uncentered],p36-tea-0010,brics-odroid-028_cam0,8,1256.916,1270.792,92.24,0.07339,1068.569,1359.9,291.332,23.178
PerspectiveFields[uncentered],p36-tea-0010,brics-odroid-029_cam0,8,1535.732,1543.325,63.094,0.04108,1461.388,1650.902,189.513,12.34
PerspectiveFields[uncentered],p36-tea-0010,brics-odroid-029_cam1,8,1476.552,1526.908,154.49,0.10463,1210.052,1634.075,424.023,28.717
PerspectiveFields[uncentered],p36-tea-0010,brics-odroid-030_cam0,8,1122.359,1117.088,34.659,0.03088,1084.271,1194.511,110.24,9.822
PerspectiveFields[uncentered],p36-tea-0010,brics-odroid-030_cam1,8,706.911,696.7,30.911,0.04373,663.483,761.829,98.346,13.912
PerspectiveFields[uncentered],p41-boxing-0021,brics-odroid-001_cam0,8,1179.967,1189.823,35.748,0.0303,1113.948,1222.001,108.053,9.157
PerspectiveFields[uncentered],p41-boxing-0021,brics-odroid-001_cam1,8,1238.914,1226.905,63.569,0.05131,1158.335,1367.763,209.428,16.904
PerspectiveFields[uncentered],p41-boxing-0021,brics-odroid-002_cam0,8,1215.547,1210.996,90.681,0.0746,1066.656,1369.949,303.293,24.951
PerspectiveFields[uncentered],p41-boxing-0021,brics-odroid-006_cam0,8,1231.304,1217.487,104.885,0.08518,1103.089,1443.838,340.749,27.674
PerspectiveFields[uncentered],p41-boxing-0021,brics-odroid-007_cam0,8,1016.941,1023.516,23.592,0.0232,984.92,1045.665,60.745,5.973
PerspectiveFields[uncentered],p41-boxing-0021,brics-odroid-007_cam1,8,1276.034,1291.542,53.423,0.04187,1174.835,1323.977,149.142,11.688
PerspectiveFields[uncentered],p41-boxing-0021,brics-odroid-008_cam0,8,1242.095,1235.053,45.031,0.03625,1189.077,1302.171,113.094,9.105
PerspectiveFields[uncentered],p41-boxing-0021,brics-odroid-009_cam1,8,1150.496,1165.498,35.022,0.03044,1092.412,1180.227,87.814,7.633
PerspectiveFields[uncentered],p41-boxing-0021,brics-odroid-010_cam0,8,1047.806,1030.704,69.291,0.06613,959.34,1192.386,233.046,22.241
PerspectiveFields[uncentered],p41-boxing-0021,brics-odroid-010_cam1,8,1043.263,1047.936,80.3,0.07697,939.737,1178.544,238.807,22.89
PerspectiveFields[uncentered],p41-boxing-0021,brics-odroid-011_cam0,8,1230.764,1225.54,86.525,0.0703,1125.418,1418.125,292.707,23.782
PerspectiveFields[uncentered],p41-boxing-0021,brics-odroid-012_cam0,8,1335.576,1361.1,53.321,0.03992,1232.295,1393.289,160.993,12.054
PerspectiveFields[uncentered],p41-boxing-0021,brics-odroid-012_cam1,8,1076.839,1089.025,48.852,0.04537,1007.466,1142.673,135.207,12.556
PerspectiveFields[uncentered],p41-boxing-0021,brics-odroid-014_cam1,8,866.198,871.801,35.152,0.04058,797.931,907.949,110.018,12.701
PerspectiveFields[uncentered],p41-boxing-0021,brics-odroid-015_cam0,8,882.37,887.558,20.98,0.02378,848.756,908.688,59.932,6.792
PerspectiveFields[uncentered],p41-boxing-0021,brics-odroid-015_cam1,8,1033.958,1030.626,23.163,0.0224,998.241,1072.256,74.015,7.158
PerspectiveFields[uncentered],p41-boxing-0021,brics-odroid-016_cam0,8,1035.978,1038.467,24.128,0.02329,988.311,1063.693,75.382,7.276
PerspectiveFields[uncentered],p41-boxing-0021,brics-odroid-017_cam0,8,1086.156,1084.705,85.631,0.07884,969.087,1217.348,248.261,22.857
PerspectiveFields[uncentered],p41-boxing-0021,brics-odroid-017_cam1,8,1392.555,1376.499,149.808,0.10758,1205.294,1633.228,427.934,30.73
PerspectiveFields[uncentered],p41-boxing-0021,brics-odroid-019_cam1,8,1081.064,1083.996,68.328,0.0632,972.793,1193.849,221.056,20.448
PerspectiveFields[uncentered],p41-boxing-0021,brics-odroid-020_cam0,8,1121.992,1130.303,45.284,0.04036,1039.795,1174.027,134.233,11.964
PerspectiveFields[uncentered],p41-boxing-0021,brics-odroid-020_cam1,8,1319.095,1328.697,75.634,0.05734,1197.989,1450.62,252.63,19.152
PerspectiveFields[uncentered],p41-boxing-0021,brics-odroid-021_cam0,8,1641.049,1612.037,153.996,0.09384,1456.258,1890.248,433.99,26.446
PerspectiveFields[uncentered],p41-boxing-0021,brics-odroid-021_cam1,8,942.604,920.096,130.221,0.13815,815.149,1206.874,391.725,41.558
PerspectiveFields[uncentered],p41-boxing-0021,brics-odroid-022_cam0,8,986.447,1000.265,76.266,0.07731,838.837,1068.711,229.874,23.303
PerspectiveFields[uncentered],p41-boxing-0021,brics-odroid-022_cam1,8,1499.945,1506.121,70.162,0.04678,1392.46,1609.469,217.009,14.468
PerspectiveFields[uncentered],p41-boxing-0021,brics-odroid-023_cam0,8,1157.718,1156.461,154.846,0.13375,872.429,1353.285,480.856,41.535
PerspectiveFields[uncentered],p41-boxing-0021,brics-odroid-024_cam0,8,1191.778,1201.252,57.784,0.04849,1092.722,1257.131,164.41,13.795
PerspectiveFields[uncentered],p41-boxing-0021,brics-odroid-024_cam1,8,1613.747,1676.802,187.359,0.1161,1234.553,1787.773,553.22,34.282
PerspectiveFields[uncentered],p41-boxing-0021,brics-odroid-025_cam0,8,832.297,797.218,81.244,0.09761,757.696,956.106,198.409,23.839
PerspectiveFields[uncentered],p41-boxing-0021,brics-odroid-025_cam1,8,1299.12,1340.995,145.313,0.11185,1039.652,1446.684,407.032,31.331
PerspectiveFields[uncentered],p41-boxing-0021,brics-odroid-026_cam0,8,1779.908,1783.835,99.236,0.05575,1625.576,1967.62,342.044,19.217
PerspectiveFields[uncentered],p41-boxing-0021,brics-odroid-026_cam1,8,1343.625,1334.808,80.172,0.05967,1239.575,1472.868,233.293,17.363
PerspectiveFields[uncentered],p41-boxing-0021,brics-odroid-027_cam0,8,1947.71,1951.353,136.491,0.07008,1659.761,2123.637,463.877,23.817
PerspectiveFields[uncentered],p41-boxing-0021,brics-odroid-027_cam1,8,1461.324,1455.578,34.826,0.02383,1420.525,1511.891,91.366,6.252
PerspectiveFields[uncentered],p41-boxing-0021,brics-odroid-028_cam0,8,1638.808,1674.212,117.389,0.07163,1439.288,1788.479,349.19,21.308
PerspectiveFields[uncentered],p41-boxing-0021,brics-odroid-029_cam0,8,1775.298,1797.512,96.776,0.05451,1642.114,1884.226,242.112,13.638
PerspectiveFields[uncentered],p41-boxing-0021,brics-odroid-029_cam1,8,1665.69,1674.555,60.324,0.03622,1542.184,1751.513,209.33,12.567
PerspectiveFields[uncentered],p41-boxing-0021,brics-odroid-030_cam0,8,1446.141,1425.035,49.121,0.03397,1395.463,1510.495,115.032,7.954
PerspectiveFields[uncentered],p41-boxing-0021,brics-odroid-030_cam1,8,810.968,806.809,51.287,0.06324,719.066,894.813,175.747,21.671
PerspectiveFields[uncentered],p41-plant-0004,brics-odroid-001_cam0,8,777.879,757.955,47.513,0.06108,727.917,856.889,128.973,16.58
PerspectiveFields[uncentered],p41-plant-0004,brics-odroid-001_cam1,8,800.154,796.317,23.699,0.02962,772.15,830.119,57.969,7.245
PerspectiveFields[uncentered],p41-plant-0004,brics-odroid-002_cam0,8,837.206,834.705,43.798,0.05231,773.982,902.28,128.298,15.325
PerspectiveFields[uncentered],p41-plant-0004,brics-odroid-006_cam0,8,1032.075,1031.965,23.556,0.02282,1000.424,1071.04,70.617,6.842
PerspectiveFields[uncentered],p41-plant-0004,brics-odroid-007_cam0,8,1078.411,1069.858,48.865,0.04531,1022.643,1172.532,149.889,13.899
PerspectiveFields[uncentered],p41-plant-0004,brics-odroid-007_cam1,8,851.906,854.798,36.256,0.04256,802.401,902.658,100.257,11.769
PerspectiveFields[uncentered],p41-plant-0004,brics-odroid-008_cam0,8,853.254,856.315,47.366,0.05551,774.11,924.959,150.849,17.679
PerspectiveFields[uncentered],p41-plant-0004,brics-odroid-009_cam1,8,1123.065,1129.034,23.577,0.02099,1087.668,1150.108,62.44,5.56
PerspectiveFields[uncentered],p41-plant-0004,brics-odroid-010_cam0,8,988.708,985.939,33.802,0.03419,922.559,1033.67,111.11,11.238
PerspectiveFields[uncentered],p41-plant-0004,brics-odroid-010_cam1,8,1181.106,1200.308,71.016,0.06013,1026.3,1257.053,230.753,19.537
PerspectiveFields[uncentered],p41-plant-0004,brics-odroid-011_cam0,8,957.161,963.649,43.723,0.04568,900.643,1038.886,138.243,14.443
PerspectiveFields[uncentered],p41-plant-0004,brics-odroid-012_cam0,8,863.656,874.898,29.119,0.03372,808.601,893.767,85.165,9.861
PerspectiveFields[uncentered],p41-plant-0004,brics-odroid-012_cam1,8,1116.826,1119.547,35.138,0.03146,1052.861,1179.91,127.049,11.376
PerspectiveFields[uncentered],p41-plant-0004,brics-odroid-014_cam1,8,943.463,926.067,53.376,0.05657,875.464,1030.023,154.558,16.382
PerspectiveFields[uncentered],p41-plant-0004,brics-odroid-015_cam0,8,767.88,762.916,15.022,0.01956,749.741,790.457,40.716,5.302
PerspectiveFields[uncentered],p41-plant-0004,brics-odroid-015_cam1,8,992.086,989.24,17.557,0.0177,973.176,1025.902,52.725,5.315
PerspectiveFields[uncentered],p41-plant-0004,brics-odroid-016_cam0,8,827.555,823.917,17.094,0.02066,805.923,852.403,46.479,5.616
PerspectiveFields[uncentered],p41-plant-0004,brics-odroid-017_cam0,8,865.062,873.21,36.286,0.04195,807.079,910.682,103.603,11.976
PerspectiveFields[uncentered],p41-plant-0004,brics-odroid-017_cam1,8,864.588,868.771,27.983,0.03237,828.038,907.11,79.071,9.146
PerspectiveFields[uncentered],p41-plant-0004,brics-odroid-019_cam1,8,915.565,912.542,43.134,0.04711,859.929,972.149,112.219,12.257
PerspectiveFields[uncentered],p41-plant-0004,brics-odroid-020_cam0,8,1019.865,1013.757,32.158,0.03153,983.62,1069.05,85.43,8.377
PerspectiveFields[uncentered],p41-plant-0004,brics-odroid-020_cam1,8,836.657,836.584,28.738,0.03435,796.946,887.771,90.825,10.856
PerspectiveFields[uncentered],p41-plant-0004,brics-odroid-021_cam0,8,1090.567,1092.778,61.923,0.05678,985.171,1198.952,213.781,19.603
PerspectiveFields[uncentered],p41-plant-0004,brics-odroid-021_cam1,8,1236.608,1229.345,69.349,0.05608,1129.655,1348.751,219.095,17.717
PerspectiveFields[uncentered],p41-plant-0004,brics-odroid-022_cam0,8,1100.486,1098.791,68.46,0.06221,1017.328,1175.116,157.788,14.338
PerspectiveFields[uncentered],p41-plant-0004,brics-odroid-022_cam1,8,1352.74,1343.127,39.315,0.02906,1304.544,1416.232,111.688,8.256
PerspectiveFields[uncentered],p41-plant-0004,brics-odroid-023_cam0,8,1230.847,1236.123,40.643,0.03302,1176.846,1290.456,113.61,9.23
PerspectiveFields[uncentered],p41-plant-0004,brics-odroid-024_cam0,8,982.3,965.061,45.653,0.04648,922.361,1047.906,125.545,12.781
PerspectiveFields[uncentered],p41-plant-0004,brics-odroid-024_cam1,8,1262.16,1260.034,44.516,0.03527,1176.782,1324.737,147.955,11.722
PerspectiveFields[uncentered],p41-plant-0004,brics-odroid-025_cam0,8,1052.024,1056.357,57.723,0.05487,949.866,1108.915,159.05,15.118
PerspectiveFields[uncentered],p41-plant-0004,brics-odroid-025_cam1,8,895.249,900.855,48.014,0.05363,814.587,953.065,138.478,15.468
PerspectiveFields[uncentered],p41-plant-0004,brics-odroid-026_cam0,8,883.481,893.074,60.131,0.06806,767.066,952.236,185.17,20.959
PerspectiveFields[uncentered],p41-plant-0004,brics-odroid-026_cam1,8,1378.92,1396.41,105.978,0.07686,1199.361,1566.693,367.332,26.639
PerspectiveFields[uncentered],p41-plant-0004,brics-odroid-027_cam0,8,1382.309,1398.126,50.504,0.03654,1313.62,1449.508,135.888,9.831
PerspectiveFields[uncentered],p41-plant-0004,brics-odroid-027_cam1,8,1090.368,1092.955,33.593,0.03081,1036.843,1129.694,92.851,8.516
PerspectiveFields[uncentered],p41-plant-0004,brics-odroid-028_cam0,8,1530.205,1531.814,74.041,0.04839,1428.107,1665.366,237.258,15.505
PerspectiveFields[uncentered],p41-plant-0004,brics-odroid-029_cam0,8,1476.448,1473.673,70.842,0.04798,1361.554,1573.329,211.775,14.344
PerspectiveFields[uncentered],p41-plant-0004,brics-odroid-029_cam1,8,1865.919,1877.648,51.945,0.02784,1800.386,1951.004,150.618,8.072
PerspectiveFields[uncentered],p41-plant-0004,brics-odroid-030_cam0,8,942.928,947.624,38.962,0.04132,888.288,991.534,103.246,10.949
PerspectiveFields[uncentered],p41-plant-0004,brics-odroid-030_cam1,8,1445.314,1413.495,114.976,0.07955,1270.406,1604.707,334.301,23.13
PerspectiveFields[uncentered],p44-dog-0004,brics-odroid-001_cam0,8,1150.294,1154.516,40.23,0.03497,1096.57,1203.622,107.052,9.306
PerspectiveFields[uncentered],p44-dog-0004,brics-odroid-001_cam1,8,1144.848,1144.041,35.307,0.03084,1101.62,1209.406,107.786,9.415
PerspectiveFields[uncentered],p44-dog-0004,brics-odroid-002_cam0,8,1100.314,1094.535,72.768,0.06613,992.877,1200.644,207.768,18.883
PerspectiveFields[uncentered],p44-dog-0004,brics-odroid-006_cam0,8,1321.274,1325.144,120.446,0.09116,1092.756,1516.888,424.132,32.1
PerspectiveFields[uncentered],p44-dog-0004,brics-odroid-007_cam0,8,1015.374,1013.85,14.489,0.01427,996.684,1039.643,42.96,4.231
PerspectiveFields[uncentered],p44-dog-0004,brics-odroid-007_cam1,8,1120.972,1125.21,21.576,0.01925,1077.128,1146.512,69.384,6.19
PerspectiveFields[uncentered],p44-dog-0004,brics-odroid-008_cam0,8,1169.155,1168.608,29.141,0.02493,1138.177,1225.563,87.386,7.474
PerspectiveFields[uncentered],p44-dog-0004,brics-odroid-009_cam1,8,942.022,934.684,28.052,0.02978,898.095,976.214,78.119,8.293
PerspectiveFields[uncentered],p44-dog-0004,brics-odroid-010_cam0,8,984.311,981.083,21.465,0.02181,957.913,1032.135,74.223,7.541
PerspectiveFields[uncentered],p44-dog-0004,brics-odroid-010_cam1,8,1325.159,1307.532,52.559,0.03966,1248.395,1414.113,165.718,12.506
PerspectiveFields[uncentered],p44-dog-0004,brics-odroid-011_cam0,8,1230.165,1234.394,41.172,0.03347,1161.453,1284.753,123.299,10.023
PerspectiveFields[uncentered],p44-dog-0004,brics-odroid-012_cam0,8,1034.336,1032.382,50.186,0.04852,967.029,1109.758,142.729,13.799
PerspectiveFields[uncentered],p44-dog-0004,brics-odroid-012_cam1,8,888.378,887.722,27.363,0.0308,851.233,922.768,71.536,8.052
PerspectiveFields[uncentered],p44-dog-0004,brics-odroid-014_cam1,8,868.231,872.435,33.881,0.03902,816.836,917.974,101.138,11.649
PerspectiveFields[uncentered],p44-dog-0004,brics-odroid-015_cam0,8,777.608,780.265,30.537,0.03927,718.661,818.787,100.125,12.876
PerspectiveFields[uncentered],p44-dog-0004,brics-odroid-015_cam1,8,856.012,860.75,20.591,0.02405,827.891,886.99,59.098,6.904
PerspectiveFields[uncentered],p44-dog-0004,brics-odroid-016_cam0,8,761.845,757.067,29.232,0.03837,732.311,827.309,94.998,12.469
PerspectiveFields[uncentered],p44-dog-0004,brics-odroid-017_cam0,8,808.373,818.685,46.317,0.0573,707.181,859.193,152.012,18.805
PerspectiveFields[uncentered],p44-dog-0004,brics-odroid-017_cam1,8,972.686,972.661,56.643,0.05823,867.446,1059.004,191.558,19.694
PerspectiveFields[uncentered],p44-dog-0004,brics-odroid-019_cam1,8,1199.802,1193.077,33.331,0.02778,1158.913,1249.098,90.184,7.517
PerspectiveFields[uncentered],p44-dog-0004,brics-odroid-020_cam0,8,1021.669,989.895,82.262,0.08052,959.511,1202.476,242.965,23.781
PerspectiveFields[uncentered],p44-dog-0004,brics-odroid-020_cam1,8,1385.302,1369.762,46.532,0.03359,1342.109,1480.194,138.086,9.968
PerspectiveFields[uncentered],p44-dog-0004,brics-odroid-021_cam0,8,1169.87,1154.536,45.659,0.03903,1119.48,1239.545,120.064,10.263
PerspectiveFields[uncentered],p44-dog-0004,brics-odroid-021_cam1,8,813.796,794.037,50.996,0.06266,756.98,909.782,152.801,18.776
PerspectiveFields[uncentered],p44-dog-0004,brics-odroid-022_cam0,8,978.81,948.666,58.729,0.06,922.122,1068.868,146.746,14.992
PerspectiveFields[uncentered],p44-dog-0004,brics-odroid-022_cam1,8,1157.678,1142.135,57.925,0.05004,1102.337,1255.213,152.876,13.205
PerspectiveFields[uncentered],p44-dog-0004,brics-odroid-023_cam0,8,1100.454,1088.15,44.681,0.0406,1043.019,1172.703,129.683,11.785
PerspectiveFields[uncentered],p44-dog-0004,brics-odroid-024_cam0,8,937.308,923.107,101.088,0.10785,787.354,1058.175,270.821,28.893
PerspectiveFields[uncentered],p44-dog-0004,brics-odroid-024_cam1,8,1216.68,1239.598,72.445,0.05954,1130.057,1297.436,167.378,13.757
PerspectiveFields[uncentered],p44-dog-0004,brics-odroid-025_cam0,8,925.699,923.275,29.761,0.03215,883.035,983.908,100.872,10.897
PerspectiveFields[uncentered],p44-dog-0004,brics-odroid-025_cam1,8,1206.616,1207.429,68.843,0.05705,1104.421,1344.512,240.091,19.898
PerspectiveFields[uncentered],p44-dog-0004,brics-odroid-026_cam0,8,2137.738,2165.353,157.409,0.07363,1803.232,2342.787,539.555,25.24
PerspectiveFields[uncentered],p44-dog-0004,brics-odroid-026_cam1,8,1302.423,1280.35,76.212,0.05852,1202.587,1427.732,225.145,17.287
PerspectiveFields[uncentered],p44-dog-0004,brics-odroid-027_cam0,8,1469.621,1450.626,104.043,0.0708,1290.347,1620.367,330.02,22.456
PerspectiveFields[uncentered],p44-dog-0004,brics-odroid-027_cam1,8,1270.08,1265.998,42.825,0.03372,1220.837,1352.417,131.58,10.36
PerspectiveFields[uncentered],p44-dog-0004,brics-odroid-028_cam0,8,1625.419,1618.718,41.085,0.02528,1567.594,1695.95,128.355,7.897
PerspectiveFields[uncentered],p44-dog-0004,brics-odroid-029_cam0,8,1242.093,1254.755,73.236,0.05896,1125.655,1328.334,202.679,16.318
PerspectiveFields[uncentered],p44-dog-0004,brics-odroid-029_cam1,8,1451.265,1491.532,118.608,0.08173,1252.202,1580.491,328.288,22.621
PerspectiveFields[uncentered],p44-dog-0004,brics-odroid-030_cam0,8,1151.776,1145.13,94.627,0.08216,1016.831,1322.599,305.768,26.548
PerspectiveFields[uncentered],p44-dog-0004,brics-odroid-030_cam1,8,786.773,768.334,97.798,0.1243,684.568,936.393,251.825,32.007
PerspectiveFields[uncentered],p52-instrument-0034,brics-odroid-002_cam0,8,1080.018,1091.195,28.719,0.02659,1029.742,1109.305,79.563,7.367
PerspectiveFields[uncentered],p52-instrument-0034,brics-odroid-007_cam0,8,952.09,956.394,35.046,0.03681,905.045,1001.495,96.45,10.13
PerspectiveFields[uncentered],p52-instrument-0034,brics-odroid-007_cam1,8,1135.494,1145.092,66.283,0.05837,1014.071,1240.662,226.591,19.955
PerspectiveFields[uncentered],p52-instrument-0034,brics-odroid-012_cam1,8,1248.825,1256.901,52.962,0.04241,1163.396,1309.848,146.452,11.727
PerspectiveFields[uncentered],p52-instrument-0034,brics-odroid-015_cam1,8,859.652,862.795,18.412,0.02142,836.385,892.792,56.407,6.562
PerspectiveFields[uncentered],p52-instrument-0034,brics-odroid-016_cam0,8,923.545,931.095,21.979,0.0238,891.65,954.753,63.103,6.833
PerspectiveFields[uncentered],p52-instrument-0034,brics-odroid-021_cam0,8,1699.989,1662.559,103.471,0.06087,1590.463,1852.387,261.923,15.407
PerspectiveFields[uncentered],p52-instrument-0034,brics-odroid-023_cam0,8,1401.517,1402.897,20.317,0.0145,1377.247,1441.483,64.236,4.583
PerspectiveFields[uncentered],p52-instrument-0034,brics-odroid-024_cam0,8,1509.212,1517.195,67.337,0.04462,1387.866,1611.037,223.171,14.787
PerspectiveFields[uncentered],p52-instrument-0034,brics-odroid-025_cam1,8,1248.112,1257.439,31.91,0.02557,1200.225,1284.18,83.955,6.727
PerspectiveFields[uncentered],p52-instrument-0034,brics-odroid-027_cam0,8,1531.571,1528.078,63.49,0.04145,1446.568,1631.341,184.773,12.064
PerspectiveFields[uncentered],p52-instrument-0034,brics-odroid-027_cam1,8,1065.159,1066.799,30.582,0.02871,1016.729,1109.103,92.374,8.672
PerspectiveFields[uncentered],p52-instrument-0034,brics-odroid-028_cam0,8,1524.483,1526.304,53.542,0.03512,1447.685,1591.199,143.514,9.414
PerspectiveFields[uncentered],p52-instrument-0034,brics-odroid-030_cam0,8,1201.159,1194.385,38.217,0.03182,1148.585,1263.622,115.037,9.577
PerspectiveFields[uncentered],p52-instrument-0034,brics-odroid-030_cam1,8,625.272,627.492,19.74,0.03157,585.207,647.897,62.69,10.026
