sequence,camera,frame,hand,view_class,lag,median_err_px
p36-tea-0010/010,brics-odroid-026_cam1,17,right,good,-5,94.5918
p36-tea-0010/010,brics-odroid-026_cam1,17,right,good,-4,89.5532
p36-tea-0010/010,brics-odroid-026_cam1,17,right,good,-3,79.6869
p36-tea-0010/010,brics-odroid-026_cam1,17,right,good,-2,60.5012
p36-tea-0010/010,brics-odroid-026_cam1,17,right,good,-1,35.6448
p36-tea-0010/010,brics-odroid-026_cam1,17,right,good,0,6.6529
p36-tea-0010/010,brics-odroid-026_cam1,17,right,good,1,34.4798
p36-tea-0010/010,brics-odroid-026_cam1,17,right,good,2,73.7299
p36-tea-0010/010,brics-odroid-026_cam1,17,right,good,3,109.5565
p36-tea-0010/010,brics-odroid-026_cam1,17,right,good,4,148.1965
p36-tea-0010/010,brics-odroid-026_cam1,17,right,good,5,185.5325
p52-instrument-0034/034,brics-odroid-002_cam0,78,right,good,-5,10.6275
p52-instrument-0034/034,brics-odroid-002_cam0,78,right,good,-4,9.7715
p52-instrument-0034/034,brics-odroid-002_cam0,78,right,good,-3,11.0825
p52-instrument-0034/034,brics-odroid-002_cam0,78,right,good,-2,10.7518
p52-instrument-0034/034,brics-odroid-002_cam0,78,right,good,-1,8.7836
p52-instrument-0034/034,brics-odroid-002_cam0,78,right,good,0,7.925
p52-instrument-0034/034,brics-odroid-002_cam0,78,right,good,1,6.0084
p52-instrument-0034/034,brics-odroid-002_cam0,78,right,good,2,7.0708
p52-instrument-0034/034,brics-odroid-002_cam0,78,right,good,3,9.2465
p52-instrument-0034/034,brics-odroid-002_cam0,78,right,good,4,13.2768
p52-instrument-0034/034,brics-odroid-002_cam0,78,right,good,5,17.6771
p41-boxing-0021/021,brics-odroid-007_cam1,90,left,good,-5,62.3379
p41-boxing-0021/021,brics-odroid-007_cam1,90,left,good,-4,42.3242
p41-boxing-0021/021,brics-odroid-007_cam1,90,left,good,-3,27.2775
p41-boxing-0021/021,brics-odroid-007_cam1,90,left,good,-2,16.5801
p41-boxing-0021/021,brics-odroid-007_cam1,90,left,good,-1,5.6465
p41-boxing-0021/021,brics-odroid-007_cam1,90,left,good,0,4.5047
p41-boxing-0021/021,brics-odroid-007_cam1,90,left,good,1,9.5411
p41-boxing-0021/021,brics-odroid-007_cam1,90,left,good,2,11.4862
p41-boxing-0021/021,brics-odroid-007_cam1,90,left,good,3,11.4679
p41-boxing-0021/021,brics-odroid-007_cam1,90,left,good,4,12.2893
p41-boxing-0021/021,brics-odroid-007_cam1,90,left,good,5,13.6643
p44-dog-0004/004,brics-odroid-021_cam0,288,left,good,-5,14.4647
p44-dog-0004/004,brics-odroid-021_cam0,288,left,good,-4,11.4319
p44-dog-0004/004,brics-odroid-021_cam0,288,left,good,-3,10.5902
p44-dog-0004/004,brics-odroid-021_cam0,288,left,good,-2,11.4762
p44-dog-0004/004,brics-odroid-021_cam0,288,left,good,-1,8.8576
p44-dog-0004/004,brics-odroid-021_cam0,288,left,good,0,5.1219
p44-dog-0004/004,brics-odroid-021_cam0,288,left,good,1,5.5502
p44-dog-0004/004,brics-odroid-021_cam0,288,left,good,2,11.3825
p44-dog-0004/004,brics-odroid-021_cam0,288,left,good,3,17.2767
p44-dog-0004/004,brics-odroid-021_cam0,288,left,good,4,18.6052
p44-dog-0004/004,brics-odroid-021_cam0,288,left,good,5,17.689
p52-instrument-0034/034,brics-odroid-012_cam0,114,left,good,-5,3.3672
p52-instrument-0034/034,brics-odroid-012_cam0,114,left,good,-4,3.5977
p52-instrument-0034/034,brics-odroid-012_cam0,114,left,good,-3,3.677
p52-instrument-0034/034,brics-odroid-012_cam0,114,left,good,-2,2.9781
p52-instrument-0034/034,brics-odroid-012_cam0,114,left,good,-1,3.3476
p52-instrument-0034/034,brics-odroid-012_cam0,114,left,good,0,3.3473
p52-instrument-0034/034,brics-odroid-012_cam0,114,left,good,1,3.1424
p52-instrument-0034/034,brics-odroid-012_cam0,114,left,good,2,3.3577
p52-instrument-0034/034,brics-odroid-012_cam0,114,left,good,3,2.8009
p52-instrument-0034/034,brics-odroid-012_cam0,114,left,good,4,3.3152
p52-instrument-0034/034,brics-odroid-012_cam0,114,left,good,5,3.4667
p52-instrument-0034/034,brics-odroid-012_cam0,24,right,good,-5,15.6232
p52-instrument-0034/034,brics-odroid-012_cam0,24,right,good,-4,12.1738
p52-instrument-0034/034,brics-odroid-012_cam0,24,right,good,-3,9.3798
p52-instrument-0034/034,brics-odroid-012_cam0,24,right,good,-2,6.7403
p52-instrument-0034/034,brics-odroid-012_cam0,24,right,good,-1,3.9624
p52-instrument-0034/034,brics-odroid-012_cam0,24,right,good,0,2.4835
p52-instrument-0034/034,brics-odroid-012_cam0,24,right,good,1,4.47
p52-instrument-0034/034,brics-odroid-012_cam0,24,right,good,2,7.898
p52-instrument-0034/034,brics-odroid-012_cam0,24,right,good,3,11.9225
p52-instrument-0034/034,brics-odroid-012_cam0,24,right,good,4,18.2952
p52-instrument-0034/034,brics-odroid-012_cam0,24,right,good,5,26.603
p36-tea-0010/010,brics-odroid-017_cam0,34,left,good,-5,15.3459
p36-tea-0010/010,brics-odroid-017_cam0,34,left,good,-4,13.8674
p36-tea-0010/010,brics-odroid-017_cam0,34,left,good,-3,11.951
p36-tea-0010/010,brics-odroid-017_cam0,34,left,good,-2,8.8792
p36-tea-0010/010,brics-odroid-017_cam0,34,left,good,-1,5.5206
p36-tea-0010/010,brics-odroid-017_cam0,34,left,good,0,5.3642
p36-tea-0010/010,brics-odroid-017_cam0,34,left,good,1,7.7787
p36-tea-0010/010,brics-odroid-017_cam0,34,left,good,2,9.626
p36-tea-0010/010,brics-odroid-017_cam0,34,left,good,3,15.8168
p36-tea-0010/010,brics-odroid-017_cam0,34,left,good,4,20.867
p36-tea-0010/010,brics-odroid-017_cam0,34,left,good,5,20.4801
p36-tea-0010/010,brics-odroid-007_cam0,51,right,good,-5,19.6167
p36-tea-0010/010,brics-odroid-007_cam0,51,right,good,-4,16.6704
p36-tea-0010/010,brics-odroid-007_cam0,51,right,good,-3,13.1156
p36-tea-0010/010,brics-odroid-007_cam0,51,right,good,-2,9.8891
p36-tea-0010/010,brics-odroid-007_cam0,51,right,good,-1,5.628
p36-tea-0010/010,brics-odroid-007_cam0,51,right,good,0,3.4024
p36-tea-0010/010,brics-odroid-007_cam0,51,right,good,1,5.9937
p36-tea-0010/010,brics-odroid-007_cam0,51,right,good,2,9.1939
p36-tea-0010/010,brics-odroid-007_cam0,51,right,good,3,12.4334
p36-tea-0010/010,brics-odroid-007_cam0,51,right,good,4,16.0558
p36-tea-0010/010,brics-odroid-007_cam0,51,right,good,5,19.9257
p52-instrument-0034/034,brics-odroid-007_cam0,108,right,good,-5,5.5479
p52-instrument-0034/034,brics-odroid-007_cam0,108,right,good,-4,5.2235
p52-instrument-0034/034,brics-odroid-007_cam0,108,right,good,-3,4.4363
p52-instrument-0034/034,brics-odroid-007_cam0,108,right,good,-2,3.7913
p52-instrument-0034/034,brics-odroid-007_cam0,108,right,good,-1,3.3681
p52-instrument-0034/034,brics-odroid-007_cam0,108,right,good,0,3.7989
p52-instrument-0034/034,brics-odroid-007_cam0,108,right,good,1,3.4774
p52-instrument-0034/034,brics-odroid-007_cam0,108,right,good,2,3.1372
p52-instrument-0034/034,brics-odroid-007_cam0,108,right,good,3,2.9889
p52-instrument-0034/034,brics-odroid-007_cam0,108,right,good,4,3.2852
p52-instrument-0034/034,brics-odroid-007_cam0,108,right,good,5,3.1091
p41-plant-0004/004,brics-odroid-007_cam1,64,right,good,-5,11.2283
p41-plant-0004/004,brics-odroid-007_cam1,64,right,good,-4,10.8999
p41-plant-0004/004,brics-odroid-007_cam1,64,right,good,-3,15.4341
p41-plant-0004/004,brics-odroid-007_cam1,64,right,good,-2,24.2521
p41-plant-0004/004,brics-odroid-007_cam1,64,right,good,-1,19.2901
p41-plant-0004/004,brics-odroid-007_cam1,64,right,good,0,6.9237
p41-plant-0004/004,brics-odroid-007_cam1,64,right,good,1,7.2964
p41-plant-0004/004,brics-odroid-007_cam1,64,right,good,2,11.5951
p41-plant-0004/004,brics-odroid-007_cam1,64,right,good,3,32.1751
p41-plant-0004/004,brics-odroid-007_cam1,64,right,good,4,45.9408
p41-plant-0004/004,brics-odroid-007_cam1,64,right,good,5,45.2332
p41-plant-0004/004,brics-odroid-022_cam1,56,right,good,-5,61.9509
p41-plant-0004/004,brics-odroid-022_cam1,56,right,good,-4,59.0599
p41-plant-0004/004,brics-odroid-022_cam1,56,right,good,-3,46.5573
p41-plant-0004/004,brics-odroid-022_cam1,56,right,good,-2,23.1239
p41-plant-0004/004,brics-odroid-022_cam1,56,right,good,-1,10.5244
p41-plant-0004/004,brics-odroid-022_cam1,56,right,good,0,5.7698
p41-plant-0004/004,brics-odroid-022_cam1,56,right,good,1,15.3027
p41-plant-0004/004,brics-odroid-022_cam1,56,right,good,2,28.974
p41-plant-0004/004,brics-odroid-022_cam1,56,right,good,3,38.0681
p41-plant-0004/004,brics-odroid-022_cam1,56,right,good,4,36.1258
p41-plant-0004/004,brics-odroid-022_cam1,56,right,good,5,29.5232
p41-boxing-0021/021,brics-odroid-015_cam0,36,right,good,-5,26.7795
p41-boxing-0021/021,brics-odroid-015_cam0,36,right,good,-4,19.8465
p41-boxing-0021/021,brics-odroid-015_cam0,36,right,good,-3,11.6713
p41-boxing-0021/021,brics-odroid-015_cam0,36,right,good,-2,5.6277
p41-boxing-0021/021,brics-odroid-015_cam0,36,right,good,-1,3.6337
p41-boxing-0021/021,brics-odroid-015_cam0,36,right,good,0,3.1274
p41-boxing-0021/021,brics-odroid-015_cam0,36,right,good,1,2.5744
p41-boxing-0021/021,brics-odroid-015_cam0,36,right,good,2,3.1492
p41-boxing-0021/021,brics-odroid-015_cam0,36,right,good,3,3.9569
p41-boxing-0021/021,brics-odroid-015_cam0,36,right,good,4,6.3807
p41-boxing-0021/021,brics-odroid-015_cam0,36,right,good,5,6.8363
p44-dog-0004/004,brics-odroid-012_cam1,112,left,good,-5,26.6992
p44-dog-0004/004,brics-odroid-012_cam1,112,left,good,-4,23.207
p44-dog-0004/004,brics-odroid-012_cam1,112,left,good,-3,18.0373
p44-dog-0004/004,brics-odroid-012_cam1,112,left,good,-2,12.2966
p44-dog-0004/004,brics-odroid-012_cam1,112,left,good,-1,6.1625
p44-dog-0004/004,brics-odroid-012_cam1,112,left,good,0,5.6049
p44-dog-0004/004,brics-odroid-012_cam1,112,left,good,1,9.0819
p44-dog-0004/004,brics-odroid-012_cam1,112,left,good,2,8.4143
p44-dog-0004/004,brics-odroid-012_cam1,112,left,good,3,8.2181
p44-dog-0004/004,brics-odroid-012_cam1,112,left,good,4,8.1611
p44-dog-0004/004,brics-odroid-012_cam1,112,left,good,5,10.6881
p41-boxing-0021/021,brics-odroid-030_cam1,216,right,good,-5,94.658
p41-boxing-0021/021,brics-odroid-030_cam1,216,right,good,-4,67.7171
p41-boxing-0021/021,brics-odroid-030_cam1,216,right,good,-3,44.7885
p41-boxing-0021/021,brics-odroid-030_cam1,216,right,good,-2,25.9249
p41-boxing-0021/021,brics-odroid-030_cam1,216,right,good,-1,12.146
p41-boxing-0021/021,brics-odroid-030_cam1,216,right,good,0,7.2818
p41-boxing-0021/021,brics-odroid-030_cam1,216,right,good,1,15.0544
p41-boxing-0021/021,brics-odroid-030_cam1,216,right,good,2,22.831
p41-boxing-0021/021,brics-odroid-030_cam1,216,right,good,3,30.3007
p41-boxing-0021/021,brics-odroid-030_cam1,216,right,good,4,38.4801
p41-boxing-0021/021,brics-odroid-030_cam1,216,right,good,5,49.2477
p41-boxing-0021/021,brics-odroid-024_cam1,54,right,good,-5,7.4611
p41-boxing-0021/021,brics-odroid-024_cam1,54,right,good,-4,7.0604
p41-boxing-0021/021,brics-odroid-024_cam1,54,right,good,-3,8.887
p41-boxing-0021/021,brics-odroid-024_cam1,54,right,good,-2,10.4717
p41-boxing-0021/021,brics-odroid-024_cam1,54,right,good,-1,9.8925
p41-boxing-0021/021,brics-odroid-024_cam1,54,right,good,0,6.9573
p41-boxing-0021/021,brics-odroid-024_cam1,54,right,good,1,7.4606
p41-boxing-0021/021,brics-odroid-024_cam1,54,right,good,2,5.7297
p41-boxing-0021/021,brics-odroid-024_cam1,54,right,good,3,5.5601
p41-boxing-0021/021,brics-odroid-024_cam1,54,right,good,4,6.8684
p41-boxing-0021/021,brics-odroid-024_cam1,54,right,good,5,7.9322
p44-dog-0004/004,brics-odroid-016_cam0,128,left,good,-5,28.6701
p44-dog-0004/004,brics-odroid-016_cam0,128,left,good,-4,24.486
p44-dog-0004/004,brics-odroid-016_cam0,128,left,good,-3,17.177
p44-dog-0004/004,brics-odroid-016_cam0,128,left,good,-2,11.953
p44-dog-0004/004,brics-odroid-016_cam0,128,left,good,-1,6.1044
p44-dog-0004/004,brics-odroid-016_cam0,128,left,good,0,2.9102
p44-dog-0004/004,brics-odroid-016_cam0,128,left,good,1,9.2366
p44-dog-0004/004,brics-odroid-016_cam0,128,left,good,2,14.1074
p44-dog-0004/004,brics-odroid-016_cam0,128,left,good,3,23.6029
p44-dog-0004/004,brics-odroid-016_cam0,128,left,good,4,37.0746
p44-dog-0004/004,brics-odroid-016_cam0,128,left,good,5,47.5153
p36-tea-0010/010,brics-odroid-021_cam1,322,left,good,-5,3.859
p36-tea-0010/010,brics-odroid-021_cam1,322,left,good,-4,4.2747
p36-tea-0010/010,brics-odroid-021_cam1,322,left,good,-3,4.1229
p36-tea-0010/010,brics-odroid-021_cam1,322,left,good,-2,3.0265
p36-tea-0010/010,brics-odroid-021_cam1,322,left,good,-1,3.0199
p36-tea-0010/010,brics-odroid-021_cam1,322,left,good,0,3.8612
p36-tea-0010/010,brics-odroid-021_cam1,322,left,good,1,3.2391
p36-tea-0010/010,brics-odroid-021_cam1,322,left,good,2,3.5575
p36-tea-0010/010,brics-odroid-021_cam1,322,left,good,3,2.9922
p36-tea-0010/010,brics-odroid-021_cam1,322,left,good,4,3.4328
p36-tea-0010/010,brics-odroid-021_cam1,322,left,good,5,4.6504
p36-tea-0010/010,brics-odroid-028_cam0,85,left,good,-5,51.2817
p36-tea-0010/010,brics-odroid-028_cam0,85,left,good,-4,42.2376
p36-tea-0010/010,brics-odroid-028_cam0,85,left,good,-3,32.1986
p36-tea-0010/010,brics-odroid-028_cam0,85,left,good,-2,23.9285
p36-tea-0010/010,brics-odroid-028_cam0,85,left,good,-1,16.0162
p36-tea-0010/010,brics-odroid-028_cam0,85,left,good,0,9.6866
p36-tea-0010/010,brics-odroid-028_cam0,85,left,good,1,11.3975
p36-tea-0010/010,brics-odroid-028_cam0,85,left,good,2,15.0251
p36-tea-0010/010,brics-odroid-028_cam0,85,left,good,3,22.4792
p36-tea-0010/010,brics-odroid-028_cam0,85,left,good,4,26.347
p36-tea-0010/010,brics-odroid-028_cam0,85,left,good,5,31.7159
p52-instrument-0034/034,brics-odroid-024_cam0,24,left,good,-5,6.5824
p52-instrument-0034/034,brics-odroid-024_cam0,24,left,good,-4,6.8858
p52-instrument-0034/034,brics-odroid-024_cam0,24,left,good,-3,6.5652
p52-instrument-0034/034,brics-odroid-024_cam0,24,left,good,-2,6.47
p52-instrument-0034/034,brics-odroid-024_cam0,24,left,good,-1,6.8629
p52-instrument-0034/034,brics-odroid-024_cam0,24,left,good,0,6.4346
p52-instrument-0034/034,brics-odroid-024_cam0,24,left,good,1,6.7182
p52-instrument-0034/034,brics-odroid-024_cam0,24,left,good,2,6.5281
p52-instrument-0034/034,brics-odroid-024_cam0,24,left,good,3,6.1878
p52-instrument-0034/034,brics-odroid-024_cam0,24,left,good,4,6.773
p52-instrument-0034/034,brics-odroid-024_cam0,24,left,good,5,6.4559
p36-tea-0010/010,brics-odroid-012_cam1,34,left,good,-5,16.7494
p36-tea-0010/010,brics-odroid-012_cam1,34,left,good,-4,12.6842
p36-tea-0010/010,brics-odroid-012_cam1,34,left,good,-3,11.538
p36-tea-0010/010,brics-odroid-012_cam1,34,left,good,-2,7.8821
p36-tea-0010/010,brics-odroid-012_cam1,34,left,good,-1,6.6182
p36-tea-0010/010,brics-odroid-012_cam1,34,left,good,0,4.8551
p36-tea-0010/010,brics-odroid-012_cam1,34,left,good,1,8.3061
p36-tea-0010/010,brics-odroid-012_cam1,34,left,good,2,11.3162
p36-tea-0010/010,brics-odroid-012_cam1,34,left,good,3,13.448
p36-tea-0010/010,brics-odroid-012_cam1,34,left,good,4,15.0816
p36-tea-0010/010,brics-odroid-012_cam1,34,left,good,5,16.1815
p44-dog-0004/004,brics-odroid-002_cam0,32,left,good,-5,25.9845
p44-dog-0004/004,brics-odroid-002_cam0,32,left,good,-4,24.8686
p44-dog-0004/004,brics-odroid-002_cam0,32,left,good,-3,17.9097
p44-dog-0004/004,brics-odroid-002_cam0,32,left,good,-2,10.907
p44-dog-0004/004,brics-odroid-002_cam0,32,left,good,-1,5.7507
p44-dog-0004/004,brics-odroid-002_cam0,32,left,good,0,6.9687
p44-dog-0004/004,brics-odroid-002_cam0,32,left,good,1,8.83
p44-dog-0004/004,brics-odroid-002_cam0,32,left,good,2,10.3661
p44-dog-0004/004,brics-odroid-002_cam0,32,left,good,3,11.0359
p44-dog-0004/004,brics-odroid-002_cam0,32,left,good,4,8.7319
p44-dog-0004/004,brics-odroid-002_cam0,32,left,good,5,9.7572
p41-boxing-0021/021,brics-odroid-011_cam0,90,left,good,-5,50.6341
p41-boxing-0021/021,brics-odroid-011_cam0,90,left,good,-4,30.6986
p41-boxing-0021/021,brics-odroid-011_cam0,90,left,good,-3,20.9983
p41-boxing-0021/021,brics-odroid-011_cam0,90,left,good,-2,16.7784
p41-boxing-0021/021,brics-odroid-011_cam0,90,left,good,-1,12.2211
p41-boxing-0021/021,brics-odroid-011_cam0,90,left,good,0,7.2852
p41-boxing-0021/021,brics-odroid-011_cam0,90,left,good,1,6.3829
p41-boxing-0021/021,brics-odroid-011_cam0,90,left,good,2,6.5675
p41-boxing-0021/021,brics-odroid-011_cam0,90,left,good,3,8.2613
p41-boxing-0021/021,brics-odroid-011_cam0,90,left,good,4,7.2629
p41-boxing-0021/021,brics-odroid-011_cam0,90,left,good,5,7.3913
p44-dog-0004/004,brics-odroid-012_cam1,288,right,good,-5,4.6625
p44-dog-0004/004,brics-odroid-012_cam1,288,right,good,-4,5.393
p44-dog-0004/004,brics-odroid-012_cam1,288,right,good,-3,5.136
p44-dog-0004/004,brics-odroid-012_cam1,288,right,good,-2,5.3495
p44-dog-0004/004,brics-odroid-012_cam1,288,right,good,-1,5.1251
p44-dog-0004/004,brics-odroid-012_cam1,288,right,good,0,5.4179
p44-dog-0004/004,brics-odroid-012_cam1,288,right,good,1,5.0391
p44-dog-0004/004,brics-odroid-012_cam1,288,right,good,2,4.8113
p44-dog-0004/004,brics-odroid-012_cam1,288,right,good,3,5.0975
p44-dog-0004/004,brics-odroid-012_cam1,288,right,good,4,5.214
p44-dog-0004/004,brics-odroid-012_cam1,288,right,good,5,5.7136
p52-instrument-0034/034,brics-odroid-024_cam0,102,left,good,-5,5.9536
p52-instrument-0034/034,brics-odroid-024_cam0,102,left,good,-4,6.2753
p52-instrument-0034/034,brics-odroid-024_cam0,102,left,good,-3,6.2814
p52-instrument-0034/034,brics-odroid-024_cam0,102,left,good,-2,5.9543
p52-instrument-0034/034,brics-odroid-024_cam0,102,left,good,-1,5.8088
p52-instrument-0034/034,brics-odroid-024_cam0,102,left,good,0,6.3928
p52-instrument-0034/034,brics-odroid-024_cam0,102,left,good,1,6.1499
p52-instrument-0034/034,brics-odroid-024_cam0,102,left,good,2,6.293
p52-instrument-0034/034,brics-odroid-024_cam0,102,left,good,3,6.2756
p52-instrument-0034/034,brics-odroid-024_cam0,102,left,good,4,6.6403
p52-instrument-0034/034,brics-odroid-024_cam0,102,left,good,5,6.3841
p52-instrument-0034/034,brics-odroid-020_cam1,42,left,good,-5,7.2379
p52-instrument-0034/034,brics-odroid-020_cam1,42,left,good,-4,7.2581
p52-instrument-0034/034,brics-odroid-020_cam1,42,left,good,-3,7.2243
p52-instrument-0034/034,brics-odroid-020_cam1,42,left,good,-2,8.7292
p52-instrument-0034/034,brics-odroid-020_cam1,42,left,good,-1,8.2845
p52-instrument-0034/034,brics-odroid-020_cam1,42,left,good,0,8.3792
p52-instrument-0034/034,brics-odroid-020_cam1,42,left,good,1,8.0884
p52-instrument-0034/034,brics-odroid-020_cam1,42,left,good,2,8.4382
p52-instrument-0034/034,brics-odroid-020_cam1,42,left,good,3,8.943
p52-instrument-0034/034,brics-odroid-020_cam1,42,left,good,4,7.8177
p52-instrument-0034/034,brics-odroid-020_cam1,42,left,good,5,6.7579
p36-tea-0010/010,brics-odroid-016_cam0,17,left,good,-5,23.0269
p36-tea-0010/010,brics-odroid-016_cam0,17,left,good,-4,21.7642
p36-tea-0010/010,brics-odroid-016_cam0,17,left,good,-3,21.6
p36-tea-0010/010,brics-odroid-016_cam0,17,left,good,-2,16.3527
p36-tea-0010/010,brics-odroid-016_cam0,17,left,good,-1,8.1789
p36-tea-0010/010,brics-odroid-016_cam0,17,left,good,0,4.0321
p36-tea-0010/010,brics-odroid-016_cam0,17,left,good,1,12.1889
p36-tea-0010/010,brics-odroid-016_cam0,17,left,good,2,20.6841
p36-tea-0010/010,brics-odroid-016_cam0,17,left,good,3,28.0388
p36-tea-0010/010,brics-odroid-016_cam0,17,left,good,4,33.7595
p36-tea-0010/010,brics-odroid-016_cam0,17,left,good,5,38.7753
p52-instrument-0034/034,brics-odroid-017_cam1,12,left,good,-5,6.3877
p52-instrument-0034/034,brics-odroid-017_cam1,12,left,good,-4,6.7352
p52-instrument-0034/034,brics-odroid-017_cam1,12,left,good,-3,6.3527
p52-instrument-0034/034,brics-odroid-017_cam1,12,left,good,-2,6.9074
p52-instrument-0034/034,brics-odroid-017_cam1,12,left,good,-1,6.8414
p52-instrument-0034/034,brics-odroid-017_cam1,12,left,good,0,6.7164
p52-instrument-0034/034,brics-odroid-017_cam1,12,left,good,1,6.6697
p52-instrument-0034/034,brics-odroid-017_cam1,12,left,good,2,6.9238
p52-instrument-0034/034,brics-odroid-017_cam1,12,left,good,3,6.9129
p52-instrument-0034/034,brics-odroid-017_cam1,12,left,good,4,6.9286
p52-instrument-0034/034,brics-odroid-017_cam1,12,left,good,5,6.6388
p52-instrument-0034/034,brics-odroid-001_cam1,0,right,good,0,8.6189
p52-instrument-0034/034,brics-odroid-001_cam1,0,right,good,1,8.3775
p52-instrument-0034/034,brics-odroid-001_cam1,0,right,good,2,8.17
p52-instrument-0034/034,brics-odroid-001_cam1,0,right,good,3,8.6086
p52-instrument-0034/034,brics-odroid-001_cam1,0,right,good,4,8.9758
p52-instrument-0034/034,brics-odroid-001_cam1,0,right,good,5,9.3086
p36-tea-0010/010,brics-odroid-023_cam0,0,right,good,0,2.5946
p36-tea-0010/010,brics-odroid-023_cam0,0,right,good,1,2.2923
p36-tea-0010/010,brics-odroid-023_cam0,0,right,good,2,2.6635
p36-tea-0010/010,brics-odroid-023_cam0,0,right,good,3,3.1422
p36-tea-0010/010,brics-odroid-023_cam0,0,right,good,4,3.9476
p36-tea-0010/010,brics-odroid-023_cam0,0,right,good,5,3.9684
p41-boxing-0021/021,brics-odroid-026_cam1,180,right,good,-5,25.3337
p41-boxing-0021/021,brics-odroid-026_cam1,180,right,good,-4,20.8542
p41-boxing-0021/021,brics-odroid-026_cam1,180,right,good,-3,15.6878
p41-boxing-0021/021,brics-odroid-026_cam1,180,right,good,-2,12.257
p41-boxing-0021/021,brics-odroid-026_cam1,180,right,good,-1,7.7099
p41-boxing-0021/021,brics-odroid-026_cam1,180,right,good,0,8.0217
p41-boxing-0021/021,brics-odroid-026_cam1,180,right,good,1,18.5888
p41-boxing-0021/021,brics-odroid-026_cam1,180,right,good,2,35.4907
p41-boxing-0021/021,brics-odroid-026_cam1,180,right,good,3,51.9671
p41-boxing-0021/021,brics-odroid-026_cam1,180,right,good,4,69.6673
p41-boxing-0021/021,brics-odroid-026_cam1,180,right,good,5,88.47
p41-plant-0004/004,brics-odroid-006_cam0,120,left,good,-5,5.4228
p41-plant-0004/004,brics-odroid-006_cam0,120,left,good,-4,10.5412
p41-plant-0004/004,brics-odroid-006_cam0,120,left,good,-3,16.4001
p41-plant-0004/004,brics-odroid-006_cam0,120,left,good,-2,19.1659
p41-plant-0004/004,brics-odroid-006_cam0,120,left,good,-1,12.7258
p41-plant-0004/004,brics-odroid-006_cam0,120,left,good,0,9.8192
p41-plant-0004/004,brics-odroid-006_cam0,120,left,good,1,14.8272
p41-plant-0004/004,brics-odroid-006_cam0,120,left,good,2,16.9517
p41-plant-0004/004,brics-odroid-006_cam0,120,left,good,3,16.1983
p41-plant-0004/004,brics-odroid-006_cam0,120,left,good,4,15.5809
p41-plant-0004/004,brics-odroid-006_cam0,120,left,good,5,9.4457
p52-instrument-0034/034,brics-odroid-025_cam1,72,right,good,-5,47.4941
p52-instrument-0034/034,brics-odroid-025_cam1,72,right,good,-4,41.6665
p52-instrument-0034/034,brics-odroid-025_cam1,72,right,good,-3,30.6699
p52-instrument-0034/034,brics-odroid-025_cam1,72,right,good,-2,17.9509
p52-instrument-0034/034,brics-odroid-025_cam1,72,right,good,-1,9.8742
p52-instrument-0034/034,brics-odroid-025_cam1,72,right,good,0,6.2705
p52-instrument-0034/034,brics-odroid-025_cam1,72,right,good,1,13.0137
p52-instrument-0034/034,brics-odroid-025_cam1,72,right,good,2,21.8253
p52-instrument-0034/034,brics-odroid-025_cam1,72,right,good,3,24.4647
p52-instrument-0034/034,brics-odroid-025_cam1,72,right,good,4,24.8403
p52-instrument-0034/034,brics-odroid-025_cam1,72,right,good,5,24.0784
p36-tea-0010/010,brics-odroid-001_cam1,320,right,good,-5,5.8837
p36-tea-0010/010,brics-odroid-001_cam1,320,right,good,-4,5.6376
p36-tea-0010/010,brics-odroid-001_cam1,320,right,good,-3,5.7367
p36-tea-0010/010,brics-odroid-001_cam1,320,right,good,-2,5.9504
p36-tea-0010/010,brics-odroid-001_cam1,320,right,good,-1,6.5839
p36-tea-0010/010,brics-odroid-001_cam1,320,right,good,0,6.5492
p36-tea-0010/010,brics-odroid-001_cam1,320,right,good,1,6.1718
p36-tea-0010/010,brics-odroid-001_cam1,320,right,good,2,6.4273
p36-tea-0010/010,brics-odroid-001_cam1,320,right,good,3,6.1472
p36-tea-0010/010,brics-odroid-001_cam1,320,right,good,4,6.117
p36-tea-0010/010,brics-odroid-001_cam1,320,right,good,5,5.5787
p52-instrument-0034/034,brics-odroid-025_cam0,6,right,good,-5,10.2804
p52-instrument-0034/034,brics-odroid-025_cam0,6,right,good,-4,10.0598
p52-instrument-0034/034,brics-odroid-025_cam0,6,right,good,-3,9.8733
p52-instrument-0034/034,brics-odroid-025_cam0,6,right,good,-2,9.5856
p52-instrument-0034/034,brics-odroid-025_cam0,6,right,good,-1,7.6296
p52-instrument-0034/034,brics-odroid-025_cam0,6,right,good,0,8.555
p52-instrument-0034/034,brics-odroid-025_cam0,6,right,good,1,8.6464
p52-instrument-0034/034,brics-odroid-025_cam0,6,right,good,2,10.139
p52-instrument-0034/034,brics-odroid-025_cam0,6,right,good,3,10.9925
p52-instrument-0034/034,brics-odroid-025_cam0,6,right,good,4,15.1452
p52-instrument-0034/034,brics-odroid-025_cam0,6,right,good,5,21.1516
p41-boxing-0021/021,brics-odroid-029_cam1,72,right,good,-5,5.9369
p41-boxing-0021/021,brics-odroid-029_cam1,72,right,good,-4,5.4377
p41-boxing-0021/021,brics-odroid-029_cam1,72,right,good,-3,5.9825
p41-boxing-0021/021,brics-odroid-029_cam1,72,right,good,-2,6.2732
p41-boxing-0021/021,brics-odroid-029_cam1,72,right,good,-1,6.5699
p41-boxing-0021/021,brics-odroid-029_cam1,72,right,good,0,6.6349
p41-boxing-0021/021,brics-odroid-029_cam1,72,right,good,1,6.1555
p41-boxing-0021/021,brics-odroid-029_cam1,72,right,good,2,5.6495
p41-boxing-0021/021,brics-odroid-029_cam1,72,right,good,3,6.0101
p41-boxing-0021/021,brics-odroid-029_cam1,72,right,good,4,5.9063
p41-boxing-0021/021,brics-odroid-029_cam1,72,right,good,5,6.7372
p52-instrument-0034/034,brics-odroid-016_cam0,84,right,good,-5,17.8764
p52-instrument-0034/034,brics-odroid-016_cam0,84,right,good,-4,15.1215
p52-instrument-0034/034,brics-odroid-016_cam0,84,right,good,-3,11.6754
p52-instrument-0034/034,brics-odroid-016_cam0,84,right,good,-2,7.3082
p52-instrument-0034/034,brics-odroid-016_cam0,84,right,good,-1,2.9931
p52-instrument-0034/034,brics-odroid-016_cam0,84,right,good,0,4.362
p52-instrument-0034/034,brics-odroid-016_cam0,84,right,good,1,8.0478
p52-instrument-0034/034,brics-odroid-016_cam0,84,right,good,2,11.2225
p52-instrument-0034/034,brics-odroid-016_cam0,84,right,good,3,13.0372
p52-instrument-0034/034,brics-odroid-016_cam0,84,right,good,4,15.3135
p52-instrument-0034/034,brics-odroid-016_cam0,84,right,good,5,16.3507
p44-dog-0004/004,brics-odroid-006_cam0,160,right,good,-5,8.614
p44-dog-0004/004,brics-odroid-006_cam0,160,right,good,-4,8.2952
p44-dog-0004/004,brics-odroid-006_cam0,160,right,good,-3,8.1254
p44-dog-0004/004,brics-odroid-006_cam0,160,right,good,-2,8.2998
p44-dog-0004/004,brics-odroid-006_cam0,160,right,good,-1,6.4639
p44-dog-0004/004,brics-odroid-006_cam0,160,right,good,0,5.2359
p44-dog-0004/004,brics-odroid-006_cam0,160,right,good,1,4.7109
p44-dog-0004/004,brics-odroid-006_cam0,160,right,good,2,5.2954
p44-dog-0004/004,brics-odroid-006_cam0,160,right,good,3,6.9055
p44-dog-0004/004,brics-odroid-006_cam0,160,right,good,4,7.4588
p44-dog-0004/004,brics-odroid-006_cam0,160,right,good,5,8.0131
p52-instrument-0034/034,brics-odroid-014_cam1,54,left,good,-5,5.6847
p52-instrument-0034/034,brics-odroid-014_cam1,54,left,good,-4,4.9086
p52-instrument-0034/034,brics-odroid-014_cam1,54,left,good,-3,4.8766
p52-instrument-0034/034,brics-odroid-014_cam1,54,left,good,-2,4.978
p52-instrument-0034/034,brics-odroid-014_cam1,54,left,good,-1,5.3119
p52-instrument-0034/034,brics-odroid-014_cam1,54,left,good,0,5.3614
p52-instrument-0034/034,brics-odroid-014_cam1,54,left,good,1,5.1787
p52-instrument-0034/034,brics-odroid-014_cam1,54,left,good,2,5.3409
p52-instrument-0034/034,brics-odroid-014_cam1,54,left,good,3,5.6727
p52-instrument-0034/034,brics-odroid-014_cam1,54,left,good,4,5.797
p52-instrument-0034/034,brics-odroid-014_cam1,54,left,good,5,6.1115
p36-tea-0010/010,brics-odroid-007_cam1,252,right,good,-5,53.0471
p36-tea-0010/010,brics-odroid-007_cam1,252,right,good,-4,42.1781
p36-tea-0010/010,brics-odroid-007_cam1,252,right,good,-3,32.7693
p36-tea-0010/010,brics-odroid-007_cam1,252,right,good,-2,22.5549
p36-tea-0010/010,brics-odroid-007_cam1,252,right,good,-1,14.2867
p36-tea-0010/010,brics-odroid-007_cam1,252,right,good,0,6.699
p36-tea-0010/010,brics-odroid-007_cam1,252,right,good,1,10.472
p36-tea-0010/010,brics-odroid-007_cam1,252,right,good,2,20.7889
p36-tea-0010/010,brics-odroid-007_cam1,252,right,good,3,33.3239
p36-tea-0010/010,brics-odroid-007_cam1,252,right,good,4,44.2237
p36-tea-0010/010,brics-odroid-007_cam1,252,right,good,5,57.0063
p36-tea-0010/010,brics-odroid-015_cam0,303,right,good,-5,7.3685
p36-tea-0010/010,brics-odroid-015_cam0,303,right,good,-4,6.484
p36-tea-0010/010,brics-odroid-015_cam0,303,right,good,-3,5.7564
p36-tea-0010/010,brics-odroid-015_cam0,303,right,good,-2,5.686
p36-tea-0010/010,brics-odroid-015_cam0,303,right,good,-1,5.8494
p36-tea-0010/010,brics-odroid-015_cam0,303,right,good,0,5.0903
p36-tea-0010/010,brics-odroid-015_cam0,303,right,good,1,5.1828
p36-tea-0010/010,brics-odroid-015_cam0,303,right,good,2,5.8385
p36-tea-0010/010,brics-odroid-015_cam0,303,right,good,3,5.8725
p36-tea-0010/010,brics-odroid-015_cam0,303,right,good,4,6.5989
p36-tea-0010/010,brics-odroid-015_cam0,303,right,good,5,6.4801
p41-boxing-0021/021,brics-odroid-029_cam1,342,right,good,-5,8.3861
p41-boxing-0021/021,brics-odroid-029_cam1,342,right,good,-4,7.5106
p41-boxing-0021/021,brics-odroid-029_cam1,342,right,good,-3,7.5657
p41-boxing-0021/021,brics-odroid-029_cam1,342,right,good,-2,8.3962
p41-boxing-0021/021,brics-odroid-029_cam1,342,right,good,-1,8.1929
p41-boxing-0021/021,brics-odroid-029_cam1,342,right,good,0,9.0684
p41-boxing-0021/021,brics-odroid-029_cam1,342,right,good,1,9.1106
p41-boxing-0021/021,brics-odroid-029_cam1,342,right,good,2,9.3645
p41-boxing-0021/021,brics-odroid-029_cam1,342,right,good,3,9.8938
p41-boxing-0021/021,brics-odroid-029_cam1,342,right,good,4,10.3758
p41-boxing-0021/021,brics-odroid-029_cam1,342,right,good,5,10.3635
p44-dog-0004/004,brics-odroid-016_cam0,16,left,good,-5,10.1506
p44-dog-0004/004,brics-odroid-016_cam0,16,left,good,-4,10.5471
p44-dog-0004/004,brics-odroid-016_cam0,16,left,good,-3,8.7714
p44-dog-0004/004,brics-odroid-016_cam0,16,left,good,-2,6.8428
p44-dog-0004/004,brics-odroid-016_cam0,16,left,good,-1,5.3194
p44-dog-0004/004,brics-odroid-016_cam0,16,left,good,0,4.8891
p44-dog-0004/004,brics-odroid-016_cam0,16,left,good,1,6.9546
p44-dog-0004/004,brics-odroid-016_cam0,16,left,good,2,10.8585
p44-dog-0004/004,brics-odroid-016_cam0,16,left,good,3,12.1452
p44-dog-0004/004,brics-odroid-016_cam0,16,left,good,4,12.9476
p44-dog-0004/004,brics-odroid-016_cam0,16,left,good,5,12.238
p36-tea-0010/010,brics-odroid-012_cam1,286,right,good,-5,4.4208
p36-tea-0010/010,brics-odroid-012_cam1,286,right,good,-4,4.195
p36-tea-0010/010,brics-odroid-012_cam1,286,right,good,-3,3.7889
p36-tea-0010/010,brics-odroid-012_cam1,286,right,good,-2,3.9785
p36-tea-0010/010,brics-odroid-012_cam1,286,right,good,-1,3.7331
p36-tea-0010/010,brics-odroid-012_cam1,286,right,good,0,3.5759
p36-tea-0010/010,brics-odroid-012_cam1,286,right,good,1,3.2618
p36-tea-0010/010,brics-odroid-012_cam1,286,right,good,2,3.3239
p36-tea-0010/010,brics-odroid-012_cam1,286,right,good,3,4.1485
p36-tea-0010/010,brics-odroid-012_cam1,286,right,good,4,5.1653
p36-tea-0010/010,brics-odroid-012_cam1,286,right,good,5,4.968
p44-dog-0004/004,brics-odroid-006_cam0,0,right,good,0,6.39
p44-dog-0004/004,brics-odroid-006_cam0,0,right,good,1,6.5744
p44-dog-0004/004,brics-odroid-006_cam0,0,right,good,2,6.0815
p44-dog-0004/004,brics-odroid-006_cam0,0,right,good,3,6.1811
p44-dog-0004/004,brics-odroid-006_cam0,0,right,good,4,6.5701
p44-dog-0004/004,brics-odroid-006_cam0,0,right,good,5,5.5718
p52-instrument-0034/034,brics-odroid-015_cam0,12,left,good,-5,3.5286
p52-instrument-0034/034,brics-odroid-015_cam0,12,left,good,-4,3.2307
p52-instrument-0034/034,brics-odroid-015_cam0,12,left,good,-3,3.5735
p52-instrument-0034/034,brics-odroid-015_cam0,12,left,good,-2,3.0155
p52-instrument-0034/034,brics-odroid-015_cam0,12,left,good,-1,3.3018
p52-instrument-0034/034,brics-odroid-015_cam0,12,left,good,0,3.4319
p52-instrument-0034/034,brics-odroid-015_cam0,12,left,good,1,3.5964
p52-instrument-0034/034,brics-odroid-015_cam0,12,left,good,2,3.2296
p52-instrument-0034/034,brics-odroid-015_cam0,12,left,good,3,3.8496
p52-instrument-0034/034,brics-odroid-015_cam0,12,left,good,4,4.0904
p52-instrument-0034/034,brics-odroid-015_cam0,12,left,good,5,3.6875
p52-instrument-0034/034,brics-odroid-012_cam1,0,left,good,0,4.562
p52-instrument-0034/034,brics-odroid-012_cam1,0,left,good,1,4.3503
p52-instrument-0034/034,brics-odroid-012_cam1,0,left,good,2,4.1877
p52-instrument-0034/034,brics-odroid-012_cam1,0,left,good,3,3.4419
p52-instrument-0034/034,brics-odroid-012_cam1,0,left,good,4,3.9116
p52-instrument-0034/034,brics-odroid-012_cam1,0,left,good,5,3.6481
p36-tea-0010/010,brics-odroid-015_cam1,153,right,good,-5,4.4049
p36-tea-0010/010,brics-odroid-015_cam1,153,right,good,-4,4.0894
p36-tea-0010/010,brics-odroid-015_cam1,153,right,good,-3,4.1479
p36-tea-0010/010,brics-odroid-015_cam1,153,right,good,-2,4.5485
p36-tea-0010/010,brics-odroid-015_cam1,153,right,good,-1,4.488
p36-tea-0010/010,brics-odroid-015_cam1,153,right,good,0,4.1855
p36-tea-0010/010,brics-odroid-015_cam1,153,right,good,1,4.4901
p36-tea-0010/010,brics-odroid-015_cam1,153,right,good,2,5.566
p36-tea-0010/010,brics-odroid-015_cam1,153,right,good,3,5.4668
p36-tea-0010/010,brics-odroid-015_cam1,153,right,good,4,6.5174
p36-tea-0010/010,brics-odroid-015_cam1,153,right,good,5,6.372
p52-instrument-0034/034,brics-odroid-021_cam0,72,right,good,-5,36.0955
p52-instrument-0034/034,brics-odroid-021_cam0,72,right,good,-4,30.4492
p52-instrument-0034/034,brics-odroid-021_cam0,72,right,good,-3,23.8567
p52-instrument-0034/034,brics-odroid-021_cam0,72,right,good,-2,15.9637
p52-instrument-0034/034,brics-odroid-021_cam0,72,right,good,-1,10.347
p52-instrument-0034/034,brics-odroid-021_cam0,72,right,good,0,5.0688
p52-instrument-0034/034,brics-odroid-021_cam0,72,right,good,1,5.2003
p52-instrument-0034/034,brics-odroid-021_cam0,72,right,good,2,9.3872
p52-instrument-0034/034,brics-odroid-021_cam0,72,right,good,3,14.7158
p52-instrument-0034/034,brics-odroid-021_cam0,72,right,good,4,16.0293
p52-instrument-0034/034,brics-odroid-021_cam0,72,right,good,5,15.3362
p52-instrument-0034/034,brics-odroid-025_cam0,102,left,good,-5,7.0078
p52-instrument-0034/034,brics-odroid-025_cam0,102,left,good,-4,7.8987
p52-instrument-0034/034,brics-odroid-025_cam0,102,left,good,-3,7.9031
p52-instrument-0034/034,brics-odroid-025_cam0,102,left,good,-2,7.1692
p52-instrument-0034/034,brics-odroid-025_cam0,102,left,good,-1,6.406
p52-instrument-0034/034,brics-odroid-025_cam0,102,left,good,0,7.623
p52-instrument-0034/034,brics-odroid-025_cam0,102,left,good,1,6.9121
p52-instrument-0034/034,brics-odroid-025_cam0,102,left,good,2,6.6459
p52-instrument-0034/034,brics-odroid-025_cam0,102,left,good,3,6.8163
p52-instrument-0034/034,brics-odroid-025_cam0,102,left,good,4,7.4275
p52-instrument-0034/034,brics-odroid-025_cam0,102,left,good,5,6.4597
p52-instrument-0034/034,brics-odroid-002_cam0,102,right,good,-5,14.7261
p52-instrument-0034/034,brics-odroid-002_cam0,102,right,good,-4,10.704
p52-instrument-0034/034,brics-odroid-002_cam0,102,right,good,-3,9.065
p52-instrument-0034/034,brics-odroid-002_cam0,102,right,good,-2,7.1445
p52-instrument-0034/034,brics-odroid-002_cam0,102,right,good,-1,5.8939
p52-instrument-0034/034,brics-odroid-002_cam0,102,right,good,0,6.0985
p52-instrument-0034/034,brics-odroid-002_cam0,102,right,good,1,6.55
p52-instrument-0034/034,brics-odroid-002_cam0,102,right,good,2,8.4995
p52-instrument-0034/034,brics-odroid-002_cam0,102,right,good,3,8.2892
p52-instrument-0034/034,brics-odroid-002_cam0,102,right,good,4,9.4693
p52-instrument-0034/034,brics-odroid-002_cam0,102,right,good,5,10.3485
p44-dog-0004/004,brics-odroid-012_cam0,144,right,good,-5,12.9513
p44-dog-0004/004,brics-odroid-012_cam0,144,right,good,-4,9.5628
p44-dog-0004/004,brics-odroid-012_cam0,144,right,good,-3,8.4224
p44-dog-0004/004,brics-odroid-012_cam0,144,right,good,-2,7.6466
p44-dog-0004/004,brics-odroid-012_cam0,144,right,good,-1,7.2115
p44-dog-0004/004,brics-odroid-012_cam0,144,right,good,0,5.9732
p44-dog-0004/004,brics-odroid-012_cam0,144,right,good,1,6.2118
p44-dog-0004/004,brics-odroid-012_cam0,144,right,good,2,7.9316
p44-dog-0004/004,brics-odroid-012_cam0,144,right,good,3,8.5845
p44-dog-0004/004,brics-odroid-012_cam0,144,right,good,4,9.6759
p44-dog-0004/004,brics-odroid-012_cam0,144,right,good,5,10.4575
p41-boxing-0021/021,brics-odroid-029_cam1,270,left,good,-5,120.9104
p41-boxing-0021/021,brics-odroid-029_cam1,270,left,good,-4,122.3752
p41-boxing-0021/021,brics-odroid-029_cam1,270,left,good,-3,111.1876
p41-boxing-0021/021,brics-odroid-029_cam1,270,left,good,-2,88.2469
p41-boxing-0021/021,brics-odroid-029_cam1,270,left,good,-1,54.6176
p41-boxing-0021/021,brics-odroid-029_cam1,270,left,good,0,9.0016
p41-boxing-0021/021,brics-odroid-029_cam1,270,left,good,1,53.3209
p41-boxing-0021/021,brics-odroid-029_cam1,270,left,good,2,108.7618
p41-boxing-0021/021,brics-odroid-029_cam1,270,left,good,3,162.926
p41-boxing-0021/021,brics-odroid-029_cam1,270,left,good,4,224.823
p41-boxing-0021/021,brics-odroid-029_cam1,270,left,good,5,282.1705
p41-boxing-0021/021,brics-odroid-007_cam0,54,right,good,-5,4.519
p41-boxing-0021/021,brics-odroid-007_cam0,54,right,good,-4,3.158
p41-boxing-0021/021,brics-odroid-007_cam0,54,right,good,-3,5.7365
p41-boxing-0021/021,brics-odroid-007_cam0,54,right,good,-2,5.4085
p41-boxing-0021/021,brics-odroid-007_cam0,54,right,good,-1,4.6187
p41-boxing-0021/021,brics-odroid-007_cam0,54,right,good,0,2.9383
p41-boxing-0021/021,brics-odroid-007_cam0,54,right,good,1,4.1071
p41-boxing-0021/021,brics-odroid-007_cam0,54,right,good,2,3.6995
p41-boxing-0021/021,brics-odroid-007_cam0,54,right,good,3,3.0978
p41-boxing-0021/021,brics-odroid-007_cam0,54,right,good,4,3.1238
p41-boxing-0021/021,brics-odroid-007_cam0,54,right,good,5,2.8015
p41-plant-0004/004,brics-odroid-011_cam0,96,left,good,-5,12.5046
p41-plant-0004/004,brics-odroid-011_cam0,96,left,good,-4,12.7171
p41-plant-0004/004,brics-odroid-011_cam0,96,left,good,-3,8.7107
p41-plant-0004/004,brics-odroid-011_cam0,96,left,good,-2,8.1046
p41-plant-0004/004,brics-odroid-011_cam0,96,left,good,-1,6.3614
p41-plant-0004/004,brics-odroid-011_cam0,96,left,good,0,4.9655
p41-plant-0004/004,brics-odroid-011_cam0,96,left,good,1,3.1258
p41-plant-0004/004,brics-odroid-011_cam0,96,left,good,2,3.6019
p41-plant-0004/004,brics-odroid-011_cam0,96,left,good,3,6.6396
p41-plant-0004/004,brics-odroid-011_cam0,96,left,good,4,6.7276
p41-plant-0004/004,brics-odroid-011_cam0,96,left,good,5,6.1588
p41-plant-0004/004,brics-odroid-007_cam1,144,left,good,-5,8.0637
p41-plant-0004/004,brics-odroid-007_cam1,144,left,good,-4,7.581
p41-plant-0004/004,brics-odroid-007_cam1,144,left,good,-3,7.331
p41-plant-0004/004,brics-odroid-007_cam1,144,left,good,-2,7.3775
p41-plant-0004/004,brics-odroid-007_cam1,144,left,good,-1,6.3597
p41-plant-0004/004,brics-odroid-007_cam1,144,left,good,0,7.4478
p41-plant-0004/004,brics-odroid-007_cam1,144,left,good,1,6.8141
p41-plant-0004/004,brics-odroid-007_cam1,144,left,good,2,7.4864
p41-plant-0004/004,brics-odroid-007_cam1,144,left,good,3,8.4169
p41-plant-0004/004,brics-odroid-007_cam1,144,left,good,4,8.1682
p41-plant-0004/004,brics-odroid-007_cam1,144,left,good,5,8.111
p52-instrument-0034/034,brics-odroid-007_cam1,114,left,good,-5,2.8119
p52-instrument-0034/034,brics-odroid-007_cam1,114,left,good,-4,2.7726
p52-instrument-0034/034,brics-odroid-007_cam1,114,left,good,-3,2.9805
p52-instrument-0034/034,brics-odroid-007_cam1,114,left,good,-2,2.6918
p52-instrument-0034/034,brics-odroid-007_cam1,114,left,good,-1,2.6863
p52-instrument-0034/034,brics-odroid-007_cam1,114,left,good,0,2.6733
p52-instrument-0034/034,brics-odroid-007_cam1,114,left,good,1,2.979
p52-instrument-0034/034,brics-odroid-007_cam1,114,left,good,2,2.9481
p52-instrument-0034/034,brics-odroid-007_cam1,114,left,good,3,3.3916
p52-instrument-0034/034,brics-odroid-007_cam1,114,left,good,4,3.5064
p52-instrument-0034/034,brics-odroid-007_cam1,114,left,good,5,2.8618
p36-tea-0010/010,brics-odroid-019_cam1,303,right,good,-5,12.5183
p36-tea-0010/010,brics-odroid-019_cam1,303,right,good,-4,10.6699
p36-tea-0010/010,brics-odroid-019_cam1,303,right,good,-3,9.1078
p36-tea-0010/010,brics-odroid-019_cam1,303,right,good,-2,8.0388
p36-tea-0010/010,brics-odroid-019_cam1,303,right,good,-1,9.613
p36-tea-0010/010,brics-odroid-019_cam1,303,right,good,0,8.6552
p36-tea-0010/010,brics-odroid-019_cam1,303,right,good,1,8.4678
p36-tea-0010/010,brics-odroid-019_cam1,303,right,good,2,8.8159
p36-tea-0010/010,brics-odroid-019_cam1,303,right,good,3,8.876
p36-tea-0010/010,brics-odroid-019_cam1,303,right,good,4,8.7551
p36-tea-0010/010,brics-odroid-019_cam1,303,right,good,5,9.2645
p41-boxing-0021/021,brics-odroid-030_cam0,270,left,good,-5,118.2319
p41-boxing-0021/021,brics-odroid-030_cam0,270,left,good,-4,119.8757
p41-boxing-0021/021,brics-odroid-030_cam0,270,left,good,-3,110.1824
p41-boxing-0021/021,brics-odroid-030_cam0,270,left,good,-2,91.1514
p41-boxing-0021/021,brics-odroid-030_cam0,270,left,good,-1,53.2083
p41-boxing-0021/021,brics-odroid-030_cam0,270,left,good,0,5.0328
p41-boxing-0021/021,brics-odroid-030_cam0,270,left,good,1,60.8967
p41-boxing-0021/021,brics-odroid-030_cam0,270,left,good,2,135.2514
p41-boxing-0021/021,brics-odroid-030_cam0,270,left,good,3,211.0011
p41-boxing-0021/021,brics-odroid-030_cam0,270,left,good,4,295.0692
p41-boxing-0021/021,brics-odroid-030_cam0,270,left,good,5,368.5991
p52-instrument-0034/034,brics-odroid-009_cam1,0,left,good,0,4.24
p52-instrument-0034/034,brics-odroid-009_cam1,0,left,good,1,4.4656
p52-instrument-0034/034,brics-odroid-009_cam1,0,left,good,2,4.5846
p52-instrument-0034/034,brics-odroid-009_cam1,0,left,good,3,4.3102
p52-instrument-0034/034,brics-odroid-009_cam1,0,left,good,4,4.4564
p52-instrument-0034/034,brics-odroid-009_cam1,0,left,good,5,4.492
p52-instrument-0034/034,brics-odroid-006_cam0,102,right,good,-5,8.617
p52-instrument-0034/034,brics-odroid-006_cam0,102,right,good,-4,5.8612
p52-instrument-0034/034,brics-odroid-006_cam0,102,right,good,-3,5.9554
p52-instrument-0034/034,brics-odroid-006_cam0,102,right,good,-2,5.3726
p52-instrument-0034/034,brics-odroid-006_cam0,102,right,good,-1,4.4262
p52-instrument-0034/034,brics-odroid-006_cam0,102,right,good,0,4.7323
p52-instrument-0034/034,brics-odroid-006_cam0,102,right,good,1,4.7042
p52-instrument-0034/034,brics-odroid-006_cam0,102,right,good,2,6.0705
p52-instrument-0034/034,brics-odroid-006_cam0,102,right,good,3,5.8509
p52-instrument-0034/034,brics-odroid-006_cam0,102,right,good,4,6.3069
p52-instrument-0034/034,brics-odroid-006_cam0,102,right,good,5,6.846
p36-tea-0010/010,brics-odroid-026_cam0,171,right,good,-5,4.4746
p36-tea-0010/010,brics-odroid-026_cam0,171,right,good,-4,3.9
p36-tea-0010/010,brics-odroid-026_cam0,171,right,good,-3,3.2261
p36-tea-0010/010,brics-odroid-026_cam0,171,right,good,-2,99765.164
p36-tea-0010/010,brics-odroid-026_cam0,171,right,good,-1,4.2692
p36-tea-0010/010,brics-odroid-026_cam0,171,right,good,0,5.1899
p36-tea-0010/010,brics-odroid-026_cam0,171,right,good,1,6.5631
p36-tea-0010/010,brics-odroid-026_cam0,171,right,good,2,99765.164
p36-tea-0010/010,brics-odroid-026_cam0,171,right,good,3,99765.164
p36-tea-0010/010,brics-odroid-026_cam0,171,right,good,4,9.6142
p36-tea-0010/010,brics-odroid-026_cam0,171,right,good,5,99765.164
p41-plant-0004/004,brics-odroid-012_cam0,112,left,good,-5,17.4805
p41-plant-0004/004,brics-odroid-012_cam0,112,left,good,-4,22.5221
p41-plant-0004/004,brics-odroid-012_cam0,112,left,good,-3,19.3218
p41-plant-0004/004,brics-odroid-012_cam0,112,left,good,-2,10.0902
p41-plant-0004/004,brics-odroid-012_cam0,112,left,good,-1,5.9395
p41-plant-0004/004,brics-odroid-012_cam0,112,left,good,0,6.9921
p41-plant-0004/004,brics-odroid-012_cam0,112,left,good,1,14.525
p41-plant-0004/004,brics-odroid-012_cam0,112,left,good,2,24.0498
p41-plant-0004/004,brics-odroid-012_cam0,112,left,good,3,25.6461
p41-plant-0004/004,brics-odroid-012_cam0,112,left,good,4,20.0813
p41-plant-0004/004,brics-odroid-012_cam0,112,left,good,5,15.6604
p41-plant-0004/004,brics-odroid-021_cam0,152,right,good,-5,4.2186
p41-plant-0004/004,brics-odroid-021_cam0,152,right,good,-4,4.6842
p41-plant-0004/004,brics-odroid-021_cam0,152,right,good,-3,4.6434
p41-plant-0004/004,brics-odroid-021_cam0,152,right,good,-2,4.993
p41-plant-0004/004,brics-odroid-021_cam0,152,right,good,-1,4.7624
p41-plant-0004/004,brics-odroid-021_cam0,152,right,good,0,4.8305
p41-plant-0004/004,brics-odroid-021_cam0,152,right,good,1,4.5937
p41-plant-0004/004,brics-odroid-021_cam0,152,right,good,2,4.7288
p41-plant-0004/004,brics-odroid-021_cam0,152,right,good,3,4.9198
p41-plant-0004/004,brics-odroid-021_cam0,152,right,good,4,5.2869
p41-plant-0004/004,brics-odroid-021_cam0,152,right,good,5,5.1204
p44-dog-0004/004,brics-odroid-012_cam1,160,right,good,-5,9.014
p44-dog-0004/004,brics-odroid-012_cam1,160,right,good,-4,7.2168
p44-dog-0004/004,brics-odroid-012_cam1,160,right,good,-3,5.7212
p44-dog-0004/004,brics-odroid-012_cam1,160,right,good,-2,5.3096
p44-dog-0004/004,brics-odroid-012_cam1,160,right,good,-1,4.6945
p44-dog-0004/004,brics-odroid-012_cam1,160,right,good,0,5.5976
p44-dog-0004/004,brics-odroid-012_cam1,160,right,good,1,6.5527
p44-dog-0004/004,brics-odroid-012_cam1,160,right,good,2,6.0119
p44-dog-0004/004,brics-odroid-012_cam1,160,right,good,3,6.4713
p44-dog-0004/004,brics-odroid-012_cam1,160,right,good,4,5.739
p44-dog-0004/004,brics-odroid-012_cam1,160,right,good,5,5.1006
p41-plant-0004/004,brics-odroid-007_cam0,104,right,good,-5,9.634
p41-plant-0004/004,brics-odroid-007_cam0,104,right,good,-4,6.3545
p41-plant-0004/004,brics-odroid-007_cam0,104,right,good,-3,13.703
p41-plant-0004/004,brics-odroid-007_cam0,104,right,good,-2,15.4791
p41-plant-0004/004,brics-odroid-007_cam0,104,right,good,-1,11.1906
p41-plant-0004/004,brics-odroid-007_cam0,104,right,good,0,4.844
p41-plant-0004/004,brics-odroid-007_cam0,104,right,good,1,4.3964
p41-plant-0004/004,brics-odroid-007_cam0,104,right,good,2,6.1767
p41-plant-0004/004,brics-odroid-007_cam0,104,right,good,3,12.6275
p41-plant-0004/004,brics-odroid-007_cam0,104,right,good,4,13.4833
p41-plant-0004/004,brics-odroid-007_cam0,104,right,good,5,10.687
p52-instrument-0034/034,brics-odroid-024_cam1,48,right,good,-5,42.0368
p52-instrument-0034/034,brics-odroid-024_cam1,48,right,good,-4,34.6728
p52-instrument-0034/034,brics-odroid-024_cam1,48,right,good,-3,28.0027
p52-instrument-0034/034,brics-odroid-024_cam1,48,right,good,-2,20.4767
p52-instrument-0034/034,brics-odroid-024_cam1,48,right,good,-1,10.3646
p52-instrument-0034/034,brics-odroid-024_cam1,48,right,good,0,3.1196
p52-instrument-0034/034,brics-odroid-024_cam1,48,right,good,1,8.7989
p52-instrument-0034/034,brics-odroid-024_cam1,48,right,good,2,16.36
p52-instrument-0034/034,brics-odroid-024_cam1,48,right,good,3,32.2102
p52-instrument-0034/034,brics-odroid-024_cam1,48,right,good,4,46.398
p52-instrument-0034/034,brics-odroid-024_cam1,48,right,good,5,58.4537
p44-dog-0004/004,brics-odroid-020_cam0,112,left,good,-5,32.0391
p44-dog-0004/004,brics-odroid-020_cam0,112,left,good,-4,28.45
p44-dog-0004/004,brics-odroid-020_cam0,112,left,good,-3,21.9361
p44-dog-0004/004,brics-odroid-020_cam0,112,left,good,-2,17.0975
p44-dog-0004/004,brics-odroid-020_cam0,112,left,good,-1,11.5928
p44-dog-0004/004,brics-odroid-020_cam0,112,left,good,0,8.9177
p44-dog-0004/004,brics-odroid-020_cam0,112,left,good,1,7.9411
p44-dog-0004/004,brics-odroid-020_cam0,112,left,good,2,9.1032
p44-dog-0004/004,brics-odroid-020_cam0,112,left,good,3,11.5279
p44-dog-0004/004,brics-odroid-020_cam0,112,left,good,4,15.8249
p44-dog-0004/004,brics-odroid-020_cam0,112,left,good,5,18.5414
p52-instrument-0034/034,brics-odroid-024_cam0,84,left,good,-5,6.6353
p52-instrument-0034/034,brics-odroid-024_cam0,84,left,good,-4,6.8501
p52-instrument-0034/034,brics-odroid-024_cam0,84,left,good,-3,6.232
p52-instrument-0034/034,brics-odroid-024_cam0,84,left,good,-2,6.7253
p52-instrument-0034/034,brics-odroid-024_cam0,84,left,good,-1,5.9901
p52-instrument-0034/034,brics-odroid-024_cam0,84,left,good,0,6.2832
p52-instrument-0034/034,brics-odroid-024_cam0,84,left,good,1,6.431
p52-instrument-0034/034,brics-odroid-024_cam0,84,left,good,2,5.6536
p52-instrument-0034/034,brics-odroid-024_cam0,84,left,good,3,6.1615
p52-instrument-0034/034,brics-odroid-024_cam0,84,left,good,4,5.914
p52-instrument-0034/034,brics-odroid-024_cam0,84,left,good,5,5.8695
p41-plant-0004/004,brics-odroid-022_cam1,40,right,good,-5,42.6418
p41-plant-0004/004,brics-odroid-022_cam1,40,right,good,-4,42.3602
p41-plant-0004/004,brics-odroid-022_cam1,40,right,good,-3,30.6197
p41-plant-0004/004,brics-odroid-022_cam1,40,right,good,-2,19.8432
p41-plant-0004/004,brics-odroid-022_cam1,40,right,good,-1,8.4064
p41-plant-0004/004,brics-odroid-022_cam1,40,right,good,0,6.351
p41-plant-0004/004,brics-odroid-022_cam1,40,right,good,1,9.5732
p41-plant-0004/004,brics-odroid-022_cam1,40,right,good,2,21.9581
p41-plant-0004/004,brics-odroid-022_cam1,40,right,good,3,23.6419
p41-plant-0004/004,brics-odroid-022_cam1,40,right,good,4,18.8743
p41-plant-0004/004,brics-odroid-022_cam1,40,right,good,5,11.9335
p41-boxing-0021/021,brics-odroid-020_cam1,0,left,good,0,4.849
p41-boxing-0021/021,brics-odroid-020_cam1,0,left,good,1,3.7903
p41-boxing-0021/021,brics-odroid-020_cam1,0,left,good,2,3.8874
p41-boxing-0021/021,brics-odroid-020_cam1,0,left,good,3,4.4297
p41-boxing-0021/021,brics-odroid-020_cam1,0,left,good,4,4.617
p41-boxing-0021/021,brics-odroid-020_cam1,0,left,good,5,5.2656
p41-plant-0004/004,brics-odroid-009_cam1,48,right,good,-5,11.4226
p41-plant-0004/004,brics-odroid-009_cam1,48,right,good,-4,8.788
p41-plant-0004/004,brics-odroid-009_cam1,48,right,good,-3,15.0961
p41-plant-0004/004,brics-odroid-009_cam1,48,right,good,-2,18.4657
p41-plant-0004/004,brics-odroid-009_cam1,48,right,good,-1,9.1568
p41-plant-0004/004,brics-odroid-009_cam1,48,right,good,0,5.219
p41-plant-0004/004,brics-odroid-009_cam1,48,right,good,1,5.1987
p41-plant-0004/004,brics-odroid-009_cam1,48,right,good,2,16.0814
p41-plant-0004/004,brics-odroid-009_cam1,48,right,good,3,19.9552
p41-plant-0004/004,brics-odroid-009_cam1,48,right,good,4,13.0985
p41-plant-0004/004,brics-odroid-009_cam1,48,right,good,5,14.8894
p44-dog-0004/004,brics-odroid-024_cam0,96,right,good,-5,6.7095
p44-dog-0004/004,brics-odroid-024_cam0,96,right,good,-4,6.0124
p44-dog-0004/004,brics-odroid-024_cam0,96,right,good,-3,5.0057
p44-dog-0004/004,brics-odroid-024_cam0,96,right,good,-2,5.7806
p44-dog-0004/004,brics-odroid-024_cam0,96,right,good,-1,6.1501
p44-dog-0004/004,brics-odroid-024_cam0,96,right,good,0,6.1966
p44-dog-0004/004,brics-odroid-024_cam0,96,right,good,1,7.4238
p44-dog-0004/004,brics-odroid-024_cam0,96,right,good,2,8.6367
p44-dog-0004/004,brics-odroid-024_cam0,96,right,good,3,7.238
p44-dog-0004/004,brics-odroid-024_cam0,96,right,good,4,7.952
p44-dog-0004/004,brics-odroid-024_cam0,96,right,good,5,7.4674
p36-tea-0010/010,brics-odroid-002_cam0,0,left,good,0,9.6594
p36-tea-0010/010,brics-odroid-002_cam0,0,left,good,1,9.5359
p36-tea-0010/010,brics-odroid-002_cam0,0,left,good,2,9.3284
p36-tea-0010/010,brics-odroid-002_cam0,0,left,good,3,9.7991
p36-tea-0010/010,brics-odroid-002_cam0,0,left,good,4,11.6586
p36-tea-0010/010,brics-odroid-002_cam0,0,left,good,5,14.429
p44-dog-0004/004,brics-odroid-014_cam1,256,left,good,-5,13.7755
p44-dog-0004/004,brics-odroid-014_cam1,256,left,good,-4,9.3347
p44-dog-0004/004,brics-odroid-014_cam1,256,left,good,-3,8.0695
p44-dog-0004/004,brics-odroid-014_cam1,256,left,good,-2,7.9114
p44-dog-0004/004,brics-odroid-014_cam1,256,left,good,-1,9.1851
p44-dog-0004/004,brics-odroid-014_cam1,256,left,good,0,9.5687
p44-dog-0004/004,brics-odroid-014_cam1,256,left,good,1,9.3997
p44-dog-0004/004,brics-odroid-014_cam1,256,left,good,2,5.3206
p44-dog-0004/004,brics-odroid-014_cam1,256,left,good,3,6.8725
p44-dog-0004/004,brics-odroid-014_cam1,256,left,good,4,7.0138
p44-dog-0004/004,brics-odroid-014_cam1,256,left,good,5,9.9136
p52-instrument-0034/034,brics-odroid-020_cam1,60,left,good,-5,10.7508
p52-instrument-0034/034,brics-odroid-020_cam1,60,left,good,-4,11.3534
p52-instrument-0034/034,brics-odroid-020_cam1,60,left,good,-3,9.4359
p52-instrument-0034/034,brics-odroid-020_cam1,60,left,good,-2,11.1155
p52-instrument-0034/034,brics-odroid-020_cam1,60,left,good,-1,10.6822
p52-instrument-0034/034,brics-odroid-020_cam1,60,left,good,0,9.0406
p52-instrument-0034/034,brics-odroid-020_cam1,60,left,good,1,9.766
p52-instrument-0034/034,brics-odroid-020_cam1,60,left,good,2,10.7638
p52-instrument-0034/034,brics-odroid-020_cam1,60,left,good,3,11.0309
p52-instrument-0034/034,brics-odroid-020_cam1,60,left,good,4,10.2
p52-instrument-0034/034,brics-odroid-020_cam1,60,left,good,5,9.9543
p52-instrument-0034/034,brics-odroid-011_cam0,48,right,good,-5,35.9341
p52-instrument-0034/034,brics-odroid-011_cam0,48,right,good,-4,26.9534
p52-instrument-0034/034,brics-odroid-011_cam0,48,right,good,-3,19.3241
p52-instrument-0034/034,brics-odroid-011_cam0,48,right,good,-2,12.6636
p52-instrument-0034/034,brics-odroid-011_cam0,48,right,good,-1,6.7823
p52-instrument-0034/034,brics-odroid-011_cam0,48,right,good,0,2.098
p52-instrument-0034/034,brics-odroid-011_cam0,48,right,good,1,5.9472
p52-instrument-0034/034,brics-odroid-011_cam0,48,right,good,2,12.7865
p52-instrument-0034/034,brics-odroid-011_cam0,48,right,good,3,18.8589
p52-instrument-0034/034,brics-odroid-011_cam0,48,right,good,4,27.7816
p52-instrument-0034/034,brics-odroid-011_cam0,48,right,good,5,33.6015
p52-instrument-0034/034,brics-odroid-015_cam0,42,right,good,-5,42.0188
p52-instrument-0034/034,brics-odroid-015_cam0,42,right,good,-4,38.0437
p52-instrument-0034/034,brics-odroid-015_cam0,42,right,good,-3,32.7225
p52-instrument-0034/034,brics-odroid-015_cam0,42,right,good,-2,23.4923
p52-instrument-0034/034,brics-odroid-015_cam0,42,right,good,-1,13.3478
p52-instrument-0034/034,brics-odroid-015_cam0,42,right,good,0,4.9941
p52-instrument-0034/034,brics-odroid-015_cam0,42,right,good,1,8.3359
p52-instrument-0034/034,brics-odroid-015_cam0,42,right,good,2,18.3786
p52-instrument-0034/034,brics-odroid-015_cam0,42,right,good,3,26.838
p52-instrument-0034/034,brics-odroid-015_cam0,42,right,good,4,32.2424
p52-instrument-0034/034,brics-odroid-015_cam0,42,right,good,5,36.08
p44-dog-0004/004,brics-odroid-020_cam1,32,left,good,-5,23.1105
p44-dog-0004/004,brics-odroid-020_cam1,32,left,good,-4,21.1192
p44-dog-0004/004,brics-odroid-020_cam1,32,left,good,-3,16.8475
p44-dog-0004/004,brics-odroid-020_cam1,32,left,good,-2,13.2478
p44-dog-0004/004,brics-odroid-020_cam1,32,left,good,-1,6.1463
p44-dog-0004/004,brics-odroid-020_cam1,32,left,good,0,6.4487
p44-dog-0004/004,brics-odroid-020_cam1,32,left,good,1,8.6182
p44-dog-0004/004,brics-odroid-020_cam1,32,left,good,2,10.0878
p44-dog-0004/004,brics-odroid-020_cam1,32,left,good,3,10.1806
p44-dog-0004/004,brics-odroid-020_cam1,32,left,good,4,6.4014
p44-dog-0004/004,brics-odroid-020_cam1,32,left,good,5,7.3677
p36-tea-0010/010,brics-odroid-002_cam0,68,right,good,-5,29.0466
p36-tea-0010/010,brics-odroid-002_cam0,68,right,good,-4,20.8117
p36-tea-0010/010,brics-odroid-002_cam0,68,right,good,-3,14.3477
p36-tea-0010/010,brics-odroid-002_cam0,68,right,good,-2,8.8706
p36-tea-0010/010,brics-odroid-002_cam0,68,right,good,-1,6.3129
p36-tea-0010/010,brics-odroid-002_cam0,68,right,good,0,7.8546
p36-tea-0010/010,brics-odroid-002_cam0,68,right,good,1,9.1432
p36-tea-0010/010,brics-odroid-002_cam0,68,right,good,2,10.5387
p36-tea-0010/010,brics-odroid-002_cam0,68,right,good,3,11.5237
p36-tea-0010/010,brics-odroid-002_cam0,68,right,good,4,14.0966
p36-tea-0010/010,brics-odroid-002_cam0,68,right,good,5,15.7264
p44-dog-0004/004,brics-odroid-007_cam1,80,right,good,-5,5.4599
p44-dog-0004/004,brics-odroid-007_cam1,80,right,good,-4,4.7852
p44-dog-0004/004,brics-odroid-007_cam1,80,right,good,-3,5.0433
p44-dog-0004/004,brics-odroid-007_cam1,80,right,good,-2,4.8716
p44-dog-0004/004,brics-odroid-007_cam1,80,right,good,-1,4.8061
p44-dog-0004/004,brics-odroid-007_cam1,80,right,good,0,5.3156
p44-dog-0004/004,brics-odroid-007_cam1,80,right,good,1,4.4335
p44-dog-0004/004,brics-odroid-007_cam1,80,right,good,2,5.5294
p44-dog-0004/004,brics-odroid-007_cam1,80,right,good,3,5.6901
p44-dog-0004/004,brics-odroid-007_cam1,80,right,good,4,5.8152
p44-dog-0004/004,brics-odroid-007_cam1,80,right,good,5,6.2418
p44-dog-0004/004,brics-odroid-011_cam0,304,right,good,-5,6.5574
p44-dog-0004/004,brics-odroid-011_cam0,304,right,good,-4,6.0319
p44-dog-0004/004,brics-odroid-011_cam0,304,right,good,-3,5.1072
p44-dog-0004/004,brics-odroid-011_cam0,304,right,good,-2,4.9589
p44-dog-0004/004,brics-odroid-011_cam0,304,right,good,-1,2.6813
p44-dog-0004/004,brics-odroid-011_cam0,304,right,good,0,3.1593
p44-dog-0004/004,brics-odroid-011_cam0,304,right,good,1,5.8737
p44-dog-0004/004,brics-odroid-011_cam0,304,right,good,2,9.7762
p44-dog-0004/004,brics-odroid-011_cam0,304,right,good,3,12.2663
p44-dog-0004/004,brics-odroid-011_cam0,304,right,good,4,18.0856
p44-dog-0004/004,brics-odroid-011_cam0,304,right,good,5,22.503
p44-dog-0004/004,brics-odroid-016_cam0,176,right,good,-5,9.4373
p44-dog-0004/004,brics-odroid-016_cam0,176,right,good,-4,8.5766
p44-dog-0004/004,brics-odroid-016_cam0,176,right,good,-3,8.3014
p44-dog-0004/004,brics-odroid-016_cam0,176,right,good,-2,8.4051
p44-dog-0004/004,brics-odroid-016_cam0,176,right,good,-1,8.2749
p44-dog-0004/004,brics-odroid-016_cam0,176,right,good,0,7.9936
p44-dog-0004/004,brics-odroid-016_cam0,176,right,good,1,8.0343
p44-dog-0004/004,brics-odroid-016_cam0,176,right,good,2,10.6368
p44-dog-0004/004,brics-odroid-016_cam0,176,right,good,3,11.6845
p44-dog-0004/004,brics-odroid-016_cam0,176,right,good,4,13.6041
p44-dog-0004/004,brics-odroid-016_cam0,176,right,good,5,14.1308
p52-instrument-0034/034,brics-odroid-022_cam1,12,right,good,-5,17.709
p52-instrument-0034/034,brics-odroid-022_cam1,12,right,good,-4,16.1874
p52-instrument-0034/034,brics-odroid-022_cam1,12,right,good,-3,14.6253
p52-instrument-0034/034,brics-odroid-022_cam1,12,right,good,-2,11.6702
p52-instrument-0034/034,brics-odroid-022_cam1,12,right,good,-1,7.9047
p52-instrument-0034/034,brics-odroid-022_cam1,12,right,good,0,4.4684
p52-instrument-0034/034,brics-odroid-022_cam1,12,right,good,1,8.0018
p52-instrument-0034/034,brics-odroid-022_cam1,12,right,good,2,11.8135
p52-instrument-0034/034,brics-odroid-022_cam1,12,right,good,3,14.2902
p52-instrument-0034/034,brics-odroid-022_cam1,12,right,good,4,14.2066
p52-instrument-0034/034,brics-odroid-022_cam1,12,right,good,5,13.4622
p36-tea-0010/010,brics-odroid-009_cam1,0,right,good,0,4.1821
p36-tea-0010/010,brics-odroid-009_cam1,0,right,good,1,4.4383
p36-tea-0010/010,brics-odroid-009_cam1,0,right,good,2,4.6407
p36-tea-0010/010,brics-odroid-009_cam1,0,right,good,3,5.7369
p36-tea-0010/010,brics-odroid-009_cam1,0,right,good,4,7.3939
p36-tea-0010/010,brics-odroid-009_cam1,0,right,good,5,8.2529
p41-plant-0004/004,brics-odroid-015_cam1,56,right,good,-5,82.7927
p41-plant-0004/004,brics-odroid-015_cam1,56,right,good,-4,75.7862
p41-plant-0004/004,brics-odroid-015_cam1,56,right,good,-3,57.2115
p41-plant-0004/004,brics-odroid-015_cam1,56,right,good,-2,30.1092
p41-plant-0004/004,brics-odroid-015_cam1,56,right,good,-1,9.4883
p41-plant-0004/004,brics-odroid-015_cam1,56,right,good,0,4.9377
p41-plant-0004/004,brics-odroid-015_cam1,56,right,good,1,10.5147
p41-plant-0004/004,brics-odroid-015_cam1,56,right,good,2,23.337
p41-plant-0004/004,brics-odroid-015_cam1,56,right,good,3,31.5976
p41-plant-0004/004,brics-odroid-015_cam1,56,right,good,4,27.6581
p41-plant-0004/004,brics-odroid-015_cam1,56,right,good,5,21.6274
p41-boxing-0021/021,brics-odroid-030_cam1,252,right,good,-5,45.6454
p41-boxing-0021/021,brics-odroid-030_cam1,252,right,good,-4,35.3315
p41-boxing-0021/021,brics-odroid-030_cam1,252,right,good,-3,23.9021
p41-boxing-0021/021,brics-odroid-030_cam1,252,right,good,-2,13.7591
p41-boxing-0021/021,brics-odroid-030_cam1,252,right,good,-1,10.6008
p41-boxing-0021/021,brics-odroid-030_cam1,252,right,good,0,10.618
p41-boxing-0021/021,brics-odroid-030_cam1,252,right,good,1,12.6729
p41-boxing-0021/021,brics-odroid-030_cam1,252,right,good,2,18.0257
p41-boxing-0021/021,brics-odroid-030_cam1,252,right,good,3,21.4923
p41-boxing-0021/021,brics-odroid-030_cam1,252,right,good,4,30.0521
p41-boxing-0021/021,brics-odroid-030_cam1,252,right,good,5,38.4967
p36-tea-0010/010,brics-odroid-022_cam1,252,right,good,-5,42.4416
p36-tea-0010/010,brics-odroid-022_cam1,252,right,good,-4,35.869
p36-tea-0010/010,brics-odroid-022_cam1,252,right,good,-3,26.8734
p36-tea-0010/010,brics-odroid-022_cam1,252,right,good,-2,20.7176
p36-tea-0010/010,brics-odroid-022_cam1,252,right,good,-1,16.1055
p36-tea-0010/010,brics-odroid-022_cam1,252,right,good,0,7.6083
p36-tea-0010/010,brics-odroid-022_cam1,252,right,good,1,5.8111
p36-tea-0010/010,brics-odroid-022_cam1,252,right,good,2,12.0866
p36-tea-0010/010,brics-odroid-022_cam1,252,right,good,3,20.3181
p36-tea-0010/010,brics-odroid-022_cam1,252,right,good,4,28.0928
p36-tea-0010/010,brics-odroid-022_cam1,252,right,good,5,36.4873
p41-boxing-0021/021,brics-odroid-006_cam0,252,right,good,-5,39.2275
p41-boxing-0021/021,brics-odroid-006_cam0,252,right,good,-4,25.8458
p41-boxing-0021/021,brics-odroid-006_cam0,252,right,good,-3,13.1493
p41-boxing-0021/021,brics-odroid-006_cam0,252,right,good,-2,8.7965
p41-boxing-0021/021,brics-odroid-006_cam0,252,right,good,-1,6.5879
p41-boxing-0021/021,brics-odroid-006_cam0,252,right,good,0,9.2309
p41-boxing-0021/021,brics-odroid-006_cam0,252,right,good,1,11.7267
p41-boxing-0021/021,brics-odroid-006_cam0,252,right,good,2,20.0166
p41-boxing-0021/021,brics-odroid-006_cam0,252,right,good,3,24.0148
p41-boxing-0021/021,brics-odroid-006_cam0,252,right,good,4,30.4097
p41-boxing-0021/021,brics-odroid-006_cam0,252,right,good,5,36.9375
p41-plant-0004/004,brics-odroid-010_cam0,80,right,good,-5,11.6846
p41-plant-0004/004,brics-odroid-010_cam0,80,right,good,-4,10.1924
p41-plant-0004/004,brics-odroid-010_cam0,80,right,good,-3,23.146
p41-plant-0004/004,brics-odroid-010_cam0,80,right,good,-2,26.2429
p41-plant-0004/004,brics-odroid-010_cam0,80,right,good,-1,10.8865
p41-plant-0004/004,brics-odroid-010_cam0,80,right,good,0,8.7328
p41-plant-0004/004,brics-odroid-010_cam0,80,right,good,1,7.9124
p41-plant-0004/004,brics-odroid-010_cam0,80,right,good,2,21.9828
p41-plant-0004/004,brics-odroid-010_cam0,80,right,good,3,45.807
p41-plant-0004/004,brics-odroid-010_cam0,80,right,good,4,54.704
p41-plant-0004/004,brics-odroid-010_cam0,80,right,good,5,51.8706
p41-plant-0004/004,brics-odroid-017_cam1,24,right,good,-5,38.4055
p41-plant-0004/004,brics-odroid-017_cam1,24,right,good,-4,47.3441
p41-plant-0004/004,brics-odroid-017_cam1,24,right,good,-3,38.7775
p41-plant-0004/004,brics-odroid-017_cam1,24,right,good,-2,21.6326
p41-plant-0004/004,brics-odroid-017_cam1,24,right,good,-1,8.807
p41-plant-0004/004,brics-odroid-017_cam1,24,right,good,0,6.1013
p41-plant-0004/004,brics-odroid-017_cam1,24,right,good,1,10.2058
p41-plant-0004/004,brics-odroid-017_cam1,24,right,good,2,26.3136
p41-plant-0004/004,brics-odroid-017_cam1,24,right,good,3,42.1731
p41-plant-0004/004,brics-odroid-017_cam1,24,right,good,4,44.0351
p41-plant-0004/004,brics-odroid-017_cam1,24,right,good,5,31.1521
p36-tea-0010/010,brics-odroid-021_cam0,34,right,good,-5,91.3771
p36-tea-0010/010,brics-odroid-021_cam0,34,right,good,-4,71.049
p36-tea-0010/010,brics-odroid-021_cam0,34,right,good,-3,50.7774
p36-tea-0010/010,brics-odroid-021_cam0,34,right,good,-2,32.7274
p36-tea-0010/010,brics-odroid-021_cam0,34,right,good,-1,15.0635
p36-tea-0010/010,brics-odroid-021_cam0,34,right,good,0,3.9855
p36-tea-0010/010,brics-odroid-021_cam0,34,right,good,1,10.5502
p36-tea-0010/010,brics-odroid-021_cam0,34,right,good,2,17.4879
p36-tea-0010/010,brics-odroid-021_cam0,34,right,good,3,24.4434
p36-tea-0010/010,brics-odroid-021_cam0,34,right,good,4,28.5736
p36-tea-0010/010,brics-odroid-021_cam0,34,right,good,5,33.2293
p41-plant-0004/004,brics-odroid-020_cam0,112,left,good,-5,20.8291
p41-plant-0004/004,brics-odroid-020_cam0,112,left,good,-4,27.6835
p41-plant-0004/004,brics-odroid-020_cam0,112,left,good,-3,24.6259
p41-plant-0004/004,brics-odroid-020_cam0,112,left,good,-2,12.2803
p41-plant-0004/004,brics-odroid-020_cam0,112,left,good,-1,4.5503
p41-plant-0004/004,brics-odroid-020_cam0,112,left,good,0,4.1419
p41-plant-0004/004,brics-odroid-020_cam0,112,left,good,1,16.8148
p41-plant-0004/004,brics-odroid-020_cam0,112,left,good,2,28.4636
p41-plant-0004/004,brics-odroid-020_cam0,112,left,good,3,31.6276
p41-plant-0004/004,brics-odroid-020_cam0,112,left,good,4,25.8502
p41-plant-0004/004,brics-odroid-020_cam0,112,left,good,5,19.3476
p36-tea-0010/010,brics-odroid-024_cam0,322,left,good,-5,6.3095
p36-tea-0010/010,brics-odroid-024_cam0,322,left,good,-4,6.0895
p36-tea-0010/010,brics-odroid-024_cam0,322,left,good,-3,7.5953
p36-tea-0010/010,brics-odroid-024_cam0,322,left,good,-2,6.9943
p36-tea-0010/010,brics-odroid-024_cam0,322,left,good,-1,6.9624
p36-tea-0010/010,brics-odroid-024_cam0,322,left,good,0,6.7036
p36-tea-0010/010,brics-odroid-024_cam0,322,left,good,1,6.9666
p36-tea-0010/010,brics-odroid-024_cam0,322,left,good,2,6.8629
p36-tea-0010/010,brics-odroid-024_cam0,322,left,good,3,7.1262
p36-tea-0010/010,brics-odroid-024_cam0,322,left,good,4,6.8665
p36-tea-0010/010,brics-odroid-024_cam0,322,left,good,5,5.5283
p41-plant-0004/004,brics-odroid-016_cam0,16,left,good,-5,48.7183
p41-plant-0004/004,brics-odroid-016_cam0,16,left,good,-4,57.7686
p41-plant-0004/004,brics-odroid-016_cam0,16,left,good,-3,47.6346
p41-plant-0004/004,brics-odroid-016_cam0,16,left,good,-2,23.7737
p41-plant-0004/004,brics-odroid-016_cam0,16,left,good,-1,10.67
p41-plant-0004/004,brics-odroid-016_cam0,16,left,good,0,4.8933
p41-plant-0004/004,brics-odroid-016_cam0,16,left,good,1,10.2516
p41-plant-0004/004,brics-odroid-016_cam0,16,left,good,2,24.1988
p41-plant-0004/004,brics-odroid-016_cam0,16,left,good,3,45.1209
p41-plant-0004/004,brics-odroid-016_cam0,16,left,good,4,56.5876
p41-plant-0004/004,brics-odroid-016_cam0,16,left,good,5,54.6174
p44-dog-0004/004,brics-odroid-006_cam0,256,right,good,-5,6.7558
p44-dog-0004/004,brics-odroid-006_cam0,256,right,good,-4,5.9309
p44-dog-0004/004,brics-odroid-006_cam0,256,right,good,-3,7.164
p44-dog-0004/004,brics-odroid-006_cam0,256,right,good,-2,6.5621
p44-dog-0004/004,brics-odroid-006_cam0,256,right,good,-1,5.9006
p44-dog-0004/004,brics-odroid-006_cam0,256,right,good,0,6.7411
p44-dog-0004/004,brics-odroid-006_cam0,256,right,good,1,6.3627
p44-dog-0004/004,brics-odroid-006_cam0,256,right,good,2,7.1642
p44-dog-0004/004,brics-odroid-006_cam0,256,right,good,3,7.1242
p44-dog-0004/004,brics-odroid-006_cam0,256,right,good,4,6.5431
p44-dog-0004/004,brics-odroid-006_cam0,256,right,good,5,6.7757
p52-instrument-0034/034,brics-odroid-001_cam1,6,right,good,-5,8.4648
p52-instrument-0034/034,brics-odroid-001_cam1,6,right,good,-4,7.8701
p52-instrument-0034/034,brics-odroid-001_cam1,6,right,good,-3,8.1676
p52-instrument-0034/034,brics-odroid-001_cam1,6,right,good,-2,8.5052
p52-instrument-0034/034,brics-odroid-001_cam1,6,right,good,-1,8.3585
p52-instrument-0034/034,brics-odroid-001_cam1,6,right,good,0,8.4886
p52-instrument-0034/034,brics-odroid-001_cam1,6,right,good,1,8.1407
p52-instrument-0034/034,brics-odroid-001_cam1,6,right,good,2,9.2102
p52-instrument-0034/034,brics-odroid-001_cam1,6,right,good,3,8.582
p52-instrument-0034/034,brics-odroid-001_cam1,6,right,good,4,9.4881
p52-instrument-0034/034,brics-odroid-001_cam1,6,right,good,5,12.598
p36-tea-0010/010,brics-odroid-023_cam0,305,left,good,-5,9.7422
p36-tea-0010/010,brics-odroid-023_cam0,305,left,good,-4,9.4451
p36-tea-0010/010,brics-odroid-023_cam0,305,left,good,-3,8.1509
p36-tea-0010/010,brics-odroid-023_cam0,305,left,good,-2,8.7984
p36-tea-0010/010,brics-odroid-023_cam0,305,left,good,-1,8.724
p36-tea-0010/010,brics-odroid-023_cam0,305,left,good,0,9.1871
p36-tea-0010/010,brics-odroid-023_cam0,305,left,good,1,9.0026
p36-tea-0010/010,brics-odroid-023_cam0,305,left,good,2,7.6541
p36-tea-0010/010,brics-odroid-023_cam0,305,left,good,3,7.9135
p36-tea-0010/010,brics-odroid-023_cam0,305,left,good,4,7.4361
p36-tea-0010/010,brics-odroid-023_cam0,305,left,good,5,7.9931
p44-dog-0004/004,brics-odroid-020_cam0,240,left,good,-5,22.0905
p44-dog-0004/004,brics-odroid-020_cam0,240,left,good,-4,13.7603
p44-dog-0004/004,brics-odroid-020_cam0,240,left,good,-3,12.6712
p44-dog-0004/004,brics-odroid-020_cam0,240,left,good,-2,14.311
p44-dog-0004/004,brics-odroid-020_cam0,240,left,good,-1,9.7909
p44-dog-0004/004,brics-odroid-020_cam0,240,left,good,0,8.0281
p44-dog-0004/004,brics-odroid-020_cam0,240,left,good,1,11.0023
p44-dog-0004/004,brics-odroid-020_cam0,240,left,good,2,18.7426
p44-dog-0004/004,brics-odroid-020_cam0,240,left,good,3,24.0891
p44-dog-0004/004,brics-odroid-020_cam0,240,left,good,4,26.7033
p44-dog-0004/004,brics-odroid-020_cam0,240,left,good,5,23.0096
p52-instrument-0034/034,brics-odroid-024_cam0,12,right,good,-5,34.0489
p52-instrument-0034/034,brics-odroid-024_cam0,12,right,good,-4,31.6632
p52-instrument-0034/034,brics-odroid-024_cam0,12,right,good,-3,28.7253
p52-instrument-0034/034,brics-odroid-024_cam0,12,right,good,-2,23.7256
p52-instrument-0034/034,brics-odroid-024_cam0,12,right,good,-1,16.7548
p52-instrument-0034/034,brics-odroid-024_cam0,12,right,good,0,7.8182
p52-instrument-0034/034,brics-odroid-024_cam0,12,right,good,1,7.6361
p52-instrument-0034/034,brics-odroid-024_cam0,12,right,good,2,11.8606
p52-instrument-0034/034,brics-odroid-024_cam0,12,right,good,3,17.0993
p52-instrument-0034/034,brics-odroid-024_cam0,12,right,good,4,17.9635
p52-instrument-0034/034,brics-odroid-024_cam0,12,right,good,5,18.5146
p41-boxing-0021/021,brics-odroid-030_cam1,90,right,good,-5,11.2982
p41-boxing-0021/021,brics-odroid-030_cam1,90,right,good,-4,10.9851
p41-boxing-0021/021,brics-odroid-030_cam1,90,right,good,-3,9.7045
p41-boxing-0021/021,brics-odroid-030_cam1,90,right,good,-2,8.0136
p41-boxing-0021/021,brics-odroid-030_cam1,90,right,good,-1,7.4064
p41-boxing-0021/021,brics-odroid-030_cam1,90,right,good,0,8.4026
p41-boxing-0021/021,brics-odroid-030_cam1,90,right,good,1,8.3271
p41-boxing-0021/021,brics-odroid-030_cam1,90,right,good,2,7.8272
p41-boxing-0021/021,brics-odroid-030_cam1,90,right,good,3,8.8543
p41-boxing-0021/021,brics-odroid-030_cam1,90,right,good,4,7.93
p41-boxing-0021/021,brics-odroid-030_cam1,90,right,good,5,8.4508
p41-plant-0004/004,brics-odroid-012_cam0,32,right,good,-5,34.9268
p41-plant-0004/004,brics-odroid-012_cam0,32,right,good,-4,36.0248
p41-plant-0004/004,brics-odroid-012_cam0,32,right,good,-3,26.006
p41-plant-0004/004,brics-odroid-012_cam0,32,right,good,-2,15.2083
p41-plant-0004/004,brics-odroid-012_cam0,32,right,good,-1,6.1019
p41-plant-0004/004,brics-odroid-012_cam0,32,right,good,0,4.5251
p41-plant-0004/004,brics-odroid-012_cam0,32,right,good,1,7.2953
p41-plant-0004/004,brics-odroid-012_cam0,32,right,good,2,20.1886
p41-plant-0004/004,brics-odroid-012_cam0,32,right,good,3,26.7297
p41-plant-0004/004,brics-odroid-012_cam0,32,right,good,4,27.2789
p41-plant-0004/004,brics-odroid-012_cam0,32,right,good,5,17.6132
p52-instrument-0034/034,brics-odroid-016_cam0,36,left,good,-5,5.4925
p52-instrument-0034/034,brics-odroid-016_cam0,36,left,good,-4,5.4617
p52-instrument-0034/034,brics-odroid-016_cam0,36,left,good,-3,4.9403
p52-instrument-0034/034,brics-odroid-016_cam0,36,left,good,-2,4.334
p52-instrument-0034/034,brics-odroid-016_cam0,36,left,good,-1,4.6817
p52-instrument-0034/034,brics-odroid-016_cam0,36,left,good,0,4.6208
p52-instrument-0034/034,brics-odroid-016_cam0,36,left,good,1,4.0564
p52-instrument-0034/034,brics-odroid-016_cam0,36,left,good,2,4.1435
p52-instrument-0034/034,brics-odroid-016_cam0,36,left,good,3,4.5336
p52-instrument-0034/034,brics-odroid-016_cam0,36,left,good,4,6.6177
p52-instrument-0034/034,brics-odroid-016_cam0,36,left,good,5,6.0215
p52-instrument-0034/034,brics-odroid-007_cam1,90,left,good,-5,2.7253
p52-instrument-0034/034,brics-odroid-007_cam1,90,left,good,-4,2.0831
p52-instrument-0034/034,brics-odroid-007_cam1,90,left,good,-3,2.6183
p52-instrument-0034/034,brics-odroid-007_cam1,90,left,good,-2,2.6255
p52-instrument-0034/034,brics-odroid-007_cam1,90,left,good,-1,2.281
p52-instrument-0034/034,brics-odroid-007_cam1,90,left,good,0,2.1665
p52-instrument-0034/034,brics-odroid-007_cam1,90,left,good,1,2.3683
p52-instrument-0034/034,brics-odroid-007_cam1,90,left,good,2,2.3898
p52-instrument-0034/034,brics-odroid-007_cam1,90,left,good,3,2.6252
p52-instrument-0034/034,brics-odroid-007_cam1,90,left,good,4,2.8359
p52-instrument-0034/034,brics-odroid-007_cam1,90,left,good,5,2.8701
p44-dog-0004/004,brics-odroid-025_cam0,256,left,good,-5,46.3482
p44-dog-0004/004,brics-odroid-025_cam0,256,left,good,-4,38.5838
p44-dog-0004/004,brics-odroid-025_cam0,256,left,good,-3,32.3954
p44-dog-0004/004,brics-odroid-025_cam0,256,left,good,-2,23.173
p44-dog-0004/004,brics-odroid-025_cam0,256,left,good,-1,12.4196
p44-dog-0004/004,brics-odroid-025_cam0,256,left,good,0,9.4194
p44-dog-0004/004,brics-odroid-025_cam0,256,left,good,1,9.4084
p44-dog-0004/004,brics-odroid-025_cam0,256,left,good,2,12.4012
p44-dog-0004/004,brics-odroid-025_cam0,256,left,good,3,18.7701
p44-dog-0004/004,brics-odroid-025_cam0,256,left,good,4,28.4057
p44-dog-0004/004,brics-odroid-025_cam0,256,left,good,5,34.9911
p36-tea-0010/010,brics-odroid-020_cam0,286,right,good,-5,8.7118
p36-tea-0010/010,brics-odroid-020_cam0,286,right,good,-4,8.5786
p36-tea-0010/010,brics-odroid-020_cam0,286,right,good,-3,9.7618
p36-tea-0010/010,brics-odroid-020_cam0,286,right,good,-2,9.0127
p36-tea-0010/010,brics-odroid-020_cam0,286,right,good,-1,9.0212
p36-tea-0010/010,brics-odroid-020_cam0,286,right,good,0,9.1328
p36-tea-0010/010,brics-odroid-020_cam0,286,right,good,1,9.7385
p36-tea-0010/010,brics-odroid-020_cam0,286,right,good,2,9.2308
p36-tea-0010/010,brics-odroid-020_cam0,286,right,good,3,10.4294
p36-tea-0010/010,brics-odroid-020_cam0,286,right,good,4,9.5214
p36-tea-0010/010,brics-odroid-020_cam0,286,right,good,5,11.2189
p36-tea-0010/010,brics-odroid-017_cam1,271,left,good,-5,39.2182
p36-tea-0010/010,brics-odroid-017_cam1,271,left,good,-4,31.7689
p36-tea-0010/010,brics-odroid-017_cam1,271,left,good,-3,24.612
p36-tea-0010/010,brics-odroid-017_cam1,271,left,good,-2,18.0773
p36-tea-0010/010,brics-odroid-017_cam1,271,left,good,-1,12.7645
p36-tea-0010/010,brics-odroid-017_cam1,271,left,good,0,9.5448
p36-tea-0010/010,brics-odroid-017_cam1,271,left,good,1,7.2609
p36-tea-0010/010,brics-odroid-017_cam1,271,left,good,2,5.6787
p36-tea-0010/010,brics-odroid-017_cam1,271,left,good,3,6.0603
p36-tea-0010/010,brics-odroid-017_cam1,271,left,good,4,8.7642
p36-tea-0010/010,brics-odroid-017_cam1,271,left,good,5,11.0797
p44-dog-0004/004,brics-odroid-007_cam1,176,right,good,-5,11.8981
p44-dog-0004/004,brics-odroid-007_cam1,176,right,good,-4,9.0644
p44-dog-0004/004,brics-odroid-007_cam1,176,right,good,-3,7.4936
p44-dog-0004/004,brics-odroid-007_cam1,176,right,good,-2,5.5772
p44-dog-0004/004,brics-odroid-007_cam1,176,right,good,-1,4.7732
p44-dog-0004/004,brics-odroid-007_cam1,176,right,good,0,7.3877
p44-dog-0004/004,brics-odroid-007_cam1,176,right,good,1,7.8026
p44-dog-0004/004,brics-odroid-007_cam1,176,right,good,2,9.3312
p44-dog-0004/004,brics-odroid-007_cam1,176,right,good,3,11.6052
p44-dog-0004/004,brics-odroid-007_cam1,176,right,good,4,11.8024
p44-dog-0004/004,brics-odroid-007_cam1,176,right,good,5,13.696
p41-plant-0004/004,brics-odroid-006_cam0,80,right,good,-5,8.5169
p41-plant-0004/004,brics-odroid-006_cam0,80,right,good,-4,13.3697
p41-plant-0004/004,brics-odroid-006_cam0,80,right,good,-3,24.7235
p41-plant-0004/004,brics-odroid-006_cam0,80,right,good,-2,26.5916
p41-plant-0004/004,brics-odroid-006_cam0,80,right,good,-1,14.6904
p41-plant-0004/004,brics-odroid-006_cam0,80,right,good,0,7.4286
p41-plant-0004/004,brics-odroid-006_cam0,80,right,good,1,11.0406
p41-plant-0004/004,brics-odroid-006_cam0,80,right,good,2,9.6594
p41-plant-0004/004,brics-odroid-006_cam0,80,right,good,3,22.785
p41-plant-0004/004,brics-odroid-006_cam0,80,right,good,4,32.6903
p41-plant-0004/004,brics-odroid-006_cam0,80,right,good,5,29.9694
p36-tea-0010/010,brics-odroid-025_cam1,85,left,good,-5,58.0049
p36-tea-0010/010,brics-odroid-025_cam1,85,left,good,-4,44.3447
p36-tea-0010/010,brics-odroid-025_cam1,85,left,good,-3,30.8066
p36-tea-0010/010,brics-odroid-025_cam1,85,left,good,-2,20.9762
p36-tea-0010/010,brics-odroid-025_cam1,85,left,good,-1,9.2116
p36-tea-0010/010,brics-odroid-025_cam1,85,left,good,0,7.8949
p36-tea-0010/010,brics-odroid-025_cam1,85,left,good,1,13.7126
p36-tea-0010/010,brics-odroid-025_cam1,85,left,good,2,22.6419
p36-tea-0010/010,brics-odroid-025_cam1,85,left,good,3,28.2081
p36-tea-0010/010,brics-odroid-025_cam1,85,left,good,4,35.3634
p36-tea-0010/010,brics-odroid-025_cam1,85,left,good,5,42.9785
p41-plant-0004/004,brics-odroid-017_cam1,16,right,good,-5,47.1875
p41-plant-0004/004,brics-odroid-017_cam1,16,right,good,-4,51.9905
p41-plant-0004/004,brics-odroid-017_cam1,16,right,good,-3,42.9611
p41-plant-0004/004,brics-odroid-017_cam1,16,right,good,-2,22.4897
p41-plant-0004/004,brics-odroid-017_cam1,16,right,good,-1,6.7522
p41-plant-0004/004,brics-odroid-017_cam1,16,right,good,0,4.4305
p41-plant-0004/004,brics-odroid-017_cam1,16,right,good,1,8.574
p41-plant-0004/004,brics-odroid-017_cam1,16,right,good,2,24.4725
p41-plant-0004/004,brics-odroid-017_cam1,16,right,good,3,42.4414
p41-plant-0004/004,brics-odroid-017_cam1,16,right,good,4,51.1934
p41-plant-0004/004,brics-odroid-017_cam1,16,right,good,5,42.1299
p44-dog-0004/004,brics-odroid-024_cam0,272,right,good,-5,5.0272
p44-dog-0004/004,brics-odroid-024_cam0,272,right,good,-4,4.6523
p44-dog-0004/004,brics-odroid-024_cam0,272,right,good,-3,4.65
p44-dog-0004/004,brics-odroid-024_cam0,272,right,good,-2,4.6509
p44-dog-0004/004,brics-odroid-024_cam0,272,right,good,-1,5.4603
p44-dog-0004/004,brics-odroid-024_cam0,272,right,good,0,4.8532
p44-dog-0004/004,brics-odroid-024_cam0,272,right,good,1,4.9985
p44-dog-0004/004,brics-odroid-024_cam0,272,right,good,2,5.0874
p44-dog-0004/004,brics-odroid-024_cam0,272,right,good,3,5.0928
p44-dog-0004/004,brics-odroid-024_cam0,272,right,good,4,5.4461
p44-dog-0004/004,brics-odroid-024_cam0,272,right,good,5,5.3569
p44-dog-0004/004,brics-odroid-017_cam0,160,right,good,-5,10.4686
p44-dog-0004/004,brics-odroid-017_cam0,160,right,good,-4,9.6758
p44-dog-0004/004,brics-odroid-017_cam0,160,right,good,-3,10.2291
p44-dog-0004/004,brics-odroid-017_cam0,160,right,good,-2,9.8615
p44-dog-0004/004,brics-odroid-017_cam0,160,right,good,-1,10.424
p44-dog-0004/004,brics-odroid-017_cam0,160,right,good,0,8.3965
p44-dog-0004/004,brics-odroid-017_cam0,160,right,good,1,6.7979
p44-dog-0004/004,brics-odroid-017_cam0,160,right,good,2,10.2263
p44-dog-0004/004,brics-odroid-017_cam0,160,right,good,3,11.8629
p44-dog-0004/004,brics-odroid-017_cam0,160,right,good,4,11.5132
p44-dog-0004/004,brics-odroid-017_cam0,160,right,good,5,13.0505
p41-boxing-0021/021,brics-odroid-024_cam1,234,left,good,-5,140.2128
p41-boxing-0021/021,brics-odroid-024_cam1,234,left,good,-4,121.4038
p41-boxing-0021/021,brics-odroid-024_cam1,234,left,good,-3,82.263
p41-boxing-0021/021,brics-odroid-024_cam1,234,left,good,-2,48.1957
p41-boxing-0021/021,brics-odroid-024_cam1,234,left,good,-1,21.4063
p41-boxing-0021/021,brics-odroid-024_cam1,234,left,good,0,6.2576
p41-boxing-0021/021,brics-odroid-024_cam1,234,left,good,1,12.3601
p41-boxing-0021/021,brics-odroid-024_cam1,234,left,good,2,20.9591
p41-boxing-0021/021,brics-odroid-024_cam1,234,left,good,3,28.5079
p41-boxing-0021/021,brics-odroid-024_cam1,234,left,good,4,35.859
p41-boxing-0021/021,brics-odroid-024_cam1,234,left,good,5,44.4062
p52-instrument-0034/034,brics-odroid-009_cam1,72,right,good,-5,16.201
p52-instrument-0034/034,brics-odroid-009_cam1,72,right,good,-4,16.8372
p52-instrument-0034/034,brics-odroid-009_cam1,72,right,good,-3,16.5624
p52-instrument-0034/034,brics-odroid-009_cam1,72,right,good,-2,13.0208
p52-instrument-0034/034,brics-odroid-009_cam1,72,right,good,-1,7.7343
p52-instrument-0034/034,brics-odroid-009_cam1,72,right,good,0,3.0243
p52-instrument-0034/034,brics-odroid-009_cam1,72,right,good,1,5.2773
p52-instrument-0034/034,brics-odroid-009_cam1,72,right,good,2,10.2086
p52-instrument-0034/034,brics-odroid-009_cam1,72,right,good,3,14.5449
p52-instrument-0034/034,brics-odroid-009_cam1,72,right,good,4,15.2803
p52-instrument-0034/034,brics-odroid-009_cam1,72,right,good,5,15.3652
p52-instrument-0034/034,brics-odroid-011_cam0,6,right,good,-5,6.306
p52-instrument-0034/034,brics-odroid-011_cam0,6,right,good,-4,5.4408
p52-instrument-0034/034,brics-odroid-011_cam0,6,right,good,-3,4.7677
p52-instrument-0034/034,brics-odroid-011_cam0,6,right,good,-2,3.9907
p52-instrument-0034/034,brics-odroid-011_cam0,6,right,good,-1,3.2489
p52-instrument-0034/034,brics-odroid-011_cam0,6,right,good,0,3.1899
p52-instrument-0034/034,brics-odroid-011_cam0,6,right,good,1,3.6199
p52-instrument-0034/034,brics-odroid-011_cam0,6,right,good,2,4.1185
p52-instrument-0034/034,brics-odroid-011_cam0,6,right,good,3,5.0327
p52-instrument-0034/034,brics-odroid-011_cam0,6,right,good,4,6.3497
p52-instrument-0034/034,brics-odroid-011_cam0,6,right,good,5,9.6214
p41-plant-0004/004,brics-odroid-023_cam0,64,right,good,-5,13.3375
p41-plant-0004/004,brics-odroid-023_cam0,64,right,good,-4,12.4687
p41-plant-0004/004,brics-odroid-023_cam0,64,right,good,-3,6.7107
p41-plant-0004/004,brics-odroid-023_cam0,64,right,good,-2,11.1147
p41-plant-0004/004,brics-odroid-023_cam0,64,right,good,-1,11.2062
p41-plant-0004/004,brics-odroid-023_cam0,64,right,good,0,8.4308
p41-plant-0004/004,brics-odroid-023_cam0,64,right,good,1,10.2611
p41-plant-0004/004,brics-odroid-023_cam0,64,right,good,2,8.3173
p41-plant-0004/004,brics-odroid-023_cam0,64,right,good,3,15.1
p41-plant-0004/004,brics-odroid-023_cam0,64,right,good,4,23.5597
p41-plant-0004/004,brics-odroid-023_cam0,64,right,good,5,21.7261
p41-plant-0004/004,brics-odroid-012_cam1,80,left,good,-5,9.6897
p41-plant-0004/004,brics-odroid-012_cam1,80,left,good,-4,7.9903
p41-plant-0004/004,brics-odroid-012_cam1,80,left,good,-3,5.7864
p41-plant-0004/004,brics-odroid-012_cam1,80,left,good,-2,5.2474
p41-plant-0004/004,brics-odroid-012_cam1,80,left,good,-1,5.3822
p41-plant-0004/004,brics-odroid-012_cam1,80,left,good,0,5.6299
p41-plant-0004/004,brics-odroid-012_cam1,80,left,good,1,5.5367
p41-plant-0004/004,brics-odroid-012_cam1,80,left,good,2,5.5305
p41-plant-0004/004,brics-odroid-012_cam1,80,left,good,3,11.6079
p41-plant-0004/004,brics-odroid-012_cam1,80,left,good,4,19.6717
p41-plant-0004/004,brics-odroid-012_cam1,80,left,good,5,18.3154
p52-instrument-0034/034,brics-odroid-017_cam1,0,right,good,0,2.4669
p52-instrument-0034/034,brics-odroid-017_cam1,0,right,good,1,2.6253
p52-instrument-0034/034,brics-odroid-017_cam1,0,right,good,2,3.9942
p52-instrument-0034/034,brics-odroid-017_cam1,0,right,good,3,5.3346
p52-instrument-0034/034,brics-odroid-017_cam1,0,right,good,4,7.4964
p52-instrument-0034/034,brics-odroid-017_cam1,0,right,good,5,9.2829
p41-boxing-0021/021,brics-odroid-020_cam1,18,right,good,-5,6.0095
p41-boxing-0021/021,brics-odroid-020_cam1,18,right,good,-4,5.8094
p41-boxing-0021/021,brics-odroid-020_cam1,18,right,good,-3,5.4602
p41-boxing-0021/021,brics-odroid-020_cam1,18,right,good,-2,5.4839
p41-boxing-0021/021,brics-odroid-020_cam1,18,right,good,-1,4.2412
p41-boxing-0021/021,brics-odroid-020_cam1,18,right,good,0,3.4944
p41-boxing-0021/021,brics-odroid-020_cam1,18,right,good,1,4.0572
p41-boxing-0021/021,brics-odroid-020_cam1,18,right,good,2,7.6639
p41-boxing-0021/021,brics-odroid-020_cam1,18,right,good,3,12.1727
p41-boxing-0021/021,brics-odroid-020_cam1,18,right,good,4,13.2969
p41-boxing-0021/021,brics-odroid-020_cam1,18,right,good,5,12.43
p41-plant-0004/004,brics-odroid-017_cam1,0,left,good,0,7.5638
p41-plant-0004/004,brics-odroid-017_cam1,0,left,good,1,7.7827
p41-plant-0004/004,brics-odroid-017_cam1,0,left,good,2,8.1058
p41-plant-0004/004,brics-odroid-017_cam1,0,left,good,3,8.3035
p41-plant-0004/004,brics-odroid-017_cam1,0,left,good,4,8.0569
p41-plant-0004/004,brics-odroid-017_cam1,0,left,good,5,9.2224
p41-boxing-0021/021,brics-odroid-010_cam0,234,left,good,-5,212.4685
p41-boxing-0021/021,brics-odroid-010_cam0,234,left,good,-4,195.9344
p41-boxing-0021/021,brics-odroid-010_cam0,234,left,good,-3,154.212
p41-boxing-0021/021,brics-odroid-010_cam0,234,left,good,-2,100.6216
p41-boxing-0021/021,brics-odroid-010_cam0,234,left,good,-1,49.0785
p41-boxing-0021/021,brics-odroid-010_cam0,234,left,good,0,5.8974
p41-boxing-0021/021,brics-odroid-010_cam0,234,left,good,1,32.7543
p41-boxing-0021/021,brics-odroid-010_cam0,234,left,good,2,61.9293
p41-boxing-0021/021,brics-odroid-010_cam0,234,left,good,3,87.0991
p41-boxing-0021/021,brics-odroid-010_cam0,234,left,good,4,107.8381
p41-boxing-0021/021,brics-odroid-010_cam0,234,left,good,5,124.9303
p52-instrument-0034/034,brics-odroid-010_cam1,0,right,good,0,8.7846
p52-instrument-0034/034,brics-odroid-010_cam1,0,right,good,1,8.8552
p52-instrument-0034/034,brics-odroid-010_cam1,0,right,good,2,9.4
p52-instrument-0034/034,brics-odroid-010_cam1,0,right,good,3,10.5995
p52-instrument-0034/034,brics-odroid-010_cam1,0,right,good,4,10.4024
p52-instrument-0034/034,brics-odroid-010_cam1,0,right,good,5,12.0553
p52-instrument-0034/034,brics-odroid-012_cam0,42,right,good,-5,31.3543
p52-instrument-0034/034,brics-odroid-012_cam0,42,right,good,-4,25.3647
p52-instrument-0034/034,brics-odroid-012_cam0,42,right,good,-3,20.2686
p52-instrument-0034/034,brics-odroid-012_cam0,42,right,good,-2,13.4359
p52-instrument-0034/034,brics-odroid-012_cam0,42,right,good,-1,6.8046
p52-instrument-0034/034,brics-odroid-012_cam0,42,right,good,0,4.0208
p52-instrument-0034/034,brics-odroid-012_cam0,42,right,good,1,12.0685
p52-instrument-0034/034,brics-odroid-012_cam0,42,right,good,2,18.9647
p52-instrument-0034/034,brics-odroid-012_cam0,42,right,good,3,26.712
p52-instrument-0034/034,brics-odroid-012_cam0,42,right,good,4,32.9851
p52-instrument-0034/034,brics-odroid-012_cam0,42,right,good,5,37.472
p41-plant-0004/004,brics-odroid-020_cam1,40,left,good,-5,23.9759
p41-plant-0004/004,brics-odroid-020_cam1,40,left,good,-4,23.9007
p41-plant-0004/004,brics-odroid-020_cam1,40,left,good,-3,22.4253
p41-plant-0004/004,brics-odroid-020_cam1,40,left,good,-2,15.6711
p41-plant-0004/004,brics-odroid-020_cam1,40,left,good,-1,13.6775
p41-plant-0004/004,brics-odroid-020_cam1,40,left,good,0,7.3351
p41-plant-0004/004,brics-odroid-020_cam1,40,left,good,1,11.7644
p41-plant-0004/004,brics-odroid-020_cam1,40,left,good,2,17.1195
p41-plant-0004/004,brics-odroid-020_cam1,40,left,good,3,14.708
p41-plant-0004/004,brics-odroid-020_cam1,40,left,good,4,8.3061
p41-plant-0004/004,brics-odroid-020_cam1,40,left,good,5,12.2934
p41-boxing-0021/021,brics-odroid-030_cam0,216,left,good,-5,15.2938
p41-boxing-0021/021,brics-odroid-030_cam0,216,left,good,-4,15.3882
p41-boxing-0021/021,brics-odroid-030_cam0,216,left,good,-3,12.3245
p41-boxing-0021/021,brics-odroid-030_cam0,216,left,good,-2,9.5384
p41-boxing-0021/021,brics-odroid-030_cam0,216,left,good,-1,7.0772
p41-boxing-0021/021,brics-odroid-030_cam0,216,left,good,0,5.6763
p41-boxing-0021/021,brics-odroid-030_cam0,216,left,good,1,6.3745
p41-boxing-0021/021,brics-odroid-030_cam0,216,left,good,2,9.0095
p41-boxing-0021/021,brics-odroid-030_cam0,216,left,good,3,12.858
p41-boxing-0021/021,brics-odroid-030_cam0,216,left,good,4,19.6408
p41-boxing-0021/021,brics-odroid-030_cam0,216,left,good,5,27.1728
p52-instrument-0034/034,brics-odroid-024_cam1,36,left,good,-5,9.1805
p52-instrument-0034/034,brics-odroid-024_cam1,36,left,good,-4,8.3973
p52-instrument-0034/034,brics-odroid-024_cam1,36,left,good,-3,8.646
p52-instrument-0034/034,brics-odroid-024_cam1,36,left,good,-2,8.2354
p52-instrument-0034/034,brics-odroid-024_cam1,36,left,good,-1,8.2657
p52-instrument-0034/034,brics-odroid-024_cam1,36,left,good,0,8.7243
p52-instrument-0034/034,brics-odroid-024_cam1,36,left,good,1,7.4941
p52-instrument-0034/034,brics-odroid-024_cam1,36,left,good,2,9.064
p52-instrument-0034/034,brics-odroid-024_cam1,36,left,good,3,9.8061
p52-instrument-0034/034,brics-odroid-024_cam1,36,left,good,4,10.8805
p52-instrument-0034/034,brics-odroid-024_cam1,36,left,good,5,10.9477
p52-instrument-0034/034,brics-odroid-030_cam0,54,left,good,-5,10.8115
p52-instrument-0034/034,brics-odroid-030_cam0,54,left,good,-4,10.4966
p52-instrument-0034/034,brics-odroid-030_cam0,54,left,good,-3,10.5715
p52-instrument-0034/034,brics-odroid-030_cam0,54,left,good,-2,9.9044
p52-instrument-0034/034,brics-odroid-030_cam0,54,left,good,-1,9.8096
p52-instrument-0034/034,brics-odroid-030_cam0,54,left,good,0,9.0627
p52-instrument-0034/034,brics-odroid-030_cam0,54,left,good,1,10.1126
p52-instrument-0034/034,brics-odroid-030_cam0,54,left,good,2,9.8963
p52-instrument-0034/034,brics-odroid-030_cam0,54,left,good,3,9.8346
p52-instrument-0034/034,brics-odroid-030_cam0,54,left,good,4,10.4538
p52-instrument-0034/034,brics-odroid-030_cam0,54,left,good,5,10.5805
p52-instrument-0034/034,brics-odroid-002_cam0,6,right,good,-5,18.0599
p52-instrument-0034/034,brics-odroid-002_cam0,6,right,good,-4,16.6928
p52-instrument-0034/034,brics-odroid-002_cam0,6,right,good,-3,14.8106
p52-instrument-0034/034,brics-odroid-002_cam0,6,right,good,-2,11.344
p52-instrument-0034/034,brics-odroid-002_cam0,6,right,good,-1,7.7572
p52-instrument-0034/034,brics-odroid-002_cam0,6,right,good,0,6.8328
p52-instrument-0034/034,brics-odroid-002_cam0,6,right,good,1,5.3146
p52-instrument-0034/034,brics-odroid-002_cam0,6,right,good,2,6.0119
p52-instrument-0034/034,brics-odroid-002_cam0,6,right,good,3,8.8843
p52-instrument-0034/034,brics-odroid-002_cam0,6,right,good,4,11.5359
p52-instrument-0034/034,brics-odroid-002_cam0,6,right,good,5,19.0516
p44-dog-0004/004,brics-odroid-007_cam1,224,right,good,-5,59.0274
p44-dog-0004/004,brics-odroid-007_cam1,224,right,good,-4,53.041
p44-dog-0004/004,brics-odroid-007_cam1,224,right,good,-3,43.447
p44-dog-0004/004,brics-odroid-007_cam1,224,right,good,-2,28.4776
p44-dog-0004/004,brics-odroid-007_cam1,224,right,good,-1,14.0301
p44-dog-0004/004,brics-odroid-007_cam1,224,right,good,0,7.0763
p44-dog-0004/004,brics-odroid-007_cam1,224,right,good,1,23.1902
p44-dog-0004/004,brics-odroid-007_cam1,224,right,good,2,39.8469
p44-dog-0004/004,brics-odroid-007_cam1,224,right,good,3,53.0127
p44-dog-0004/004,brics-odroid-007_cam1,224,right,good,4,61.5281
p44-dog-0004/004,brics-odroid-007_cam1,224,right,good,5,67.7564
p52-instrument-0034/034,brics-odroid-020_cam1,114,left,good,-5,8.8069
p52-instrument-0034/034,brics-odroid-020_cam1,114,left,good,-4,8.7286
p52-instrument-0034/034,brics-odroid-020_cam1,114,left,good,-3,8.6477
p52-instrument-0034/034,brics-odroid-020_cam1,114,left,good,-2,8.8721
p52-instrument-0034/034,brics-odroid-020_cam1,114,left,good,-1,8.8274
p52-instrument-0034/034,brics-odroid-020_cam1,114,left,good,0,8.9108
p52-instrument-0034/034,brics-odroid-020_cam1,114,left,good,1,8.833
p52-instrument-0034/034,brics-odroid-020_cam1,114,left,good,2,8.9462
p52-instrument-0034/034,brics-odroid-020_cam1,114,left,good,3,8.8796
p52-instrument-0034/034,brics-odroid-020_cam1,114,left,good,4,8.885
p52-instrument-0034/034,brics-odroid-020_cam1,114,left,good,5,8.5267
p36-tea-0010/010,brics-odroid-015_cam0,354,right,good,-5,5.3061
p36-tea-0010/010,brics-odroid-015_cam0,354,right,good,-4,5.0659
p36-tea-0010/010,brics-odroid-015_cam0,354,right,good,-3,4.8497
p36-tea-0010/010,brics-odroid-015_cam0,354,right,good,-2,4.3968
p36-tea-0010/010,brics-odroid-015_cam0,354,right,good,-1,4.2155
p36-tea-0010/010,brics-odroid-015_cam0,354,right,good,0,4.4025
p36-tea-0010/010,brics-odroid-015_cam0,354,right,good,1,4.2894
p36-tea-0010/010,brics-odroid-015_cam0,354,right,good,2,4.3164
p36-tea-0010/010,brics-odroid-015_cam0,354,right,good,3,4.4652
p36-tea-0010/010,brics-odroid-015_cam0,354,right,good,4,4.4143
p36-tea-0010/010,brics-odroid-015_cam0,354,right,good,5,4.0349
p52-instrument-0034/034,brics-odroid-025_cam0,24,right,good,-5,22.8449
p52-instrument-0034/034,brics-odroid-025_cam0,24,right,good,-4,16.1365
p52-instrument-0034/034,brics-odroid-025_cam0,24,right,good,-3,12.8797
p52-instrument-0034/034,brics-odroid-025_cam0,24,right,good,-2,9.3148
p52-instrument-0034/034,brics-odroid-025_cam0,24,right,good,-1,7.4667
p52-instrument-0034/034,brics-odroid-025_cam0,24,right,good,0,7.8698
p52-instrument-0034/034,brics-odroid-025_cam0,24,right,good,1,8.126
p52-instrument-0034/034,brics-odroid-025_cam0,24,right,good,2,10.0262
p52-instrument-0034/034,brics-odroid-025_cam0,24,right,good,3,10.3966
p52-instrument-0034/034,brics-odroid-025_cam0,24,right,good,4,14.1028
p52-instrument-0034/034,brics-odroid-025_cam0,24,right,good,5,25.7256
p36-tea-0010/010,brics-odroid-020_cam0,354,right,good,-5,7.4325
p36-tea-0010/010,brics-odroid-020_cam0,354,right,good,-4,6.9906
p36-tea-0010/010,brics-odroid-020_cam0,354,right,good,-3,6.6984
p36-tea-0010/010,brics-odroid-020_cam0,354,right,good,-2,7.3543
p36-tea-0010/010,brics-odroid-020_cam0,354,right,good,-1,7.5955
p36-tea-0010/010,brics-odroid-020_cam0,354,right,good,0,6.9588
p36-tea-0010/010,brics-odroid-020_cam0,354,right,good,1,7.3863
p36-tea-0010/010,brics-odroid-020_cam0,354,right,good,2,7.0516
p36-tea-0010/010,brics-odroid-020_cam0,354,right,good,3,7.6887
p36-tea-0010/010,brics-odroid-020_cam0,354,right,good,4,7.7401
p36-tea-0010/010,brics-odroid-020_cam0,354,right,good,5,6.7436
p52-instrument-0034/034,brics-odroid-007_cam1,108,right,good,-5,3.5457
p52-instrument-0034/034,brics-odroid-007_cam1,108,right,good,-4,3.3813
p52-instrument-0034/034,brics-odroid-007_cam1,108,right,good,-3,3.7451
p52-instrument-0034/034,brics-odroid-007_cam1,108,right,good,-2,3.4031
p52-instrument-0034/034,brics-odroid-007_cam1,108,right,good,-1,3.3356
p52-instrument-0034/034,brics-odroid-007_cam1,108,right,good,0,3.6791
p52-instrument-0034/034,brics-odroid-007_cam1,108,right,good,1,4.2295
p52-instrument-0034/034,brics-odroid-007_cam1,108,right,good,2,4.5051
p52-instrument-0034/034,brics-odroid-007_cam1,108,right,good,3,4.2574
p52-instrument-0034/034,brics-odroid-007_cam1,108,right,good,4,4.1398
p52-instrument-0034/034,brics-odroid-007_cam1,108,right,good,5,3.8319
p41-plant-0004/004,brics-odroid-007_cam0,96,right,good,-5,18.7178
p41-plant-0004/004,brics-odroid-007_cam0,96,right,good,-4,18.3682
p41-plant-0004/004,brics-odroid-007_cam0,96,right,good,-3,18.8553
p41-plant-0004/004,brics-odroid-007_cam0,96,right,good,-2,14.4963
p41-plant-0004/004,brics-odroid-007_cam0,96,right,good,-1,9.2249
p41-plant-0004/004,brics-odroid-007_cam0,96,right,good,0,4.8193
p41-plant-0004/004,brics-odroid-007_cam0,96,right,good,1,4.3232
p41-plant-0004/004,brics-odroid-007_cam0,96,right,good,2,7.271
p41-plant-0004/004,brics-odroid-007_cam0,96,right,good,3,9.4741
p41-plant-0004/004,brics-odroid-007_cam0,96,right,good,4,7.5186
p41-plant-0004/004,brics-odroid-007_cam0,96,right,good,5,12.8419
p44-dog-0004/004,brics-odroid-021_cam0,256,left,good,-5,29.4263
p44-dog-0004/004,brics-odroid-021_cam0,256,left,good,-4,22.2252
p44-dog-0004/004,brics-odroid-021_cam0,256,left,good,-3,16.8986
p44-dog-0004/004,brics-odroid-021_cam0,256,left,good,-2,11.163
p44-dog-0004/004,brics-odroid-021_cam0,256,left,good,-1,4.8051
p44-dog-0004/004,brics-odroid-021_cam0,256,left,good,0,4.0569
p44-dog-0004/004,brics-odroid-021_cam0,256,left,good,1,4.6096
p44-dog-0004/004,brics-odroid-021_cam0,256,left,good,2,5.533
p44-dog-0004/004,brics-odroid-021_cam0,256,left,good,3,9.0128
p44-dog-0004/004,brics-odroid-021_cam0,256,left,good,4,14.7905
p44-dog-0004/004,brics-odroid-021_cam0,256,left,good,5,19.1558
p41-plant-0004/004,brics-odroid-009_cam1,144,left,good,-5,10.4361
p41-plant-0004/004,brics-odroid-009_cam1,144,left,good,-4,9.1859
p41-plant-0004/004,brics-odroid-009_cam1,144,left,good,-3,9.6348
p41-plant-0004/004,brics-odroid-009_cam1,144,left,good,-2,8.5897
p41-plant-0004/004,brics-odroid-009_cam1,144,left,good,-1,8.4655
p41-plant-0004/004,brics-odroid-009_cam1,144,left,good,0,8.3663
p41-plant-0004/004,brics-odroid-009_cam1,144,left,good,1,9.2757
p41-plant-0004/004,brics-odroid-009_cam1,144,left,good,2,8.8119
p41-plant-0004/004,brics-odroid-009_cam1,144,left,good,3,12.0195
p41-plant-0004/004,brics-odroid-009_cam1,144,left,good,4,9.156
p41-plant-0004/004,brics-odroid-009_cam1,144,left,good,5,12.6591
p41-plant-0004/004,brics-odroid-007_cam0,56,left,good,-5,60.9418
p41-plant-0004/004,brics-odroid-007_cam0,56,left,good,-4,66.8476
p41-plant-0004/004,brics-odroid-007_cam0,56,left,good,-3,55.9296
p41-plant-0004/004,brics-odroid-007_cam0,56,left,good,-2,37.4367
p41-plant-0004/004,brics-odroid-007_cam0,56,left,good,-1,19.0474
p41-plant-0004/004,brics-odroid-007_cam0,56,left,good,0,7.4286
p41-plant-0004/004,brics-odroid-007_cam0,56,left,good,1,7.3472
p41-plant-0004/004,brics-odroid-007_cam0,56,left,good,2,15.9484
p41-plant-0004/004,brics-odroid-007_cam0,56,left,good,3,29.512
p41-plant-0004/004,brics-odroid-007_cam0,56,left,good,4,36.7647
p41-plant-0004/004,brics-odroid-007_cam0,56,left,good,5,34.195
p41-plant-0004/004,brics-odroid-001_cam1,128,right,good,-5,17.2413
p41-plant-0004/004,brics-odroid-001_cam1,128,right,good,-4,16.9836
p41-plant-0004/004,brics-odroid-001_cam1,128,right,good,-3,14.2975
p41-plant-0004/004,brics-odroid-001_cam1,128,right,good,-2,13.3051
p41-plant-0004/004,brics-odroid-001_cam1,128,right,good,-1,10.4625
p41-plant-0004/004,brics-odroid-001_cam1,128,right,good,0,9.0649
p41-plant-0004/004,brics-odroid-001_cam1,128,right,good,1,10.3411
p41-plant-0004/004,brics-odroid-001_cam1,128,right,good,2,8.8822
p41-plant-0004/004,brics-odroid-001_cam1,128,right,good,3,10.3412
p41-plant-0004/004,brics-odroid-001_cam1,128,right,good,4,10.244
p41-plant-0004/004,brics-odroid-001_cam1,128,right,good,5,9.2386
p36-tea-0010/010,brics-odroid-023_cam0,119,right,good,-5,11.1365
p36-tea-0010/010,brics-odroid-023_cam0,119,right,good,-4,10.1899
p36-tea-0010/010,brics-odroid-023_cam0,119,right,good,-3,10.0143
p36-tea-0010/010,brics-odroid-023_cam0,119,right,good,-2,9.8498
p36-tea-0010/010,brics-odroid-023_cam0,119,right,good,-1,8.8983
p36-tea-0010/010,brics-odroid-023_cam0,119,right,good,0,8.1755
p36-tea-0010/010,brics-odroid-023_cam0,119,right,good,1,8.183
p36-tea-0010/010,brics-odroid-023_cam0,119,right,good,2,9.0437
p36-tea-0010/010,brics-odroid-023_cam0,119,right,good,3,8.6392
p36-tea-0010/010,brics-odroid-023_cam0,119,right,good,4,9.014
p36-tea-0010/010,brics-odroid-023_cam0,119,right,good,5,8.9163
p41-plant-0004/004,brics-odroid-014_cam1,64,right,good,-5,12.484
p41-plant-0004/004,brics-odroid-014_cam1,64,right,good,-4,11.4199
p41-plant-0004/004,brics-odroid-014_cam1,64,right,good,-3,9.1986
p41-plant-0004/004,brics-odroid-014_cam1,64,right,good,-2,11.7999
p41-plant-0004/004,brics-odroid-014_cam1,64,right,good,-1,9.8391
p41-plant-0004/004,brics-odroid-014_cam1,64,right,good,0,4.7291
p41-plant-0004/004,brics-odroid-014_cam1,64,right,good,1,8.0214
p41-plant-0004/004,brics-odroid-014_cam1,64,right,good,2,6.422
p41-plant-0004/004,brics-odroid-014_cam1,64,right,good,3,15.4306
p41-plant-0004/004,brics-odroid-014_cam1,64,right,good,4,24.5257
p41-plant-0004/004,brics-odroid-014_cam1,64,right,good,5,25.8869
p44-dog-0004/004,brics-odroid-012_cam0,112,right,good,-5,7.1423
p44-dog-0004/004,brics-odroid-012_cam0,112,right,good,-4,6.6883
p44-dog-0004/004,brics-odroid-012_cam0,112,right,good,-3,6.0401
p44-dog-0004/004,brics-odroid-012_cam0,112,right,good,-2,5.767
p44-dog-0004/004,brics-odroid-012_cam0,112,right,good,-1,5.4359
p44-dog-0004/004,brics-odroid-012_cam0,112,right,good,0,5.99
p44-dog-0004/004,brics-odroid-012_cam0,112,right,good,1,5.703
p44-dog-0004/004,brics-odroid-012_cam0,112,right,good,2,5.9808
p44-dog-0004/004,brics-odroid-012_cam0,112,right,good,3,6.1112
p44-dog-0004/004,brics-odroid-012_cam0,112,right,good,4,6.3454
p44-dog-0004/004,brics-odroid-012_cam0,112,right,good,5,6.1432
p52-instrument-0034/034,brics-odroid-024_cam0,72,left,good,-5,6.7472
p52-instrument-0034/034,brics-odroid-024_cam0,72,left,good,-4,6.4401
p52-instrument-0034/034,brics-odroid-024_cam0,72,left,good,-3,6.7896
p52-instrument-0034/034,brics-odroid-024_cam0,72,left,good,-2,5.597
p52-instrument-0034/034,brics-odroid-024_cam0,72,left,good,-1,5.3833
p52-instrument-0034/034,brics-odroid-024_cam0,72,left,good,0,5.7013
p52-instrument-0034/034,brics-odroid-024_cam0,72,left,good,1,6.0895
p52-instrument-0034/034,brics-odroid-024_cam0,72,left,good,2,6.0393
p52-instrument-0034/034,brics-odroid-024_cam0,72,left,good,3,6.3011
p52-instrument-0034/034,brics-odroid-024_cam0,72,left,good,4,6.3439
p52-instrument-0034/034,brics-odroid-024_cam0,72,left,good,5,5.8404
p41-plant-0004/004,brics-odroid-017_cam0,56,left,good,-5,84.6089
p41-plant-0004/004,brics-odroid-017_cam0,56,left,good,-4,85.8722
p41-plant-0004/004,brics-odroid-017_cam0,56,left,good,-3,67.1899
p41-plant-0004/004,brics-odroid-017_cam0,56,left,good,-2,39.6876
p41-plant-0004/004,brics-odroid-017_cam0,56,left,good,-1,17.2887
p41-plant-0004/004,brics-odroid-017_cam0,56,left,good,0,5.8027
p41-plant-0004/004,brics-odroid-017_cam0,56,left,good,1,10.6022
p41-plant-0004/004,brics-odroid-017_cam0,56,left,good,2,15.6832
p41-plant-0004/004,brics-odroid-017_cam0,56,left,good,3,28.5543
p41-plant-0004/004,brics-odroid-017_cam0,56,left,good,4,37.276
p41-plant-0004/004,brics-odroid-017_cam0,56,left,good,5,36.7757
p44-dog-0004/004,brics-odroid-016_cam0,96,right,good,-5,6.5172
p44-dog-0004/004,brics-odroid-016_cam0,96,right,good,-4,6.7687
p44-dog-0004/004,brics-odroid-016_cam0,96,right,good,-3,7.8425
p44-dog-0004/004,brics-odroid-016_cam0,96,right,good,-2,6.6592
p44-dog-0004/004,brics-odroid-016_cam0,96,right,good,-1,6.4599
p44-dog-0004/004,brics-odroid-016_cam0,96,right,good,0,7.2399
p44-dog-0004/004,brics-odroid-016_cam0,96,right,good,1,6.5988
p44-dog-0004/004,brics-odroid-016_cam0,96,right,good,2,6.5183
p44-dog-0004/004,brics-odroid-016_cam0,96,right,good,3,6.4524
p44-dog-0004/004,brics-odroid-016_cam0,96,right,good,4,6.4275
p44-dog-0004/004,brics-odroid-016_cam0,96,right,good,5,5.9513
p44-dog-0004/004,brics-odroid-022_cam1,16,left,good,-5,17.4697
p44-dog-0004/004,brics-odroid-022_cam1,16,left,good,-4,18.9853
p44-dog-0004/004,brics-odroid-022_cam1,16,left,good,-3,12.1227
p44-dog-0004/004,brics-odroid-022_cam1,16,left,good,-2,14.2398
p44-dog-0004/004,brics-odroid-022_cam1,16,left,good,-1,10.3707
p44-dog-0004/004,brics-odroid-022_cam1,16,left,good,0,9.2308
p44-dog-0004/004,brics-odroid-022_cam1,16,left,good,1,10.2305
p44-dog-0004/004,brics-odroid-022_cam1,16,left,good,2,11.2524
p44-dog-0004/004,brics-odroid-022_cam1,16,left,good,3,12.8084
p44-dog-0004/004,brics-odroid-022_cam1,16,left,good,4,12.9648
p44-dog-0004/004,brics-odroid-022_cam1,16,left,good,5,12.4207
p44-dog-0004/004,brics-odroid-025_cam0,304,right,good,-5,14.2583
p44-dog-0004/004,brics-odroid-025_cam0,304,right,good,-4,14.5556
p44-dog-0004/004,brics-odroid-025_cam0,304,right,good,-3,14.2715
p44-dog-0004/004,brics-odroid-025_cam0,304,right,good,-2,12.23
p44-dog-0004/004,brics-odroid-025_cam0,304,right,good,-1,11.3365
p44-dog-0004/004,brics-odroid-025_cam0,304,right,good,0,8.5894
p44-dog-0004/004,brics-odroid-025_cam0,304,right,good,1,11.4787
p44-dog-0004/004,brics-odroid-025_cam0,304,right,good,2,13.8496
p44-dog-0004/004,brics-odroid-025_cam0,304,right,good,3,15.343
p44-dog-0004/004,brics-odroid-025_cam0,304,right,good,4,23.6565
p44-dog-0004/004,brics-odroid-025_cam0,304,right,good,5,30.9252
p52-instrument-0034/034,brics-odroid-007_cam1,84,right,good,-5,24.6498
p52-instrument-0034/034,brics-odroid-007_cam1,84,right,good,-4,19.5611
p52-instrument-0034/034,brics-odroid-007_cam1,84,right,good,-3,13.7703
p52-instrument-0034/034,brics-odroid-007_cam1,84,right,good,-2,8.9627
p52-instrument-0034/034,brics-odroid-007_cam1,84,right,good,-1,4.276
p52-instrument-0034/034,brics-odroid-007_cam1,84,right,good,0,3.6949
p52-instrument-0034/034,brics-odroid-007_cam1,84,right,good,1,6.9443
p52-instrument-0034/034,brics-odroid-007_cam1,84,right,good,2,9.6714
p52-instrument-0034/034,brics-odroid-007_cam1,84,right,good,3,11.8311
p52-instrument-0034/034,brics-odroid-007_cam1,84,right,good,4,14.0969
p52-instrument-0034/034,brics-odroid-007_cam1,84,right,good,5,15.3653
p41-boxing-0021/021,brics-odroid-007_cam0,234,right,good,-5,24.552
p41-boxing-0021/021,brics-odroid-007_cam0,234,right,good,-4,17.1915
p41-boxing-0021/021,brics-odroid-007_cam0,234,right,good,-3,11.8908
p41-boxing-0021/021,brics-odroid-007_cam0,234,right,good,-2,7.8708
p41-boxing-0021/021,brics-odroid-007_cam0,234,right,good,-1,4.2194
p41-boxing-0021/021,brics-odroid-007_cam0,234,right,good,0,3.1562
p41-boxing-0021/021,brics-odroid-007_cam0,234,right,good,1,5.0435
p41-boxing-0021/021,brics-odroid-007_cam0,234,right,good,2,7.8733
p41-boxing-0021/021,brics-odroid-007_cam0,234,right,good,3,8.9138
p41-boxing-0021/021,brics-odroid-007_cam0,234,right,good,4,10.3969
p41-boxing-0021/021,brics-odroid-007_cam0,234,right,good,5,12.6082
p36-tea-0010/010,brics-odroid-015_cam1,85,left,good,-5,56.1768
p36-tea-0010/010,brics-odroid-015_cam1,85,left,good,-4,44.3419
p36-tea-0010/010,brics-odroid-015_cam1,85,left,good,-3,32.6046
p36-tea-0010/010,brics-odroid-015_cam1,85,left,good,-2,23.5807
p36-tea-0010/010,brics-odroid-015_cam1,85,left,good,-1,12.9037
p36-tea-0010/010,brics-odroid-015_cam1,85,left,good,0,4.9445
p36-tea-0010/010,brics-odroid-015_cam1,85,left,good,1,7.959
p36-tea-0010/010,brics-odroid-015_cam1,85,left,good,2,10.6571
p36-tea-0010/010,brics-odroid-015_cam1,85,left,good,3,17.1855
p36-tea-0010/010,brics-odroid-015_cam1,85,left,good,4,19.6558
p36-tea-0010/010,brics-odroid-015_cam1,85,left,good,5,22.8157
p36-tea-0010/010,brics-odroid-021_cam0,136,right,good,-5,6.6418
p36-tea-0010/010,brics-odroid-021_cam0,136,right,good,-4,7.0329
p36-tea-0010/010,brics-odroid-021_cam0,136,right,good,-3,6.9216
p36-tea-0010/010,brics-odroid-021_cam0,136,right,good,-2,6.9899
p36-tea-0010/010,brics-odroid-021_cam0,136,right,good,-1,6.636
p36-tea-0010/010,brics-odroid-021_cam0,136,right,good,0,7.1528
p36-tea-0010/010,brics-odroid-021_cam0,136,right,good,1,8.0598
p36-tea-0010/010,brics-odroid-021_cam0,136,right,good,2,9.329
p36-tea-0010/010,brics-odroid-021_cam0,136,right,good,3,9.4384
p36-tea-0010/010,brics-odroid-021_cam0,136,right,good,4,10.1086
p36-tea-0010/010,brics-odroid-021_cam0,136,right,good,5,10.8501
p44-dog-0004/004,brics-odroid-025_cam0,96,left,good,-5,16.0646
p44-dog-0004/004,brics-odroid-025_cam0,96,left,good,-4,19.6856
p44-dog-0004/004,brics-odroid-025_cam0,96,left,good,-3,18.4807
p44-dog-0004/004,brics-odroid-025_cam0,96,left,good,-2,15.6528
p44-dog-0004/004,brics-odroid-025_cam0,96,left,good,-1,8.4201
p44-dog-0004/004,brics-odroid-025_cam0,96,left,good,0,7.6124
p44-dog-0004/004,brics-odroid-025_cam0,96,left,good,1,19.6746
p44-dog-0004/004,brics-odroid-025_cam0,96,left,good,2,27.0954
p44-dog-0004/004,brics-odroid-025_cam0,96,left,good,3,35.4925
p44-dog-0004/004,brics-odroid-025_cam0,96,left,good,4,41.6399
p44-dog-0004/004,brics-odroid-025_cam0,96,left,good,5,41.4329
p52-instrument-0034/034,brics-odroid-007_cam1,78,left,good,-5,2.7899
p52-instrument-0034/034,brics-odroid-007_cam1,78,left,good,-4,3.3606
p52-instrument-0034/034,brics-odroid-007_cam1,78,left,good,-3,3.3024
p52-instrument-0034/034,brics-odroid-007_cam1,78,left,good,-2,2.8973
p52-instrument-0034/034,brics-odroid-007_cam1,78,left,good,-1,3.3637
p52-instrument-0034/034,brics-odroid-007_cam1,78,left,good,0,3.1562
p52-instrument-0034/034,brics-odroid-007_cam1,78,left,good,1,3.3317
p52-instrument-0034/034,brics-odroid-007_cam1,78,left,good,2,3.3913
p52-instrument-0034/034,brics-odroid-007_cam1,78,left,good,3,3.7813
p52-instrument-0034/034,brics-odroid-007_cam1,78,left,good,4,3.7652
p52-instrument-0034/034,brics-odroid-007_cam1,78,left,good,5,3.9795
p41-boxing-0021/021,brics-odroid-012_cam0,108,right,good,-5,17.0932
p41-boxing-0021/021,brics-odroid-012_cam0,108,right,good,-4,16.1249
p41-boxing-0021/021,brics-odroid-012_cam0,108,right,good,-3,14.0131
p41-boxing-0021/021,brics-odroid-012_cam0,108,right,good,-2,9.8532
p41-boxing-0021/021,brics-odroid-012_cam0,108,right,good,-1,6.9586
p41-boxing-0021/021,brics-odroid-012_cam0,108,right,good,0,7.6007
p41-boxing-0021/021,brics-odroid-012_cam0,108,right,good,1,10.5359
p41-boxing-0021/021,brics-odroid-012_cam0,108,right,good,2,17.4566
p41-boxing-0021/021,brics-odroid-012_cam0,108,right,good,3,21.8283
p41-boxing-0021/021,brics-odroid-012_cam0,108,right,good,4,23.0746
p41-boxing-0021/021,brics-odroid-012_cam0,108,right,good,5,21.5399
p44-dog-0004/004,brics-odroid-020_cam0,160,left,good,-5,5.6944
p44-dog-0004/004,brics-odroid-020_cam0,160,left,good,-4,8.0784
p44-dog-0004/004,brics-odroid-020_cam0,160,left,good,-3,4.5737
p44-dog-0004/004,brics-odroid-020_cam0,160,left,good,-2,6.2751
p44-dog-0004/004,brics-odroid-020_cam0,160,left,good,-1,7.4168
p44-dog-0004/004,brics-odroid-020_cam0,160,left,good,0,5.5262
p44-dog-0004/004,brics-odroid-020_cam0,160,left,good,1,6.0936
p44-dog-0004/004,brics-odroid-020_cam0,160,left,good,2,5.7941
p44-dog-0004/004,brics-odroid-020_cam0,160,left,good,3,7.4355
p44-dog-0004/004,brics-odroid-020_cam0,160,left,good,4,9.1988
p44-dog-0004/004,brics-odroid-020_cam0,160,left,good,5,8.9449
p41-boxing-0021/021,brics-odroid-020_cam0,90,left,good,-5,149.4026
p41-boxing-0021/021,brics-odroid-020_cam0,90,left,good,-4,97.2804
p41-boxing-0021/021,brics-odroid-020_cam0,90,left,good,-3,58.4464
p41-boxing-0021/021,brics-odroid-020_cam0,90,left,good,-2,27.9933
p41-boxing-0021/021,brics-odroid-020_cam0,90,left,good,-1,11.0023
p41-boxing-0021/021,brics-odroid-020_cam0,90,left,good,0,2.9143
p41-boxing-0021/021,brics-odroid-020_cam0,90,left,good,1,4.7129
p41-boxing-0021/021,brics-odroid-020_cam0,90,left,good,2,4.627
p41-boxing-0021/021,brics-odroid-020_cam0,90,left,good,3,5.9596
p41-boxing-0021/021,brics-odroid-020_cam0,90,left,good,4,6.4479
p41-boxing-0021/021,brics-odroid-020_cam0,90,left,good,5,7.0615
p41-boxing-0021/021,brics-odroid-030_cam0,90,left,good,-5,152.3811
p41-boxing-0021/021,brics-odroid-030_cam0,90,left,good,-4,106.0136
p41-boxing-0021/021,brics-odroid-030_cam0,90,left,good,-3,70.0598
p41-boxing-0021/021,brics-odroid-030_cam0,90,left,good,-2,42.7623
p41-boxing-0021/021,brics-odroid-030_cam0,90,left,good,-1,22.1591
p41-boxing-0021/021,brics-odroid-030_cam0,90,left,good,0,9.5086
p41-boxing-0021/021,brics-odroid-030_cam0,90,left,good,1,4.7096
p41-boxing-0021/021,brics-odroid-030_cam0,90,left,good,2,7.4033
p41-boxing-0021/021,brics-odroid-030_cam0,90,left,good,3,9.2872
p41-boxing-0021/021,brics-odroid-030_cam0,90,left,good,4,11.1783
p41-boxing-0021/021,brics-odroid-030_cam0,90,left,good,5,14.5129
p52-instrument-0034/034,brics-odroid-015_cam1,36,right,good,-5,63.9287
p52-instrument-0034/034,brics-odroid-015_cam1,36,right,good,-4,60.2904
p52-instrument-0034/034,brics-odroid-015_cam1,36,right,good,-3,49.9381
p52-instrument-0034/034,brics-odroid-015_cam1,36,right,good,-2,38.306
p52-instrument-0034/034,brics-odroid-015_cam1,36,right,good,-1,19.7621
p52-instrument-0034/034,brics-odroid-015_cam1,36,right,good,0,5.7127
p52-instrument-0034/034,brics-odroid-015_cam1,36,right,good,1,10.9182
p52-instrument-0034/034,brics-odroid-015_cam1,36,right,good,2,16.2265
p52-instrument-0034/034,brics-odroid-015_cam1,36,right,good,3,18.3647
p52-instrument-0034/034,brics-odroid-015_cam1,36,right,good,4,18.502
p52-instrument-0034/034,brics-odroid-015_cam1,36,right,good,5,23.7889
p41-plant-0004/004,brics-odroid-006_cam0,40,right,good,-5,59.591
p41-plant-0004/004,brics-odroid-006_cam0,40,right,good,-4,57.2282
p41-plant-0004/004,brics-odroid-006_cam0,40,right,good,-3,37.9574
p41-plant-0004/004,brics-odroid-006_cam0,40,right,good,-2,20.0411
p41-plant-0004/004,brics-odroid-006_cam0,40,right,good,-1,4.6025
p41-plant-0004/004,brics-odroid-006_cam0,40,right,good,0,7.5777
p41-plant-0004/004,brics-odroid-006_cam0,40,right,good,1,19.6742
p41-plant-0004/004,brics-odroid-006_cam0,40,right,good,2,34.2444
p41-plant-0004/004,brics-odroid-006_cam0,40,right,good,3,36.291
p41-plant-0004/004,brics-odroid-006_cam0,40,right,good,4,30.4166
p41-plant-0004/004,brics-odroid-006_cam0,40,right,good,5,25.6693
p44-dog-0004/004,brics-odroid-010_cam0,288,right,good,-5,8.0003
p44-dog-0004/004,brics-odroid-010_cam0,288,right,good,-4,6.8541
p44-dog-0004/004,brics-odroid-010_cam0,288,right,good,-3,7.0929
p44-dog-0004/004,brics-odroid-010_cam0,288,right,good,-2,7.0197
p44-dog-0004/004,brics-odroid-010_cam0,288,right,good,-1,6.7793
p44-dog-0004/004,brics-odroid-010_cam0,288,right,good,0,7.5718
p44-dog-0004/004,brics-odroid-010_cam0,288,right,good,1,8.1664
p44-dog-0004/004,brics-odroid-010_cam0,288,right,good,2,8.4999
p44-dog-0004/004,brics-odroid-010_cam0,288,right,good,3,10.486
p44-dog-0004/004,brics-odroid-010_cam0,288,right,good,4,11.1646
p44-dog-0004/004,brics-odroid-010_cam0,288,right,good,5,11.9327
p41-boxing-0021/021,brics-odroid-019_cam1,108,right,good,-5,20.1975
p41-boxing-0021/021,brics-odroid-019_cam1,108,right,good,-4,19.3234
p41-boxing-0021/021,brics-odroid-019_cam1,108,right,good,-3,15.2296
p41-boxing-0021/021,brics-odroid-019_cam1,108,right,good,-2,8.345
p41-boxing-0021/021,brics-odroid-019_cam1,108,right,good,-1,5.3298
p41-boxing-0021/021,brics-odroid-019_cam1,108,right,good,0,5.1099
p41-boxing-0021/021,brics-odroid-019_cam1,108,right,good,1,6.4301
p41-boxing-0021/021,brics-odroid-019_cam1,108,right,good,2,12.3899
p41-boxing-0021/021,brics-odroid-019_cam1,108,right,good,3,16.4467
p41-boxing-0021/021,brics-odroid-019_cam1,108,right,good,4,19.411
p41-boxing-0021/021,brics-odroid-019_cam1,108,right,good,5,19.1206
p41-boxing-0021/021,brics-odroid-015_cam1,342,right,good,-5,3.8086
p41-boxing-0021/021,brics-odroid-015_cam1,342,right,good,-4,3.9298
p41-boxing-0021/021,brics-odroid-015_cam1,342,right,good,-3,3.4991
p41-boxing-0021/021,brics-odroid-015_cam1,342,right,good,-2,3.5276
p41-boxing-0021/021,brics-odroid-015_cam1,342,right,good,-1,3.4844
p41-boxing-0021/021,brics-odroid-015_cam1,342,right,good,0,3.1918
p41-boxing-0021/021,brics-odroid-015_cam1,342,right,good,1,3.0431
p41-boxing-0021/021,brics-odroid-015_cam1,342,right,good,2,3.6744
p41-boxing-0021/021,brics-odroid-015_cam1,342,right,good,3,3.1211
p41-boxing-0021/021,brics-odroid-015_cam1,342,right,good,4,2.9222
p41-boxing-0021/021,brics-odroid-015_cam1,342,right,good,5,3.8055
p41-plant-0004/004,brics-odroid-022_cam1,88,right,good,-5,10.7806
p41-plant-0004/004,brics-odroid-022_cam1,88,right,good,-4,12.0537
p41-plant-0004/004,brics-odroid-022_cam1,88,right,good,-3,10.3009
p41-plant-0004/004,brics-odroid-022_cam1,88,right,good,-2,7.9452
p41-plant-0004/004,brics-odroid-022_cam1,88,right,good,-1,7.1966
p41-plant-0004/004,brics-odroid-022_cam1,88,right,good,0,4.8084
p41-plant-0004/004,brics-odroid-022_cam1,88,right,good,1,15.5291
p41-plant-0004/004,brics-odroid-022_cam1,88,right,good,2,26.4134
p41-plant-0004/004,brics-odroid-022_cam1,88,right,good,3,29.679
p41-plant-0004/004,brics-odroid-022_cam1,88,right,good,4,30.1287
p41-plant-0004/004,brics-odroid-022_cam1,88,right,good,5,28.8946
p41-plant-0004/004,brics-odroid-025_cam0,96,right,good,-5,23.2799
p41-plant-0004/004,brics-odroid-025_cam0,96,right,good,-4,20.0223
p41-plant-0004/004,brics-odroid-025_cam0,96,right,good,-3,19.4976
p41-plant-0004/004,brics-odroid-025_cam0,96,right,good,-2,17.9829
p41-plant-0004/004,brics-odroid-025_cam0,96,right,good,-1,15.4287
p41-plant-0004/004,brics-odroid-025_cam0,96,right,good,0,9.7287
p41-plant-0004/004,brics-odroid-025_cam0,96,right,good,1,6.3747
p41-plant-0004/004,brics-odroid-025_cam0,96,right,good,2,6.8371
p41-plant-0004/004,brics-odroid-025_cam0,96,right,good,3,7.9619
p41-plant-0004/004,brics-odroid-025_cam0,96,right,good,4,9.9824
p41-plant-0004/004,brics-odroid-025_cam0,96,right,good,5,8.69
p52-instrument-0034/034,brics-odroid-024_cam0,66,right,good,-5,10.9253
p52-instrument-0034/034,brics-odroid-024_cam0,66,right,good,-4,14.2204
p52-instrument-0034/034,brics-odroid-024_cam0,66,right,good,-3,14.6554
p52-instrument-0034/034,brics-odroid-024_cam0,66,right,good,-2,13.0362
p52-instrument-0034/034,brics-odroid-024_cam0,66,right,good,-1,7.3441
p52-instrument-0034/034,brics-odroid-024_cam0,66,right,good,0,6.364
p52-instrument-0034/034,brics-odroid-024_cam0,66,right,good,1,9.8482
p52-instrument-0034/034,brics-odroid-024_cam0,66,right,good,2,16.0986
p52-instrument-0034/034,brics-odroid-024_cam0,66,right,good,3,24.2595
p52-instrument-0034/034,brics-odroid-024_cam0,66,right,good,4,38.3785
p52-instrument-0034/034,brics-odroid-024_cam0,66,right,good,5,49.0417
p44-dog-0004/004,brics-odroid-009_cam1,304,right,good,-5,7.914
p44-dog-0004/004,brics-odroid-009_cam1,304,right,good,-4,7.5949
p44-dog-0004/004,brics-odroid-009_cam1,304,right,good,-3,6.2337
p44-dog-0004/004,brics-odroid-009_cam1,304,right,good,-2,5.1717
p44-dog-0004/004,brics-odroid-009_cam1,304,right,good,-1,3.3268
p44-dog-0004/004,brics-odroid-009_cam1,304,right,good,0,2.268
p44-dog-0004/004,brics-odroid-009_cam1,304,right,good,1,5.084
p44-dog-0004/004,brics-odroid-009_cam1,304,right,good,2,10.7379
p44-dog-0004/004,brics-odroid-009_cam1,304,right,good,3,13.8402
p44-dog-0004/004,brics-odroid-009_cam1,304,right,good,4,20.8671
p44-dog-0004/004,brics-odroid-009_cam1,304,right,good,5,26.2944
p41-plant-0004/004,brics-odroid-023_cam0,0,left,good,0,9.7996
p41-plant-0004/004,brics-odroid-023_cam0,0,left,good,1,9.7624
p41-plant-0004/004,brics-odroid-023_cam0,0,left,good,2,9.9116
p41-plant-0004/004,brics-odroid-023_cam0,0,left,good,3,9.2349
p41-plant-0004/004,brics-odroid-023_cam0,0,left,good,4,9.6037
p41-plant-0004/004,brics-odroid-023_cam0,0,left,good,5,9.4793
p52-instrument-0034/034,brics-odroid-012_cam0,102,right,good,-5,4.5505
p52-instrument-0034/034,brics-odroid-012_cam0,102,right,good,-4,4.1459
p52-instrument-0034/034,brics-odroid-012_cam0,102,right,good,-3,3.729
p52-instrument-0034/034,brics-odroid-012_cam0,102,right,good,-2,3.9629
p52-instrument-0034/034,brics-odroid-012_cam0,102,right,good,-1,3.7515
p52-instrument-0034/034,brics-odroid-012_cam0,102,right,good,0,2.9268
p52-instrument-0034/034,brics-odroid-012_cam0,102,right,good,1,2.8161
p52-instrument-0034/034,brics-odroid-012_cam0,102,right,good,2,3.4197
p52-instrument-0034/034,brics-odroid-012_cam0,102,right,good,3,3.7244
p52-instrument-0034/034,brics-odroid-012_cam0,102,right,good,4,3.8877
p52-instrument-0034/034,brics-odroid-012_cam0,102,right,good,5,4.2028
p41-boxing-0021/021,brics-odroid-030_cam0,162,left,good,-5,77.9115
p41-boxing-0021/021,brics-odroid-030_cam0,162,left,good,-4,55.2411
p41-boxing-0021/021,brics-odroid-030_cam0,162,left,good,-3,37.0293
p41-boxing-0021/021,brics-odroid-030_cam0,162,left,good,-2,22.6309
p41-boxing-0021/021,brics-odroid-030_cam0,162,left,good,-1,11.6687
p41-boxing-0021/021,brics-odroid-030_cam0,162,left,good,0,5.5012
p41-boxing-0021/021,brics-odroid-030_cam0,162,left,good,1,8.9817
p41-boxing-0021/021,brics-odroid-030_cam0,162,left,good,2,16.6026
p41-boxing-0021/021,brics-odroid-030_cam0,162,left,good,3,35.3145
p41-boxing-0021/021,brics-odroid-030_cam0,162,left,good,4,53.1437
p41-boxing-0021/021,brics-odroid-030_cam0,162,left,good,5,66.4719
p41-plant-0004/004,brics-odroid-007_cam0,8,right,good,-5,5.8808
p41-plant-0004/004,brics-odroid-007_cam0,8,right,good,-4,5.828
p41-plant-0004/004,brics-odroid-007_cam0,8,right,good,-3,6.0145
p41-plant-0004/004,brics-odroid-007_cam0,8,right,good,-2,5.9121
p41-plant-0004/004,brics-odroid-007_cam0,8,right,good,-1,6.1575
p41-plant-0004/004,brics-odroid-007_cam0,8,right,good,0,7.9329
p41-plant-0004/004,brics-odroid-007_cam0,8,right,good,1,13.2613
p41-plant-0004/004,brics-odroid-007_cam0,8,right,good,2,18.339
p41-plant-0004/004,brics-odroid-007_cam0,8,right,good,3,29.9029
p41-plant-0004/004,brics-odroid-007_cam0,8,right,good,4,35.7653
p41-plant-0004/004,brics-odroid-007_cam0,8,right,good,5,27.6194
p41-boxing-0021/021,brics-odroid-009_cam1,36,left,good,-5,20.7427
p41-boxing-0021/021,brics-odroid-009_cam1,36,left,good,-4,14.6115
p41-boxing-0021/021,brics-odroid-009_cam1,36,left,good,-3,8.1731
p41-boxing-0021/021,brics-odroid-009_cam1,36,left,good,-2,3.2068
p41-boxing-0021/021,brics-odroid-009_cam1,36,left,good,-1,3.2359
p41-boxing-0021/021,brics-odroid-009_cam1,36,left,good,0,4.4375
p41-boxing-0021/021,brics-odroid-009_cam1,36,left,good,1,5.0423
p41-boxing-0021/021,brics-odroid-009_cam1,36,left,good,2,5.8929
p41-boxing-0021/021,brics-odroid-009_cam1,36,left,good,3,6.0244
p41-boxing-0021/021,brics-odroid-009_cam1,36,left,good,4,6.952
p41-boxing-0021/021,brics-odroid-009_cam1,36,left,good,5,7.8191
p52-instrument-0034/034,brics-odroid-025_cam1,30,right,good,-5,45.1548
p52-instrument-0034/034,brics-odroid-025_cam1,30,right,good,-4,38.9395
p52-instrument-0034/034,brics-odroid-025_cam1,30,right,good,-3,31.5001
p52-instrument-0034/034,brics-odroid-025_cam1,30,right,good,-2,22.8765
p52-instrument-0034/034,brics-odroid-025_cam1,30,right,good,-1,10.9069
p52-instrument-0034/034,brics-odroid-025_cam1,30,right,good,0,6.9457
p52-instrument-0034/034,brics-odroid-025_cam1,30,right,good,1,17.1918
p52-instrument-0034/034,brics-odroid-025_cam1,30,right,good,2,36.2458
p52-instrument-0034/034,brics-odroid-025_cam1,30,right,good,3,52.5998
p52-instrument-0034/034,brics-odroid-025_cam1,30,right,good,4,62.9947
p52-instrument-0034/034,brics-odroid-025_cam1,30,right,good,5,68.0981
p36-tea-0010/010,brics-odroid-015_cam0,269,right,good,-5,20.8566
p36-tea-0010/010,brics-odroid-015_cam0,269,right,good,-4,17.9077
p36-tea-0010/010,brics-odroid-015_cam0,269,right,good,-3,14.6984
p36-tea-0010/010,brics-odroid-015_cam0,269,right,good,-2,10.4767
p36-tea-0010/010,brics-odroid-015_cam0,269,right,good,-1,6.865
p36-tea-0010/010,brics-odroid-015_cam0,269,right,good,0,5.4635
p36-tea-0010/010,brics-odroid-015_cam0,269,right,good,1,8.0809
p36-tea-0010/010,brics-odroid-015_cam0,269,right,good,2,11.9638
p36-tea-0010/010,brics-odroid-015_cam0,269,right,good,3,15.2308
p36-tea-0010/010,brics-odroid-015_cam0,269,right,good,4,17.459
p36-tea-0010/010,brics-odroid-015_cam0,269,right,good,5,20.4599
p41-boxing-0021/021,brics-odroid-030_cam1,198,left,good,-5,110.5018
p41-boxing-0021/021,brics-odroid-030_cam1,198,left,good,-4,83.2729
p41-boxing-0021/021,brics-odroid-030_cam1,198,left,good,-3,57.4528
p41-boxing-0021/021,brics-odroid-030_cam1,198,left,good,-2,42.1955
p41-boxing-0021/021,brics-odroid-030_cam1,198,left,good,-1,23.3998
p41-boxing-0021/021,brics-odroid-030_cam1,198,left,good,0,9.433
p41-boxing-0021/021,brics-odroid-030_cam1,198,left,good,1,28.9797
p41-boxing-0021/021,brics-odroid-030_cam1,198,left,good,2,44.2571
p41-boxing-0021/021,brics-odroid-030_cam1,198,left,good,3,56.2173
p41-boxing-0021/021,brics-odroid-030_cam1,198,left,good,4,59.4355
p41-boxing-0021/021,brics-odroid-030_cam1,198,left,good,5,59.4834
p41-boxing-0021/021,brics-odroid-007_cam0,0,left,good,0,3.2425
p41-boxing-0021/021,brics-odroid-007_cam0,0,left,good,1,3.2753
p41-boxing-0021/021,brics-odroid-007_cam0,0,left,good,2,4.0623
p41-boxing-0021/021,brics-odroid-007_cam0,0,left,good,3,4.667
p41-boxing-0021/021,brics-odroid-007_cam0,0,left,good,4,4.8543
p41-boxing-0021/021,brics-odroid-007_cam0,0,left,good,5,5.3546
p44-dog-0004/004,brics-odroid-015_cam1,48,right,good,-5,6.3063
p44-dog-0004/004,brics-odroid-015_cam1,48,right,good,-4,5.0042
p44-dog-0004/004,brics-odroid-015_cam1,48,right,good,-3,3.4398
p44-dog-0004/004,brics-odroid-015_cam1,48,right,good,-2,3.4908
p44-dog-0004/004,brics-odroid-015_cam1,48,right,good,-1,4.0714
p44-dog-0004/004,brics-odroid-015_cam1,48,right,good,0,5.5236
p44-dog-0004/004,brics-odroid-015_cam1,48,right,good,1,5.7708
p44-dog-0004/004,brics-odroid-015_cam1,48,right,good,2,6.1215
p44-dog-0004/004,brics-odroid-015_cam1,48,right,good,3,6.8483
p44-dog-0004/004,brics-odroid-015_cam1,48,right,good,4,6.0167
p44-dog-0004/004,brics-odroid-015_cam1,48,right,good,5,6.2877
p52-instrument-0034/034,brics-odroid-011_cam0,96,left,good,-5,2.9535
p52-instrument-0034/034,brics-odroid-011_cam0,96,left,good,-4,2.7958
p52-instrument-0034/034,brics-odroid-011_cam0,96,left,good,-3,2.8156
p52-instrument-0034/034,brics-odroid-011_cam0,96,left,good,-2,3.094
p52-instrument-0034/034,brics-odroid-011_cam0,96,left,good,-1,3.0119
p52-instrument-0034/034,brics-odroid-011_cam0,96,left,good,0,2.8243
p52-instrument-0034/034,brics-odroid-011_cam0,96,left,good,1,2.7195
p52-instrument-0034/034,brics-odroid-011_cam0,96,left,good,2,3.5177
p52-instrument-0034/034,brics-odroid-011_cam0,96,left,good,3,3.4816
p52-instrument-0034/034,brics-odroid-011_cam0,96,left,good,4,3.2129
p52-instrument-0034/034,brics-odroid-011_cam0,96,left,good,5,3.1026
p36-tea-0010/010,brics-odroid-023_cam0,34,left,good,-5,23.3163
p36-tea-0010/010,brics-odroid-023_cam0,34,left,good,-4,15.8919
p36-tea-0010/010,brics-odroid-023_cam0,34,left,good,-3,13.0767
p36-tea-0010/010,brics-odroid-023_cam0,34,left,good,-2,10.6318
p36-tea-0010/010,brics-odroid-023_cam0,34,left,good,-1,8.25
p36-tea-0010/010,brics-odroid-023_cam0,34,left,good,0,4.9128
p36-tea-0010/010,brics-odroid-023_cam0,34,left,good,1,6.8437
p36-tea-0010/010,brics-odroid-023_cam0,34,left,good,2,7.7611
p36-tea-0010/010,brics-odroid-023_cam0,34,left,good,3,11.2582
p36-tea-0010/010,brics-odroid-023_cam0,34,left,good,4,14.1555
p36-tea-0010/010,brics-odroid-023_cam0,34,left,good,5,17.9344
p36-tea-0010/010,brics-odroid-025_cam1,337,right,good,-5,6.2229
p36-tea-0010/010,brics-odroid-025_cam1,337,right,good,-4,5.9534
p36-tea-0010/010,brics-odroid-025_cam1,337,right,good,-3,4.6541
p36-tea-0010/010,brics-odroid-025_cam1,337,right,good,-2,4.6978
p36-tea-0010/010,brics-odroid-025_cam1,337,right,good,-1,4.3731
p36-tea-0010/010,brics-odroid-025_cam1,337,right,good,0,4.624
p36-tea-0010/010,brics-odroid-025_cam1,337,right,good,1,4.8143
p36-tea-0010/010,brics-odroid-025_cam1,337,right,good,2,4.802
p36-tea-0010/010,brics-odroid-025_cam1,337,right,good,3,5.4503
p36-tea-0010/010,brics-odroid-025_cam1,337,right,good,4,5.0464
p36-tea-0010/010,brics-odroid-025_cam1,337,right,good,5,5.1374
p52-instrument-0034/034,brics-odroid-015_cam0,24,right,good,-5,15.4708
p52-instrument-0034/034,brics-odroid-015_cam0,24,right,good,-4,12.8376
p52-instrument-0034/034,brics-odroid-015_cam0,24,right,good,-3,10.7941
p52-instrument-0034/034,brics-odroid-015_cam0,24,right,good,-2,8.4665
p52-instrument-0034/034,brics-odroid-015_cam0,24,right,good,-1,5.4153
p52-instrument-0034/034,brics-odroid-015_cam0,24,right,good,0,3.2142
p52-instrument-0034/034,brics-odroid-015_cam0,24,right,good,1,5.1954
p52-instrument-0034/034,brics-odroid-015_cam0,24,right,good,2,6.9057
p52-instrument-0034/034,brics-odroid-015_cam0,24,right,good,3,10.6408
p52-instrument-0034/034,brics-odroid-015_cam0,24,right,good,4,15.5566
p52-instrument-0034/034,brics-odroid-015_cam0,24,right,good,5,24.2088
p41-boxing-0021/021,brics-odroid-025_cam0,90,left,good,-5,103.5987
p41-boxing-0021/021,brics-odroid-025_cam0,90,left,good,-4,68.1027
p41-boxing-0021/021,brics-odroid-025_cam0,90,left,good,-3,45.7315
p41-boxing-0021/021,brics-odroid-025_cam0,90,left,good,-2,30.7991
p41-boxing-0021/021,brics-odroid-025_cam0,90,left,good,-1,16.3942
p41-boxing-0021/021,brics-odroid-025_cam0,90,left,good,0,9.7627
p41-boxing-0021/021,brics-odroid-025_cam0,90,left,good,1,8.457
p41-boxing-0021/021,brics-odroid-025_cam0,90,left,good,2,11.9851
p41-boxing-0021/021,brics-odroid-025_cam0,90,left,good,3,12.498
p41-boxing-0021/021,brics-odroid-025_cam0,90,left,good,4,13.5518
p41-boxing-0021/021,brics-odroid-025_cam0,90,left,good,5,17.0361
p52-instrument-0034/034,brics-odroid-007_cam1,96,right,good,-5,6.4523
p52-instrument-0034/034,brics-odroid-007_cam1,96,right,good,-4,5.4272
p52-instrument-0034/034,brics-odroid-007_cam1,96,right,good,-3,4.5372
p52-instrument-0034/034,brics-odroid-007_cam1,96,right,good,-2,4.1882
p52-instrument-0034/034,brics-odroid-007_cam1,96,right,good,-1,3.5791
p52-instrument-0034/034,brics-odroid-007_cam1,96,right,good,0,3.844
p52-instrument-0034/034,brics-odroid-007_cam1,96,right,good,1,4.533
p52-instrument-0034/034,brics-odroid-007_cam1,96,right,good,2,4.5563
p52-instrument-0034/034,brics-odroid-007_cam1,96,right,good,3,5.3691
p52-instrument-0034/034,brics-odroid-007_cam1,96,right,good,4,5.7507
p52-instrument-0034/034,brics-odroid-007_cam1,96,right,good,5,6.9161
p44-dog-0004/004,brics-odroid-007_cam0,176,right,good,-5,7.4834
p44-dog-0004/004,brics-odroid-007_cam0,176,right,good,-4,6.7757
p44-dog-0004/004,brics-odroid-007_cam0,176,right,good,-3,5.2143
p44-dog-0004/004,brics-odroid-007_cam0,176,right,good,-2,3.2148
p44-dog-0004/004,brics-odroid-007_cam0,176,right,good,-1,2.1917
p44-dog-0004/004,brics-odroid-007_cam0,176,right,good,0,2.4685
p44-dog-0004/004,brics-odroid-007_cam0,176,right,good,1,3.0503
p44-dog-0004/004,brics-odroid-007_cam0,176,right,good,2,4.139
p44-dog-0004/004,brics-odroid-007_cam0,176,right,good,3,5.6638
p44-dog-0004/004,brics-odroid-007_cam0,176,right,good,4,8.5917
p44-dog-0004/004,brics-odroid-007_cam0,176,right,good,5,8.9461
p52-instrument-0034/034,brics-odroid-027_cam0,18,left,good,-5,6.1887
p52-instrument-0034/034,brics-odroid-027_cam0,18,left,good,-4,6.0733
p52-instrument-0034/034,brics-odroid-027_cam0,18,left,good,-3,5.8916
p52-instrument-0034/034,brics-odroid-027_cam0,18,left,good,-2,5.8678
p52-instrument-0034/034,brics-odroid-027_cam0,18,left,good,-1,6.0184
p52-instrument-0034/034,brics-odroid-027_cam0,18,left,good,0,6.049
p52-instrument-0034/034,brics-odroid-027_cam0,18,left,good,1,6.0197
p52-instrument-0034/034,brics-odroid-027_cam0,18,left,good,2,5.9208
p52-instrument-0034/034,brics-odroid-027_cam0,18,left,good,3,5.4684
p52-instrument-0034/034,brics-odroid-027_cam0,18,left,good,4,5.53
p52-instrument-0034/034,brics-odroid-027_cam0,18,left,good,5,6.5085
p44-dog-0004/004,brics-odroid-025_cam1,160,right,good,-5,9.661
p44-dog-0004/004,brics-odroid-025_cam1,160,right,good,-4,8.1113
p44-dog-0004/004,brics-odroid-025_cam1,160,right,good,-3,7.5649
p44-dog-0004/004,brics-odroid-025_cam1,160,right,good,-2,8.5911
p44-dog-0004/004,brics-odroid-025_cam1,160,right,good,-1,6.9453
p44-dog-0004/004,brics-odroid-025_cam1,160,right,good,0,7.3777
p44-dog-0004/004,brics-odroid-025_cam1,160,right,good,1,7.3034
p44-dog-0004/004,brics-odroid-025_cam1,160,right,good,2,8.0696
p44-dog-0004/004,brics-odroid-025_cam1,160,right,good,3,7.5089
p44-dog-0004/004,brics-odroid-025_cam1,160,right,good,4,8.7654
p44-dog-0004/004,brics-odroid-025_cam1,160,right,good,5,9.1523
p41-boxing-0021/021,brics-odroid-009_cam1,216,right,good,-5,87.8214
p41-boxing-0021/021,brics-odroid-009_cam1,216,right,good,-4,63.4905
p41-boxing-0021/021,brics-odroid-009_cam1,216,right,good,-3,45.9814
p41-boxing-0021/021,brics-odroid-009_cam1,216,right,good,-2,28.6699
p41-boxing-0021/021,brics-odroid-009_cam1,216,right,good,-1,14.5934
p41-boxing-0021/021,brics-odroid-009_cam1,216,right,good,0,3.5809
p41-boxing-0021/021,brics-odroid-009_cam1,216,right,good,1,8.3599
p41-boxing-0021/021,brics-odroid-009_cam1,216,right,good,2,14.9676
p41-boxing-0021/021,brics-odroid-009_cam1,216,right,good,3,20.4094
p41-boxing-0021/021,brics-odroid-009_cam1,216,right,good,4,25.0096
p41-boxing-0021/021,brics-odroid-009_cam1,216,right,good,5,30.4146
p41-plant-0004/004,brics-odroid-021_cam1,8,left,good,-5,11.1475
p41-plant-0004/004,brics-odroid-021_cam1,8,left,good,-4,10.866
p41-plant-0004/004,brics-odroid-021_cam1,8,left,good,-3,11.1307
p41-plant-0004/004,brics-odroid-021_cam1,8,left,good,-2,10.903
p41-plant-0004/004,brics-odroid-021_cam1,8,left,good,-1,10.6252
p41-plant-0004/004,brics-odroid-021_cam1,8,left,good,0,9.5824
p41-plant-0004/004,brics-odroid-021_cam1,8,left,good,1,8.6195
p41-plant-0004/004,brics-odroid-021_cam1,8,left,good,2,13.2644
p41-plant-0004/004,brics-odroid-021_cam1,8,left,good,3,18.8939
p41-plant-0004/004,brics-odroid-021_cam1,8,left,good,4,22.7522
p41-plant-0004/004,brics-odroid-021_cam1,8,left,good,5,12.8646
p41-boxing-0021/021,brics-odroid-020_cam0,54,right,good,-5,11.4855
p41-boxing-0021/021,brics-odroid-020_cam0,54,right,good,-4,8.4793
p41-boxing-0021/021,brics-odroid-020_cam0,54,right,good,-3,8.7505
p41-boxing-0021/021,brics-odroid-020_cam0,54,right,good,-2,8.7278
p41-boxing-0021/021,brics-odroid-020_cam0,54,right,good,-1,6.1057
p41-boxing-0021/021,brics-odroid-020_cam0,54,right,good,0,3.853
p41-boxing-0021/021,brics-odroid-020_cam0,54,right,good,1,5.5341
p41-boxing-0021/021,brics-odroid-020_cam0,54,right,good,2,6.2103
p41-boxing-0021/021,brics-odroid-020_cam0,54,right,good,3,6.8659
p41-boxing-0021/021,brics-odroid-020_cam0,54,right,good,4,4.0439
p41-boxing-0021/021,brics-odroid-020_cam0,54,right,good,5,4.6615
p36-tea-0010/010,brics-odroid-025_cam1,34,right,good,-5,128.7541
p36-tea-0010/010,brics-odroid-025_cam1,34,right,good,-4,95.3264
p36-tea-0010/010,brics-odroid-025_cam1,34,right,good,-3,67.6494
p36-tea-0010/010,brics-odroid-025_cam1,34,right,good,-2,38.0821
p36-tea-0010/010,brics-odroid-025_cam1,34,right,good,-1,15.4161
p36-tea-0010/010,brics-odroid-025_cam1,34,right,good,0,7.5373
p36-tea-0010/010,brics-odroid-025_cam1,34,right,good,1,20.6031
p36-tea-0010/010,brics-odroid-025_cam1,34,right,good,2,31.6147
p36-tea-0010/010,brics-odroid-025_cam1,34,right,good,3,41.9971
p36-tea-0010/010,brics-odroid-025_cam1,34,right,good,4,48.5681
p36-tea-0010/010,brics-odroid-025_cam1,34,right,good,5,54.8807
p36-tea-0010/010,brics-odroid-015_cam1,337,right,good,-5,5.7498
p36-tea-0010/010,brics-odroid-015_cam1,337,right,good,-4,5.5003
p36-tea-0010/010,brics-odroid-015_cam1,337,right,good,-3,5.8773
p36-tea-0010/010,brics-odroid-015_cam1,337,right,good,-2,6.0273
p36-tea-0010/010,brics-odroid-015_cam1,337,right,good,-1,6.0772
p36-tea-0010/010,brics-odroid-015_cam1,337,right,good,0,5.9375
p36-tea-0010/010,brics-odroid-015_cam1,337,right,good,1,5.7904
p36-tea-0010/010,brics-odroid-015_cam1,337,right,good,2,6.8832
p36-tea-0010/010,brics-odroid-015_cam1,337,right,good,3,6.9755
p36-tea-0010/010,brics-odroid-015_cam1,337,right,good,4,7.107
p36-tea-0010/010,brics-odroid-015_cam1,337,right,good,5,7.6212
p52-instrument-0034/034,brics-odroid-006_cam0,96,right,good,-5,7.1046
p52-instrument-0034/034,brics-odroid-006_cam0,96,right,good,-4,6.5765
p52-instrument-0034/034,brics-odroid-006_cam0,96,right,good,-3,6.2694
p52-instrument-0034/034,brics-odroid-006_cam0,96,right,good,-2,6.1778
p52-instrument-0034/034,brics-odroid-006_cam0,96,right,good,-1,6.9942
p52-instrument-0034/034,brics-odroid-006_cam0,96,right,good,0,7.3062
p52-instrument-0034/034,brics-odroid-006_cam0,96,right,good,1,8.4773
p52-instrument-0034/034,brics-odroid-006_cam0,96,right,good,2,9.4684
p52-instrument-0034/034,brics-odroid-006_cam0,96,right,good,3,10.665
p52-instrument-0034/034,brics-odroid-006_cam0,96,right,good,4,11.8908
p52-instrument-0034/034,brics-odroid-006_cam0,96,right,good,5,11.1137
p41-boxing-0021/021,brics-odroid-025_cam1,216,left,good,-5,13.4293
p41-boxing-0021/021,brics-odroid-025_cam1,216,left,good,-4,12.9273
p41-boxing-0021/021,brics-odroid-025_cam1,216,left,good,-3,11.1056
p41-boxing-0021/021,brics-odroid-025_cam1,216,left,good,-2,9.3222
p41-boxing-0021/021,brics-odroid-025_cam1,216,left,good,-1,8.5974
p41-boxing-0021/021,brics-odroid-025_cam1,216,left,good,0,9.9499
p41-boxing-0021/021,brics-odroid-025_cam1,216,left,good,1,11.969
p41-boxing-0021/021,brics-odroid-025_cam1,216,left,good,2,14.1545
p41-boxing-0021/021,brics-odroid-025_cam1,216,left,good,3,17.0383
p41-boxing-0021/021,brics-odroid-025_cam1,216,left,good,4,22.1891
p41-boxing-0021/021,brics-odroid-025_cam1,216,left,good,5,30.9801
p52-instrument-0034/034,brics-odroid-022_cam1,18,left,good,-5,3.6333
p52-instrument-0034/034,brics-odroid-022_cam1,18,left,good,-4,3.7989
p52-instrument-0034/034,brics-odroid-022_cam1,18,left,good,-3,3.9723
p52-instrument-0034/034,brics-odroid-022_cam1,18,left,good,-2,4.0093
p52-instrument-0034/034,brics-odroid-022_cam1,18,left,good,-1,3.5855
p52-instrument-0034/034,brics-odroid-022_cam1,18,left,good,0,3.5021
p52-instrument-0034/034,brics-odroid-022_cam1,18,left,good,1,2.9613
p52-instrument-0034/034,brics-odroid-022_cam1,18,left,good,2,4.3606
p52-instrument-0034/034,brics-odroid-022_cam1,18,left,good,3,4.8915
p52-instrument-0034/034,brics-odroid-022_cam1,18,left,good,4,4.2484
p52-instrument-0034/034,brics-odroid-022_cam1,18,left,good,5,3.8452
p52-instrument-0034/034,brics-odroid-011_cam0,6,left,good,-5,2.9562
p52-instrument-0034/034,brics-odroid-011_cam0,6,left,good,-4,2.9984
p52-instrument-0034/034,brics-odroid-011_cam0,6,left,good,-3,2.6713
p52-instrument-0034/034,brics-odroid-011_cam0,6,left,good,-2,2.9987
p52-instrument-0034/034,brics-odroid-011_cam0,6,left,good,-1,3.0411
p52-instrument-0034/034,brics-odroid-011_cam0,6,left,good,0,2.7466
p52-instrument-0034/034,brics-odroid-011_cam0,6,left,good,1,2.6994
p52-instrument-0034/034,brics-odroid-011_cam0,6,left,good,2,2.7773
p52-instrument-0034/034,brics-odroid-011_cam0,6,left,good,3,2.9727
p52-instrument-0034/034,brics-odroid-011_cam0,6,left,good,4,3.0408
p52-instrument-0034/034,brics-odroid-011_cam0,6,left,good,5,3.0148
p44-dog-0004/004,brics-odroid-010_cam0,224,right,good,-5,71.646
p44-dog-0004/004,brics-odroid-010_cam0,224,right,good,-4,64.8593
p44-dog-0004/004,brics-odroid-010_cam0,224,right,good,-3,56.2719
p44-dog-0004/004,brics-odroid-010_cam0,224,right,good,-2,35.9409
p44-dog-0004/004,brics-odroid-010_cam0,224,right,good,-1,18.9148
p44-dog-0004/004,brics-odroid-010_cam0,224,right,good,0,6.2416
p44-dog-0004/004,brics-odroid-010_cam0,224,right,good,1,24.8535
p44-dog-0004/004,brics-odroid-010_cam0,224,right,good,2,43.9475
p44-dog-0004/004,brics-odroid-010_cam0,224,right,good,3,63.2766
p44-dog-0004/004,brics-odroid-010_cam0,224,right,good,4,76.3275
p44-dog-0004/004,brics-odroid-010_cam0,224,right,good,5,88.2796
p52-instrument-0034/034,brics-odroid-016_cam0,72,left,good,-5,8.2892
p52-instrument-0034/034,brics-odroid-016_cam0,72,left,good,-4,7.7687
p52-instrument-0034/034,brics-odroid-016_cam0,72,left,good,-3,6.2383
p52-instrument-0034/034,brics-odroid-016_cam0,72,left,good,-2,8.4888
p52-instrument-0034/034,brics-odroid-016_cam0,72,left,good,-1,8.7749
p52-instrument-0034/034,brics-odroid-016_cam0,72,left,good,0,8.9861
p52-instrument-0034/034,brics-odroid-016_cam0,72,left,good,1,10.1577
p52-instrument-0034/034,brics-odroid-016_cam0,72,left,good,2,9.1202
p52-instrument-0034/034,brics-odroid-016_cam0,72,left,good,3,8.9905
p52-instrument-0034/034,brics-odroid-016_cam0,72,left,good,4,9.4018
p52-instrument-0034/034,brics-odroid-016_cam0,72,left,good,5,9.168
p52-instrument-0034/034,brics-odroid-030_cam1,0,left,good,0,9.9993
p52-instrument-0034/034,brics-odroid-030_cam1,0,left,good,1,9.3896
p52-instrument-0034/034,brics-odroid-030_cam1,0,left,good,2,9.4311
p52-instrument-0034/034,brics-odroid-030_cam1,0,left,good,3,10.2961
p52-instrument-0034/034,brics-odroid-030_cam1,0,left,good,4,10.411
p52-instrument-0034/034,brics-odroid-030_cam1,0,left,good,5,9.0043
p36-tea-0010/010,brics-odroid-015_cam0,85,right,good,-5,35.5349
p36-tea-0010/010,brics-odroid-015_cam0,85,right,good,-4,26.9121
p36-tea-0010/010,brics-odroid-015_cam0,85,right,good,-3,18.7027
p36-tea-0010/010,brics-odroid-015_cam0,85,right,good,-2,12.1131
p36-tea-0010/010,brics-odroid-015_cam0,85,right,good,-1,9.8615
p36-tea-0010/010,brics-odroid-015_cam0,85,right,good,0,12.1522
p36-tea-0010/010,brics-odroid-015_cam0,85,right,good,1,17.8309
p36-tea-0010/010,brics-odroid-015_cam0,85,right,good,2,22.8099
p36-tea-0010/010,brics-odroid-015_cam0,85,right,good,3,27.9787
p36-tea-0010/010,brics-odroid-015_cam0,85,right,good,4,30.9036
p36-tea-0010/010,brics-odroid-015_cam0,85,right,good,5,34.723
p52-instrument-0034/034,brics-odroid-012_cam1,72,left,good,-5,5.1901
p52-instrument-0034/034,brics-odroid-012_cam1,72,left,good,-4,4.4968
p52-instrument-0034/034,brics-odroid-012_cam1,72,left,good,-3,3.5147
p52-instrument-0034/034,brics-odroid-012_cam1,72,left,good,-2,5.2408
p52-instrument-0034/034,brics-odroid-012_cam1,72,left,good,-1,5.821
p52-instrument-0034/034,brics-odroid-012_cam1,72,left,good,0,6.3004
p52-instrument-0034/034,brics-odroid-012_cam1,72,left,good,1,6.86
p52-instrument-0034/034,brics-odroid-012_cam1,72,left,good,2,6.2661
p52-instrument-0034/034,brics-odroid-012_cam1,72,left,good,3,6.1407
p52-instrument-0034/034,brics-odroid-012_cam1,72,left,good,4,6.7393
p52-instrument-0034/034,brics-odroid-012_cam1,72,left,good,5,6.0315
p41-plant-0004/004,brics-odroid-022_cam1,8,right,good,-5,7.3153
p41-plant-0004/004,brics-odroid-022_cam1,8,right,good,-4,7.0634
p41-plant-0004/004,brics-odroid-022_cam1,8,right,good,-3,7.7894
p41-plant-0004/004,brics-odroid-022_cam1,8,right,good,-2,6.9598
p41-plant-0004/004,brics-odroid-022_cam1,8,right,good,-1,5.9388
p41-plant-0004/004,brics-odroid-022_cam1,8,right,good,0,6.5711
p41-plant-0004/004,brics-odroid-022_cam1,8,right,good,1,10.2338
p41-plant-0004/004,brics-odroid-022_cam1,8,right,good,2,18.6147
p41-plant-0004/004,brics-odroid-022_cam1,8,right,good,3,28.4249
p41-plant-0004/004,brics-odroid-022_cam1,8,right,good,4,33.4454
p41-plant-0004/004,brics-odroid-022_cam1,8,right,good,5,25.7373
p44-dog-0004/004,brics-odroid-020_cam0,192,right,bad,-5,150.5552
p44-dog-0004/004,brics-odroid-020_cam0,192,right,bad,-4,145.4783
p44-dog-0004/004,brics-odroid-020_cam0,192,right,bad,-3,143.1408
p44-dog-0004/004,brics-odroid-020_cam0,192,right,bad,-2,142.8995
p44-dog-0004/004,brics-odroid-020_cam0,192,right,bad,-1,142.1461
p44-dog-0004/004,brics-odroid-020_cam0,192,right,bad,0,141.6773
p44-dog-0004/004,brics-odroid-020_cam0,192,right,bad,1,142.3626
p44-dog-0004/004,brics-odroid-020_cam0,192,right,bad,2,145.9109
p44-dog-0004/004,brics-odroid-020_cam0,192,right,bad,3,148.1355
p44-dog-0004/004,brics-odroid-020_cam0,192,right,bad,4,147.0364
p44-dog-0004/004,brics-odroid-020_cam0,192,right,bad,5,150.6661
p52-instrument-0034/034,brics-odroid-027_cam0,72,right,bad,-5,299.9727
p52-instrument-0034/034,brics-odroid-027_cam0,72,right,bad,-4,304.3172
p52-instrument-0034/034,brics-odroid-027_cam0,72,right,bad,-3,311.2237
p52-instrument-0034/034,brics-odroid-027_cam0,72,right,bad,-2,320.7051
p52-instrument-0034/034,brics-odroid-027_cam0,72,right,bad,-1,330.7416
p52-instrument-0034/034,brics-odroid-027_cam0,72,right,bad,0,332.408
p52-instrument-0034/034,brics-odroid-027_cam0,72,right,bad,1,332.0292
p52-instrument-0034/034,brics-odroid-027_cam0,72,right,bad,2,333.0527
p52-instrument-0034/034,brics-odroid-027_cam0,72,right,bad,3,336.3049
p52-instrument-0034/034,brics-odroid-027_cam0,72,right,bad,4,336.8805
p52-instrument-0034/034,brics-odroid-027_cam0,72,right,bad,5,336.8463
p44-dog-0004/004,brics-odroid-028_cam0,160,left,bad,-5,120.7477
p44-dog-0004/004,brics-odroid-028_cam0,160,left,bad,-4,118.3337
p44-dog-0004/004,brics-odroid-028_cam0,160,left,bad,-3,122.0842
p44-dog-0004/004,brics-odroid-028_cam0,160,left,bad,-2,123.5681
p44-dog-0004/004,brics-odroid-028_cam0,160,left,bad,-1,125.6726
p44-dog-0004/004,brics-odroid-028_cam0,160,left,bad,0,122.1889
p44-dog-0004/004,brics-odroid-028_cam0,160,left,bad,1,122.151
p44-dog-0004/004,brics-odroid-028_cam0,160,left,bad,2,121.1474
p44-dog-0004/004,brics-odroid-028_cam0,160,left,bad,3,120.5751
p44-dog-0004/004,brics-odroid-028_cam0,160,left,bad,4,120.9431
p44-dog-0004/004,brics-odroid-028_cam0,160,left,bad,5,118.3033
p44-dog-0004/004,brics-odroid-019_cam1,272,right,bad,-5,187.8705
p44-dog-0004/004,brics-odroid-019_cam1,272,right,bad,-4,187.5908
p44-dog-0004/004,brics-odroid-019_cam1,272,right,bad,-3,186.5881
p44-dog-0004/004,brics-odroid-019_cam1,272,right,bad,-2,185.8806
p44-dog-0004/004,brics-odroid-019_cam1,272,right,bad,-1,187.136
p44-dog-0004/004,brics-odroid-019_cam1,272,right,bad,0,187.2969
p44-dog-0004/004,brics-odroid-019_cam1,272,right,bad,1,187.4114
p44-dog-0004/004,brics-odroid-019_cam1,272,right,bad,2,192.5119
p44-dog-0004/004,brics-odroid-019_cam1,272,right,bad,3,190.7022
p44-dog-0004/004,brics-odroid-019_cam1,272,right,bad,4,188.1251
p44-dog-0004/004,brics-odroid-019_cam1,272,right,bad,5,188.6901
p41-boxing-0021/021,brics-odroid-014_cam1,342,right,bad,-5,179.8785
p41-boxing-0021/021,brics-odroid-014_cam1,342,right,bad,-4,178.3362
p41-boxing-0021/021,brics-odroid-014_cam1,342,right,bad,-3,177.9338
p41-boxing-0021/021,brics-odroid-014_cam1,342,right,bad,-2,177.4271
p41-boxing-0021/021,brics-odroid-014_cam1,342,right,bad,-1,177.3873
p41-boxing-0021/021,brics-odroid-014_cam1,342,right,bad,0,177.3626
p41-boxing-0021/021,brics-odroid-014_cam1,342,right,bad,1,177.311
p41-boxing-0021/021,brics-odroid-014_cam1,342,right,bad,2,176.7991
p41-boxing-0021/021,brics-odroid-014_cam1,342,right,bad,3,175.3009
p41-boxing-0021/021,brics-odroid-014_cam1,342,right,bad,4,175.4437
p41-boxing-0021/021,brics-odroid-014_cam1,342,right,bad,5,176.4861
p44-dog-0004/004,brics-odroid-014_cam1,176,right,bad,-5,152.2714
p44-dog-0004/004,brics-odroid-014_cam1,176,right,bad,-4,151.4123
p44-dog-0004/004,brics-odroid-014_cam1,176,right,bad,-3,152.9771
p44-dog-0004/004,brics-odroid-014_cam1,176,right,bad,-2,153.3503
p44-dog-0004/004,brics-odroid-014_cam1,176,right,bad,-1,153.606
p44-dog-0004/004,brics-odroid-014_cam1,176,right,bad,0,150.126
p44-dog-0004/004,brics-odroid-014_cam1,176,right,bad,1,145.6512
p44-dog-0004/004,brics-odroid-014_cam1,176,right,bad,2,145.0648
p44-dog-0004/004,brics-odroid-014_cam1,176,right,bad,3,144.5754
p44-dog-0004/004,brics-odroid-014_cam1,176,right,bad,4,145.7273
p44-dog-0004/004,brics-odroid-014_cam1,176,right,bad,5,148.1306
p44-dog-0004/004,brics-odroid-010_cam1,128,left,bad,-5,305.6255
p44-dog-0004/004,brics-odroid-010_cam1,128,left,bad,-4,300.2735
p44-dog-0004/004,brics-odroid-010_cam1,128,left,bad,-3,294.3512
p44-dog-0004/004,brics-odroid-010_cam1,128,left,bad,-2,282.9926
p44-dog-0004/004,brics-odroid-010_cam1,128,left,bad,-1,262.9458
p44-dog-0004/004,brics-odroid-010_cam1,128,left,bad,0,241.9804
p44-dog-0004/004,brics-odroid-010_cam1,128,left,bad,1,221.9243
p44-dog-0004/004,brics-odroid-010_cam1,128,left,bad,2,202.7477
p44-dog-0004/004,brics-odroid-010_cam1,128,left,bad,3,184.2087
p44-dog-0004/004,brics-odroid-010_cam1,128,left,bad,4,170.6957
p44-dog-0004/004,brics-odroid-010_cam1,128,left,bad,5,156.2018
p44-dog-0004/004,brics-odroid-030_cam1,240,left,bad,-5,358.2351
p44-dog-0004/004,brics-odroid-030_cam1,240,left,bad,-4,369.9228
p44-dog-0004/004,brics-odroid-030_cam1,240,left,bad,-3,383.6839
p44-dog-0004/004,brics-odroid-030_cam1,240,left,bad,-2,390.0173
p44-dog-0004/004,brics-odroid-030_cam1,240,left,bad,-1,382.1337
p44-dog-0004/004,brics-odroid-030_cam1,240,left,bad,0,373.9275
p44-dog-0004/004,brics-odroid-030_cam1,240,left,bad,1,355.9838
p44-dog-0004/004,brics-odroid-030_cam1,240,left,bad,2,339.2378
p44-dog-0004/004,brics-odroid-030_cam1,240,left,bad,3,333.1352
p44-dog-0004/004,brics-odroid-030_cam1,240,left,bad,4,324.6416
p44-dog-0004/004,brics-odroid-030_cam1,240,left,bad,5,333.1455
p52-instrument-0034/034,brics-odroid-026_cam1,0,left,bad,0,363.1894
p52-instrument-0034/034,brics-odroid-026_cam1,0,left,bad,1,363.2404
p52-instrument-0034/034,brics-odroid-026_cam1,0,left,bad,2,363.4962
p52-instrument-0034/034,brics-odroid-026_cam1,0,left,bad,3,363.992
p52-instrument-0034/034,brics-odroid-026_cam1,0,left,bad,4,363.5651
p52-instrument-0034/034,brics-odroid-026_cam1,0,left,bad,5,363.9001
p41-plant-0004/004,brics-odroid-015_cam1,96,right,bad,-5,90.3724
p41-plant-0004/004,brics-odroid-015_cam1,96,right,bad,-4,89.334
p41-plant-0004/004,brics-odroid-015_cam1,96,right,bad,-3,88.6236
p41-plant-0004/004,brics-odroid-015_cam1,96,right,bad,-2,91.1871
p41-plant-0004/004,brics-odroid-015_cam1,96,right,bad,-1,90.6993
p41-plant-0004/004,brics-odroid-015_cam1,96,right,bad,0,95.7491
p41-plant-0004/004,brics-odroid-015_cam1,96,right,bad,1,94.9882
p41-plant-0004/004,brics-odroid-015_cam1,96,right,bad,2,90.1829
p41-plant-0004/004,brics-odroid-015_cam1,96,right,bad,3,89.0812
p41-plant-0004/004,brics-odroid-015_cam1,96,right,bad,4,89.9683
p41-plant-0004/004,brics-odroid-015_cam1,96,right,bad,5,98.5761
p41-boxing-0021/021,brics-odroid-021_cam1,126,right,bad,-5,163.7703
p41-boxing-0021/021,brics-odroid-021_cam1,126,right,bad,-4,168.7627
p41-boxing-0021/021,brics-odroid-021_cam1,126,right,bad,-3,173.1724
p41-boxing-0021/021,brics-odroid-021_cam1,126,right,bad,-2,174.3719
p41-boxing-0021/021,brics-odroid-021_cam1,126,right,bad,-1,173.8482
p41-boxing-0021/021,brics-odroid-021_cam1,126,right,bad,0,181.1026
p41-boxing-0021/021,brics-odroid-021_cam1,126,right,bad,1,171.2272
p41-boxing-0021/021,brics-odroid-021_cam1,126,right,bad,2,153.9294
p41-boxing-0021/021,brics-odroid-021_cam1,126,right,bad,3,136.1838
p41-boxing-0021/021,brics-odroid-021_cam1,126,right,bad,4,125.9982
p41-boxing-0021/021,brics-odroid-021_cam1,126,right,bad,5,116.7862
p52-instrument-0034/034,brics-odroid-027_cam0,114,right,bad,-5,331.5501
p52-instrument-0034/034,brics-odroid-027_cam0,114,right,bad,-4,331.4543
p52-instrument-0034/034,brics-odroid-027_cam0,114,right,bad,-3,331.1053
p52-instrument-0034/034,brics-odroid-027_cam0,114,right,bad,-2,330.6115
p52-instrument-0034/034,brics-odroid-027_cam0,114,right,bad,-1,330.326
p52-instrument-0034/034,brics-odroid-027_cam0,114,right,bad,0,329.7247
p52-instrument-0034/034,brics-odroid-027_cam0,114,right,bad,1,329.7308
p52-instrument-0034/034,brics-odroid-027_cam0,114,right,bad,2,329.4757
p52-instrument-0034/034,brics-odroid-027_cam0,114,right,bad,3,329.3676
p52-instrument-0034/034,brics-odroid-027_cam0,114,right,bad,4,329.1477
p52-instrument-0034/034,brics-odroid-027_cam0,114,right,bad,5,329.0897
p44-dog-0004/004,brics-odroid-028_cam0,0,left,bad,0,125.0982
p44-dog-0004/004,brics-odroid-028_cam0,0,left,bad,1,124.8726
p44-dog-0004/004,brics-odroid-028_cam0,0,left,bad,2,124.174
p44-dog-0004/004,brics-odroid-028_cam0,0,left,bad,3,123.4817
p44-dog-0004/004,brics-odroid-028_cam0,0,left,bad,4,123.792
p44-dog-0004/004,brics-odroid-028_cam0,0,left,bad,5,124.5399
p44-dog-0004/004,brics-odroid-029_cam1,304,right,bad,-5,216.0238
p44-dog-0004/004,brics-odroid-029_cam1,304,right,bad,-4,217.116
p44-dog-0004/004,brics-odroid-029_cam1,304,right,bad,-3,217.3036
p44-dog-0004/004,brics-odroid-029_cam1,304,right,bad,-2,213.5988
p44-dog-0004/004,brics-odroid-029_cam1,304,right,bad,-1,214.2096
p44-dog-0004/004,brics-odroid-029_cam1,304,right,bad,0,211.3257
p44-dog-0004/004,brics-odroid-029_cam1,304,right,bad,1,208.362
p44-dog-0004/004,brics-odroid-029_cam1,304,right,bad,2,205.1569
p44-dog-0004/004,brics-odroid-029_cam1,304,right,bad,3,201.8952
p44-dog-0004/004,brics-odroid-029_cam1,304,right,bad,4,198.9091
p44-dog-0004/004,brics-odroid-029_cam1,304,right,bad,5,196.7503
p44-dog-0004/004,brics-odroid-015_cam1,288,left,bad,-5,73.6699
p44-dog-0004/004,brics-odroid-015_cam1,288,left,bad,-4,77.9785
p44-dog-0004/004,brics-odroid-015_cam1,288,left,bad,-3,82.8128
p44-dog-0004/004,brics-odroid-015_cam1,288,left,bad,-2,86.7076
p44-dog-0004/004,brics-odroid-015_cam1,288,left,bad,-1,86.2369
p44-dog-0004/004,brics-odroid-015_cam1,288,left,bad,0,84.6755
p44-dog-0004/004,brics-odroid-015_cam1,288,left,bad,1,78.7285
p44-dog-0004/004,brics-odroid-015_cam1,288,left,bad,2,73.7055
p44-dog-0004/004,brics-odroid-015_cam1,288,left,bad,3,66.2132
p44-dog-0004/004,brics-odroid-015_cam1,288,left,bad,4,65.3609
p44-dog-0004/004,brics-odroid-015_cam1,288,left,bad,5,67.0355
p41-boxing-0021/021,brics-odroid-029_cam0,234,left,bad,-5,427.8828
p41-boxing-0021/021,brics-odroid-029_cam0,234,left,bad,-4,413.7228
p41-boxing-0021/021,brics-odroid-029_cam0,234,left,bad,-3,386.6173
p41-boxing-0021/021,brics-odroid-029_cam0,234,left,bad,-2,351.0808
p41-boxing-0021/021,brics-odroid-029_cam0,234,left,bad,-1,319.1214
p41-boxing-0021/021,brics-odroid-029_cam0,234,left,bad,0,286.9277
p41-boxing-0021/021,brics-odroid-029_cam0,234,left,bad,1,262.9534
p41-boxing-0021/021,brics-odroid-029_cam0,234,left,bad,2,244.7325
p41-boxing-0021/021,brics-odroid-029_cam0,234,left,bad,3,231.4699
p41-boxing-0021/021,brics-odroid-029_cam0,234,left,bad,4,219.3764
p41-boxing-0021/021,brics-odroid-029_cam0,234,left,bad,5,217.2563
p44-dog-0004/004,brics-odroid-029_cam1,272,right,bad,-5,213.263
p44-dog-0004/004,brics-odroid-029_cam1,272,right,bad,-4,213.2512
p44-dog-0004/004,brics-odroid-029_cam1,272,right,bad,-3,213.8118
p44-dog-0004/004,brics-odroid-029_cam1,272,right,bad,-2,213.2774
p44-dog-0004/004,brics-odroid-029_cam1,272,right,bad,-1,214.6894
p44-dog-0004/004,brics-odroid-029_cam1,272,right,bad,0,214.1079
p44-dog-0004/004,brics-odroid-029_cam1,272,right,bad,1,214.6335
p44-dog-0004/004,brics-odroid-029_cam1,272,right,bad,2,215.2557
p44-dog-0004/004,brics-odroid-029_cam1,272,right,bad,3,214.6025
p44-dog-0004/004,brics-odroid-029_cam1,272,right,bad,4,214.1378
p44-dog-0004/004,brics-odroid-029_cam1,272,right,bad,5,213.5405
p41-boxing-0021/021,brics-odroid-027_cam0,144,right,bad,-5,114.5113
p41-boxing-0021/021,brics-odroid-027_cam0,144,right,bad,-4,121.1849
p41-boxing-0021/021,brics-odroid-027_cam0,144,right,bad,-3,130.6668
p41-boxing-0021/021,brics-odroid-027_cam0,144,right,bad,-2,142.3191
p41-boxing-0021/021,brics-odroid-027_cam0,144,right,bad,-1,153.2378
p41-boxing-0021/021,brics-odroid-027_cam0,144,right,bad,0,163.135
p41-boxing-0021/021,brics-odroid-027_cam0,144,right,bad,1,171.4923
p41-boxing-0021/021,brics-odroid-027_cam0,144,right,bad,2,177.994
p41-boxing-0021/021,brics-odroid-027_cam0,144,right,bad,3,179.7995
p41-boxing-0021/021,brics-odroid-027_cam0,144,right,bad,4,180.0157
p41-boxing-0021/021,brics-odroid-027_cam0,144,right,bad,5,178.6259
p36-tea-0010/010,brics-odroid-010_cam0,305,left,bad,-5,110.0568
p36-tea-0010/010,brics-odroid-010_cam0,305,left,bad,-4,111.8197
p36-tea-0010/010,brics-odroid-010_cam0,305,left,bad,-3,111.5459
p36-tea-0010/010,brics-odroid-010_cam0,305,left,bad,-2,112.4121
p36-tea-0010/010,brics-odroid-010_cam0,305,left,bad,-1,115.0048
p36-tea-0010/010,brics-odroid-010_cam0,305,left,bad,0,113.5844
p36-tea-0010/010,brics-odroid-010_cam0,305,left,bad,1,115.7283
p36-tea-0010/010,brics-odroid-010_cam0,305,left,bad,2,116.678
p36-tea-0010/010,brics-odroid-010_cam0,305,left,bad,3,117.0975
p36-tea-0010/010,brics-odroid-010_cam0,305,left,bad,4,118.349
p36-tea-0010/010,brics-odroid-010_cam0,305,left,bad,5,118.8097
p44-dog-0004/004,brics-odroid-019_cam1,80,right,bad,-5,175.503
p44-dog-0004/004,brics-odroid-019_cam1,80,right,bad,-4,175.2524
p44-dog-0004/004,brics-odroid-019_cam1,80,right,bad,-3,173.6205
p44-dog-0004/004,brics-odroid-019_cam1,80,right,bad,-2,174.372
p44-dog-0004/004,brics-odroid-019_cam1,80,right,bad,-1,173.9858
p44-dog-0004/004,brics-odroid-019_cam1,80,right,bad,0,173.8376
p44-dog-0004/004,brics-odroid-019_cam1,80,right,bad,1,172.8195
p44-dog-0004/004,brics-odroid-019_cam1,80,right,bad,2,172.2466
p44-dog-0004/004,brics-odroid-019_cam1,80,right,bad,3,173.9722
p44-dog-0004/004,brics-odroid-019_cam1,80,right,bad,4,174.4157
p44-dog-0004/004,brics-odroid-019_cam1,80,right,bad,5,172.5668
p52-instrument-0034/034,brics-odroid-029_cam0,72,right,bad,-5,409.018
p52-instrument-0034/034,brics-odroid-029_cam0,72,right,bad,-4,412.6412
p52-instrument-0034/034,brics-odroid-029_cam0,72,right,bad,-3,418.0303
p52-instrument-0034/034,brics-odroid-029_cam0,72,right,bad,-2,428.4715
p52-instrument-0034/034,brics-odroid-029_cam0,72,right,bad,-1,436.2825
p52-instrument-0034/034,brics-odroid-029_cam0,72,right,bad,0,445.1141
p52-instrument-0034/034,brics-odroid-029_cam0,72,right,bad,1,452.7715
p52-instrument-0034/034,brics-odroid-029_cam0,72,right,bad,2,459.5427
p52-instrument-0034/034,brics-odroid-029_cam0,72,right,bad,3,464.0404
p52-instrument-0034/034,brics-odroid-029_cam0,72,right,bad,4,463.9539
p52-instrument-0034/034,brics-odroid-029_cam0,72,right,bad,5,462.1307
p41-plant-0004/004,brics-odroid-020_cam1,16,right,bad,-5,61.0532
p41-plant-0004/004,brics-odroid-020_cam1,16,right,bad,-4,65.439
p41-plant-0004/004,brics-odroid-020_cam1,16,right,bad,-3,66.2615
p41-plant-0004/004,brics-odroid-020_cam1,16,right,bad,-2,67.5061
p41-plant-0004/004,brics-odroid-020_cam1,16,right,bad,-1,71.1214
p41-plant-0004/004,brics-odroid-020_cam1,16,right,bad,0,70.6955
p41-plant-0004/004,brics-odroid-020_cam1,16,right,bad,1,67.967
p41-plant-0004/004,brics-odroid-020_cam1,16,right,bad,2,63.9374
p41-plant-0004/004,brics-odroid-020_cam1,16,right,bad,3,62.6836
p41-plant-0004/004,brics-odroid-020_cam1,16,right,bad,4,67.0045
p41-plant-0004/004,brics-odroid-020_cam1,16,right,bad,5,68.3464
p36-tea-0010/010,brics-odroid-028_cam0,237,left,bad,-5,108.8215
p36-tea-0010/010,brics-odroid-028_cam0,237,left,bad,-4,104.0762
p36-tea-0010/010,brics-odroid-028_cam0,237,left,bad,-3,96.4289
p36-tea-0010/010,brics-odroid-028_cam0,237,left,bad,-2,91.6787
p36-tea-0010/010,brics-odroid-028_cam0,237,left,bad,-1,85.9219
p36-tea-0010/010,brics-odroid-028_cam0,237,left,bad,0,76.8118
p36-tea-0010/010,brics-odroid-028_cam0,237,left,bad,1,70.6115
p36-tea-0010/010,brics-odroid-028_cam0,237,left,bad,2,62.5848
p36-tea-0010/010,brics-odroid-028_cam0,237,left,bad,3,55.9607
p36-tea-0010/010,brics-odroid-028_cam0,237,left,bad,4,52.5726
p36-tea-0010/010,brics-odroid-028_cam0,237,left,bad,5,55.0235
p44-dog-0004/004,brics-odroid-029_cam1,0,right,bad,0,178.7025
p44-dog-0004/004,brics-odroid-029_cam1,0,right,bad,1,178.5179
p44-dog-0004/004,brics-odroid-029_cam1,0,right,bad,2,179.0556
p44-dog-0004/004,brics-odroid-029_cam1,0,right,bad,3,178.1597
p44-dog-0004/004,brics-odroid-029_cam1,0,right,bad,4,179.2917
p44-dog-0004/004,brics-odroid-029_cam1,0,right,bad,5,179.4246
p36-tea-0010/010,brics-odroid-026_cam0,51,left,bad,-5,204.6464
p36-tea-0010/010,brics-odroid-026_cam0,51,left,bad,-4,201.6282
p36-tea-0010/010,brics-odroid-026_cam0,51,left,bad,-3,200.4724
p36-tea-0010/010,brics-odroid-026_cam0,51,left,bad,-2,198.6916
p36-tea-0010/010,brics-odroid-026_cam0,51,left,bad,-1,198.9955
p36-tea-0010/010,brics-odroid-026_cam0,51,left,bad,0,199.6989
p36-tea-0010/010,brics-odroid-026_cam0,51,left,bad,1,198.6346
p36-tea-0010/010,brics-odroid-026_cam0,51,left,bad,2,199.7027
p36-tea-0010/010,brics-odroid-026_cam0,51,left,bad,3,201.2706
p36-tea-0010/010,brics-odroid-026_cam0,51,left,bad,4,203.0683
p36-tea-0010/010,brics-odroid-026_cam0,51,left,bad,5,205.8974
p36-tea-0010/010,brics-odroid-026_cam0,102,right,bad,-5,174.5235
p36-tea-0010/010,brics-odroid-026_cam0,102,right,bad,-4,177.3987
p36-tea-0010/010,brics-odroid-026_cam0,102,right,bad,-3,180.1523
p36-tea-0010/010,brics-odroid-026_cam0,102,right,bad,-2,183.3078
p36-tea-0010/010,brics-odroid-026_cam0,102,right,bad,-1,186.4155
p36-tea-0010/010,brics-odroid-026_cam0,102,right,bad,0,188.5957
p36-tea-0010/010,brics-odroid-026_cam0,102,right,bad,1,192.1197
p36-tea-0010/010,brics-odroid-026_cam0,102,right,bad,2,195.1189
p36-tea-0010/010,brics-odroid-026_cam0,102,right,bad,3,198.6422
p36-tea-0010/010,brics-odroid-026_cam0,102,right,bad,4,201.8317
p36-tea-0010/010,brics-odroid-026_cam0,102,right,bad,5,204.6771
p52-instrument-0034/034,brics-odroid-027_cam0,84,right,bad,-5,338.0234
p52-instrument-0034/034,brics-odroid-027_cam0,84,right,bad,-4,338.0511
p52-instrument-0034/034,brics-odroid-027_cam0,84,right,bad,-3,336.5476
p52-instrument-0034/034,brics-odroid-027_cam0,84,right,bad,-2,336.5277
p52-instrument-0034/034,brics-odroid-027_cam0,84,right,bad,-1,336.6505
p52-instrument-0034/034,brics-odroid-027_cam0,84,right,bad,0,337.0318
p52-instrument-0034/034,brics-odroid-027_cam0,84,right,bad,1,337.6135
p52-instrument-0034/034,brics-odroid-027_cam0,84,right,bad,2,337.6263
p52-instrument-0034/034,brics-odroid-027_cam0,84,right,bad,3,337.7301
p52-instrument-0034/034,brics-odroid-027_cam0,84,right,bad,4,337.5845
p52-instrument-0034/034,brics-odroid-027_cam0,84,right,bad,5,337.5432
p44-dog-0004/004,brics-odroid-026_cam0,224,left,bad,-5,469.9874
p44-dog-0004/004,brics-odroid-026_cam0,224,left,bad,-4,472.3092
p44-dog-0004/004,brics-odroid-026_cam0,224,left,bad,-3,477.3636
p44-dog-0004/004,brics-odroid-026_cam0,224,left,bad,-2,483.8501
p44-dog-0004/004,brics-odroid-026_cam0,224,left,bad,-1,493.6468
p44-dog-0004/004,brics-odroid-026_cam0,224,left,bad,0,504.3446
p44-dog-0004/004,brics-odroid-026_cam0,224,left,bad,1,510.9398
p44-dog-0004/004,brics-odroid-026_cam0,224,left,bad,2,510.4857
p44-dog-0004/004,brics-odroid-026_cam0,224,left,bad,3,504.0017
p44-dog-0004/004,brics-odroid-026_cam0,224,left,bad,4,493.7217
p44-dog-0004/004,brics-odroid-026_cam0,224,left,bad,5,484.198
p44-dog-0004/004,brics-odroid-020_cam0,96,right,bad,-5,190.9328
p44-dog-0004/004,brics-odroid-020_cam0,96,right,bad,-4,190.0988
p44-dog-0004/004,brics-odroid-020_cam0,96,right,bad,-3,190.0643
p44-dog-0004/004,brics-odroid-020_cam0,96,right,bad,-2,190.3167
p44-dog-0004/004,brics-odroid-020_cam0,96,right,bad,-1,190.9715
p44-dog-0004/004,brics-odroid-020_cam0,96,right,bad,0,189.3568
p44-dog-0004/004,brics-odroid-020_cam0,96,right,bad,1,187.8396
p44-dog-0004/004,brics-odroid-020_cam0,96,right,bad,2,187.439
p44-dog-0004/004,brics-odroid-020_cam0,96,right,bad,3,188.6576
p44-dog-0004/004,brics-odroid-020_cam0,96,right,bad,4,188.4082
p44-dog-0004/004,brics-odroid-020_cam0,96,right,bad,5,188.6005
p41-plant-0004/004,brics-odroid-015_cam1,152,right,bad,-5,100.8817
p41-plant-0004/004,brics-odroid-015_cam1,152,right,bad,-4,101.7856
p41-plant-0004/004,brics-odroid-015_cam1,152,right,bad,-3,102.8163
p41-plant-0004/004,brics-odroid-015_cam1,152,right,bad,-2,102.8956
p41-plant-0004/004,brics-odroid-015_cam1,152,right,bad,-1,103.5083
p41-plant-0004/004,brics-odroid-015_cam1,152,right,bad,0,103.5063
p41-plant-0004/004,brics-odroid-015_cam1,152,right,bad,1,103.7229
p41-plant-0004/004,brics-odroid-015_cam1,152,right,bad,2,104.1352
p41-plant-0004/004,brics-odroid-015_cam1,152,right,bad,3,103.8746
p41-plant-0004/004,brics-odroid-015_cam1,152,right,bad,4,102.9739
p41-plant-0004/004,brics-odroid-015_cam1,152,right,bad,5,104.0024
p41-boxing-0021/021,brics-odroid-029_cam0,180,left,bad,-5,199.0298
p41-boxing-0021/021,brics-odroid-029_cam0,180,left,bad,-4,195.7769
p41-boxing-0021/021,brics-odroid-029_cam0,180,left,bad,-3,194.8221
p41-boxing-0021/021,brics-odroid-029_cam0,180,left,bad,-2,189.3508
p41-boxing-0021/021,brics-odroid-029_cam0,180,left,bad,-1,182.4128
p41-boxing-0021/021,brics-odroid-029_cam0,180,left,bad,0,166.3619
p41-boxing-0021/021,brics-odroid-029_cam0,180,left,bad,1,141.3668
p41-boxing-0021/021,brics-odroid-029_cam0,180,left,bad,2,138.2796
p41-boxing-0021/021,brics-odroid-029_cam0,180,left,bad,3,156.6201
p41-boxing-0021/021,brics-odroid-029_cam0,180,left,bad,4,209.8101
p41-boxing-0021/021,brics-odroid-029_cam0,180,left,bad,5,241.6244
p41-boxing-0021/021,brics-odroid-026_cam0,288,right,bad,-5,215.2913
p41-boxing-0021/021,brics-odroid-026_cam0,288,right,bad,-4,201.2972
p41-boxing-0021/021,brics-odroid-026_cam0,288,right,bad,-3,188.4383
p41-boxing-0021/021,brics-odroid-026_cam0,288,right,bad,-2,178.4862
p41-boxing-0021/021,brics-odroid-026_cam0,288,right,bad,-1,169.284
p41-boxing-0021/021,brics-odroid-026_cam0,288,right,bad,0,158.2742
p41-boxing-0021/021,brics-odroid-026_cam0,288,right,bad,1,145.7411
p41-boxing-0021/021,brics-odroid-026_cam0,288,right,bad,2,127.7187
p41-boxing-0021/021,brics-odroid-026_cam0,288,right,bad,3,114.9537
p41-boxing-0021/021,brics-odroid-026_cam0,288,right,bad,4,113.2145
p41-boxing-0021/021,brics-odroid-026_cam0,288,right,bad,5,125.0906
p44-dog-0004/004,brics-odroid-019_cam1,256,right,bad,-5,135.3352
p44-dog-0004/004,brics-odroid-019_cam1,256,right,bad,-4,135.2699
p44-dog-0004/004,brics-odroid-019_cam1,256,right,bad,-3,135.1456
p44-dog-0004/004,brics-odroid-019_cam1,256,right,bad,-2,134.2838
p44-dog-0004/004,brics-odroid-019_cam1,256,right,bad,-1,134.2273
p44-dog-0004/004,brics-odroid-019_cam1,256,right,bad,0,134.0223
p44-dog-0004/004,brics-odroid-019_cam1,256,right,bad,1,134.1726
p44-dog-0004/004,brics-odroid-019_cam1,256,right,bad,2,134.5474
p44-dog-0004/004,brics-odroid-019_cam1,256,right,bad,3,136.4751
p44-dog-0004/004,brics-odroid-019_cam1,256,right,bad,4,134.5001
p44-dog-0004/004,brics-odroid-019_cam1,256,right,bad,5,135.8745
p44-dog-0004/004,brics-odroid-029_cam0,64,right,bad,-5,272.7142
p44-dog-0004/004,brics-odroid-029_cam0,64,right,bad,-4,272.7576
p44-dog-0004/004,brics-odroid-029_cam0,64,right,bad,-3,273.7126
p44-dog-0004/004,brics-odroid-029_cam0,64,right,bad,-2,274.2953
p44-dog-0004/004,brics-odroid-029_cam0,64,right,bad,-1,273.6944
p44-dog-0004/004,brics-odroid-029_cam0,64,right,bad,0,273.7318
p44-dog-0004/004,brics-odroid-029_cam0,64,right,bad,1,273.7117
p44-dog-0004/004,brics-odroid-029_cam0,64,right,bad,2,273.8315
p44-dog-0004/004,brics-odroid-029_cam0,64,right,bad,3,273.7569
p44-dog-0004/004,brics-odroid-029_cam0,64,right,bad,4,272.8625
p44-dog-0004/004,brics-odroid-029_cam0,64,right,bad,5,272.4213
p36-tea-0010/010,brics-odroid-020_cam1,320,right,bad,-5,229.9293
p36-tea-0010/010,brics-odroid-020_cam1,320,right,bad,-4,229.7084
p36-tea-0010/010,brics-odroid-020_cam1,320,right,bad,-3,229.6292
p36-tea-0010/010,brics-odroid-020_cam1,320,right,bad,-2,229.3242
p36-tea-0010/010,brics-odroid-020_cam1,320,right,bad,-1,228.4291
p36-tea-0010/010,brics-odroid-020_cam1,320,right,bad,0,227.3175
p36-tea-0010/010,brics-odroid-020_cam1,320,right,bad,1,228.3036
p36-tea-0010/010,brics-odroid-020_cam1,320,right,bad,2,227.7266
p36-tea-0010/010,brics-odroid-020_cam1,320,right,bad,3,227.002
p36-tea-0010/010,brics-odroid-020_cam1,320,right,bad,4,226.4123
p36-tea-0010/010,brics-odroid-020_cam1,320,right,bad,5,225.5578
p44-dog-0004/004,brics-odroid-012_cam1,240,left,bad,-5,72.2512
p44-dog-0004/004,brics-odroid-012_cam1,240,left,bad,-4,70.1325
p44-dog-0004/004,brics-odroid-012_cam1,240,left,bad,-3,66.1916
p44-dog-0004/004,brics-odroid-012_cam1,240,left,bad,-2,63.4971
p44-dog-0004/004,brics-odroid-012_cam1,240,left,bad,-1,65.0666
p44-dog-0004/004,brics-odroid-012_cam1,240,left,bad,0,66.9305
p44-dog-0004/004,brics-odroid-012_cam1,240,left,bad,1,67.4498
p44-dog-0004/004,brics-odroid-012_cam1,240,left,bad,2,71.1007
p44-dog-0004/004,brics-odroid-012_cam1,240,left,bad,3,74.8017
p44-dog-0004/004,brics-odroid-012_cam1,240,left,bad,4,75.801
p44-dog-0004/004,brics-odroid-012_cam1,240,left,bad,5,73.5033
p52-instrument-0034/034,brics-odroid-029_cam0,108,right,bad,-5,445.4657
p52-instrument-0034/034,brics-odroid-029_cam0,108,right,bad,-4,446.0772
p52-instrument-0034/034,brics-odroid-029_cam0,108,right,bad,-3,446.6519
p52-instrument-0034/034,brics-odroid-029_cam0,108,right,bad,-2,446.4197
p52-instrument-0034/034,brics-odroid-029_cam0,108,right,bad,-1,446.251
p52-instrument-0034/034,brics-odroid-029_cam0,108,right,bad,0,446.2303
p52-instrument-0034/034,brics-odroid-029_cam0,108,right,bad,1,446.2008
p52-instrument-0034/034,brics-odroid-029_cam0,108,right,bad,2,446.1304
p52-instrument-0034/034,brics-odroid-029_cam0,108,right,bad,3,444.83
p52-instrument-0034/034,brics-odroid-029_cam0,108,right,bad,4,445.8158
p52-instrument-0034/034,brics-odroid-029_cam0,108,right,bad,5,445.5962
p52-instrument-0034/034,brics-odroid-029_cam0,12,right,bad,-5,413.8233
p52-instrument-0034/034,brics-odroid-029_cam0,12,right,bad,-4,413.1913
p52-instrument-0034/034,brics-odroid-029_cam0,12,right,bad,-3,412.2017
p52-instrument-0034/034,brics-odroid-029_cam0,12,right,bad,-2,409.5488
p52-instrument-0034/034,brics-odroid-029_cam0,12,right,bad,-1,406.5511
p52-instrument-0034/034,brics-odroid-029_cam0,12,right,bad,0,400.3396
p52-instrument-0034/034,brics-odroid-029_cam0,12,right,bad,1,391.7957
p52-instrument-0034/034,brics-odroid-029_cam0,12,right,bad,2,386.1853
p52-instrument-0034/034,brics-odroid-029_cam0,12,right,bad,3,382.7872
p52-instrument-0034/034,brics-odroid-029_cam0,12,right,bad,4,382.3369
p52-instrument-0034/034,brics-odroid-029_cam0,12,right,bad,5,383.8672
p41-plant-0004/004,brics-odroid-010_cam0,48,left,bad,-5,72.1441
p41-plant-0004/004,brics-odroid-010_cam0,48,left,bad,-4,62.5137
p41-plant-0004/004,brics-odroid-010_cam0,48,left,bad,-3,61.5067
p41-plant-0004/004,brics-odroid-010_cam0,48,left,bad,-2,66.9662
p41-plant-0004/004,brics-odroid-010_cam0,48,left,bad,-1,74.5428
p41-plant-0004/004,brics-odroid-010_cam0,48,left,bad,0,76.3774
p41-plant-0004/004,brics-odroid-010_cam0,48,left,bad,1,71.8926
p41-plant-0004/004,brics-odroid-010_cam0,48,left,bad,2,58.843
p41-plant-0004/004,brics-odroid-010_cam0,48,left,bad,3,51.6263
p41-plant-0004/004,brics-odroid-010_cam0,48,left,bad,4,44.4913
p41-plant-0004/004,brics-odroid-010_cam0,48,left,bad,5,48.8896
p36-tea-0010/010,brics-odroid-020_cam1,153,right,bad,-5,171.9161
p36-tea-0010/010,brics-odroid-020_cam1,153,right,bad,-4,172.5905
p36-tea-0010/010,brics-odroid-020_cam1,153,right,bad,-3,171.9052
p36-tea-0010/010,brics-odroid-020_cam1,153,right,bad,-2,172.1193
p36-tea-0010/010,brics-odroid-020_cam1,153,right,bad,-1,171.3079
p36-tea-0010/010,brics-odroid-020_cam1,153,right,bad,0,171.3941
p36-tea-0010/010,brics-odroid-020_cam1,153,right,bad,1,170.2465
p36-tea-0010/010,brics-odroid-020_cam1,153,right,bad,2,172.6646
p36-tea-0010/010,brics-odroid-020_cam1,153,right,bad,3,170.5663
p36-tea-0010/010,brics-odroid-020_cam1,153,right,bad,4,171.8338
p36-tea-0010/010,brics-odroid-020_cam1,153,right,bad,5,171.6069
p44-dog-0004/004,brics-odroid-011_cam0,112,left,bad,-5,83.1152
p44-dog-0004/004,brics-odroid-011_cam0,112,left,bad,-4,81.3722
p44-dog-0004/004,brics-odroid-011_cam0,112,left,bad,-3,78.8792
p44-dog-0004/004,brics-odroid-011_cam0,112,left,bad,-2,78.4426
p44-dog-0004/004,brics-odroid-011_cam0,112,left,bad,-1,76.9379
p44-dog-0004/004,brics-odroid-011_cam0,112,left,bad,0,75.9041
p44-dog-0004/004,brics-odroid-011_cam0,112,left,bad,1,77.5876
p44-dog-0004/004,brics-odroid-011_cam0,112,left,bad,2,78.8739
p44-dog-0004/004,brics-odroid-011_cam0,112,left,bad,3,76.7652
p44-dog-0004/004,brics-odroid-011_cam0,112,left,bad,4,76.007
p44-dog-0004/004,brics-odroid-011_cam0,112,left,bad,5,75.7202
p41-boxing-0021/021,brics-odroid-029_cam0,234,right,bad,-5,263.9078
p41-boxing-0021/021,brics-odroid-029_cam0,234,right,bad,-4,271.1558
p41-boxing-0021/021,brics-odroid-029_cam0,234,right,bad,-3,277.2712
p41-boxing-0021/021,brics-odroid-029_cam0,234,right,bad,-2,282.4915
p41-boxing-0021/021,brics-odroid-029_cam0,234,right,bad,-1,285.8031
p41-boxing-0021/021,brics-odroid-029_cam0,234,right,bad,0,288.155
p41-boxing-0021/021,brics-odroid-029_cam0,234,right,bad,1,290.3089
p41-boxing-0021/021,brics-odroid-029_cam0,234,right,bad,2,289.6415
p41-boxing-0021/021,brics-odroid-029_cam0,234,right,bad,3,288.6643
p41-boxing-0021/021,brics-odroid-029_cam0,234,right,bad,4,286.9364
p41-boxing-0021/021,brics-odroid-029_cam0,234,right,bad,5,283.4391
p44-dog-0004/004,brics-odroid-014_cam1,112,right,bad,-5,226.4891
p44-dog-0004/004,brics-odroid-014_cam1,112,right,bad,-4,226.0831
p44-dog-0004/004,brics-odroid-014_cam1,112,right,bad,-3,225.8782
p44-dog-0004/004,brics-odroid-014_cam1,112,right,bad,-2,225.5376
p44-dog-0004/004,brics-odroid-014_cam1,112,right,bad,-1,225.1055
p44-dog-0004/004,brics-odroid-014_cam1,112,right,bad,0,225.3696
p44-dog-0004/004,brics-odroid-014_cam1,112,right,bad,1,225.6896
p44-dog-0004/004,brics-odroid-014_cam1,112,right,bad,2,225.9502
p44-dog-0004/004,brics-odroid-014_cam1,112,right,bad,3,225.8339
p44-dog-0004/004,brics-odroid-014_cam1,112,right,bad,4,224.9739
p44-dog-0004/004,brics-odroid-014_cam1,112,right,bad,5,227.0852
p44-dog-0004/004,brics-odroid-020_cam1,240,right,bad,-5,179.4827
p44-dog-0004/004,brics-odroid-020_cam1,240,right,bad,-4,177.4487
p44-dog-0004/004,brics-odroid-020_cam1,240,right,bad,-3,175.8347
p44-dog-0004/004,brics-odroid-020_cam1,240,right,bad,-2,178.0621
p44-dog-0004/004,brics-odroid-020_cam1,240,right,bad,-1,178.4888
p44-dog-0004/004,brics-odroid-020_cam1,240,right,bad,0,178.3094
p44-dog-0004/004,brics-odroid-020_cam1,240,right,bad,1,178.9296
p44-dog-0004/004,brics-odroid-020_cam1,240,right,bad,2,177.9787
p44-dog-0004/004,brics-odroid-020_cam1,240,right,bad,3,177.5445
p44-dog-0004/004,brics-odroid-020_cam1,240,right,bad,4,178.8117
p44-dog-0004/004,brics-odroid-020_cam1,240,right,bad,5,178.3084
p44-dog-0004/004,brics-odroid-028_cam0,96,right,bad,-5,61.0361
p44-dog-0004/004,brics-odroid-028_cam0,96,right,bad,-4,61.6855
p44-dog-0004/004,brics-odroid-028_cam0,96,right,bad,-3,61.507
p44-dog-0004/004,brics-odroid-028_cam0,96,right,bad,-2,63.0333
p44-dog-0004/004,brics-odroid-028_cam0,96,right,bad,-1,62.9337
p44-dog-0004/004,brics-odroid-028_cam0,96,right,bad,0,64.1687
p44-dog-0004/004,brics-odroid-028_cam0,96,right,bad,1,64.807
p44-dog-0004/004,brics-odroid-028_cam0,96,right,bad,2,65.3664
p44-dog-0004/004,brics-odroid-028_cam0,96,right,bad,3,63.5836
p44-dog-0004/004,brics-odroid-028_cam0,96,right,bad,4,65.315
p44-dog-0004/004,brics-odroid-028_cam0,96,right,bad,5,64.2789
p52-instrument-0034/034,brics-odroid-029_cam0,42,right,bad,-5,421.0124
p52-instrument-0034/034,brics-odroid-029_cam0,42,right,bad,-4,410.0184
p52-instrument-0034/034,brics-odroid-029_cam0,42,right,bad,-3,404.4912
p52-instrument-0034/034,brics-odroid-029_cam0,42,right,bad,-2,400.2355
p52-instrument-0034/034,brics-odroid-029_cam0,42,right,bad,-1,394.0735
p52-instrument-0034/034,brics-odroid-029_cam0,42,right,bad,0,391.3914
p52-instrument-0034/034,brics-odroid-029_cam0,42,right,bad,1,390.7902
p52-instrument-0034/034,brics-odroid-029_cam0,42,right,bad,2,392.5795
p52-instrument-0034/034,brics-odroid-029_cam0,42,right,bad,3,395.0684
p52-instrument-0034/034,brics-odroid-029_cam0,42,right,bad,4,399.7042
p52-instrument-0034/034,brics-odroid-029_cam0,42,right,bad,5,406.8481
p41-boxing-0021/021,brics-odroid-024_cam0,270,right,bad,-5,197.4298
p41-boxing-0021/021,brics-odroid-024_cam0,270,right,bad,-4,250.4336
p41-boxing-0021/021,brics-odroid-024_cam0,270,right,bad,-3,255.8321
p41-boxing-0021/021,brics-odroid-024_cam0,270,right,bad,-2,214.3424
p41-boxing-0021/021,brics-odroid-024_cam0,270,right,bad,-1,151.3911
p41-boxing-0021/021,brics-odroid-024_cam0,270,right,bad,0,69.6145
p41-boxing-0021/021,brics-odroid-024_cam0,270,right,bad,1,23.1125
p41-boxing-0021/021,brics-odroid-024_cam0,270,right,bad,2,107.6805
p41-boxing-0021/021,brics-odroid-024_cam0,270,right,bad,3,176.6728
p41-boxing-0021/021,brics-odroid-024_cam0,270,right,bad,4,236.0129
p41-boxing-0021/021,brics-odroid-024_cam0,270,right,bad,5,280.408
p36-tea-0010/010,brics-odroid-027_cam1,153,right,bad,-5,197.1053
p36-tea-0010/010,brics-odroid-027_cam1,153,right,bad,-4,197.7773
p36-tea-0010/010,brics-odroid-027_cam1,153,right,bad,-3,197.8147
p36-tea-0010/010,brics-odroid-027_cam1,153,right,bad,-2,198.5205
p36-tea-0010/010,brics-odroid-027_cam1,153,right,bad,-1,198.4933
p36-tea-0010/010,brics-odroid-027_cam1,153,right,bad,0,199.0056
p36-tea-0010/010,brics-odroid-027_cam1,153,right,bad,1,199.3624
p36-tea-0010/010,brics-odroid-027_cam1,153,right,bad,2,199.8954
p36-tea-0010/010,brics-odroid-027_cam1,153,right,bad,3,200.262
p36-tea-0010/010,brics-odroid-027_cam1,153,right,bad,4,200.9025
p36-tea-0010/010,brics-odroid-027_cam1,153,right,bad,5,201.6211
p36-tea-0010/010,brics-odroid-008_cam0,339,left,bad,-5,262.7669
p36-tea-0010/010,brics-odroid-008_cam0,339,left,bad,-4,261.6646
p36-tea-0010/010,brics-odroid-008_cam0,339,left,bad,-3,263.0916
p36-tea-0010/010,brics-odroid-008_cam0,339,left,bad,-2,267.4969
p36-tea-0010/010,brics-odroid-008_cam0,339,left,bad,-1,266.0682
p36-tea-0010/010,brics-odroid-008_cam0,339,left,bad,0,266.6519
p36-tea-0010/010,brics-odroid-008_cam0,339,left,bad,1,266.7088
p36-tea-0010/010,brics-odroid-008_cam0,339,left,bad,2,267.65
p36-tea-0010/010,brics-odroid-008_cam0,339,left,bad,3,271.626
p36-tea-0010/010,brics-odroid-008_cam0,339,left,bad,4,271.9129
p36-tea-0010/010,brics-odroid-008_cam0,339,left,bad,5,273.3774
p36-tea-0010/010,brics-odroid-030_cam0,286,right,bad,-5,193.2654
p36-tea-0010/010,brics-odroid-030_cam0,286,right,bad,-4,192.745
p36-tea-0010/010,brics-odroid-030_cam0,286,right,bad,-3,193.7147
p36-tea-0010/010,brics-odroid-030_cam0,286,right,bad,-2,194.7317
p36-tea-0010/010,brics-odroid-030_cam0,286,right,bad,-1,194.598
p36-tea-0010/010,brics-odroid-030_cam0,286,right,bad,0,194.16
p36-tea-0010/010,brics-odroid-030_cam0,286,right,bad,1,194.2892
p36-tea-0010/010,brics-odroid-030_cam0,286,right,bad,2,193.5466
p36-tea-0010/010,brics-odroid-030_cam0,286,right,bad,3,193.4333
p36-tea-0010/010,brics-odroid-030_cam0,286,right,bad,4,190.4865
p36-tea-0010/010,brics-odroid-030_cam0,286,right,bad,5,191.8532
p44-dog-0004/004,brics-odroid-014_cam1,288,right,bad,-5,162.2445
p44-dog-0004/004,brics-odroid-014_cam1,288,right,bad,-4,160.8739
p44-dog-0004/004,brics-odroid-014_cam1,288,right,bad,-3,162.5259
p44-dog-0004/004,brics-odroid-014_cam1,288,right,bad,-2,162.5978
p44-dog-0004/004,brics-odroid-014_cam1,288,right,bad,-1,162.8535
p44-dog-0004/004,brics-odroid-014_cam1,288,right,bad,0,161.9815
p44-dog-0004/004,brics-odroid-014_cam1,288,right,bad,1,162.5144
p44-dog-0004/004,brics-odroid-014_cam1,288,right,bad,2,162.4455
p44-dog-0004/004,brics-odroid-014_cam1,288,right,bad,3,161.741
p44-dog-0004/004,brics-odroid-014_cam1,288,right,bad,4,161.5897
p44-dog-0004/004,brics-odroid-014_cam1,288,right,bad,5,161.4029
p36-tea-0010/010,brics-odroid-001_cam0,220,left,bad,-5,1146.2724
p36-tea-0010/010,brics-odroid-001_cam0,220,left,bad,-4,82.2618
p36-tea-0010/010,brics-odroid-001_cam0,220,left,bad,-3,65.2958
p36-tea-0010/010,brics-odroid-001_cam0,220,left,bad,-2,58.3603
p36-tea-0010/010,brics-odroid-001_cam0,220,left,bad,-1,47.818
p36-tea-0010/010,brics-odroid-001_cam0,220,left,bad,0,60.8577
p36-tea-0010/010,brics-odroid-001_cam0,220,left,bad,1,61.2974
p36-tea-0010/010,brics-odroid-001_cam0,220,left,bad,2,67.1769
p36-tea-0010/010,brics-odroid-001_cam0,220,left,bad,3,76.7734
p36-tea-0010/010,brics-odroid-001_cam0,220,left,bad,4,97.0167
p36-tea-0010/010,brics-odroid-001_cam0,220,left,bad,5,116.7085
p41-boxing-0021/021,brics-odroid-026_cam1,270,left,bad,-5,282.2259
p41-boxing-0021/021,brics-odroid-026_cam1,270,left,bad,-4,285.5809
p41-boxing-0021/021,brics-odroid-026_cam1,270,left,bad,-3,277.0417
p41-boxing-0021/021,brics-odroid-026_cam1,270,left,bad,-2,261.2547
p41-boxing-0021/021,brics-odroid-026_cam1,270,left,bad,-1,232.067
p41-boxing-0021/021,brics-odroid-026_cam1,270,left,bad,0,191.8514
p41-boxing-0021/021,brics-odroid-026_cam1,270,left,bad,1,148.7374
p41-boxing-0021/021,brics-odroid-026_cam1,270,left,bad,2,94.2523
p41-boxing-0021/021,brics-odroid-026_cam1,270,left,bad,3,67.6236
p41-boxing-0021/021,brics-odroid-026_cam1,270,left,bad,4,99.5835
p41-boxing-0021/021,brics-odroid-026_cam1,270,left,bad,5,156.5946
p44-dog-0004/004,brics-odroid-028_cam0,112,left,bad,-5,96.3905
p44-dog-0004/004,brics-odroid-028_cam0,112,left,bad,-4,98.3641
p44-dog-0004/004,brics-odroid-028_cam0,112,left,bad,-3,109.0539
p44-dog-0004/004,brics-odroid-028_cam0,112,left,bad,-2,118.5738
p44-dog-0004/004,brics-odroid-028_cam0,112,left,bad,-1,117.5346
p44-dog-0004/004,brics-odroid-028_cam0,112,left,bad,0,119.3837
p44-dog-0004/004,brics-odroid-028_cam0,112,left,bad,1,122.1093
p44-dog-0004/004,brics-odroid-028_cam0,112,left,bad,2,121.4
p44-dog-0004/004,brics-odroid-028_cam0,112,left,bad,3,117.1935
p44-dog-0004/004,brics-odroid-028_cam0,112,left,bad,4,112.2664
p44-dog-0004/004,brics-odroid-028_cam0,112,left,bad,5,109.0727
p36-tea-0010/010,brics-odroid-020_cam0,0,right,bad,0,720.2993
p36-tea-0010/010,brics-odroid-020_cam0,0,right,bad,1,719.2816
p36-tea-0010/010,brics-odroid-020_cam0,0,right,bad,2,719.9065
p36-tea-0010/010,brics-odroid-020_cam0,0,right,bad,3,718.4696
p36-tea-0010/010,brics-odroid-020_cam0,0,right,bad,4,719.5319
p36-tea-0010/010,brics-odroid-020_cam0,0,right,bad,5,719.347
p44-dog-0004/004,brics-odroid-026_cam1,224,left,bad,-5,238.7619
p44-dog-0004/004,brics-odroid-026_cam1,224,left,bad,-4,241.8884
p44-dog-0004/004,brics-odroid-026_cam1,224,left,bad,-3,249.3428
p44-dog-0004/004,brics-odroid-026_cam1,224,left,bad,-2,261.3403
p44-dog-0004/004,brics-odroid-026_cam1,224,left,bad,-1,275.3354
p44-dog-0004/004,brics-odroid-026_cam1,224,left,bad,0,294.1
p44-dog-0004/004,brics-odroid-026_cam1,224,left,bad,1,305.0253
p44-dog-0004/004,brics-odroid-026_cam1,224,left,bad,2,310.7356
p44-dog-0004/004,brics-odroid-026_cam1,224,left,bad,3,309.7581
p44-dog-0004/004,brics-odroid-026_cam1,224,left,bad,4,304.1808
p44-dog-0004/004,brics-odroid-026_cam1,224,left,bad,5,301.491
p41-boxing-0021/021,brics-odroid-019_cam1,270,right,bad,-5,258.7936
p41-boxing-0021/021,brics-odroid-019_cam1,270,right,bad,-4,304.8958
p41-boxing-0021/021,brics-odroid-019_cam1,270,right,bad,-3,308.5924
p41-boxing-0021/021,brics-odroid-019_cam1,270,right,bad,-2,277.4495
p41-boxing-0021/021,brics-odroid-019_cam1,270,right,bad,-1,223.7258
p41-boxing-0021/021,brics-odroid-019_cam1,270,right,bad,0,139.7696
p41-boxing-0021/021,brics-odroid-019_cam1,270,right,bad,1,110.6423
p41-boxing-0021/021,brics-odroid-019_cam1,270,right,bad,2,97.3343
p41-boxing-0021/021,brics-odroid-019_cam1,270,right,bad,3,130.7266
p41-boxing-0021/021,brics-odroid-019_cam1,270,right,bad,4,184.0756
p41-boxing-0021/021,brics-odroid-019_cam1,270,right,bad,5,236.6419
p52-instrument-0034/034,brics-odroid-029_cam0,18,right,bad,-5,370.5503
p52-instrument-0034/034,brics-odroid-029_cam0,18,right,bad,-4,366.7228
p52-instrument-0034/034,brics-odroid-029_cam0,18,right,bad,-3,363.8339
p52-instrument-0034/034,brics-odroid-029_cam0,18,right,bad,-2,362.3863
p52-instrument-0034/034,brics-odroid-029_cam0,18,right,bad,-1,363.1013
p52-instrument-0034/034,brics-odroid-029_cam0,18,right,bad,0,365.3021
p52-instrument-0034/034,brics-odroid-029_cam0,18,right,bad,1,370.5252
p52-instrument-0034/034,brics-odroid-029_cam0,18,right,bad,2,372.7059
p52-instrument-0034/034,brics-odroid-029_cam0,18,right,bad,3,375.0794
p52-instrument-0034/034,brics-odroid-029_cam0,18,right,bad,4,379.7451
p52-instrument-0034/034,brics-odroid-029_cam0,18,right,bad,5,385.2175
p44-dog-0004/004,brics-odroid-015_cam1,64,left,bad,-5,141.1621
p44-dog-0004/004,brics-odroid-015_cam1,64,left,bad,-4,139.2201
p44-dog-0004/004,brics-odroid-015_cam1,64,left,bad,-3,136.5373
p44-dog-0004/004,brics-odroid-015_cam1,64,left,bad,-2,129.8481
p44-dog-0004/004,brics-odroid-015_cam1,64,left,bad,-1,122.0927
p44-dog-0004/004,brics-odroid-015_cam1,64,left,bad,0,113.6541
p44-dog-0004/004,brics-odroid-015_cam1,64,left,bad,1,111.5227
p44-dog-0004/004,brics-odroid-015_cam1,64,left,bad,2,114.0661
p44-dog-0004/004,brics-odroid-015_cam1,64,left,bad,3,114.9477
p44-dog-0004/004,brics-odroid-015_cam1,64,left,bad,4,118.6821
p44-dog-0004/004,brics-odroid-015_cam1,64,left,bad,5,125.2123
p36-tea-0010/010,brics-odroid-030_cam0,34,right,bad,-5,351.665
p36-tea-0010/010,brics-odroid-030_cam0,34,right,bad,-4,377.5592
p36-tea-0010/010,brics-odroid-030_cam0,34,right,bad,-3,400.8704
p36-tea-0010/010,brics-odroid-030_cam0,34,right,bad,-2,419.479
p36-tea-0010/010,brics-odroid-030_cam0,34,right,bad,-1,437.1128
p36-tea-0010/010,brics-odroid-030_cam0,34,right,bad,0,450.5302
p36-tea-0010/010,brics-odroid-030_cam0,34,right,bad,1,463.0292
p36-tea-0010/010,brics-odroid-030_cam0,34,right,bad,2,469.3576
p36-tea-0010/010,brics-odroid-030_cam0,34,right,bad,3,479.0803
p36-tea-0010/010,brics-odroid-030_cam0,34,right,bad,4,483.381
p36-tea-0010/010,brics-odroid-030_cam0,34,right,bad,5,489.7431
p44-dog-0004/004,brics-odroid-020_cam0,272,right,bad,-5,186.782
p44-dog-0004/004,brics-odroid-020_cam0,272,right,bad,-4,187.1534
p44-dog-0004/004,brics-odroid-020_cam0,272,right,bad,-3,187.6221
p44-dog-0004/004,brics-odroid-020_cam0,272,right,bad,-2,187.5533
p44-dog-0004/004,brics-odroid-020_cam0,272,right,bad,-1,187.7058
p44-dog-0004/004,brics-odroid-020_cam0,272,right,bad,0,187.8476
p44-dog-0004/004,brics-odroid-020_cam0,272,right,bad,1,187.0497
p44-dog-0004/004,brics-odroid-020_cam0,272,right,bad,2,188.5299
p44-dog-0004/004,brics-odroid-020_cam0,272,right,bad,3,187.7386
p44-dog-0004/004,brics-odroid-020_cam0,272,right,bad,4,188.3746
p44-dog-0004/004,brics-odroid-020_cam0,272,right,bad,5,187.7917
p41-boxing-0021/021,brics-odroid-021_cam1,144,right,bad,-5,61.9407
p41-boxing-0021/021,brics-odroid-021_cam1,144,right,bad,-4,69.3807
p41-boxing-0021/021,brics-odroid-021_cam1,144,right,bad,-3,79.488
p41-boxing-0021/021,brics-odroid-021_cam1,144,right,bad,-2,95.5684
p41-boxing-0021/021,brics-odroid-021_cam1,144,right,bad,-1,111.6837
p41-boxing-0021/021,brics-odroid-021_cam1,144,right,bad,0,125.0999
p41-boxing-0021/021,brics-odroid-021_cam1,144,right,bad,1,132.3062
p41-boxing-0021/021,brics-odroid-021_cam1,144,right,bad,2,138.8528
p41-boxing-0021/021,brics-odroid-021_cam1,144,right,bad,3,139.0839
p41-boxing-0021/021,brics-odroid-021_cam1,144,right,bad,4,138.5866
p41-boxing-0021/021,brics-odroid-021_cam1,144,right,bad,5,136.5947
p41-boxing-0021/021,brics-odroid-029_cam0,198,right,bad,-5,200.5666
p41-boxing-0021/021,brics-odroid-029_cam0,198,right,bad,-4,198.4295
p41-boxing-0021/021,brics-odroid-029_cam0,198,right,bad,-3,190.7376
p41-boxing-0021/021,brics-odroid-029_cam0,198,right,bad,-2,179.6518
p41-boxing-0021/021,brics-odroid-029_cam0,198,right,bad,-1,169.1818
p41-boxing-0021/021,brics-odroid-029_cam0,198,right,bad,0,164.4915
p41-boxing-0021/021,brics-odroid-029_cam0,198,right,bad,1,178.7996
p41-boxing-0021/021,brics-odroid-029_cam0,198,right,bad,2,212.4051
p41-boxing-0021/021,brics-odroid-029_cam0,198,right,bad,3,261.8993
p41-boxing-0021/021,brics-odroid-029_cam0,198,right,bad,4,311.5853
p41-boxing-0021/021,brics-odroid-029_cam0,198,right,bad,5,343.1246
p44-dog-0004/004,brics-odroid-019_cam1,288,right,bad,-5,134.1769
p44-dog-0004/004,brics-odroid-019_cam1,288,right,bad,-4,133.6565
p44-dog-0004/004,brics-odroid-019_cam1,288,right,bad,-3,134.5175
p44-dog-0004/004,brics-odroid-019_cam1,288,right,bad,-2,134.7095
p44-dog-0004/004,brics-odroid-019_cam1,288,right,bad,-1,134.6943
p44-dog-0004/004,brics-odroid-019_cam1,288,right,bad,0,133.564
p44-dog-0004/004,brics-odroid-019_cam1,288,right,bad,1,133.0711
p44-dog-0004/004,brics-odroid-019_cam1,288,right,bad,2,132.8696
p44-dog-0004/004,brics-odroid-019_cam1,288,right,bad,3,131.0224
p44-dog-0004/004,brics-odroid-019_cam1,288,right,bad,4,130.5037
p44-dog-0004/004,brics-odroid-019_cam1,288,right,bad,5,130.5221
p44-dog-0004/004,brics-odroid-028_cam0,96,left,bad,-5,134.7593
p44-dog-0004/004,brics-odroid-028_cam0,96,left,bad,-4,134.0071
p44-dog-0004/004,brics-odroid-028_cam0,96,left,bad,-3,137.6341
p44-dog-0004/004,brics-odroid-028_cam0,96,left,bad,-2,132.4511
p44-dog-0004/004,brics-odroid-028_cam0,96,left,bad,-1,130.0328
p44-dog-0004/004,brics-odroid-028_cam0,96,left,bad,0,135.6317
p44-dog-0004/004,brics-odroid-028_cam0,96,left,bad,1,136.5362
p44-dog-0004/004,brics-odroid-028_cam0,96,left,bad,2,138.9878
p44-dog-0004/004,brics-odroid-028_cam0,96,left,bad,3,140.7359
p44-dog-0004/004,brics-odroid-028_cam0,96,left,bad,4,140.7386
p44-dog-0004/004,brics-odroid-028_cam0,96,left,bad,5,140.1697
p36-tea-0010/010,brics-odroid-014_cam1,254,left,bad,-5,185.8082
p36-tea-0010/010,brics-odroid-014_cam1,254,left,bad,-4,191.1675
p36-tea-0010/010,brics-odroid-014_cam1,254,left,bad,-3,195.7111
p36-tea-0010/010,brics-odroid-014_cam1,254,left,bad,-2,199.2686
p36-tea-0010/010,brics-odroid-014_cam1,254,left,bad,-1,201.7617
p36-tea-0010/010,brics-odroid-014_cam1,254,left,bad,0,205.6831
p36-tea-0010/010,brics-odroid-014_cam1,254,left,bad,1,206.1192
p36-tea-0010/010,brics-odroid-014_cam1,254,left,bad,2,207.3556
p36-tea-0010/010,brics-odroid-014_cam1,254,left,bad,3,211.7323
p36-tea-0010/010,brics-odroid-014_cam1,254,left,bad,4,215.3487
p36-tea-0010/010,brics-odroid-014_cam1,254,left,bad,5,216.9151
p52-instrument-0034/034,brics-odroid-027_cam0,66,left,bad,-5,314.7877
p52-instrument-0034/034,brics-odroid-027_cam0,66,left,bad,-4,315.3628
p52-instrument-0034/034,brics-odroid-027_cam0,66,left,bad,-3,314.4433
p52-instrument-0034/034,brics-odroid-027_cam0,66,left,bad,-2,314.9168
p52-instrument-0034/034,brics-odroid-027_cam0,66,left,bad,-1,314.0305
p52-instrument-0034/034,brics-odroid-027_cam0,66,left,bad,0,314.3251
p52-instrument-0034/034,brics-odroid-027_cam0,66,left,bad,1,313.4709
p52-instrument-0034/034,brics-odroid-027_cam0,66,left,bad,2,312.7418
p52-instrument-0034/034,brics-odroid-027_cam0,66,left,bad,3,314.7687
p52-instrument-0034/034,brics-odroid-027_cam0,66,left,bad,4,312.7119
p52-instrument-0034/034,brics-odroid-027_cam0,66,left,bad,5,314.6513
p44-dog-0004/004,brics-odroid-030_cam1,16,right,bad,-5,391.7042
p44-dog-0004/004,brics-odroid-030_cam1,16,right,bad,-4,397.7566
p44-dog-0004/004,brics-odroid-030_cam1,16,right,bad,-3,399.0936
p44-dog-0004/004,brics-odroid-030_cam1,16,right,bad,-2,400.4175
p44-dog-0004/004,brics-odroid-030_cam1,16,right,bad,-1,402.6034
p44-dog-0004/004,brics-odroid-030_cam1,16,right,bad,0,404.7282
p44-dog-0004/004,brics-odroid-030_cam1,16,right,bad,1,405.609
p44-dog-0004/004,brics-odroid-030_cam1,16,right,bad,2,404.37
p44-dog-0004/004,brics-odroid-030_cam1,16,right,bad,3,406.6778
p44-dog-0004/004,brics-odroid-030_cam1,16,right,bad,4,405.8654
p44-dog-0004/004,brics-odroid-030_cam1,16,right,bad,5,404.5282
p52-instrument-0034/034,brics-odroid-010_cam1,66,left,bad,-5,115.3778
p52-instrument-0034/034,brics-odroid-010_cam1,66,left,bad,-4,115.3837
p52-instrument-0034/034,brics-odroid-010_cam1,66,left,bad,-3,115.6593
p52-instrument-0034/034,brics-odroid-010_cam1,66,left,bad,-2,115.942
p52-instrument-0034/034,brics-odroid-010_cam1,66,left,bad,-1,116.0967
p52-instrument-0034/034,brics-odroid-010_cam1,66,left,bad,0,115.7153
p52-instrument-0034/034,brics-odroid-010_cam1,66,left,bad,1,115.7256
p52-instrument-0034/034,brics-odroid-010_cam1,66,left,bad,2,115.3037
p52-instrument-0034/034,brics-odroid-010_cam1,66,left,bad,3,116.1211
p52-instrument-0034/034,brics-odroid-010_cam1,66,left,bad,4,114.9766
p52-instrument-0034/034,brics-odroid-010_cam1,66,left,bad,5,115.3744
p44-dog-0004/004,brics-odroid-015_cam1,32,left,bad,-5,112.8218
p44-dog-0004/004,brics-odroid-015_cam1,32,left,bad,-4,115.2586
p44-dog-0004/004,brics-odroid-015_cam1,32,left,bad,-3,119.3522
p44-dog-0004/004,brics-odroid-015_cam1,32,left,bad,-2,121.1066
p44-dog-0004/004,brics-odroid-015_cam1,32,left,bad,-1,125.3914
p44-dog-0004/004,brics-odroid-015_cam1,32,left,bad,0,130.5246
p44-dog-0004/004,brics-odroid-015_cam1,32,left,bad,1,133.1852
p44-dog-0004/004,brics-odroid-015_cam1,32,left,bad,2,133.9392
p44-dog-0004/004,brics-odroid-015_cam1,32,left,bad,3,133.8669
p44-dog-0004/004,brics-odroid-015_cam1,32,left,bad,4,130.2315
p44-dog-0004/004,brics-odroid-015_cam1,32,left,bad,5,127.139
p44-dog-0004/004,brics-odroid-022_cam1,304,left,bad,-5,74.3174
p44-dog-0004/004,brics-odroid-022_cam1,304,left,bad,-4,80.054
p44-dog-0004/004,brics-odroid-022_cam1,304,left,bad,-3,77.5607
p44-dog-0004/004,brics-odroid-022_cam1,304,left,bad,-2,77.0872
p44-dog-0004/004,brics-odroid-022_cam1,304,left,bad,-1,76.99
p44-dog-0004/004,brics-odroid-022_cam1,304,left,bad,0,73.8161
p44-dog-0004/004,brics-odroid-022_cam1,304,left,bad,1,74.9232
p44-dog-0004/004,brics-odroid-022_cam1,304,left,bad,2,74.0585
p44-dog-0004/004,brics-odroid-022_cam1,304,left,bad,3,69.4909
p44-dog-0004/004,brics-odroid-022_cam1,304,left,bad,4,70.6139
p44-dog-0004/004,brics-odroid-022_cam1,304,left,bad,5,68.5355
p44-dog-0004/004,brics-odroid-019_cam1,48,right,bad,-5,174.1493
p44-dog-0004/004,brics-odroid-019_cam1,48,right,bad,-4,174.0116
p44-dog-0004/004,brics-odroid-019_cam1,48,right,bad,-3,174.0124
p44-dog-0004/004,brics-odroid-019_cam1,48,right,bad,-2,173.0389
p44-dog-0004/004,brics-odroid-019_cam1,48,right,bad,-1,173.1749
p44-dog-0004/004,brics-odroid-019_cam1,48,right,bad,0,171.2826
p44-dog-0004/004,brics-odroid-019_cam1,48,right,bad,1,171.7188
p44-dog-0004/004,brics-odroid-019_cam1,48,right,bad,2,171.3009
p44-dog-0004/004,brics-odroid-019_cam1,48,right,bad,3,171.5037
p44-dog-0004/004,brics-odroid-019_cam1,48,right,bad,4,171.0628
p44-dog-0004/004,brics-odroid-019_cam1,48,right,bad,5,170.0139
p44-dog-0004/004,brics-odroid-010_cam1,176,left,bad,-5,105.0097
p44-dog-0004/004,brics-odroid-010_cam1,176,left,bad,-4,102.6841
p44-dog-0004/004,brics-odroid-010_cam1,176,left,bad,-3,102.6424
p44-dog-0004/004,brics-odroid-010_cam1,176,left,bad,-2,100.7652
p44-dog-0004/004,brics-odroid-010_cam1,176,left,bad,-1,103.4963
p44-dog-0004/004,brics-odroid-010_cam1,176,left,bad,0,100.4067
p44-dog-0004/004,brics-odroid-010_cam1,176,left,bad,1,99.3809
p44-dog-0004/004,brics-odroid-010_cam1,176,left,bad,2,99.9208
p44-dog-0004/004,brics-odroid-010_cam1,176,left,bad,3,100.8461
p44-dog-0004/004,brics-odroid-010_cam1,176,left,bad,4,100.915
p44-dog-0004/004,brics-odroid-010_cam1,176,left,bad,5,99.836
p44-dog-0004/004,brics-odroid-030_cam1,240,right,bad,-5,363.4726
p44-dog-0004/004,brics-odroid-030_cam1,240,right,bad,-4,361.5764
p44-dog-0004/004,brics-odroid-030_cam1,240,right,bad,-3,360.502
p44-dog-0004/004,brics-odroid-030_cam1,240,right,bad,-2,367.2472
p44-dog-0004/004,brics-odroid-030_cam1,240,right,bad,-1,368.9703
p44-dog-0004/004,brics-odroid-030_cam1,240,right,bad,0,374.5674
p44-dog-0004/004,brics-odroid-030_cam1,240,right,bad,1,373.6733
p44-dog-0004/004,brics-odroid-030_cam1,240,right,bad,2,373.7216
p44-dog-0004/004,brics-odroid-030_cam1,240,right,bad,3,374.1326
p44-dog-0004/004,brics-odroid-030_cam1,240,right,bad,4,375.4794
p44-dog-0004/004,brics-odroid-030_cam1,240,right,bad,5,376.7228
p52-instrument-0034/034,brics-odroid-027_cam1,90,right,bad,-5,388.1594
p52-instrument-0034/034,brics-odroid-027_cam1,90,right,bad,-4,389.9661
p52-instrument-0034/034,brics-odroid-027_cam1,90,right,bad,-3,391.8599
p52-instrument-0034/034,brics-odroid-027_cam1,90,right,bad,-2,393.9001
p52-instrument-0034/034,brics-odroid-027_cam1,90,right,bad,-1,395.6619
p52-instrument-0034/034,brics-odroid-027_cam1,90,right,bad,0,396.3674
p52-instrument-0034/034,brics-odroid-027_cam1,90,right,bad,1,396.6693
p52-instrument-0034/034,brics-odroid-027_cam1,90,right,bad,2,396.6487
p52-instrument-0034/034,brics-odroid-027_cam1,90,right,bad,3,395.9146
p52-instrument-0034/034,brics-odroid-027_cam1,90,right,bad,4,395.5684
p52-instrument-0034/034,brics-odroid-027_cam1,90,right,bad,5,395.5272
p44-dog-0004/004,brics-odroid-017_cam1,32,right,bad,-5,86.6691
p44-dog-0004/004,brics-odroid-017_cam1,32,right,bad,-4,86.5973
p44-dog-0004/004,brics-odroid-017_cam1,32,right,bad,-3,86.028
p44-dog-0004/004,brics-odroid-017_cam1,32,right,bad,-2,86.2243
p44-dog-0004/004,brics-odroid-017_cam1,32,right,bad,-1,85.5825
p44-dog-0004/004,brics-odroid-017_cam1,32,right,bad,0,83.9181
p44-dog-0004/004,brics-odroid-017_cam1,32,right,bad,1,84.6219
p44-dog-0004/004,brics-odroid-017_cam1,32,right,bad,2,84.8586
p44-dog-0004/004,brics-odroid-017_cam1,32,right,bad,3,84.6377
p44-dog-0004/004,brics-odroid-017_cam1,32,right,bad,4,85.4519
p44-dog-0004/004,brics-odroid-017_cam1,32,right,bad,5,85.9167
p44-dog-0004/004,brics-odroid-026_cam0,48,left,bad,-5,497.2028
p44-dog-0004/004,brics-odroid-026_cam0,48,left,bad,-4,500.5649
p44-dog-0004/004,brics-odroid-026_cam0,48,left,bad,-3,502.5897
p44-dog-0004/004,brics-odroid-026_cam0,48,left,bad,-2,504.4979
p44-dog-0004/004,brics-odroid-026_cam0,48,left,bad,-1,505.362
p44-dog-0004/004,brics-odroid-026_cam0,48,left,bad,0,501.3255
p44-dog-0004/004,brics-odroid-026_cam0,48,left,bad,1,500.3608
p44-dog-0004/004,brics-odroid-026_cam0,48,left,bad,2,494.626
p44-dog-0004/004,brics-odroid-026_cam0,48,left,bad,3,490.1648
p44-dog-0004/004,brics-odroid-026_cam0,48,left,bad,4,486.7467
p44-dog-0004/004,brics-odroid-026_cam0,48,left,bad,5,487.3401
p44-dog-0004/004,brics-odroid-010_cam1,272,left,bad,-5,38.6986
p44-dog-0004/004,brics-odroid-010_cam1,272,left,bad,-4,41.2096
p44-dog-0004/004,brics-odroid-010_cam1,272,left,bad,-3,45.6936
p44-dog-0004/004,brics-odroid-010_cam1,272,left,bad,-2,52.2558
p44-dog-0004/004,brics-odroid-010_cam1,272,left,bad,-1,61.2358
p44-dog-0004/004,brics-odroid-010_cam1,272,left,bad,0,60.2516
p44-dog-0004/004,brics-odroid-010_cam1,272,left,bad,1,56.7403
p44-dog-0004/004,brics-odroid-010_cam1,272,left,bad,2,48.1534
p44-dog-0004/004,brics-odroid-010_cam1,272,left,bad,3,50.8441
p44-dog-0004/004,brics-odroid-010_cam1,272,left,bad,4,42.7536
p44-dog-0004/004,brics-odroid-010_cam1,272,left,bad,5,38.0036
p44-dog-0004/004,brics-odroid-022_cam0,112,left,bad,-5,104.2456
p44-dog-0004/004,brics-odroid-022_cam0,112,left,bad,-4,109.0255
p44-dog-0004/004,brics-odroid-022_cam0,112,left,bad,-3,113.9943
p44-dog-0004/004,brics-odroid-022_cam0,112,left,bad,-2,116.8365
p44-dog-0004/004,brics-odroid-022_cam0,112,left,bad,-1,122.5803
p44-dog-0004/004,brics-odroid-022_cam0,112,left,bad,0,126.1654
p44-dog-0004/004,brics-odroid-022_cam0,112,left,bad,1,129.6211
p44-dog-0004/004,brics-odroid-022_cam0,112,left,bad,2,130.6442
p44-dog-0004/004,brics-odroid-022_cam0,112,left,bad,3,128.1951
p44-dog-0004/004,brics-odroid-022_cam0,112,left,bad,4,123.5311
p44-dog-0004/004,brics-odroid-022_cam0,112,left,bad,5,118.8191
p41-boxing-0021/021,brics-odroid-026_cam1,18,right,bad,-5,190.1438
p41-boxing-0021/021,brics-odroid-026_cam1,18,right,bad,-4,189.1155
p41-boxing-0021/021,brics-odroid-026_cam1,18,right,bad,-3,189.5454
p41-boxing-0021/021,brics-odroid-026_cam1,18,right,bad,-2,188.7601
p41-boxing-0021/021,brics-odroid-026_cam1,18,right,bad,-1,187.7522
p41-boxing-0021/021,brics-odroid-026_cam1,18,right,bad,0,185.4599
p41-boxing-0021/021,brics-odroid-026_cam1,18,right,bad,1,180.4789
p41-boxing-0021/021,brics-odroid-026_cam1,18,right,bad,2,176.6305
p41-boxing-0021/021,brics-odroid-026_cam1,18,right,bad,3,171.3629
p41-boxing-0021/021,brics-odroid-026_cam1,18,right,bad,4,169.8764
p41-boxing-0021/021,brics-odroid-026_cam1,18,right,bad,5,172.8151
p52-instrument-0034/034,brics-odroid-014_cam1,6,left,bad,-5,317.7902
p52-instrument-0034/034,brics-odroid-014_cam1,6,left,bad,-4,318.0007
p52-instrument-0034/034,brics-odroid-014_cam1,6,left,bad,-3,318.4514
p52-instrument-0034/034,brics-odroid-014_cam1,6,left,bad,-2,317.7398
p52-instrument-0034/034,brics-odroid-014_cam1,6,left,bad,-1,318.242
p52-instrument-0034/034,brics-odroid-014_cam1,6,left,bad,0,317.3451
p52-instrument-0034/034,brics-odroid-014_cam1,6,left,bad,1,317.8201
p52-instrument-0034/034,brics-odroid-014_cam1,6,left,bad,2,318.406
p52-instrument-0034/034,brics-odroid-014_cam1,6,left,bad,3,319.4305
p52-instrument-0034/034,brics-odroid-014_cam1,6,left,bad,4,318.7844
p52-instrument-0034/034,brics-odroid-014_cam1,6,left,bad,5,317.7379
p41-plant-0004/004,brics-odroid-030_cam1,48,left,bad,-5,244.6029
p41-plant-0004/004,brics-odroid-030_cam1,48,left,bad,-4,249.0398
p41-plant-0004/004,brics-odroid-030_cam1,48,left,bad,-3,253.2938
p41-plant-0004/004,brics-odroid-030_cam1,48,left,bad,-2,244.8595
p41-plant-0004/004,brics-odroid-030_cam1,48,left,bad,-1,235.5001
p41-plant-0004/004,brics-odroid-030_cam1,48,left,bad,0,238.9915
p41-plant-0004/004,brics-odroid-030_cam1,48,left,bad,1,235.4526
p41-plant-0004/004,brics-odroid-030_cam1,48,left,bad,2,244.0641
p41-plant-0004/004,brics-odroid-030_cam1,48,left,bad,3,248.596
p41-plant-0004/004,brics-odroid-030_cam1,48,left,bad,4,253.0781
p41-plant-0004/004,brics-odroid-030_cam1,48,left,bad,5,234.9867
p44-dog-0004/004,brics-odroid-020_cam0,112,right,bad,-5,239.3063
p44-dog-0004/004,brics-odroid-020_cam0,112,right,bad,-4,236.0272
p44-dog-0004/004,brics-odroid-020_cam0,112,right,bad,-3,235.6572
p44-dog-0004/004,brics-odroid-020_cam0,112,right,bad,-2,235.431
p44-dog-0004/004,brics-odroid-020_cam0,112,right,bad,-1,240.1018
p44-dog-0004/004,brics-odroid-020_cam0,112,right,bad,0,234.3597
p44-dog-0004/004,brics-odroid-020_cam0,112,right,bad,1,241.283
p44-dog-0004/004,brics-odroid-020_cam0,112,right,bad,2,234.0056
p44-dog-0004/004,brics-odroid-020_cam0,112,right,bad,3,233.128
p44-dog-0004/004,brics-odroid-020_cam0,112,right,bad,4,234.5727
p44-dog-0004/004,brics-odroid-020_cam0,112,right,bad,5,234.9893
p36-tea-0010/010,brics-odroid-002_cam0,17,right,bad,-5,584.0996
p36-tea-0010/010,brics-odroid-002_cam0,17,right,bad,-4,579.5182
p36-tea-0010/010,brics-odroid-002_cam0,17,right,bad,-3,574.0742
p36-tea-0010/010,brics-odroid-002_cam0,17,right,bad,-2,560.2487
p36-tea-0010/010,brics-odroid-002_cam0,17,right,bad,-1,539.6446
p36-tea-0010/010,brics-odroid-002_cam0,17,right,bad,0,514.0381
p36-tea-0010/010,brics-odroid-002_cam0,17,right,bad,1,493.1387
p36-tea-0010/010,brics-odroid-002_cam0,17,right,bad,2,470.2223
p36-tea-0010/010,brics-odroid-002_cam0,17,right,bad,3,458.7725
p36-tea-0010/010,brics-odroid-002_cam0,17,right,bad,4,447.8869
p36-tea-0010/010,brics-odroid-002_cam0,17,right,bad,5,427.0803
p41-plant-0004/004,brics-odroid-022_cam0,56,right,bad,-5,119.7105
p41-plant-0004/004,brics-odroid-022_cam0,56,right,bad,-4,121.3016
p41-plant-0004/004,brics-odroid-022_cam0,56,right,bad,-3,115.5711
p41-plant-0004/004,brics-odroid-022_cam0,56,right,bad,-2,115.842
p41-plant-0004/004,brics-odroid-022_cam0,56,right,bad,-1,117.2349
p41-plant-0004/004,brics-odroid-022_cam0,56,right,bad,0,119.2856
p41-plant-0004/004,brics-odroid-022_cam0,56,right,bad,1,120.7784
p41-plant-0004/004,brics-odroid-022_cam0,56,right,bad,2,120.4045
p41-plant-0004/004,brics-odroid-022_cam0,56,right,bad,3,120.716
p41-plant-0004/004,brics-odroid-022_cam0,56,right,bad,4,120.8056
p41-plant-0004/004,brics-odroid-022_cam0,56,right,bad,5,119.688
p41-boxing-0021/021,brics-odroid-019_cam1,18,right,bad,-5,78.9732
p41-boxing-0021/021,brics-odroid-019_cam1,18,right,bad,-4,79.5255
p41-boxing-0021/021,brics-odroid-019_cam1,18,right,bad,-3,80.9068
p41-boxing-0021/021,brics-odroid-019_cam1,18,right,bad,-2,80.8336
p41-boxing-0021/021,brics-odroid-019_cam1,18,right,bad,-1,81.1456
p41-boxing-0021/021,brics-odroid-019_cam1,18,right,bad,0,79.9237
p41-boxing-0021/021,brics-odroid-019_cam1,18,right,bad,1,80.0206
p41-boxing-0021/021,brics-odroid-019_cam1,18,right,bad,2,82.3172
p41-boxing-0021/021,brics-odroid-019_cam1,18,right,bad,3,84.1328
p41-boxing-0021/021,brics-odroid-019_cam1,18,right,bad,4,87.3695
p41-boxing-0021/021,brics-odroid-019_cam1,18,right,bad,5,90.7277
p36-tea-0010/010,brics-odroid-027_cam0,218,right,bad,-5,1303.7166
p36-tea-0010/010,brics-odroid-027_cam0,218,right,bad,-4,1303.7166
p36-tea-0010/010,brics-odroid-027_cam0,218,right,bad,-3,1303.7166
p36-tea-0010/010,brics-odroid-027_cam0,218,right,bad,-2,168.7049
p36-tea-0010/010,brics-odroid-027_cam0,218,right,bad,-1,1303.7166
p36-tea-0010/010,brics-odroid-027_cam0,218,right,bad,0,164.6994
p36-tea-0010/010,brics-odroid-027_cam0,218,right,bad,1,162.3823
p36-tea-0010/010,brics-odroid-027_cam0,218,right,bad,2,159.5177
p36-tea-0010/010,brics-odroid-027_cam0,218,right,bad,3,157.4084
p36-tea-0010/010,brics-odroid-027_cam0,218,right,bad,4,154.4043
p36-tea-0010/010,brics-odroid-027_cam0,218,right,bad,5,151.3027
p52-instrument-0034/034,brics-odroid-027_cam1,36,left,bad,-5,406.6327
p52-instrument-0034/034,brics-odroid-027_cam1,36,left,bad,-4,407.072
p52-instrument-0034/034,brics-odroid-027_cam1,36,left,bad,-3,408.2676
p52-instrument-0034/034,brics-odroid-027_cam1,36,left,bad,-2,408.6412
p52-instrument-0034/034,brics-odroid-027_cam1,36,left,bad,-1,410.0201
p52-instrument-0034/034,brics-odroid-027_cam1,36,left,bad,0,409.3238
p52-instrument-0034/034,brics-odroid-027_cam1,36,left,bad,1,410.2165
p52-instrument-0034/034,brics-odroid-027_cam1,36,left,bad,2,410.1426
p52-instrument-0034/034,brics-odroid-027_cam1,36,left,bad,3,408.9515
p52-instrument-0034/034,brics-odroid-027_cam1,36,left,bad,4,408.1349
p52-instrument-0034/034,brics-odroid-027_cam1,36,left,bad,5,408.806
p44-dog-0004/004,brics-odroid-028_cam0,304,left,bad,-5,336.3063
p44-dog-0004/004,brics-odroid-028_cam0,304,left,bad,-4,326.724
p44-dog-0004/004,brics-odroid-028_cam0,304,left,bad,-3,323.121
p44-dog-0004/004,brics-odroid-028_cam0,304,left,bad,-2,325.3953
p44-dog-0004/004,brics-odroid-028_cam0,304,left,bad,-1,325.2139
p44-dog-0004/004,brics-odroid-028_cam0,304,left,bad,0,332.4598
p44-dog-0004/004,brics-odroid-028_cam0,304,left,bad,1,343.1188
p44-dog-0004/004,brics-odroid-028_cam0,304,left,bad,2,356.3107
p44-dog-0004/004,brics-odroid-028_cam0,304,left,bad,3,376.7205
p44-dog-0004/004,brics-odroid-028_cam0,304,left,bad,4,400.4707
p44-dog-0004/004,brics-odroid-028_cam0,304,left,bad,5,413.3779
p36-tea-0010/010,brics-odroid-030_cam0,0,right,bad,0,480.1867
p36-tea-0010/010,brics-odroid-030_cam0,0,right,bad,1,479.8588
p36-tea-0010/010,brics-odroid-030_cam0,0,right,bad,2,479.1186
p36-tea-0010/010,brics-odroid-030_cam0,0,right,bad,3,479.1375
p36-tea-0010/010,brics-odroid-030_cam0,0,right,bad,4,478.9302
p36-tea-0010/010,brics-odroid-030_cam0,0,right,bad,5,479.5145
p52-instrument-0034/034,brics-odroid-029_cam0,48,left,bad,-5,404.3961
p52-instrument-0034/034,brics-odroid-029_cam0,48,left,bad,-4,402.4339
p52-instrument-0034/034,brics-odroid-029_cam0,48,left,bad,-3,404.5588
p52-instrument-0034/034,brics-odroid-029_cam0,48,left,bad,-2,402.1868
p52-instrument-0034/034,brics-odroid-029_cam0,48,left,bad,-1,403.5217
p52-instrument-0034/034,brics-odroid-029_cam0,48,left,bad,0,400.7672
p52-instrument-0034/034,brics-odroid-029_cam0,48,left,bad,1,402.4251
p52-instrument-0034/034,brics-odroid-029_cam0,48,left,bad,2,402.2833
p52-instrument-0034/034,brics-odroid-029_cam0,48,left,bad,3,401.3587
p52-instrument-0034/034,brics-odroid-029_cam0,48,left,bad,4,402.9684
p52-instrument-0034/034,brics-odroid-029_cam0,48,left,bad,5,401.5415
p36-tea-0010/010,brics-odroid-026_cam0,17,right,bad,-5,435.9993
p36-tea-0010/010,brics-odroid-026_cam0,17,right,bad,-4,432.7249
p36-tea-0010/010,brics-odroid-026_cam0,17,right,bad,-3,427.785
p36-tea-0010/010,brics-odroid-026_cam0,17,right,bad,-2,419.3115
p36-tea-0010/010,brics-odroid-026_cam0,17,right,bad,-1,406.6388
p36-tea-0010/010,brics-odroid-026_cam0,17,right,bad,0,390.65
p36-tea-0010/010,brics-odroid-026_cam0,17,right,bad,1,374.0436
p36-tea-0010/010,brics-odroid-026_cam0,17,right,bad,2,356.3111
p36-tea-0010/010,brics-odroid-026_cam0,17,right,bad,3,341.2673
p36-tea-0010/010,brics-odroid-026_cam0,17,right,bad,4,324.5771
p36-tea-0010/010,brics-odroid-026_cam0,17,right,bad,5,307.0617
p36-tea-0010/010,brics-odroid-026_cam0,102,left,bad,-5,185.2014
p36-tea-0010/010,brics-odroid-026_cam0,102,left,bad,-4,181.7921
p36-tea-0010/010,brics-odroid-026_cam0,102,left,bad,-3,179.0008
p36-tea-0010/010,brics-odroid-026_cam0,102,left,bad,-2,173.9068
p36-tea-0010/010,brics-odroid-026_cam0,102,left,bad,-1,171.7878
p36-tea-0010/010,brics-odroid-026_cam0,102,left,bad,0,168.2811
p36-tea-0010/010,brics-odroid-026_cam0,102,left,bad,1,163.081
p36-tea-0010/010,brics-odroid-026_cam0,102,left,bad,2,156.5018
p36-tea-0010/010,brics-odroid-026_cam0,102,left,bad,3,153.1212
p36-tea-0010/010,brics-odroid-026_cam0,102,left,bad,4,147.8626
p36-tea-0010/010,brics-odroid-026_cam0,102,left,bad,5,144.5421
p44-dog-0004/004,brics-odroid-007_cam1,48,left,bad,-5,66.0859
p44-dog-0004/004,brics-odroid-007_cam1,48,left,bad,-4,62.7619
p44-dog-0004/004,brics-odroid-007_cam1,48,left,bad,-3,60.5128
p44-dog-0004/004,brics-odroid-007_cam1,48,left,bad,-2,62.003
p44-dog-0004/004,brics-odroid-007_cam1,48,left,bad,-1,63.2354
p44-dog-0004/004,brics-odroid-007_cam1,48,left,bad,0,66.4106
p44-dog-0004/004,brics-odroid-007_cam1,48,left,bad,1,66.9295
p44-dog-0004/004,brics-odroid-007_cam1,48,left,bad,2,70.1314
p44-dog-0004/004,brics-odroid-007_cam1,48,left,bad,3,74.1568
p44-dog-0004/004,brics-odroid-007_cam1,48,left,bad,4,78.2986
p44-dog-0004/004,brics-odroid-007_cam1,48,left,bad,5,78.4498
p36-tea-0010/010,brics-odroid-030_cam1,102,right,bad,-5,281.4378
p36-tea-0010/010,brics-odroid-030_cam1,102,right,bad,-4,285.796
p36-tea-0010/010,brics-odroid-030_cam1,102,right,bad,-3,290.0533
p36-tea-0010/010,brics-odroid-030_cam1,102,right,bad,-2,293.096
p36-tea-0010/010,brics-odroid-030_cam1,102,right,bad,-1,297.4543
p36-tea-0010/010,brics-odroid-030_cam1,102,right,bad,0,302.7041
p36-tea-0010/010,brics-odroid-030_cam1,102,right,bad,1,307.1875
p36-tea-0010/010,brics-odroid-030_cam1,102,right,bad,2,311.445
p36-tea-0010/010,brics-odroid-030_cam1,102,right,bad,3,315.9405
p36-tea-0010/010,brics-odroid-030_cam1,102,right,bad,4,321.2883
p36-tea-0010/010,brics-odroid-030_cam1,102,right,bad,5,326.1682
p44-dog-0004/004,brics-odroid-030_cam1,256,left,bad,-5,385.6092
p44-dog-0004/004,brics-odroid-030_cam1,256,left,bad,-4,373.4148
p44-dog-0004/004,brics-odroid-030_cam1,256,left,bad,-3,364.296
p44-dog-0004/004,brics-odroid-030_cam1,256,left,bad,-2,349.8795
p44-dog-0004/004,brics-odroid-030_cam1,256,left,bad,-1,334.6235
p44-dog-0004/004,brics-odroid-030_cam1,256,left,bad,0,337.8143
p44-dog-0004/004,brics-odroid-030_cam1,256,left,bad,1,342.3816
p44-dog-0004/004,brics-odroid-030_cam1,256,left,bad,2,350.5327
p44-dog-0004/004,brics-odroid-030_cam1,256,left,bad,3,358.1641
p44-dog-0004/004,brics-odroid-030_cam1,256,left,bad,4,369.0419
p44-dog-0004/004,brics-odroid-030_cam1,256,left,bad,5,374.4944
p44-dog-0004/004,brics-odroid-010_cam1,224,left,bad,-5,121.2474
p44-dog-0004/004,brics-odroid-010_cam1,224,left,bad,-4,129.9447
p44-dog-0004/004,brics-odroid-010_cam1,224,left,bad,-3,148.1386
p44-dog-0004/004,brics-odroid-010_cam1,224,left,bad,-2,163.0845
p44-dog-0004/004,brics-odroid-010_cam1,224,left,bad,-1,185.4285
p44-dog-0004/004,brics-odroid-010_cam1,224,left,bad,0,213.6735
p44-dog-0004/004,brics-odroid-010_cam1,224,left,bad,1,238.7507
p44-dog-0004/004,brics-odroid-010_cam1,224,left,bad,2,265.5991
p44-dog-0004/004,brics-odroid-010_cam1,224,left,bad,3,290.3072
p44-dog-0004/004,brics-odroid-010_cam1,224,left,bad,4,299.9551
p44-dog-0004/004,brics-odroid-010_cam1,224,left,bad,5,319.7073
p52-instrument-0034/034,brics-odroid-027_cam1,6,right,bad,-5,395.5151
p52-instrument-0034/034,brics-odroid-027_cam1,6,right,bad,-4,394.9828
p52-instrument-0034/034,brics-odroid-027_cam1,6,right,bad,-3,393.3309
p52-instrument-0034/034,brics-odroid-027_cam1,6,right,bad,-2,392.3001
p52-instrument-0034/034,brics-odroid-027_cam1,6,right,bad,-1,390.6508
p52-instrument-0034/034,brics-odroid-027_cam1,6,right,bad,0,389.9156
p52-instrument-0034/034,brics-odroid-027_cam1,6,right,bad,1,388.4201
p52-instrument-0034/034,brics-odroid-027_cam1,6,right,bad,2,387.8467
p52-instrument-0034/034,brics-odroid-027_cam1,6,right,bad,3,386.7481
p52-instrument-0034/034,brics-odroid-027_cam1,6,right,bad,4,384.0448
p52-instrument-0034/034,brics-odroid-027_cam1,6,right,bad,5,380.1993
p44-dog-0004/004,brics-odroid-028_cam0,48,right,bad,-5,60.0655
p44-dog-0004/004,brics-odroid-028_cam0,48,right,bad,-4,63.143
p44-dog-0004/004,brics-odroid-028_cam0,48,right,bad,-3,64.4561
p44-dog-0004/004,brics-odroid-028_cam0,48,right,bad,-2,63.303
p44-dog-0004/004,brics-odroid-028_cam0,48,right,bad,-1,62.8396
p44-dog-0004/004,brics-odroid-028_cam0,48,right,bad,0,62.7587
p44-dog-0004/004,brics-odroid-028_cam0,48,right,bad,1,61.7938
p44-dog-0004/004,brics-odroid-028_cam0,48,right,bad,2,62.6709
p44-dog-0004/004,brics-odroid-028_cam0,48,right,bad,3,61.8429
p44-dog-0004/004,brics-odroid-028_cam0,48,right,bad,4,63.1785
p44-dog-0004/004,brics-odroid-028_cam0,48,right,bad,5,63.3634
p52-instrument-0034/034,brics-odroid-027_cam1,108,right,bad,-5,409.8276
p52-instrument-0034/034,brics-odroid-027_cam1,108,right,bad,-4,412.8271
p52-instrument-0034/034,brics-odroid-027_cam1,108,right,bad,-3,413.6909
p52-instrument-0034/034,brics-odroid-027_cam1,108,right,bad,-2,413.991
p52-instrument-0034/034,brics-odroid-027_cam1,108,right,bad,-1,414.2288
p52-instrument-0034/034,brics-odroid-027_cam1,108,right,bad,0,414.6721
p52-instrument-0034/034,brics-odroid-027_cam1,108,right,bad,1,414.9899
p52-instrument-0034/034,brics-odroid-027_cam1,108,right,bad,2,415.1934
p52-instrument-0034/034,brics-odroid-027_cam1,108,right,bad,3,415.1262
p52-instrument-0034/034,brics-odroid-027_cam1,108,right,bad,4,415.0652
p52-instrument-0034/034,brics-odroid-027_cam1,108,right,bad,5,414.546
p52-instrument-0034/034,brics-odroid-029_cam0,54,right,bad,-5,419.8598
p52-instrument-0034/034,brics-odroid-029_cam0,54,right,bad,-4,428.2239
p52-instrument-0034/034,brics-odroid-029_cam0,54,right,bad,-3,438.5663
p52-instrument-0034/034,brics-odroid-029_cam0,54,right,bad,-2,449.9633
p52-instrument-0034/034,brics-odroid-029_cam0,54,right,bad,-1,458.7531
p52-instrument-0034/034,brics-odroid-029_cam0,54,right,bad,0,466.3657
p52-instrument-0034/034,brics-odroid-029_cam0,54,right,bad,1,469.4399
p52-instrument-0034/034,brics-odroid-029_cam0,54,right,bad,2,467.0393
p52-instrument-0034/034,brics-odroid-029_cam0,54,right,bad,3,456.1084
p52-instrument-0034/034,brics-odroid-029_cam0,54,right,bad,4,440.5302
p52-instrument-0034/034,brics-odroid-029_cam0,54,right,bad,5,423.4653
p36-tea-0010/010,brics-odroid-026_cam1,254,left,bad,-5,234.9979
p36-tea-0010/010,brics-odroid-026_cam1,254,left,bad,-4,242.1982
p36-tea-0010/010,brics-odroid-026_cam1,254,left,bad,-3,247.5626
p36-tea-0010/010,brics-odroid-026_cam1,254,left,bad,-2,253.672
p36-tea-0010/010,brics-odroid-026_cam1,254,left,bad,-1,260.5504
p36-tea-0010/010,brics-odroid-026_cam1,254,left,bad,0,265.1623
p36-tea-0010/010,brics-odroid-026_cam1,254,left,bad,1,271.3622
p36-tea-0010/010,brics-odroid-026_cam1,254,left,bad,2,275.1203
p36-tea-0010/010,brics-odroid-026_cam1,254,left,bad,3,280.9227
p36-tea-0010/010,brics-odroid-026_cam1,254,left,bad,4,288.4383
p36-tea-0010/010,brics-odroid-026_cam1,254,left,bad,5,292.7425
p36-tea-0010/010,brics-odroid-026_cam1,85,left,bad,-5,292.1026
p36-tea-0010/010,brics-odroid-026_cam1,85,left,bad,-4,282.3705
p36-tea-0010/010,brics-odroid-026_cam1,85,left,bad,-3,272.4085
p36-tea-0010/010,brics-odroid-026_cam1,85,left,bad,-2,264.2836
p36-tea-0010/010,brics-odroid-026_cam1,85,left,bad,-1,255.2514
p36-tea-0010/010,brics-odroid-026_cam1,85,left,bad,0,246.0781
p36-tea-0010/010,brics-odroid-026_cam1,85,left,bad,1,241.8884
p36-tea-0010/010,brics-odroid-026_cam1,85,left,bad,2,236.7486
p36-tea-0010/010,brics-odroid-026_cam1,85,left,bad,3,230.7985
p36-tea-0010/010,brics-odroid-026_cam1,85,left,bad,4,227.4217
p36-tea-0010/010,brics-odroid-026_cam1,85,left,bad,5,223.1198
p41-plant-0004/004,brics-odroid-001_cam1,136,left,bad,-5,142.9694
p41-plant-0004/004,brics-odroid-001_cam1,136,left,bad,-4,140.0297
p41-plant-0004/004,brics-odroid-001_cam1,136,left,bad,-3,137.5776
p41-plant-0004/004,brics-odroid-001_cam1,136,left,bad,-2,136.9822
p41-plant-0004/004,brics-odroid-001_cam1,136,left,bad,-1,136.3583
p41-plant-0004/004,brics-odroid-001_cam1,136,left,bad,0,136.1863
p41-plant-0004/004,brics-odroid-001_cam1,136,left,bad,1,137.6803
p41-plant-0004/004,brics-odroid-001_cam1,136,left,bad,2,138.8848
p41-plant-0004/004,brics-odroid-001_cam1,136,left,bad,3,138.2811
p41-plant-0004/004,brics-odroid-001_cam1,136,left,bad,4,137.2387
p41-plant-0004/004,brics-odroid-001_cam1,136,left,bad,5,138.2181
p52-instrument-0034/034,brics-odroid-010_cam1,36,left,bad,-5,196.6457
p52-instrument-0034/034,brics-odroid-010_cam1,36,left,bad,-4,196.3892
p52-instrument-0034/034,brics-odroid-010_cam1,36,left,bad,-3,196.1596
p52-instrument-0034/034,brics-odroid-010_cam1,36,left,bad,-2,196.5139
p52-instrument-0034/034,brics-odroid-010_cam1,36,left,bad,-1,195.4287
p52-instrument-0034/034,brics-odroid-010_cam1,36,left,bad,0,195.186
p52-instrument-0034/034,brics-odroid-010_cam1,36,left,bad,1,195.8384
p52-instrument-0034/034,brics-odroid-010_cam1,36,left,bad,2,196.6651
p52-instrument-0034/034,brics-odroid-010_cam1,36,left,bad,3,197.4201
p52-instrument-0034/034,brics-odroid-010_cam1,36,left,bad,4,196.6374
p52-instrument-0034/034,brics-odroid-010_cam1,36,left,bad,5,197.379
p44-dog-0004/004,brics-odroid-021_cam0,256,right,bad,-5,76.2508
p44-dog-0004/004,brics-odroid-021_cam0,256,right,bad,-4,75.7976
p44-dog-0004/004,brics-odroid-021_cam0,256,right,bad,-3,74.4057
p44-dog-0004/004,brics-odroid-021_cam0,256,right,bad,-2,73.2475
p44-dog-0004/004,brics-odroid-021_cam0,256,right,bad,-1,71.3976
p44-dog-0004/004,brics-odroid-021_cam0,256,right,bad,0,71.3295
p44-dog-0004/004,brics-odroid-021_cam0,256,right,bad,1,73.8402
p44-dog-0004/004,brics-odroid-021_cam0,256,right,bad,2,73.6508
p44-dog-0004/004,brics-odroid-021_cam0,256,right,bad,3,74.645
p44-dog-0004/004,brics-odroid-021_cam0,256,right,bad,4,74.4423
p44-dog-0004/004,brics-odroid-021_cam0,256,right,bad,5,74.9752
p36-tea-0010/010,brics-odroid-027_cam1,320,right,bad,-5,270.4109
p36-tea-0010/010,brics-odroid-027_cam1,320,right,bad,-4,269.9671
p36-tea-0010/010,brics-odroid-027_cam1,320,right,bad,-3,269.9171
p36-tea-0010/010,brics-odroid-027_cam1,320,right,bad,-2,270.1326
p36-tea-0010/010,brics-odroid-027_cam1,320,right,bad,-1,269.11
p36-tea-0010/010,brics-odroid-027_cam1,320,right,bad,0,268.354
p36-tea-0010/010,brics-odroid-027_cam1,320,right,bad,1,268.4759
p36-tea-0010/010,brics-odroid-027_cam1,320,right,bad,2,268.9617
p36-tea-0010/010,brics-odroid-027_cam1,320,right,bad,3,267.7531
p36-tea-0010/010,brics-odroid-027_cam1,320,right,bad,4,267.3151
p36-tea-0010/010,brics-odroid-027_cam1,320,right,bad,5,266.5918
p44-dog-0004/004,brics-odroid-030_cam1,112,right,bad,-5,465.0652
p44-dog-0004/004,brics-odroid-030_cam1,112,right,bad,-4,464.744
p44-dog-0004/004,brics-odroid-030_cam1,112,right,bad,-3,463.6147
p44-dog-0004/004,brics-odroid-030_cam1,112,right,bad,-2,462.9309
p44-dog-0004/004,brics-odroid-030_cam1,112,right,bad,-1,462.3757
p44-dog-0004/004,brics-odroid-030_cam1,112,right,bad,0,463.2026
p44-dog-0004/004,brics-odroid-030_cam1,112,right,bad,1,464.3609
p44-dog-0004/004,brics-odroid-030_cam1,112,right,bad,2,464.4378
p44-dog-0004/004,brics-odroid-030_cam1,112,right,bad,3,465.0508
p44-dog-0004/004,brics-odroid-030_cam1,112,right,bad,4,463.8567
p44-dog-0004/004,brics-odroid-030_cam1,112,right,bad,5,466.8159
p41-boxing-0021/021,brics-odroid-028_cam0,126,left,bad,-5,413.0015
p41-boxing-0021/021,brics-odroid-028_cam0,126,left,bad,-4,422.4923
p41-boxing-0021/021,brics-odroid-028_cam0,126,left,bad,-3,428.8496
p41-boxing-0021/021,brics-odroid-028_cam0,126,left,bad,-2,432.9971
p41-boxing-0021/021,brics-odroid-028_cam0,126,left,bad,-1,429.0024
p41-boxing-0021/021,brics-odroid-028_cam0,126,left,bad,0,421.6771
p41-boxing-0021/021,brics-odroid-028_cam0,126,left,bad,1,412.1157
p41-boxing-0021/021,brics-odroid-028_cam0,126,left,bad,2,407.6503
p41-boxing-0021/021,brics-odroid-028_cam0,126,left,bad,3,404.8995
p41-boxing-0021/021,brics-odroid-028_cam0,126,left,bad,4,397.1239
p41-boxing-0021/021,brics-odroid-028_cam0,126,left,bad,5,389.1924
p44-dog-0004/004,brics-odroid-014_cam1,48,right,bad,-5,238.7349
p44-dog-0004/004,brics-odroid-014_cam1,48,right,bad,-4,237.0834
p44-dog-0004/004,brics-odroid-014_cam1,48,right,bad,-3,236.3847
p44-dog-0004/004,brics-odroid-014_cam1,48,right,bad,-2,236.6182
p44-dog-0004/004,brics-odroid-014_cam1,48,right,bad,-1,237.8203
p44-dog-0004/004,brics-odroid-014_cam1,48,right,bad,0,238.3611
p44-dog-0004/004,brics-odroid-014_cam1,48,right,bad,1,239.2548
p44-dog-0004/004,brics-odroid-014_cam1,48,right,bad,2,240.7677
p44-dog-0004/004,brics-odroid-014_cam1,48,right,bad,3,241.4719
p44-dog-0004/004,brics-odroid-014_cam1,48,right,bad,4,240.2107
p44-dog-0004/004,brics-odroid-014_cam1,48,right,bad,5,239.437
p52-instrument-0034/034,brics-odroid-029_cam0,66,right,bad,-5,397.7345
p52-instrument-0034/034,brics-odroid-029_cam0,66,right,bad,-4,393.769
p52-instrument-0034/034,brics-odroid-029_cam0,66,right,bad,-3,393.4601
p52-instrument-0034/034,brics-odroid-029_cam0,66,right,bad,-2,396.3082
p52-instrument-0034/034,brics-odroid-029_cam0,66,right,bad,-1,400.7887
p52-instrument-0034/034,brics-odroid-029_cam0,66,right,bad,0,404.2612
p52-instrument-0034/034,brics-odroid-029_cam0,66,right,bad,1,408.9701
p52-instrument-0034/034,brics-odroid-029_cam0,66,right,bad,2,412.6657
p52-instrument-0034/034,brics-odroid-029_cam0,66,right,bad,3,419.5857
p52-instrument-0034/034,brics-odroid-029_cam0,66,right,bad,4,430.2692
p52-instrument-0034/034,brics-odroid-029_cam0,66,right,bad,5,437.8236
p44-dog-0004/004,brics-odroid-026_cam1,160,left,bad,-5,202.069
p44-dog-0004/004,brics-odroid-026_cam1,160,left,bad,-4,200.9726
p44-dog-0004/004,brics-odroid-026_cam1,160,left,bad,-3,202.6022
p44-dog-0004/004,brics-odroid-026_cam1,160,left,bad,-2,204.3515
p44-dog-0004/004,brics-odroid-026_cam1,160,left,bad,-1,203.5637
p44-dog-0004/004,brics-odroid-026_cam1,160,left,bad,0,203.1936
p44-dog-0004/004,brics-odroid-026_cam1,160,left,bad,1,203.7258
p44-dog-0004/004,brics-odroid-026_cam1,160,left,bad,2,205.3958
p44-dog-0004/004,brics-odroid-026_cam1,160,left,bad,3,204.9658
p44-dog-0004/004,brics-odroid-026_cam1,160,left,bad,4,206.2954
p44-dog-0004/004,brics-odroid-026_cam1,160,left,bad,5,202.7877
p36-tea-0010/010,brics-odroid-026_cam1,85,right,bad,-5,248.9937
p36-tea-0010/010,brics-odroid-026_cam1,85,right,bad,-4,252.1064
p36-tea-0010/010,brics-odroid-026_cam1,85,right,bad,-3,256.5823
p36-tea-0010/010,brics-odroid-026_cam1,85,right,bad,-2,261.2212
p36-tea-0010/010,brics-odroid-026_cam1,85,right,bad,-1,263.8442
p36-tea-0010/010,brics-odroid-026_cam1,85,right,bad,0,270.7755
p36-tea-0010/010,brics-odroid-026_cam1,85,right,bad,1,276.4795
p36-tea-0010/010,brics-odroid-026_cam1,85,right,bad,2,282.4112
p36-tea-0010/010,brics-odroid-026_cam1,85,right,bad,3,288.0241
p36-tea-0010/010,brics-odroid-026_cam1,85,right,bad,4,291.1431
p36-tea-0010/010,brics-odroid-026_cam1,85,right,bad,5,295.8581
p41-boxing-0021/021,brics-odroid-017_cam0,144,right,bad,-5,84.9185
p41-boxing-0021/021,brics-odroid-017_cam0,144,right,bad,-4,89.114
p41-boxing-0021/021,brics-odroid-017_cam0,144,right,bad,-3,98.5764
p41-boxing-0021/021,brics-odroid-017_cam0,144,right,bad,-2,102.6392
p41-boxing-0021/021,brics-odroid-017_cam0,144,right,bad,-1,105.296
p41-boxing-0021/021,brics-odroid-017_cam0,144,right,bad,0,110.0655
p41-boxing-0021/021,brics-odroid-017_cam0,144,right,bad,1,110.5728
p41-boxing-0021/021,brics-odroid-017_cam0,144,right,bad,2,111.0566
p41-boxing-0021/021,brics-odroid-017_cam0,144,right,bad,3,111.6932
p41-boxing-0021/021,brics-odroid-017_cam0,144,right,bad,4,112.0945
p41-boxing-0021/021,brics-odroid-017_cam0,144,right,bad,5,110.2266
p44-dog-0004/004,brics-odroid-028_cam0,176,left,bad,-5,104.3353
p44-dog-0004/004,brics-odroid-028_cam0,176,left,bad,-4,103.8322
p44-dog-0004/004,brics-odroid-028_cam0,176,left,bad,-3,101.287
p44-dog-0004/004,brics-odroid-028_cam0,176,left,bad,-2,101.2197
p44-dog-0004/004,brics-odroid-028_cam0,176,left,bad,-1,100.9618
p44-dog-0004/004,brics-odroid-028_cam0,176,left,bad,0,97.8504
p44-dog-0004/004,brics-odroid-028_cam0,176,left,bad,1,99.2882
p44-dog-0004/004,brics-odroid-028_cam0,176,left,bad,2,99.76
p44-dog-0004/004,brics-odroid-028_cam0,176,left,bad,3,98.4284
p44-dog-0004/004,brics-odroid-028_cam0,176,left,bad,4,97.8467
p44-dog-0004/004,brics-odroid-028_cam0,176,left,bad,5,97.8261
p36-tea-0010/010,brics-odroid-026_cam0,68,left,bad,-5,202.0888
p36-tea-0010/010,brics-odroid-026_cam0,68,left,bad,-4,203.482
p36-tea-0010/010,brics-odroid-026_cam0,68,left,bad,-3,201.9721
p36-tea-0010/010,brics-odroid-026_cam0,68,left,bad,-2,202.7073
p36-tea-0010/010,brics-odroid-026_cam0,68,left,bad,-1,203.0204
p36-tea-0010/010,brics-odroid-026_cam0,68,left,bad,0,200.3841
p36-tea-0010/010,brics-odroid-026_cam0,68,left,bad,1,196.0324
p36-tea-0010/010,brics-odroid-026_cam0,68,left,bad,2,190.9786
p36-tea-0010/010,brics-odroid-026_cam0,68,left,bad,3,187.7115
p36-tea-0010/010,brics-odroid-026_cam0,68,left,bad,4,185.0893
p36-tea-0010/010,brics-odroid-026_cam0,68,left,bad,5,181.6676
p41-plant-0004/004,brics-odroid-016_cam0,40,right,bad,-5,79.6236
p41-plant-0004/004,brics-odroid-016_cam0,40,right,bad,-4,83.2912
p41-plant-0004/004,brics-odroid-016_cam0,40,right,bad,-3,81.2279
p41-plant-0004/004,brics-odroid-016_cam0,40,right,bad,-2,76.8243
p41-plant-0004/004,brics-odroid-016_cam0,40,right,bad,-1,78.1837
p41-plant-0004/004,brics-odroid-016_cam0,40,right,bad,0,75.7149
p41-plant-0004/004,brics-odroid-016_cam0,40,right,bad,1,65.9446
p41-plant-0004/004,brics-odroid-016_cam0,40,right,bad,2,70.6854
p41-plant-0004/004,brics-odroid-016_cam0,40,right,bad,3,69.165
p41-plant-0004/004,brics-odroid-016_cam0,40,right,bad,4,68.6385
p41-plant-0004/004,brics-odroid-016_cam0,40,right,bad,5,65.974
p52-instrument-0034/034,brics-odroid-026_cam1,6,right,bad,-5,334.5032
p52-instrument-0034/034,brics-odroid-026_cam1,6,right,bad,-4,334.9141
p52-instrument-0034/034,brics-odroid-026_cam1,6,right,bad,-3,334.666
p52-instrument-0034/034,brics-odroid-026_cam1,6,right,bad,-2,333.6913
p52-instrument-0034/034,brics-odroid-026_cam1,6,right,bad,-1,333.2587
p52-instrument-0034/034,brics-odroid-026_cam1,6,right,bad,0,332.2854
p52-instrument-0034/034,brics-odroid-026_cam1,6,right,bad,1,332.0562
p52-instrument-0034/034,brics-odroid-026_cam1,6,right,bad,2,331.1765
p52-instrument-0034/034,brics-odroid-026_cam1,6,right,bad,3,331.0054
p52-instrument-0034/034,brics-odroid-026_cam1,6,right,bad,4,329.1868
p52-instrument-0034/034,brics-odroid-026_cam1,6,right,bad,5,326.842
p44-dog-0004/004,brics-odroid-007_cam1,64,left,bad,-5,88.1078
p44-dog-0004/004,brics-odroid-007_cam1,64,left,bad,-4,92.1547
p44-dog-0004/004,brics-odroid-007_cam1,64,left,bad,-3,94.1106
p44-dog-0004/004,brics-odroid-007_cam1,64,left,bad,-2,94.4434
p44-dog-0004/004,brics-odroid-007_cam1,64,left,bad,-1,94.1168
p44-dog-0004/004,brics-odroid-007_cam1,64,left,bad,0,102.1309
p44-dog-0004/004,brics-odroid-007_cam1,64,left,bad,1,104.5801
p44-dog-0004/004,brics-odroid-007_cam1,64,left,bad,2,99.6402
p44-dog-0004/004,brics-odroid-007_cam1,64,left,bad,3,97.5823
p44-dog-0004/004,brics-odroid-007_cam1,64,left,bad,4,93.7878
p44-dog-0004/004,brics-odroid-007_cam1,64,left,bad,5,90.9472
p44-dog-0004/004,brics-odroid-020_cam0,144,right,bad,-5,185.4777
p44-dog-0004/004,brics-odroid-020_cam0,144,right,bad,-4,185.6617
p44-dog-0004/004,brics-odroid-020_cam0,144,right,bad,-3,185.0081
p44-dog-0004/004,brics-odroid-020_cam0,144,right,bad,-2,184.3322
p44-dog-0004/004,brics-odroid-020_cam0,144,right,bad,-1,184.0786
p44-dog-0004/004,brics-odroid-020_cam0,144,right,bad,0,181.838
p44-dog-0004/004,brics-odroid-020_cam0,144,right,bad,1,182.6763
p44-dog-0004/004,brics-odroid-020_cam0,144,right,bad,2,181.7547
p44-dog-0004/004,brics-odroid-020_cam0,144,right,bad,3,182.3329
p44-dog-0004/004,brics-odroid-020_cam0,144,right,bad,4,185.6309
p44-dog-0004/004,brics-odroid-020_cam0,144,right,bad,5,185.7874
p52-instrument-0034/034,brics-odroid-029_cam0,78,left,bad,-5,431.5615
p52-instrument-0034/034,brics-odroid-029_cam0,78,left,bad,-4,432.165
p52-instrument-0034/034,brics-odroid-029_cam0,78,left,bad,-3,432.3646
p52-instrument-0034/034,brics-odroid-029_cam0,78,left,bad,-2,432.0001
p52-instrument-0034/034,brics-odroid-029_cam0,78,left,bad,-1,433.2536
p52-instrument-0034/034,brics-odroid-029_cam0,78,left,bad,0,433.4049
p52-instrument-0034/034,brics-odroid-029_cam0,78,left,bad,1,434.8699
p52-instrument-0034/034,brics-odroid-029_cam0,78,left,bad,2,434.7746
p52-instrument-0034/034,brics-odroid-029_cam0,78,left,bad,3,435.8179
p52-instrument-0034/034,brics-odroid-029_cam0,78,left,bad,4,435.7473
p52-instrument-0034/034,brics-odroid-029_cam0,78,left,bad,5,436.2449
p41-boxing-0021/021,brics-odroid-014_cam1,108,right,bad,-5,204.4228
p41-boxing-0021/021,brics-odroid-014_cam1,108,right,bad,-4,204.5829
p41-boxing-0021/021,brics-odroid-014_cam1,108,right,bad,-3,205.9082
p41-boxing-0021/021,brics-odroid-014_cam1,108,right,bad,-2,209.982
p41-boxing-0021/021,brics-odroid-014_cam1,108,right,bad,-1,213.4249
p41-boxing-0021/021,brics-odroid-014_cam1,108,right,bad,0,215.6895
p41-boxing-0021/021,brics-odroid-014_cam1,108,right,bad,1,215.9756
p41-boxing-0021/021,brics-odroid-014_cam1,108,right,bad,2,216.7289
p41-boxing-0021/021,brics-odroid-014_cam1,108,right,bad,3,217.4035
p41-boxing-0021/021,brics-odroid-014_cam1,108,right,bad,4,217.8717
p41-boxing-0021/021,brics-odroid-014_cam1,108,right,bad,5,217.4846
p44-dog-0004/004,brics-odroid-012_cam1,256,left,bad,-5,77.7734
p44-dog-0004/004,brics-odroid-012_cam1,256,left,bad,-4,79.9335
p44-dog-0004/004,brics-odroid-012_cam1,256,left,bad,-3,82.3362
p44-dog-0004/004,brics-odroid-012_cam1,256,left,bad,-2,87.6913
p44-dog-0004/004,brics-odroid-012_cam1,256,left,bad,-1,93.8119
p44-dog-0004/004,brics-odroid-012_cam1,256,left,bad,0,96.4852
p44-dog-0004/004,brics-odroid-012_cam1,256,left,bad,1,97.7591
p44-dog-0004/004,brics-odroid-012_cam1,256,left,bad,2,97.3434
p44-dog-0004/004,brics-odroid-012_cam1,256,left,bad,3,94.287
p44-dog-0004/004,brics-odroid-012_cam1,256,left,bad,4,90.0119
p44-dog-0004/004,brics-odroid-012_cam1,256,left,bad,5,85.0991
p44-dog-0004/004,brics-odroid-028_cam0,144,left,bad,-5,103.2972
p44-dog-0004/004,brics-odroid-028_cam0,144,left,bad,-4,104.163
p44-dog-0004/004,brics-odroid-028_cam0,144,left,bad,-3,103.559
p44-dog-0004/004,brics-odroid-028_cam0,144,left,bad,-2,101.8599
p44-dog-0004/004,brics-odroid-028_cam0,144,left,bad,-1,103.7152
p44-dog-0004/004,brics-odroid-028_cam0,144,left,bad,0,106.256
p44-dog-0004/004,brics-odroid-028_cam0,144,left,bad,1,104.1876
p44-dog-0004/004,brics-odroid-028_cam0,144,left,bad,2,104.4906
p44-dog-0004/004,brics-odroid-028_cam0,144,left,bad,3,101.3092
p44-dog-0004/004,brics-odroid-028_cam0,144,left,bad,4,102.1915
p44-dog-0004/004,brics-odroid-028_cam0,144,left,bad,5,103.0224
p44-dog-0004/004,brics-odroid-010_cam0,112,left,bad,-5,87.4048
p44-dog-0004/004,brics-odroid-010_cam0,112,left,bad,-4,89.1386
p44-dog-0004/004,brics-odroid-010_cam0,112,left,bad,-3,90.0544
p44-dog-0004/004,brics-odroid-010_cam0,112,left,bad,-2,90.7044
p44-dog-0004/004,brics-odroid-010_cam0,112,left,bad,-1,95.3302
p44-dog-0004/004,brics-odroid-010_cam0,112,left,bad,0,93.6462
p44-dog-0004/004,brics-odroid-010_cam0,112,left,bad,1,91.0576
p44-dog-0004/004,brics-odroid-010_cam0,112,left,bad,2,84.0662
p44-dog-0004/004,brics-odroid-010_cam0,112,left,bad,3,88.6693
p44-dog-0004/004,brics-odroid-010_cam0,112,left,bad,4,86.0342
p44-dog-0004/004,brics-odroid-010_cam0,112,left,bad,5,84.386
p36-tea-0010/010,brics-odroid-027_cam0,337,right,bad,-5,201.323
p36-tea-0010/010,brics-odroid-027_cam0,337,right,bad,-4,201.9946
p36-tea-0010/010,brics-odroid-027_cam0,337,right,bad,-3,201.3479
p36-tea-0010/010,brics-odroid-027_cam0,337,right,bad,-2,201.6845
p36-tea-0010/010,brics-odroid-027_cam0,337,right,bad,-1,200.146
p36-tea-0010/010,brics-odroid-027_cam0,337,right,bad,0,200.5375
p36-tea-0010/010,brics-odroid-027_cam0,337,right,bad,1,200.4937
p36-tea-0010/010,brics-odroid-027_cam0,337,right,bad,2,198.7664
p36-tea-0010/010,brics-odroid-027_cam0,337,right,bad,3,198.6661
p36-tea-0010/010,brics-odroid-027_cam0,337,right,bad,4,198.2388
p36-tea-0010/010,brics-odroid-027_cam0,337,right,bad,5,198.0601
p52-instrument-0034/034,brics-odroid-029_cam0,0,right,bad,0,419.4461
p52-instrument-0034/034,brics-odroid-029_cam0,0,right,bad,1,418.4929
p52-instrument-0034/034,brics-odroid-029_cam0,0,right,bad,2,416.9464
p52-instrument-0034/034,brics-odroid-029_cam0,0,right,bad,3,415.1127
p52-instrument-0034/034,brics-odroid-029_cam0,0,right,bad,4,413.499
p52-instrument-0034/034,brics-odroid-029_cam0,0,right,bad,5,412.0509
p44-dog-0004/004,brics-odroid-010_cam1,256,right,bad,-5,58.8001
p44-dog-0004/004,brics-odroid-010_cam1,256,right,bad,-4,59.8889
p44-dog-0004/004,brics-odroid-010_cam1,256,right,bad,-3,60.7727
p44-dog-0004/004,brics-odroid-010_cam1,256,right,bad,-2,62.6632
p44-dog-0004/004,brics-odroid-010_cam1,256,right,bad,-1,62.3725
p44-dog-0004/004,brics-odroid-010_cam1,256,right,bad,0,62.5634
p44-dog-0004/004,brics-odroid-010_cam1,256,right,bad,1,61.7853
p44-dog-0004/004,brics-odroid-010_cam1,256,right,bad,2,62.4206
p44-dog-0004/004,brics-odroid-010_cam1,256,right,bad,3,62.3535
p44-dog-0004/004,brics-odroid-010_cam1,256,right,bad,4,62.3306
p44-dog-0004/004,brics-odroid-010_cam1,256,right,bad,5,61.408
p44-dog-0004/004,brics-odroid-029_cam0,144,right,bad,-5,188.7393
p44-dog-0004/004,brics-odroid-029_cam0,144,right,bad,-4,189.0198
p44-dog-0004/004,brics-odroid-029_cam0,144,right,bad,-3,188.1285
p44-dog-0004/004,brics-odroid-029_cam0,144,right,bad,-2,186.6464
p44-dog-0004/004,brics-odroid-029_cam0,144,right,bad,-1,183.7155
p44-dog-0004/004,brics-odroid-029_cam0,144,right,bad,0,183.5301
p44-dog-0004/004,brics-odroid-029_cam0,144,right,bad,1,184.7744
p44-dog-0004/004,brics-odroid-029_cam0,144,right,bad,2,182.2487
p44-dog-0004/004,brics-odroid-029_cam0,144,right,bad,3,182.9564
p44-dog-0004/004,brics-odroid-029_cam0,144,right,bad,4,185.2977
p44-dog-0004/004,brics-odroid-029_cam0,144,right,bad,5,186.609
p41-plant-0004/004,brics-odroid-029_cam1,152,right,bad,-5,102.6907
p41-plant-0004/004,brics-odroid-029_cam1,152,right,bad,-4,102.8659
p41-plant-0004/004,brics-odroid-029_cam1,152,right,bad,-3,103.6888
p41-plant-0004/004,brics-odroid-029_cam1,152,right,bad,-2,103.4666
p41-plant-0004/004,brics-odroid-029_cam1,152,right,bad,-1,103.156
p41-plant-0004/004,brics-odroid-029_cam1,152,right,bad,0,103.3503
p41-plant-0004/004,brics-odroid-029_cam1,152,right,bad,1,103.8096
p41-plant-0004/004,brics-odroid-029_cam1,152,right,bad,2,102.9479
p41-plant-0004/004,brics-odroid-029_cam1,152,right,bad,3,104.0065
p41-plant-0004/004,brics-odroid-029_cam1,152,right,bad,4,103.1936
p41-plant-0004/004,brics-odroid-029_cam1,152,right,bad,5,102.6311
p52-instrument-0034/034,brics-odroid-026_cam1,108,right,bad,-5,353.9888
p52-instrument-0034/034,brics-odroid-026_cam1,108,right,bad,-4,357.2796
p52-instrument-0034/034,brics-odroid-026_cam1,108,right,bad,-3,361.7512
p52-instrument-0034/034,brics-odroid-026_cam1,108,right,bad,-2,365.3882
p52-instrument-0034/034,brics-odroid-026_cam1,108,right,bad,-1,366.0485
p52-instrument-0034/034,brics-odroid-026_cam1,108,right,bad,0,366.7094
p52-instrument-0034/034,brics-odroid-026_cam1,108,right,bad,1,368.0183
p52-instrument-0034/034,brics-odroid-026_cam1,108,right,bad,2,368.9855
p52-instrument-0034/034,brics-odroid-026_cam1,108,right,bad,3,367.852
p52-instrument-0034/034,brics-odroid-026_cam1,108,right,bad,4,368.1764
p52-instrument-0034/034,brics-odroid-026_cam1,108,right,bad,5,368.128
p44-dog-0004/004,brics-odroid-010_cam1,16,left,bad,-5,265.1286
p44-dog-0004/004,brics-odroid-010_cam1,16,left,bad,-4,267.8166
p44-dog-0004/004,brics-odroid-010_cam1,16,left,bad,-3,261.8145
p44-dog-0004/004,brics-odroid-010_cam1,16,left,bad,-2,261.1019
p44-dog-0004/004,brics-odroid-010_cam1,16,left,bad,-1,255.7814
p44-dog-0004/004,brics-odroid-010_cam1,16,left,bad,0,261.9134
p44-dog-0004/004,brics-odroid-010_cam1,16,left,bad,1,262.0025
p44-dog-0004/004,brics-odroid-010_cam1,16,left,bad,2,259.507
p44-dog-0004/004,brics-odroid-010_cam1,16,left,bad,3,258.7073
p44-dog-0004/004,brics-odroid-010_cam1,16,left,bad,4,258.0282
p44-dog-0004/004,brics-odroid-010_cam1,16,left,bad,5,257.7844
p41-plant-0004/004,brics-odroid-015_cam0,56,right,bad,-5,145.5846
p41-plant-0004/004,brics-odroid-015_cam0,56,right,bad,-4,143.4983
p41-plant-0004/004,brics-odroid-015_cam0,56,right,bad,-3,128.7349
p41-plant-0004/004,brics-odroid-015_cam0,56,right,bad,-2,118.7944
p41-plant-0004/004,brics-odroid-015_cam0,56,right,bad,-1,113.9345
p41-plant-0004/004,brics-odroid-015_cam0,56,right,bad,0,114.9057
p41-plant-0004/004,brics-odroid-015_cam0,56,right,bad,1,119.3048
p41-plant-0004/004,brics-odroid-015_cam0,56,right,bad,2,122.7258
p41-plant-0004/004,brics-odroid-015_cam0,56,right,bad,3,124.1788
p41-plant-0004/004,brics-odroid-015_cam0,56,right,bad,4,120.5761
p41-plant-0004/004,brics-odroid-015_cam0,56,right,bad,5,116.7939
p44-dog-0004/004,brics-odroid-015_cam1,16,left,bad,-5,117.0058
p44-dog-0004/004,brics-odroid-015_cam1,16,left,bad,-4,117.4219
p44-dog-0004/004,brics-odroid-015_cam1,16,left,bad,-3,119.6735
p44-dog-0004/004,brics-odroid-015_cam1,16,left,bad,-2,121.8706
p44-dog-0004/004,brics-odroid-015_cam1,16,left,bad,-1,124.1127
p44-dog-0004/004,brics-odroid-015_cam1,16,left,bad,0,125.5638
p44-dog-0004/004,brics-odroid-015_cam1,16,left,bad,1,128.2711
p44-dog-0004/004,brics-odroid-015_cam1,16,left,bad,2,132.1051
p44-dog-0004/004,brics-odroid-015_cam1,16,left,bad,3,135.067
p44-dog-0004/004,brics-odroid-015_cam1,16,left,bad,4,135.203
p44-dog-0004/004,brics-odroid-015_cam1,16,left,bad,5,133.9069
p52-instrument-0034/034,brics-odroid-027_cam0,0,right,bad,0,330.5823
p52-instrument-0034/034,brics-odroid-027_cam0,0,right,bad,1,330.003
p52-instrument-0034/034,brics-odroid-027_cam0,0,right,bad,2,328.7034
p52-instrument-0034/034,brics-odroid-027_cam0,0,right,bad,3,327.4944
p52-instrument-0034/034,brics-odroid-027_cam0,0,right,bad,4,325.199
p52-instrument-0034/034,brics-odroid-027_cam0,0,right,bad,5,322.1414
p52-instrument-0034/034,brics-odroid-027_cam0,36,right,bad,-5,339.4574
p52-instrument-0034/034,brics-odroid-027_cam0,36,right,bad,-4,354.8888
p52-instrument-0034/034,brics-odroid-027_cam0,36,right,bad,-3,363.9619
p52-instrument-0034/034,brics-odroid-027_cam0,36,right,bad,-2,364.3486
p52-instrument-0034/034,brics-odroid-027_cam0,36,right,bad,-1,354.412
p52-instrument-0034/034,brics-odroid-027_cam0,36,right,bad,0,341.3458
p52-instrument-0034/034,brics-odroid-027_cam0,36,right,bad,1,344.513
p52-instrument-0034/034,brics-odroid-027_cam0,36,right,bad,2,333.1818
p52-instrument-0034/034,brics-odroid-027_cam0,36,right,bad,3,325.552
p52-instrument-0034/034,brics-odroid-027_cam0,36,right,bad,4,318.9112
p52-instrument-0034/034,brics-odroid-027_cam0,36,right,bad,5,312.0117
p36-tea-0010/010,brics-odroid-026_cam0,85,left,bad,-5,206.669
p36-tea-0010/010,brics-odroid-026_cam0,85,left,bad,-4,200.1801
p36-tea-0010/010,brics-odroid-026_cam0,85,left,bad,-3,192.0986
p36-tea-0010/010,brics-odroid-026_cam0,85,left,bad,-2,185.8828
p36-tea-0010/010,brics-odroid-026_cam0,85,left,bad,-1,178.3437
p36-tea-0010/010,brics-odroid-026_cam0,85,left,bad,0,171.8332
p36-tea-0010/010,brics-odroid-026_cam0,85,left,bad,1,166.8738
p36-tea-0010/010,brics-odroid-026_cam0,85,left,bad,2,163.1182
p36-tea-0010/010,brics-odroid-026_cam0,85,left,bad,3,159.3734
p36-tea-0010/010,brics-odroid-026_cam0,85,left,bad,4,156.9246
p36-tea-0010/010,brics-odroid-026_cam0,85,left,bad,5,154.1647
p36-tea-0010/010,brics-odroid-027_cam1,218,right,bad,-5,2101.6366
p36-tea-0010/010,brics-odroid-027_cam1,218,right,bad,-4,2101.6366
p36-tea-0010/010,brics-odroid-027_cam1,218,right,bad,-3,2101.6366
p36-tea-0010/010,brics-odroid-027_cam1,218,right,bad,-2,193.4339
p36-tea-0010/010,brics-odroid-027_cam1,218,right,bad,-1,2101.6366
p36-tea-0010/010,brics-odroid-027_cam1,218,right,bad,0,188.8122
p36-tea-0010/010,brics-odroid-027_cam1,218,right,bad,1,185.4685
p36-tea-0010/010,brics-odroid-027_cam1,218,right,bad,2,182.4124
p36-tea-0010/010,brics-odroid-027_cam1,218,right,bad,3,180.2199
p36-tea-0010/010,brics-odroid-027_cam1,218,right,bad,4,176.8208
p36-tea-0010/010,brics-odroid-027_cam1,218,right,bad,5,173.4444
p41-plant-0004/004,brics-odroid-010_cam1,88,left,bad,-5,85.4886
p41-plant-0004/004,brics-odroid-010_cam1,88,left,bad,-4,100.7531
p41-plant-0004/004,brics-odroid-010_cam1,88,left,bad,-3,100.0981
p41-plant-0004/004,brics-odroid-010_cam1,88,left,bad,-2,99.7086
p41-plant-0004/004,brics-odroid-010_cam1,88,left,bad,-1,98.0332
p41-plant-0004/004,brics-odroid-010_cam1,88,left,bad,0,90.1287
p41-plant-0004/004,brics-odroid-010_cam1,88,left,bad,1,91.3029
p41-plant-0004/004,brics-odroid-010_cam1,88,left,bad,2,99.4866
p41-plant-0004/004,brics-odroid-010_cam1,88,left,bad,3,103.0684
p41-plant-0004/004,brics-odroid-010_cam1,88,left,bad,4,99.8693
p41-plant-0004/004,brics-odroid-010_cam1,88,left,bad,5,99.705
p36-tea-0010/010,brics-odroid-001_cam1,153,right,bad,-5,78.3559
p36-tea-0010/010,brics-odroid-001_cam1,153,right,bad,-4,78.9333
p36-tea-0010/010,brics-odroid-001_cam1,153,right,bad,-3,78.8854
p36-tea-0010/010,brics-odroid-001_cam1,153,right,bad,-2,78.6141
p36-tea-0010/010,brics-odroid-001_cam1,153,right,bad,-1,78.2821
p36-tea-0010/010,brics-odroid-001_cam1,153,right,bad,0,78.2343
p36-tea-0010/010,brics-odroid-001_cam1,153,right,bad,1,77.3777
p36-tea-0010/010,brics-odroid-001_cam1,153,right,bad,2,77.1767
p36-tea-0010/010,brics-odroid-001_cam1,153,right,bad,3,76.3342
p36-tea-0010/010,brics-odroid-001_cam1,153,right,bad,4,77.7299
p36-tea-0010/010,brics-odroid-001_cam1,153,right,bad,5,77.4111
p52-instrument-0034/034,brics-odroid-028_cam0,108,left,bad,-5,389.0974
p52-instrument-0034/034,brics-odroid-028_cam0,108,left,bad,-4,390.1811
p52-instrument-0034/034,brics-odroid-028_cam0,108,left,bad,-3,390.4686
p52-instrument-0034/034,brics-odroid-028_cam0,108,left,bad,-2,390.1404
p52-instrument-0034/034,brics-odroid-028_cam0,108,left,bad,-1,390.5951
p52-instrument-0034/034,brics-odroid-028_cam0,108,left,bad,0,389.9235
p52-instrument-0034/034,brics-odroid-028_cam0,108,left,bad,1,390.3827
p52-instrument-0034/034,brics-odroid-028_cam0,108,left,bad,2,390.1766
p52-instrument-0034/034,brics-odroid-028_cam0,108,left,bad,3,390.2975
p52-instrument-0034/034,brics-odroid-028_cam0,108,left,bad,4,390.5132
p52-instrument-0034/034,brics-odroid-028_cam0,108,left,bad,5,390.3774
p44-dog-0004/004,brics-odroid-029_cam0,272,right,bad,-5,223.6876
p44-dog-0004/004,brics-odroid-029_cam0,272,right,bad,-4,223.5234
p44-dog-0004/004,brics-odroid-029_cam0,272,right,bad,-3,223.9429
p44-dog-0004/004,brics-odroid-029_cam0,272,right,bad,-2,223.6257
p44-dog-0004/004,brics-odroid-029_cam0,272,right,bad,-1,224.5825
p44-dog-0004/004,brics-odroid-029_cam0,272,right,bad,0,224.5937
p44-dog-0004/004,brics-odroid-029_cam0,272,right,bad,1,224.2504
p44-dog-0004/004,brics-odroid-029_cam0,272,right,bad,2,225.2957
p44-dog-0004/004,brics-odroid-029_cam0,272,right,bad,3,224.6528
p44-dog-0004/004,brics-odroid-029_cam0,272,right,bad,4,224.3724
p44-dog-0004/004,brics-odroid-029_cam0,272,right,bad,5,223.8588
p41-boxing-0021/021,brics-odroid-016_cam0,270,right,bad,-5,171.8429
p41-boxing-0021/021,brics-odroid-016_cam0,270,right,bad,-4,200.8815
p41-boxing-0021/021,brics-odroid-016_cam0,270,right,bad,-3,194.6458
p41-boxing-0021/021,brics-odroid-016_cam0,270,right,bad,-2,176.2708
p41-boxing-0021/021,brics-odroid-016_cam0,270,right,bad,-1,154.3979
p41-boxing-0021/021,brics-odroid-016_cam0,270,right,bad,0,141.0606
p41-boxing-0021/021,brics-odroid-016_cam0,270,right,bad,1,144.1198
p41-boxing-0021/021,brics-odroid-016_cam0,270,right,bad,2,144.7608
p41-boxing-0021/021,brics-odroid-016_cam0,270,right,bad,3,141.7778
p41-boxing-0021/021,brics-odroid-016_cam0,270,right,bad,4,133.5105
p41-boxing-0021/021,brics-odroid-016_cam0,270,right,bad,5,127.1022
p52-instrument-0034/034,brics-odroid-014_cam1,0,left,bad,0,342.9947
p52-instrument-0034/034,brics-odroid-014_cam1,0,left,bad,1,343.2412
p52-instrument-0034/034,brics-odroid-014_cam1,0,left,bad,2,343.5623
p52-instrument-0034/034,brics-odroid-014_cam1,0,left,bad,3,342.8071
p52-instrument-0034/034,brics-odroid-014_cam1,0,left,bad,4,343.4561
p52-instrument-0034/034,brics-odroid-014_cam1,0,left,bad,5,343.0797
p52-instrument-0034/034,brics-odroid-026_cam1,42,left,bad,-5,354.7519
p52-instrument-0034/034,brics-odroid-026_cam1,42,left,bad,-4,351.0366
p52-instrument-0034/034,brics-odroid-026_cam1,42,left,bad,-3,351.9664
p52-instrument-0034/034,brics-odroid-026_cam1,42,left,bad,-2,351.64
p52-instrument-0034/034,brics-odroid-026_cam1,42,left,bad,-1,351.3924
p52-instrument-0034/034,brics-odroid-026_cam1,42,left,bad,0,350.8156
p52-instrument-0034/034,brics-odroid-026_cam1,42,left,bad,1,350.7599
p52-instrument-0034/034,brics-odroid-026_cam1,42,left,bad,2,350.3578
p52-instrument-0034/034,brics-odroid-026_cam1,42,left,bad,3,351.6849
p52-instrument-0034/034,brics-odroid-026_cam1,42,left,bad,4,351.1958
p52-instrument-0034/034,brics-odroid-026_cam1,42,left,bad,5,350.9552
p52-instrument-0034/034,brics-odroid-020_cam1,84,right,bad,-5,329.6033
p52-instrument-0034/034,brics-odroid-020_cam1,84,right,bad,-4,330.1955
p52-instrument-0034/034,brics-odroid-020_cam1,84,right,bad,-3,329.8565
p52-instrument-0034/034,brics-odroid-020_cam1,84,right,bad,-2,330.6391
p52-instrument-0034/034,brics-odroid-020_cam1,84,right,bad,-1,330.7568
p52-instrument-0034/034,brics-odroid-020_cam1,84,right,bad,0,330.6752
p52-instrument-0034/034,brics-odroid-020_cam1,84,right,bad,1,331.2658
p52-instrument-0034/034,brics-odroid-020_cam1,84,right,bad,2,331.2247
p52-instrument-0034/034,brics-odroid-020_cam1,84,right,bad,3,331.9078
p52-instrument-0034/034,brics-odroid-020_cam1,84,right,bad,4,333.339
p52-instrument-0034/034,brics-odroid-020_cam1,84,right,bad,5,334.0444
p36-tea-0010/010,brics-odroid-028_cam0,269,right,bad,-5,287.0547
p36-tea-0010/010,brics-odroid-028_cam0,269,right,bad,-4,287.8072
p36-tea-0010/010,brics-odroid-028_cam0,269,right,bad,-3,290.0732
p36-tea-0010/010,brics-odroid-028_cam0,269,right,bad,-2,290.1035
p36-tea-0010/010,brics-odroid-028_cam0,269,right,bad,-1,292.0848
p36-tea-0010/010,brics-odroid-028_cam0,269,right,bad,0,294.9749
p36-tea-0010/010,brics-odroid-028_cam0,269,right,bad,1,298.7427
p36-tea-0010/010,brics-odroid-028_cam0,269,right,bad,2,300.1059
p36-tea-0010/010,brics-odroid-028_cam0,269,right,bad,3,299.7801
p36-tea-0010/010,brics-odroid-028_cam0,269,right,bad,4,298.7909
p36-tea-0010/010,brics-odroid-028_cam0,269,right,bad,5,298.0058
p41-plant-0004/004,brics-odroid-022_cam0,24,right,bad,-5,70.7746
p41-plant-0004/004,brics-odroid-022_cam0,24,right,bad,-4,75.4392
p41-plant-0004/004,brics-odroid-022_cam0,24,right,bad,-3,71.9755
p41-plant-0004/004,brics-odroid-022_cam0,24,right,bad,-2,71.2945
p41-plant-0004/004,brics-odroid-022_cam0,24,right,bad,-1,75.656
p41-plant-0004/004,brics-odroid-022_cam0,24,right,bad,0,74.831
p41-plant-0004/004,brics-odroid-022_cam0,24,right,bad,1,71.8423
p41-plant-0004/004,brics-odroid-022_cam0,24,right,bad,2,66.7414
p41-plant-0004/004,brics-odroid-022_cam0,24,right,bad,3,73.1576
p41-plant-0004/004,brics-odroid-022_cam0,24,right,bad,4,75.002
p41-plant-0004/004,brics-odroid-022_cam0,24,right,bad,5,69.9703
p41-boxing-0021/021,brics-odroid-027_cam0,270,left,bad,-5,235.8122
p41-boxing-0021/021,brics-odroid-027_cam0,270,left,bad,-4,236.6436
p41-boxing-0021/021,brics-odroid-027_cam0,270,left,bad,-3,230.7952
p41-boxing-0021/021,brics-odroid-027_cam0,270,left,bad,-2,217.3619
p41-boxing-0021/021,brics-odroid-027_cam0,270,left,bad,-1,195.5806
p41-boxing-0021/021,brics-odroid-027_cam0,270,left,bad,0,168.8008
p41-boxing-0021/021,brics-odroid-027_cam0,270,left,bad,1,130.3349
p41-boxing-0021/021,brics-odroid-027_cam0,270,left,bad,2,83.0706
p41-boxing-0021/021,brics-odroid-027_cam0,270,left,bad,3,55.9272
p41-boxing-0021/021,brics-odroid-027_cam0,270,left,bad,4,62.975
p41-boxing-0021/021,brics-odroid-027_cam0,270,left,bad,5,108.5759
p44-dog-0004/004,brics-odroid-027_cam0,192,right,bad,-5,140.7137
p44-dog-0004/004,brics-odroid-027_cam0,192,right,bad,-4,141.3109
p44-dog-0004/004,brics-odroid-027_cam0,192,right,bad,-3,139.2707
p44-dog-0004/004,brics-odroid-027_cam0,192,right,bad,-2,139.5247
p44-dog-0004/004,brics-odroid-027_cam0,192,right,bad,-1,138.1733
p44-dog-0004/004,brics-odroid-027_cam0,192,right,bad,0,137.8924
p44-dog-0004/004,brics-odroid-027_cam0,192,right,bad,1,135.9718
p44-dog-0004/004,brics-odroid-027_cam0,192,right,bad,2,136.7637
p44-dog-0004/004,brics-odroid-027_cam0,192,right,bad,3,137.7024
p44-dog-0004/004,brics-odroid-027_cam0,192,right,bad,4,137.3097
p44-dog-0004/004,brics-odroid-027_cam0,192,right,bad,5,138.4024
p36-tea-0010/010,brics-odroid-027_cam1,68,left,bad,-5,217.1555
p36-tea-0010/010,brics-odroid-027_cam1,68,left,bad,-4,223.8206
p36-tea-0010/010,brics-odroid-027_cam1,68,left,bad,-3,227.301
p36-tea-0010/010,brics-odroid-027_cam1,68,left,bad,-2,229.1609
p36-tea-0010/010,brics-odroid-027_cam1,68,left,bad,-1,232.3496
p36-tea-0010/010,brics-odroid-027_cam1,68,left,bad,0,232.5537
p36-tea-0010/010,brics-odroid-027_cam1,68,left,bad,1,231.7008
p36-tea-0010/010,brics-odroid-027_cam1,68,left,bad,2,229.1473
p36-tea-0010/010,brics-odroid-027_cam1,68,left,bad,3,230.1419
p36-tea-0010/010,brics-odroid-027_cam1,68,left,bad,4,228.3661
p36-tea-0010/010,brics-odroid-027_cam1,68,left,bad,5,229.4427
p52-instrument-0034/034,brics-odroid-027_cam0,66,right,bad,-5,293.4028
p52-instrument-0034/034,brics-odroid-027_cam0,66,right,bad,-4,289.1093
p52-instrument-0034/034,brics-odroid-027_cam0,66,right,bad,-3,288.0798
p52-instrument-0034/034,brics-odroid-027_cam0,66,right,bad,-2,289.7923
p52-instrument-0034/034,brics-odroid-027_cam0,66,right,bad,-1,293.8963
p52-instrument-0034/034,brics-odroid-027_cam0,66,right,bad,0,297.1715
p52-instrument-0034/034,brics-odroid-027_cam0,66,right,bad,1,301.6741
p52-instrument-0034/034,brics-odroid-027_cam0,66,right,bad,2,306.034
p52-instrument-0034/034,brics-odroid-027_cam0,66,right,bad,3,312.958
p52-instrument-0034/034,brics-odroid-027_cam0,66,right,bad,4,322.4589
p52-instrument-0034/034,brics-odroid-027_cam0,66,right,bad,5,331.4572
p52-instrument-0034/034,brics-odroid-026_cam0,6,left,bad,-5,293.6925
p52-instrument-0034/034,brics-odroid-026_cam0,6,left,bad,-4,293.8318
p52-instrument-0034/034,brics-odroid-026_cam0,6,left,bad,-3,294.3498
p52-instrument-0034/034,brics-odroid-026_cam0,6,left,bad,-2,293.9343
p52-instrument-0034/034,brics-odroid-026_cam0,6,left,bad,-1,294.1942
p52-instrument-0034/034,brics-odroid-026_cam0,6,left,bad,0,293.3189
p52-instrument-0034/034,brics-odroid-026_cam0,6,left,bad,1,293.6081
p52-instrument-0034/034,brics-odroid-026_cam0,6,left,bad,2,294.0219
p52-instrument-0034/034,brics-odroid-026_cam0,6,left,bad,3,294.7605
p52-instrument-0034/034,brics-odroid-026_cam0,6,left,bad,4,294.3513
p52-instrument-0034/034,brics-odroid-026_cam0,6,left,bad,5,293.8844
p36-tea-0010/010,brics-odroid-012_cam0,218,right,bad,-5,161.762
p36-tea-0010/010,brics-odroid-012_cam0,218,right,bad,-4,161.762
p36-tea-0010/010,brics-odroid-012_cam0,218,right,bad,-3,161.762
p36-tea-0010/010,brics-odroid-012_cam0,218,right,bad,-2,193.4671
p36-tea-0010/010,brics-odroid-012_cam0,218,right,bad,-1,161.762
p36-tea-0010/010,brics-odroid-012_cam0,218,right,bad,0,195.9511
p36-tea-0010/010,brics-odroid-012_cam0,218,right,bad,1,196.6451
p36-tea-0010/010,brics-odroid-012_cam0,218,right,bad,2,198.9205
p36-tea-0010/010,brics-odroid-012_cam0,218,right,bad,3,200.8619
p36-tea-0010/010,brics-odroid-012_cam0,218,right,bad,4,203.4182
p36-tea-0010/010,brics-odroid-012_cam0,218,right,bad,5,205.8306
p36-tea-0010/010,brics-odroid-026_cam0,320,right,bad,-5,242.6562
p36-tea-0010/010,brics-odroid-026_cam0,320,right,bad,-4,242.5612
p36-tea-0010/010,brics-odroid-026_cam0,320,right,bad,-3,242.6101
p36-tea-0010/010,brics-odroid-026_cam0,320,right,bad,-2,242.2227
p36-tea-0010/010,brics-odroid-026_cam0,320,right,bad,-1,240.4196
p36-tea-0010/010,brics-odroid-026_cam0,320,right,bad,0,241.4968
p36-tea-0010/010,brics-odroid-026_cam0,320,right,bad,1,241.3852
p36-tea-0010/010,brics-odroid-026_cam0,320,right,bad,2,241.4355
p36-tea-0010/010,brics-odroid-026_cam0,320,right,bad,3,240.8399
p36-tea-0010/010,brics-odroid-026_cam0,320,right,bad,4,240.4761
p36-tea-0010/010,brics-odroid-026_cam0,320,right,bad,5,239.8923
p41-plant-0004/004,brics-odroid-020_cam1,24,right,bad,-5,77.491
p41-plant-0004/004,brics-odroid-020_cam1,24,right,bad,-4,81.9309
p41-plant-0004/004,brics-odroid-020_cam1,24,right,bad,-3,84.1437
p41-plant-0004/004,brics-odroid-020_cam1,24,right,bad,-2,87.071
p41-plant-0004/004,brics-odroid-020_cam1,24,right,bad,-1,89.9685
p41-plant-0004/004,brics-odroid-020_cam1,24,right,bad,0,90.275
p41-plant-0004/004,brics-odroid-020_cam1,24,right,bad,1,85.0674
p41-plant-0004/004,brics-odroid-020_cam1,24,right,bad,2,79.9064
p41-plant-0004/004,brics-odroid-020_cam1,24,right,bad,3,78.0769
p41-plant-0004/004,brics-odroid-020_cam1,24,right,bad,4,80.9144
p41-plant-0004/004,brics-odroid-020_cam1,24,right,bad,5,86.0018
p36-tea-0010/010,brics-odroid-029_cam1,51,left,bad,-5,123.6808
p36-tea-0010/010,brics-odroid-029_cam1,51,left,bad,-4,121.638
p36-tea-0010/010,brics-odroid-029_cam1,51,left,bad,-3,111.5102
p36-tea-0010/010,brics-odroid-029_cam1,51,left,bad,-2,97.1472
p36-tea-0010/010,brics-odroid-029_cam1,51,left,bad,-1,85.0344
p36-tea-0010/010,brics-odroid-029_cam1,51,left,bad,0,79.4432
p36-tea-0010/010,brics-odroid-029_cam1,51,left,bad,1,73.8289
p36-tea-0010/010,brics-odroid-029_cam1,51,left,bad,2,70.6794
p36-tea-0010/010,brics-odroid-029_cam1,51,left,bad,3,73.5493
p36-tea-0010/010,brics-odroid-029_cam1,51,left,bad,4,75.2039
p36-tea-0010/010,brics-odroid-029_cam1,51,left,bad,5,78.7324
p41-boxing-0021/021,brics-odroid-026_cam0,162,left,bad,-5,278.6227
p41-boxing-0021/021,brics-odroid-026_cam0,162,left,bad,-4,291.1302
p41-boxing-0021/021,brics-odroid-026_cam0,162,left,bad,-3,301.269
p41-boxing-0021/021,brics-odroid-026_cam0,162,left,bad,-2,307.3405
p41-boxing-0021/021,brics-odroid-026_cam0,162,left,bad,-1,312.837
p41-boxing-0021/021,brics-odroid-026_cam0,162,left,bad,0,317.4776
p41-boxing-0021/021,brics-odroid-026_cam0,162,left,bad,1,314.998
p41-boxing-0021/021,brics-odroid-026_cam0,162,left,bad,2,311.3918
p41-boxing-0021/021,brics-odroid-026_cam0,162,left,bad,3,302.2309
p41-boxing-0021/021,brics-odroid-026_cam0,162,left,bad,4,292.4767
p41-boxing-0021/021,brics-odroid-026_cam0,162,left,bad,5,287.7422
p41-boxing-0021/021,brics-odroid-026_cam0,18,left,bad,-5,176.0489
p41-boxing-0021/021,brics-odroid-026_cam0,18,left,bad,-4,171.2544
p41-boxing-0021/021,brics-odroid-026_cam0,18,left,bad,-3,166.1214
p41-boxing-0021/021,brics-odroid-026_cam0,18,left,bad,-2,159.939
p41-boxing-0021/021,brics-odroid-026_cam0,18,left,bad,-1,150.0031
p41-boxing-0021/021,brics-odroid-026_cam0,18,left,bad,0,138.0527
p41-boxing-0021/021,brics-odroid-026_cam0,18,left,bad,1,127.9885
p41-boxing-0021/021,brics-odroid-026_cam0,18,left,bad,2,129.555
p41-boxing-0021/021,brics-odroid-026_cam0,18,left,bad,3,161.6292
p41-boxing-0021/021,brics-odroid-026_cam0,18,left,bad,4,222.4557
p41-boxing-0021/021,brics-odroid-026_cam0,18,left,bad,5,272.5217
p41-boxing-0021/021,brics-odroid-029_cam0,198,left,bad,-5,133.8923
p41-boxing-0021/021,brics-odroid-029_cam0,198,left,bad,-4,110.0623
p41-boxing-0021/021,brics-odroid-029_cam0,198,left,bad,-3,126.2171
p41-boxing-0021/021,brics-odroid-029_cam0,198,left,bad,-2,145.7929
p41-boxing-0021/021,brics-odroid-029_cam0,198,left,bad,-1,154.9846
p41-boxing-0021/021,brics-odroid-029_cam0,198,left,bad,0,161.6644
p41-boxing-0021/021,brics-odroid-029_cam0,198,left,bad,1,166.3253
p41-boxing-0021/021,brics-odroid-029_cam0,198,left,bad,2,169.5059
p41-boxing-0021/021,brics-odroid-029_cam0,198,left,bad,3,177.1221
p41-boxing-0021/021,brics-odroid-029_cam0,198,left,bad,4,181.2154
p41-boxing-0021/021,brics-odroid-029_cam0,198,left,bad,5,184.9583
p52-instrument-0034/034,brics-odroid-029_cam0,114,left,bad,-5,417.742
p52-instrument-0034/034,brics-odroid-029_cam0,114,left,bad,-4,417.3208
p52-instrument-0034/034,brics-odroid-029_cam0,114,left,bad,-3,417.7009
p52-instrument-0034/034,brics-odroid-029_cam0,114,left,bad,-2,416.9451
p52-instrument-0034/034,brics-odroid-029_cam0,114,left,bad,-1,417.2536
p52-instrument-0034/034,brics-odroid-029_cam0,114,left,bad,0,417.0642
p52-instrument-0034/034,brics-odroid-029_cam0,114,left,bad,1,415.7724
p52-instrument-0034/034,brics-odroid-029_cam0,114,left,bad,2,417.5365
p52-instrument-0034/034,brics-odroid-029_cam0,114,left,bad,3,417.6673
p52-instrument-0034/034,brics-odroid-029_cam0,114,left,bad,4,418.7562
p52-instrument-0034/034,brics-odroid-029_cam0,114,left,bad,5,416.6896
p36-tea-0010/010,brics-odroid-020_cam0,17,right,bad,-5,685.034
p36-tea-0010/010,brics-odroid-020_cam0,17,right,bad,-4,685.9193
p36-tea-0010/010,brics-odroid-020_cam0,17,right,bad,-3,687.5686
p36-tea-0010/010,brics-odroid-020_cam0,17,right,bad,-2,691.0085
p36-tea-0010/010,brics-odroid-020_cam0,17,right,bad,-1,698.0146
p36-tea-0010/010,brics-odroid-020_cam0,17,right,bad,0,708.6933
p36-tea-0010/010,brics-odroid-020_cam0,17,right,bad,1,721.0925
p36-tea-0010/010,brics-odroid-020_cam0,17,right,bad,2,737.5188
p36-tea-0010/010,brics-odroid-020_cam0,17,right,bad,3,754.4701
p36-tea-0010/010,brics-odroid-020_cam0,17,right,bad,4,771.775
p36-tea-0010/010,brics-odroid-020_cam0,17,right,bad,5,789.3881
p44-dog-0004/004,brics-odroid-020_cam0,48,right,bad,-5,263.0974
p44-dog-0004/004,brics-odroid-020_cam0,48,right,bad,-4,262.7412
p44-dog-0004/004,brics-odroid-020_cam0,48,right,bad,-3,262.3641
p44-dog-0004/004,brics-odroid-020_cam0,48,right,bad,-2,261.9558
p44-dog-0004/004,brics-odroid-020_cam0,48,right,bad,-1,263.0673
p44-dog-0004/004,brics-odroid-020_cam0,48,right,bad,0,261.5369
p44-dog-0004/004,brics-odroid-020_cam0,48,right,bad,1,262.4879
p44-dog-0004/004,brics-odroid-020_cam0,48,right,bad,2,262.2767
p44-dog-0004/004,brics-odroid-020_cam0,48,right,bad,3,262.658
p44-dog-0004/004,brics-odroid-020_cam0,48,right,bad,4,261.4586
p44-dog-0004/004,brics-odroid-020_cam0,48,right,bad,5,260.6081
p52-instrument-0034/034,brics-odroid-027_cam1,6,left,bad,-5,363.5689
p52-instrument-0034/034,brics-odroid-027_cam1,6,left,bad,-4,363.6011
p52-instrument-0034/034,brics-odroid-027_cam1,6,left,bad,-3,364.1421
p52-instrument-0034/034,brics-odroid-027_cam1,6,left,bad,-2,363.7611
p52-instrument-0034/034,brics-odroid-027_cam1,6,left,bad,-1,364.2664
p52-instrument-0034/034,brics-odroid-027_cam1,6,left,bad,0,364.2012
p52-instrument-0034/034,brics-odroid-027_cam1,6,left,bad,1,364.1805
p52-instrument-0034/034,brics-odroid-027_cam1,6,left,bad,2,363.8896
p52-instrument-0034/034,brics-odroid-027_cam1,6,left,bad,3,363.5951
p52-instrument-0034/034,brics-odroid-027_cam1,6,left,bad,4,364.5662
p52-instrument-0034/034,brics-odroid-027_cam1,6,left,bad,5,365.3211
p41-boxing-0021/021,brics-odroid-029_cam1,234,left,bad,-5,465.0297
p41-boxing-0021/021,brics-odroid-029_cam1,234,left,bad,-4,450.241
p41-boxing-0021/021,brics-odroid-029_cam1,234,left,bad,-3,424.8634
p41-boxing-0021/021,brics-odroid-029_cam1,234,left,bad,-2,391.8155
p41-boxing-0021/021,brics-odroid-029_cam1,234,left,bad,-1,370.842
p41-boxing-0021/021,brics-odroid-029_cam1,234,left,bad,0,352.1877
p41-boxing-0021/021,brics-odroid-029_cam1,234,left,bad,1,336.6429
p41-boxing-0021/021,brics-odroid-029_cam1,234,left,bad,2,315.5915
p41-boxing-0021/021,brics-odroid-029_cam1,234,left,bad,3,295.9761
p41-boxing-0021/021,brics-odroid-029_cam1,234,left,bad,4,280.9434
p41-boxing-0021/021,brics-odroid-029_cam1,234,left,bad,5,273.406
p52-instrument-0034/034,brics-odroid-014_cam1,48,right,bad,-5,307.201
p52-instrument-0034/034,brics-odroid-014_cam1,48,right,bad,-4,304.3983
p52-instrument-0034/034,brics-odroid-014_cam1,48,right,bad,-3,302.8826
p52-instrument-0034/034,brics-odroid-014_cam1,48,right,bad,-2,302.6872
p52-instrument-0034/034,brics-odroid-014_cam1,48,right,bad,-1,305.2325
p52-instrument-0034/034,brics-odroid-014_cam1,48,right,bad,0,309.7633
p52-instrument-0034/034,brics-odroid-014_cam1,48,right,bad,1,315.8308
p52-instrument-0034/034,brics-odroid-014_cam1,48,right,bad,2,323.3849
p52-instrument-0034/034,brics-odroid-014_cam1,48,right,bad,3,333.6237
p52-instrument-0034/034,brics-odroid-014_cam1,48,right,bad,4,343.9664
p52-instrument-0034/034,brics-odroid-014_cam1,48,right,bad,5,351.9233
p52-instrument-0034/034,brics-odroid-026_cam1,90,left,bad,-5,362.9359
p52-instrument-0034/034,brics-odroid-026_cam1,90,left,bad,-4,362.6842
p52-instrument-0034/034,brics-odroid-026_cam1,90,left,bad,-3,363.242
p52-instrument-0034/034,brics-odroid-026_cam1,90,left,bad,-2,363.2627
p52-instrument-0034/034,brics-odroid-026_cam1,90,left,bad,-1,363.6104
p52-instrument-0034/034,brics-odroid-026_cam1,90,left,bad,0,363.3537
p52-instrument-0034/034,brics-odroid-026_cam1,90,left,bad,1,363.279
p52-instrument-0034/034,brics-odroid-026_cam1,90,left,bad,2,363.024
p52-instrument-0034/034,brics-odroid-026_cam1,90,left,bad,3,362.8724
p52-instrument-0034/034,brics-odroid-026_cam1,90,left,bad,4,362.9758
p52-instrument-0034/034,brics-odroid-026_cam1,90,left,bad,5,363.4681
p41-boxing-0021/021,brics-odroid-021_cam1,36,right,bad,-5,99.6011
p41-boxing-0021/021,brics-odroid-021_cam1,36,right,bad,-4,105.3978
p41-boxing-0021/021,brics-odroid-021_cam1,36,right,bad,-3,112.9978
p41-boxing-0021/021,brics-odroid-021_cam1,36,right,bad,-2,117.9301
p41-boxing-0021/021,brics-odroid-021_cam1,36,right,bad,-1,121.2681
p41-boxing-0021/021,brics-odroid-021_cam1,36,right,bad,0,122.2598
p41-boxing-0021/021,brics-odroid-021_cam1,36,right,bad,1,122.6254
p41-boxing-0021/021,brics-odroid-021_cam1,36,right,bad,2,121.7107
p41-boxing-0021/021,brics-odroid-021_cam1,36,right,bad,3,120.8441
p41-boxing-0021/021,brics-odroid-021_cam1,36,right,bad,4,119.2913
p41-boxing-0021/021,brics-odroid-021_cam1,36,right,bad,5,118.7133
p41-boxing-0021/021,brics-odroid-016_cam0,270,left,bad,-5,150.048
p41-boxing-0021/021,brics-odroid-016_cam0,270,left,bad,-4,150.2998
p41-boxing-0021/021,brics-odroid-016_cam0,270,left,bad,-3,150.6843
p41-boxing-0021/021,brics-odroid-016_cam0,270,left,bad,-2,150.0547
p41-boxing-0021/021,brics-odroid-016_cam0,270,left,bad,-1,146.7668
p41-boxing-0021/021,brics-odroid-016_cam0,270,left,bad,0,145.1215
p41-boxing-0021/021,brics-odroid-016_cam0,270,left,bad,1,153.0301
p41-boxing-0021/021,brics-odroid-016_cam0,270,left,bad,2,168.2161
p41-boxing-0021/021,brics-odroid-016_cam0,270,left,bad,3,190.9322
p41-boxing-0021/021,brics-odroid-016_cam0,270,left,bad,4,222.9081
p41-boxing-0021/021,brics-odroid-016_cam0,270,left,bad,5,252.9607
p52-instrument-0034/034,brics-odroid-026_cam0,36,left,bad,-5,325.0582
p52-instrument-0034/034,brics-odroid-026_cam0,36,left,bad,-4,324.7732
p52-instrument-0034/034,brics-odroid-026_cam0,36,left,bad,-3,326.6869
p52-instrument-0034/034,brics-odroid-026_cam0,36,left,bad,-2,327.2859
p52-instrument-0034/034,brics-odroid-026_cam0,36,left,bad,-1,327.8739
p52-instrument-0034/034,brics-odroid-026_cam0,36,left,bad,0,327.0296
p52-instrument-0034/034,brics-odroid-026_cam0,36,left,bad,1,327.5759
p52-instrument-0034/034,brics-odroid-026_cam0,36,left,bad,2,326.7874
p52-instrument-0034/034,brics-odroid-026_cam0,36,left,bad,3,326.4991
p52-instrument-0034/034,brics-odroid-026_cam0,36,left,bad,4,324.8693
p52-instrument-0034/034,brics-odroid-026_cam0,36,left,bad,5,324.7662
p44-dog-0004/004,brics-odroid-029_cam0,16,right,bad,-5,254.461
p44-dog-0004/004,brics-odroid-029_cam0,16,right,bad,-4,254.3444
p44-dog-0004/004,brics-odroid-029_cam0,16,right,bad,-3,254.4805
p44-dog-0004/004,brics-odroid-029_cam0,16,right,bad,-2,253.3678
p44-dog-0004/004,brics-odroid-029_cam0,16,right,bad,-1,256.2162
p44-dog-0004/004,brics-odroid-029_cam0,16,right,bad,0,260.2534
p44-dog-0004/004,brics-odroid-029_cam0,16,right,bad,1,262.9829
p44-dog-0004/004,brics-odroid-029_cam0,16,right,bad,2,262.6911
p44-dog-0004/004,brics-odroid-029_cam0,16,right,bad,3,264.6138
p44-dog-0004/004,brics-odroid-029_cam0,16,right,bad,4,263.654
p44-dog-0004/004,brics-odroid-029_cam0,16,right,bad,5,263.071
p52-instrument-0034/034,brics-odroid-027_cam1,42,left,bad,-5,377.3264
p52-instrument-0034/034,brics-odroid-027_cam1,42,left,bad,-4,375.0416
p52-instrument-0034/034,brics-odroid-027_cam1,42,left,bad,-3,375.4858
p52-instrument-0034/034,brics-odroid-027_cam1,42,left,bad,-2,375.3575
p52-instrument-0034/034,brics-odroid-027_cam1,42,left,bad,-1,375.2464
p52-instrument-0034/034,brics-odroid-027_cam1,42,left,bad,0,374.9583
p52-instrument-0034/034,brics-odroid-027_cam1,42,left,bad,1,374.4984
p52-instrument-0034/034,brics-odroid-027_cam1,42,left,bad,2,374.1826
p52-instrument-0034/034,brics-odroid-027_cam1,42,left,bad,3,376.0259
p52-instrument-0034/034,brics-odroid-027_cam1,42,left,bad,4,374.177
p52-instrument-0034/034,brics-odroid-027_cam1,42,left,bad,5,375.0363
p52-instrument-0034/034,brics-odroid-030_cam1,0,right,bad,0,531.137
p52-instrument-0034/034,brics-odroid-030_cam1,0,right,bad,1,530.9246
p52-instrument-0034/034,brics-odroid-030_cam1,0,right,bad,2,530.6495
p52-instrument-0034/034,brics-odroid-030_cam1,0,right,bad,3,528.0715
p52-instrument-0034/034,brics-odroid-030_cam1,0,right,bad,4,525.0864
p52-instrument-0034/034,brics-odroid-030_cam1,0,right,bad,5,521.2527
p44-dog-0004/004,brics-odroid-029_cam1,112,right,bad,-5,272.5179
p44-dog-0004/004,brics-odroid-029_cam1,112,right,bad,-4,272.0774
p44-dog-0004/004,brics-odroid-029_cam1,112,right,bad,-3,271.504
p44-dog-0004/004,brics-odroid-029_cam1,112,right,bad,-2,271.3688
p44-dog-0004/004,brics-odroid-029_cam1,112,right,bad,-1,270.7713
p44-dog-0004/004,brics-odroid-029_cam1,112,right,bad,0,270.9047
p44-dog-0004/004,brics-odroid-029_cam1,112,right,bad,1,272.8964
p44-dog-0004/004,brics-odroid-029_cam1,112,right,bad,2,272.2197
p44-dog-0004/004,brics-odroid-029_cam1,112,right,bad,3,272.5895
p44-dog-0004/004,brics-odroid-029_cam1,112,right,bad,4,271.7407
p44-dog-0004/004,brics-odroid-029_cam1,112,right,bad,5,273.3523
p36-tea-0010/010,brics-odroid-020_cam0,153,right,bad,-5,287.3266
p36-tea-0010/010,brics-odroid-020_cam0,153,right,bad,-4,287.0442
p36-tea-0010/010,brics-odroid-020_cam0,153,right,bad,-3,288.0916
p36-tea-0010/010,brics-odroid-020_cam0,153,right,bad,-2,287.8035
p36-tea-0010/010,brics-odroid-020_cam0,153,right,bad,-1,288.5474
p36-tea-0010/010,brics-odroid-020_cam0,153,right,bad,0,288.5623
p36-tea-0010/010,brics-odroid-020_cam0,153,right,bad,1,290.0132
p36-tea-0010/010,brics-odroid-020_cam0,153,right,bad,2,289.4548
p36-tea-0010/010,brics-odroid-020_cam0,153,right,bad,3,290.4805
p36-tea-0010/010,brics-odroid-020_cam0,153,right,bad,4,289.4956
p36-tea-0010/010,brics-odroid-020_cam0,153,right,bad,5,288.0472
p36-tea-0010/010,brics-odroid-030_cam1,85,left,bad,-5,298.1662
p36-tea-0010/010,brics-odroid-030_cam1,85,left,bad,-4,295.9378
p36-tea-0010/010,brics-odroid-030_cam1,85,left,bad,-3,294.0299
p36-tea-0010/010,brics-odroid-030_cam1,85,left,bad,-2,290.6913
p36-tea-0010/010,brics-odroid-030_cam1,85,left,bad,-1,285.9713
p36-tea-0010/010,brics-odroid-030_cam1,85,left,bad,0,287.1591
p36-tea-0010/010,brics-odroid-030_cam1,85,left,bad,1,286.9752
p36-tea-0010/010,brics-odroid-030_cam1,85,left,bad,2,287.9516
p36-tea-0010/010,brics-odroid-030_cam1,85,left,bad,3,285.9237
p36-tea-0010/010,brics-odroid-030_cam1,85,left,bad,4,292.9119
p36-tea-0010/010,brics-odroid-030_cam1,85,left,bad,5,292.9427
p36-tea-0010/010,brics-odroid-026_cam1,102,left,bad,-5,79.8561
p36-tea-0010/010,brics-odroid-026_cam1,102,left,bad,-4,81.4891
p36-tea-0010/010,brics-odroid-026_cam1,102,left,bad,-3,83.3505
p36-tea-0010/010,brics-odroid-026_cam1,102,left,bad,-2,85.5808
p36-tea-0010/010,brics-odroid-026_cam1,102,left,bad,-1,87.7995
p36-tea-0010/010,brics-odroid-026_cam1,102,left,bad,0,91.4353
p36-tea-0010/010,brics-odroid-026_cam1,102,left,bad,1,94.2542
p36-tea-0010/010,brics-odroid-026_cam1,102,left,bad,2,97.1596
p36-tea-0010/010,brics-odroid-026_cam1,102,left,bad,3,99.4429
p36-tea-0010/010,brics-odroid-026_cam1,102,left,bad,4,104.5209
p36-tea-0010/010,brics-odroid-026_cam1,102,left,bad,5,107.0184
p41-boxing-0021/021,brics-odroid-021_cam0,306,right,bad,-5,75.1701
p41-boxing-0021/021,brics-odroid-021_cam0,306,right,bad,-4,67.2818
p41-boxing-0021/021,brics-odroid-021_cam0,306,right,bad,-3,64.7196
p41-boxing-0021/021,brics-odroid-021_cam0,306,right,bad,-2,62.5475
p41-boxing-0021/021,brics-odroid-021_cam0,306,right,bad,-1,65.5384
p41-boxing-0021/021,brics-odroid-021_cam0,306,right,bad,0,75.8168
p41-boxing-0021/021,brics-odroid-021_cam0,306,right,bad,1,75.7187
p41-boxing-0021/021,brics-odroid-021_cam0,306,right,bad,2,73.6926
p41-boxing-0021/021,brics-odroid-021_cam0,306,right,bad,3,68.2449
p41-boxing-0021/021,brics-odroid-021_cam0,306,right,bad,4,61.6895
p41-boxing-0021/021,brics-odroid-021_cam0,306,right,bad,5,59.4485
p44-dog-0004/004,brics-odroid-028_cam0,64,left,bad,-5,147.4378
p44-dog-0004/004,brics-odroid-028_cam0,64,left,bad,-4,150.8542
p44-dog-0004/004,brics-odroid-028_cam0,64,left,bad,-3,146.4081
p44-dog-0004/004,brics-odroid-028_cam0,64,left,bad,-2,141.3625
p44-dog-0004/004,brics-odroid-028_cam0,64,left,bad,-1,137.8269
p44-dog-0004/004,brics-odroid-028_cam0,64,left,bad,0,129.6276
p44-dog-0004/004,brics-odroid-028_cam0,64,left,bad,1,124.3128
p44-dog-0004/004,brics-odroid-028_cam0,64,left,bad,2,128.7958
p44-dog-0004/004,brics-odroid-028_cam0,64,left,bad,3,123.1322
p44-dog-0004/004,brics-odroid-028_cam0,64,left,bad,4,132.1847
p44-dog-0004/004,brics-odroid-028_cam0,64,left,bad,5,137.7837
p41-boxing-0021/021,brics-odroid-027_cam1,252,left,bad,-5,66.6771
p41-boxing-0021/021,brics-odroid-027_cam1,252,left,bad,-4,43.4575
p41-boxing-0021/021,brics-odroid-027_cam1,252,left,bad,-3,74.8319
p41-boxing-0021/021,brics-odroid-027_cam1,252,left,bad,-2,78.2619
p41-boxing-0021/021,brics-odroid-027_cam1,252,left,bad,-1,77.0557
p41-boxing-0021/021,brics-odroid-027_cam1,252,left,bad,0,64.3999
p41-boxing-0021/021,brics-odroid-027_cam1,252,left,bad,1,38.7457
p41-boxing-0021/021,brics-odroid-027_cam1,252,left,bad,2,58.9209
p41-boxing-0021/021,brics-odroid-027_cam1,252,left,bad,3,96.1322
p41-boxing-0021/021,brics-odroid-027_cam1,252,left,bad,4,128.8288
p41-boxing-0021/021,brics-odroid-027_cam1,252,left,bad,5,152.8005
p52-instrument-0034/034,brics-odroid-027_cam0,42,left,bad,-5,312.9113
p52-instrument-0034/034,brics-odroid-027_cam0,42,left,bad,-4,312.6512
p52-instrument-0034/034,brics-odroid-027_cam0,42,left,bad,-3,312.3765
p52-instrument-0034/034,brics-odroid-027_cam0,42,left,bad,-2,312.7782
p52-instrument-0034/034,brics-odroid-027_cam0,42,left,bad,-1,313.3753
p52-instrument-0034/034,brics-odroid-027_cam0,42,left,bad,0,313.3107
p52-instrument-0034/034,brics-odroid-027_cam0,42,left,bad,1,313.1972
p52-instrument-0034/034,brics-odroid-027_cam0,42,left,bad,2,313.4393
p52-instrument-0034/034,brics-odroid-027_cam0,42,left,bad,3,313.0547
p52-instrument-0034/034,brics-odroid-027_cam0,42,left,bad,4,312.3624
p52-instrument-0034/034,brics-odroid-027_cam0,42,left,bad,5,311.9706
p41-boxing-0021/021,brics-odroid-016_cam0,216,right,bad,-5,146.6325
p41-boxing-0021/021,brics-odroid-016_cam0,216,right,bad,-4,140.1395
p41-boxing-0021/021,brics-odroid-016_cam0,216,right,bad,-3,135.0488
p41-boxing-0021/021,brics-odroid-016_cam0,216,right,bad,-2,132.2857
p41-boxing-0021/021,brics-odroid-016_cam0,216,right,bad,-1,126.6354
p41-boxing-0021/021,brics-odroid-016_cam0,216,right,bad,0,125.006
p41-boxing-0021/021,brics-odroid-016_cam0,216,right,bad,1,122.5573
p41-boxing-0021/021,brics-odroid-016_cam0,216,right,bad,2,121.296
p41-boxing-0021/021,brics-odroid-016_cam0,216,right,bad,3,120.9723
p41-boxing-0021/021,brics-odroid-016_cam0,216,right,bad,4,120.4836
p41-boxing-0021/021,brics-odroid-016_cam0,216,right,bad,5,120.6529
p44-dog-0004/004,brics-odroid-017_cam0,112,right,bad,-5,89.0027
p44-dog-0004/004,brics-odroid-017_cam0,112,right,bad,-4,89.3225
p44-dog-0004/004,brics-odroid-017_cam0,112,right,bad,-3,88.8995
p44-dog-0004/004,brics-odroid-017_cam0,112,right,bad,-2,88.5788
p44-dog-0004/004,brics-odroid-017_cam0,112,right,bad,-1,87.951
p44-dog-0004/004,brics-odroid-017_cam0,112,right,bad,0,88.6499
p44-dog-0004/004,brics-odroid-017_cam0,112,right,bad,1,87.5964
p44-dog-0004/004,brics-odroid-017_cam0,112,right,bad,2,88.8319
p44-dog-0004/004,brics-odroid-017_cam0,112,right,bad,3,88.6208
p44-dog-0004/004,brics-odroid-017_cam0,112,right,bad,4,89.4416
p44-dog-0004/004,brics-odroid-017_cam0,112,right,bad,5,89.1372
p41-boxing-0021/021,brics-odroid-001_cam1,216,left,bad,-5,213.5286
p41-boxing-0021/021,brics-odroid-001_cam1,216,left,bad,-4,214.6616
p41-boxing-0021/021,brics-odroid-001_cam1,216,left,bad,-3,213.6303
p41-boxing-0021/021,brics-odroid-001_cam1,216,left,bad,-2,211.7715
p41-boxing-0021/021,brics-odroid-001_cam1,216,left,bad,-1,207.8371
p41-boxing-0021/021,brics-odroid-001_cam1,216,left,bad,0,203.8267
p41-boxing-0021/021,brics-odroid-001_cam1,216,left,bad,1,199.4996
p41-boxing-0021/021,brics-odroid-001_cam1,216,left,bad,2,198.0459
p41-boxing-0021/021,brics-odroid-001_cam1,216,left,bad,3,195.6918
p41-boxing-0021/021,brics-odroid-001_cam1,216,left,bad,4,191.6657
p41-boxing-0021/021,brics-odroid-001_cam1,216,left,bad,5,182.955
p41-plant-0004/004,brics-odroid-010_cam1,32,left,bad,-5,120.4768
p41-plant-0004/004,brics-odroid-010_cam1,32,left,bad,-4,128.4237
p41-plant-0004/004,brics-odroid-010_cam1,32,left,bad,-3,113.7145
p41-plant-0004/004,brics-odroid-010_cam1,32,left,bad,-2,91.389
p41-plant-0004/004,brics-odroid-010_cam1,32,left,bad,-1,81.9661
p41-plant-0004/004,brics-odroid-010_cam1,32,left,bad,0,84.1272
p41-plant-0004/004,brics-odroid-010_cam1,32,left,bad,1,96.7508
p41-plant-0004/004,brics-odroid-010_cam1,32,left,bad,2,113.3147
p41-plant-0004/004,brics-odroid-010_cam1,32,left,bad,3,124.8698
p41-plant-0004/004,brics-odroid-010_cam1,32,left,bad,4,121.397
p41-plant-0004/004,brics-odroid-010_cam1,32,left,bad,5,107.4442
p52-instrument-0034/034,brics-odroid-027_cam1,72,right,bad,-5,361.9949
p52-instrument-0034/034,brics-odroid-027_cam1,72,right,bad,-4,366.7226
p52-instrument-0034/034,brics-odroid-027_cam1,72,right,bad,-3,374.8468
p52-instrument-0034/034,brics-odroid-027_cam1,72,right,bad,-2,384.8125
p52-instrument-0034/034,brics-odroid-027_cam1,72,right,bad,-1,389.1661
p52-instrument-0034/034,brics-odroid-027_cam1,72,right,bad,0,393.5249
p52-instrument-0034/034,brics-odroid-027_cam1,72,right,bad,1,396.764
p52-instrument-0034/034,brics-odroid-027_cam1,72,right,bad,2,402.3048
p52-instrument-0034/034,brics-odroid-027_cam1,72,right,bad,3,403.8553
p52-instrument-0034/034,brics-odroid-027_cam1,72,right,bad,4,403.052
p52-instrument-0034/034,brics-odroid-027_cam1,72,right,bad,5,401.8741
p36-tea-0010/010,brics-odroid-030_cam1,153,left,bad,-5,282.2484
p36-tea-0010/010,brics-odroid-030_cam1,153,left,bad,-4,284.8089
p36-tea-0010/010,brics-odroid-030_cam1,153,left,bad,-3,283.3905
p36-tea-0010/010,brics-odroid-030_cam1,153,left,bad,-2,281.5199
p36-tea-0010/010,brics-odroid-030_cam1,153,left,bad,-1,281.2458
p36-tea-0010/010,brics-odroid-030_cam1,153,left,bad,0,280.2261
p36-tea-0010/010,brics-odroid-030_cam1,153,left,bad,1,277.9774
p36-tea-0010/010,brics-odroid-030_cam1,153,left,bad,2,277.9875
p36-tea-0010/010,brics-odroid-030_cam1,153,left,bad,3,274.0166
p36-tea-0010/010,brics-odroid-030_cam1,153,left,bad,4,271.3544
p36-tea-0010/010,brics-odroid-030_cam1,153,left,bad,5,266.8463
p41-plant-0004/004,brics-odroid-020_cam1,104,right,bad,-5,66.0796
p41-plant-0004/004,brics-odroid-020_cam1,104,right,bad,-4,69.3901
p41-plant-0004/004,brics-odroid-020_cam1,104,right,bad,-3,71.8374
p41-plant-0004/004,brics-odroid-020_cam1,104,right,bad,-2,69.4389
p41-plant-0004/004,brics-odroid-020_cam1,104,right,bad,-1,64.8794
p41-plant-0004/004,brics-odroid-020_cam1,104,right,bad,0,60.6058
p41-plant-0004/004,brics-odroid-020_cam1,104,right,bad,1,63.1785
p41-plant-0004/004,brics-odroid-020_cam1,104,right,bad,2,66.781
p41-plant-0004/004,brics-odroid-020_cam1,104,right,bad,3,70.2048
p41-plant-0004/004,brics-odroid-020_cam1,104,right,bad,4,70.5742
p41-plant-0004/004,brics-odroid-020_cam1,104,right,bad,5,65.2084
p44-dog-0004/004,brics-odroid-009_cam1,48,left,bad,-5,85.3158
p44-dog-0004/004,brics-odroid-009_cam1,48,left,bad,-4,91.2601
p44-dog-0004/004,brics-odroid-009_cam1,48,left,bad,-3,95.7124
p44-dog-0004/004,brics-odroid-009_cam1,48,left,bad,-2,97.6441
p44-dog-0004/004,brics-odroid-009_cam1,48,left,bad,-1,96.7241
p44-dog-0004/004,brics-odroid-009_cam1,48,left,bad,0,92.6048
p44-dog-0004/004,brics-odroid-009_cam1,48,left,bad,1,87.7511
p44-dog-0004/004,brics-odroid-009_cam1,48,left,bad,2,78.5846
p44-dog-0004/004,brics-odroid-009_cam1,48,left,bad,3,83.2771
p44-dog-0004/004,brics-odroid-009_cam1,48,left,bad,4,86.597
p44-dog-0004/004,brics-odroid-009_cam1,48,left,bad,5,82.0435
p44-dog-0004/004,brics-odroid-030_cam0,272,right,bad,-5,296.4819
p44-dog-0004/004,brics-odroid-030_cam0,272,right,bad,-4,296.4329
p44-dog-0004/004,brics-odroid-030_cam0,272,right,bad,-3,295.9494
p44-dog-0004/004,brics-odroid-030_cam0,272,right,bad,-2,295.7267
p44-dog-0004/004,brics-odroid-030_cam0,272,right,bad,-1,294.9725
p44-dog-0004/004,brics-odroid-030_cam0,272,right,bad,0,295.6636
p44-dog-0004/004,brics-odroid-030_cam0,272,right,bad,1,295.4252
p44-dog-0004/004,brics-odroid-030_cam0,272,right,bad,2,293.9659
p44-dog-0004/004,brics-odroid-030_cam0,272,right,bad,3,295.6635
p44-dog-0004/004,brics-odroid-030_cam0,272,right,bad,4,294.3878
p44-dog-0004/004,brics-odroid-030_cam0,272,right,bad,5,293.5057
p44-dog-0004/004,brics-odroid-030_cam1,32,left,bad,-5,356.8263
p44-dog-0004/004,brics-odroid-030_cam1,32,left,bad,-4,361.0962
p44-dog-0004/004,brics-odroid-030_cam1,32,left,bad,-3,366.9679
p44-dog-0004/004,brics-odroid-030_cam1,32,left,bad,-2,382.3529
p44-dog-0004/004,brics-odroid-030_cam1,32,left,bad,-1,397.1215
p44-dog-0004/004,brics-odroid-030_cam1,32,left,bad,0,409.7113
p44-dog-0004/004,brics-odroid-030_cam1,32,left,bad,1,417.798
p44-dog-0004/004,brics-odroid-030_cam1,32,left,bad,2,418.3743
p44-dog-0004/004,brics-odroid-030_cam1,32,left,bad,3,418.5416
p44-dog-0004/004,brics-odroid-030_cam1,32,left,bad,4,410.8346
p44-dog-0004/004,brics-odroid-030_cam1,32,left,bad,5,403.1245
p44-dog-0004/004,brics-odroid-016_cam0,272,right,bad,-5,83.9263
p44-dog-0004/004,brics-odroid-016_cam0,272,right,bad,-4,82.5334
p44-dog-0004/004,brics-odroid-016_cam0,272,right,bad,-3,83.4071
p44-dog-0004/004,brics-odroid-016_cam0,272,right,bad,-2,82.6777
p44-dog-0004/004,brics-odroid-016_cam0,272,right,bad,-1,84.1094
p44-dog-0004/004,brics-odroid-016_cam0,272,right,bad,0,83.7697
p44-dog-0004/004,brics-odroid-016_cam0,272,right,bad,1,84.2193
p44-dog-0004/004,brics-odroid-016_cam0,272,right,bad,2,84.2415
p44-dog-0004/004,brics-odroid-016_cam0,272,right,bad,3,84.1559
p44-dog-0004/004,brics-odroid-016_cam0,272,right,bad,4,84.0957
p44-dog-0004/004,brics-odroid-016_cam0,272,right,bad,5,84.0902
p36-tea-0010/010,brics-odroid-026_cam0,34,left,bad,-5,227.4851
p36-tea-0010/010,brics-odroid-026_cam0,34,left,bad,-4,224.0029
p36-tea-0010/010,brics-odroid-026_cam0,34,left,bad,-3,219.7834
p36-tea-0010/010,brics-odroid-026_cam0,34,left,bad,-2,219.7249
p36-tea-0010/010,brics-odroid-026_cam0,34,left,bad,-1,219.1266
p36-tea-0010/010,brics-odroid-026_cam0,34,left,bad,0,219.5302
p36-tea-0010/010,brics-odroid-026_cam0,34,left,bad,1,220.0676
p36-tea-0010/010,brics-odroid-026_cam0,34,left,bad,2,222.0745
p36-tea-0010/010,brics-odroid-026_cam0,34,left,bad,3,224.716
p36-tea-0010/010,brics-odroid-026_cam0,34,left,bad,4,227.4292
p36-tea-0010/010,brics-odroid-026_cam0,34,left,bad,5,230.4641
p44-dog-0004/004,brics-odroid-030_cam0,48,right,bad,-5,181.9913
p44-dog-0004/004,brics-odroid-030_cam0,48,right,bad,-4,184.0827
p44-dog-0004/004,brics-odroid-030_cam0,48,right,bad,-3,185.2984
p44-dog-0004/004,brics-odroid-030_cam0,48,right,bad,-2,198.0371
p44-dog-0004/004,brics-odroid-030_cam0,48,right,bad,-1,191.7173
p44-dog-0004/004,brics-odroid-030_cam0,48,right,bad,0,188.0483
p44-dog-0004/004,brics-odroid-030_cam0,48,right,bad,1,188.7654
p44-dog-0004/004,brics-odroid-030_cam0,48,right,bad,2,187.1898
p44-dog-0004/004,brics-odroid-030_cam0,48,right,bad,3,185.1835
p44-dog-0004/004,brics-odroid-030_cam0,48,right,bad,4,187.6967
p44-dog-0004/004,brics-odroid-030_cam0,48,right,bad,5,185.0965
p41-boxing-0021/021,brics-odroid-029_cam0,90,left,bad,-5,190.8644
p41-boxing-0021/021,brics-odroid-029_cam0,90,left,bad,-4,184.2975
p41-boxing-0021/021,brics-odroid-029_cam0,90,left,bad,-3,186.6051
p41-boxing-0021/021,brics-odroid-029_cam0,90,left,bad,-2,189.2305
p41-boxing-0021/021,brics-odroid-029_cam0,90,left,bad,-1,187.0696
p41-boxing-0021/021,brics-odroid-029_cam0,90,left,bad,0,180.3211
p41-boxing-0021/021,brics-odroid-029_cam0,90,left,bad,1,177.0873
p41-boxing-0021/021,brics-odroid-029_cam0,90,left,bad,2,175.1513
p41-boxing-0021/021,brics-odroid-029_cam0,90,left,bad,3,175.8432
p41-boxing-0021/021,brics-odroid-029_cam0,90,left,bad,4,172.9328
p41-boxing-0021/021,brics-odroid-029_cam0,90,left,bad,5,170.7422
p52-instrument-0034/034,brics-odroid-014_cam1,114,right,bad,-5,350.0052
p52-instrument-0034/034,brics-odroid-014_cam1,114,right,bad,-4,349.9646
p52-instrument-0034/034,brics-odroid-014_cam1,114,right,bad,-3,349.3896
p52-instrument-0034/034,brics-odroid-014_cam1,114,right,bad,-2,348.9145
p52-instrument-0034/034,brics-odroid-014_cam1,114,right,bad,-1,348.5991
p52-instrument-0034/034,brics-odroid-014_cam1,114,right,bad,0,347.9341
p52-instrument-0034/034,brics-odroid-014_cam1,114,right,bad,1,347.9435
p52-instrument-0034/034,brics-odroid-014_cam1,114,right,bad,2,347.6797
p52-instrument-0034/034,brics-odroid-014_cam1,114,right,bad,3,347.5826
p52-instrument-0034/034,brics-odroid-014_cam1,114,right,bad,4,347.3553
p52-instrument-0034/034,brics-odroid-014_cam1,114,right,bad,5,347.2061
p36-tea-0010/010,brics-odroid-020_cam1,269,right,bad,-5,209.6174
p36-tea-0010/010,brics-odroid-020_cam1,269,right,bad,-4,211.4963
p36-tea-0010/010,brics-odroid-020_cam1,269,right,bad,-3,215.0147
p36-tea-0010/010,brics-odroid-020_cam1,269,right,bad,-2,217.1091
p36-tea-0010/010,brics-odroid-020_cam1,269,right,bad,-1,219.9296
p36-tea-0010/010,brics-odroid-020_cam1,269,right,bad,0,221.6789
p36-tea-0010/010,brics-odroid-020_cam1,269,right,bad,1,225.6862
p36-tea-0010/010,brics-odroid-020_cam1,269,right,bad,2,227.0525
p36-tea-0010/010,brics-odroid-020_cam1,269,right,bad,3,228.1921
p36-tea-0010/010,brics-odroid-020_cam1,269,right,bad,4,229.1121
p36-tea-0010/010,brics-odroid-020_cam1,269,right,bad,5,231.0308
p44-dog-0004/004,brics-odroid-026_cam0,16,left,bad,-5,491.216
p44-dog-0004/004,brics-odroid-026_cam0,16,left,bad,-4,488.7661
p44-dog-0004/004,brics-odroid-026_cam0,16,left,bad,-3,490.5746
p44-dog-0004/004,brics-odroid-026_cam0,16,left,bad,-2,487.5883
p44-dog-0004/004,brics-odroid-026_cam0,16,left,bad,-1,491.2169
p44-dog-0004/004,brics-odroid-026_cam0,16,left,bad,0,492.4514
p44-dog-0004/004,brics-odroid-026_cam0,16,left,bad,1,496.089
p44-dog-0004/004,brics-odroid-026_cam0,16,left,bad,2,499.0147
p44-dog-0004/004,brics-odroid-026_cam0,16,left,bad,3,498.2234
p44-dog-0004/004,brics-odroid-026_cam0,16,left,bad,4,499.9844
p44-dog-0004/004,brics-odroid-026_cam0,16,left,bad,5,498.6568
p41-boxing-0021/021,brics-odroid-017_cam0,36,right,bad,-5,82.5278
p41-boxing-0021/021,brics-odroid-017_cam0,36,right,bad,-4,78.261
p41-boxing-0021/021,brics-odroid-017_cam0,36,right,bad,-3,77.4068
p41-boxing-0021/021,brics-odroid-017_cam0,36,right,bad,-2,76.4322
p41-boxing-0021/021,brics-odroid-017_cam0,36,right,bad,-1,75.8006
p41-boxing-0021/021,brics-odroid-017_cam0,36,right,bad,0,76.7178
p41-boxing-0021/021,brics-odroid-017_cam0,36,right,bad,1,76.1238
p41-boxing-0021/021,brics-odroid-017_cam0,36,right,bad,2,76.1501
p41-boxing-0021/021,brics-odroid-017_cam0,36,right,bad,3,76.3378
p41-boxing-0021/021,brics-odroid-017_cam0,36,right,bad,4,78.1082
p41-boxing-0021/021,brics-odroid-017_cam0,36,right,bad,5,78.6601
p52-instrument-0034/034,brics-odroid-027_cam0,6,right,bad,-5,319.575
p52-instrument-0034/034,brics-odroid-027_cam0,6,right,bad,-4,318.2608
p52-instrument-0034/034,brics-odroid-027_cam0,6,right,bad,-3,317.0047
p52-instrument-0034/034,brics-odroid-027_cam0,6,right,bad,-2,314.6843
p52-instrument-0034/034,brics-odroid-027_cam0,6,right,bad,-1,313.1231
p52-instrument-0034/034,brics-odroid-027_cam0,6,right,bad,0,312.0568
p52-instrument-0034/034,brics-odroid-027_cam0,6,right,bad,1,310.1648
p52-instrument-0034/034,brics-odroid-027_cam0,6,right,bad,2,308.8554
p52-instrument-0034/034,brics-odroid-027_cam0,6,right,bad,3,307.3104
p52-instrument-0034/034,brics-odroid-027_cam0,6,right,bad,4,304.0791
p52-instrument-0034/034,brics-odroid-027_cam0,6,right,bad,5,299.2374
