sequence,camera,frame,n_hands,n_zero_sentinel_hands,classes,err_n,err_mean_px,err_median_px,err_p90_px,err_p95_px,err_max_px
p36-tea-0010/010,brics-odroid-001_cam0,0,2,0,medium|medium,1,29.8507,29.8507,29.8507,29.8507,29.8507
p36-tea-0010/010,brics-odroid-001_cam0,102,2,0,bad|medium,2,313.0401,313.0401,549.2714,578.8004,608.3293
p36-tea-0010/010,brics-odroid-001_cam0,119,2,0,medium|medium,2,37.4583,37.4583,45.2196,46.1897,47.1599
p36-tea-0010/010,brics-odroid-001_cam0,136,2,0,medium|medium,2,35.6858,35.6858,36.8898,37.0403,37.1908
p36-tea-0010/010,brics-odroid-001_cam0,153,2,0,medium|medium,2,34.609,34.609,42.4141,43.3898,44.3654
p36-tea-0010/010,brics-odroid-001_cam0,17,2,0,medium|medium,1,21.8201,21.8201,21.8201,21.8201,21.8201
p36-tea-0010/010,brics-odroid-001_cam0,170,1,0,medium,1,53.3705,53.3705,53.3705,53.3705,53.3705
p36-tea-0010/010,brics-odroid-001_cam0,171,1,0,medium,1,20.9163,20.9163,20.9163,20.9163,20.9163
p36-tea-0010/010,brics-odroid-001_cam0,187,1,0,medium,1,54.0274,54.0274,54.0274,54.0274,54.0274
p36-tea-0010/010,brics-odroid-001_cam0,218,1,0,medium,1,23.1566,23.1566,23.1566,23.1566,23.1566
p36-tea-0010/010,brics-odroid-001_cam0,220,1,0,bad,1,60.8577,60.8577,60.8577,60.8577,60.8577
p36-tea-0010/010,brics-odroid-001_cam0,235,1,0,medium,1,33.9032,33.9032,33.9032,33.9032,33.9032
p36-tea-0010/010,brics-odroid-001_cam0,237,1,0,medium,1,32.1979,32.1979,32.1979,32.1979,32.1979
p36-tea-0010/010,brics-odroid-001_cam0,252,1,0,medium,1,32.9776,32.9776,32.9776,32.9776,32.9776
p36-tea-0010/010,brics-odroid-001_cam0,254,1,0,medium,1,38.1855,38.1855,38.1855,38.1855,38.1855
p36-tea-0010/010,brics-odroid-001_cam0,269,1,0,medium,1,24.9966,24.9966,24.9966,24.9966,24.9966
p36-tea-0010/010,brics-odroid-001_cam0,271,1,0,medium,1,20.8974,20.8974,20.8974,20.8974,20.8974
p36-tea-0010/010,brics-odroid-001_cam0,286,1,0,medium,1,29.3675,29.3675,29.3675,29.3675,29.3675
p36-tea-0010/010,brics-odroid-001_cam0,288,1,0,medium,1,21.7754,21.7754,21.7754,21.7754,21.7754
p36-tea-0010/010,brics-odroid-001_cam0,303,1,0,medium,1,26.5024,26.5024,26.5024,26.5024,26.5024
p36-tea-0010/010,brics-odroid-001_cam0,305,1,0,medium,1,19.8605,19.8605,19.8605,19.8605,19.8605
p36-tea-0010/010,brics-odroid-001_cam0,320,1,0,medium,1,29.569,29.569,29.569,29.569,29.569
p36-tea-0010/010,brics-odroid-001_cam0,322,1,0,medium,1,19.4999,19.4999,19.4999,19.4999,19.4999
p36-tea-0010/010,brics-odroid-001_cam0,337,1,0,medium,1,29.7464,29.7464,29.7464,29.7464,29.7464
p36-tea-0010/010,brics-odroid-001_cam0,339,1,0,medium,1,24.004,24.004,24.004,24.004,24.004
p36-tea-0010/010,brics-odroid-001_cam0,34,2,0,medium|medium,2,27.8154,27.8154,32.4575,33.0377,33.618
p36-tea-0010/010,brics-odroid-001_cam0,354,1,0,medium,1,30.9723,30.9723,30.9723,30.9723,30.9723
p36-tea-0010/010,brics-odroid-001_cam0,51,2,0,medium|medium,2,24.6611,24.6611,31.6598,32.5347,33.4095
p36-tea-0010/010,brics-odroid-001_cam0,68,2,0,medium|medium,2,29.1348,29.1348,30.3597,30.5128,30.6659
p36-tea-0010/010,brics-odroid-001_cam0,85,2,0,medium|medium,2,23.5724,23.5724,28.851,29.5108,30.1706
p36-tea-0010/010,brics-odroid-001_cam1,0,2,0,good|medium,1,3.9348,3.9348,3.9348,3.9348,3.9348
p36-tea-0010/010,brics-odroid-001_cam1,102,2,0,medium|medium,2,18.6507,18.6507,24.3411,25.0524,25.7637
p36-tea-0010/010,brics-odroid-001_cam1,119,2,0,medium|medium,2,21.6833,21.6833,22.3687,22.4543,22.54
p36-tea-0010/010,brics-odroid-001_cam1,136,2,2,zero_sentinel|zero_sentinel,,,,,,
p36-tea-0010/010,brics-odroid-001_cam1,153,2,0,bad|medium,2,57.5586,57.5586,70.8941,72.5611,74.228
p36-tea-0010/010,brics-odroid-001_cam1,17,2,0,bad|good,2,204.952,204.952,364.7521,384.7271,404.7021
p36-tea-0010/010,brics-odroid-001_cam1,170,1,1,zero_sentinel,,,,,,
p36-tea-0010/010,brics-odroid-001_cam1,171,1,1,zero_sentinel,,,,,,
p36-tea-0010/010,brics-odroid-001_cam1,187,1,1,zero_sentinel,,,,,,
p36-tea-0010/010,brics-odroid-001_cam1,218,1,1,zero_sentinel,,,,,,
p36-tea-0010/010,brics-odroid-001_cam1,220,1,1,zero_sentinel,,,,,,
p36-tea-0010/010,brics-odroid-001_cam1,235,1,0,good,1,8.3258,8.3258,8.3258,8.3258,8.3258
p36-tea-0010/010,brics-odroid-001_cam1,237,1,0,medium,1,16.5499,16.5499,16.5499,16.5499,16.5499
p36-tea-0010/010,brics-odroid-001_cam1,252,1,0,medium,1,12.5225,12.5225,12.5225,12.5225,12.5225
p36-tea-0010/010,brics-odroid-001_cam1,254,1,0,medium,1,34.8746,34.8746,34.8746,34.8746,34.8746
p36-tea-0010/010,brics-odroid-001_cam1,269,1,0,good,1,6.0141,6.0141,6.0141,6.0141,6.0141
p36-tea-0010/010,brics-odroid-001_cam1,271,1,0,good,1,8.0602,8.0602,8.0602,8.0602,8.0602
p36-tea-0010/010,brics-odroid-001_cam1,286,1,0,good,1,5.1011,5.1011,5.1011,5.1011,5.1011
p36-tea-0010/010,brics-odroid-001_cam1,288,1,0,medium,1,11.8538,11.8538,11.8538,11.8538,11.8538
p36-tea-0010/010,brics-odroid-001_cam1,303,1,0,good,1,5.5478,5.5478,5.5478,5.5478,5.5478
p36-tea-0010/010,brics-odroid-001_cam1,305,1,0,medium,1,12.2841,12.2841,12.2841,12.2841,12.2841
p36-tea-0010/010,brics-odroid-001_cam1,320,1,0,good,1,6.5492,6.5492,6.5492,6.5492,6.5492
p36-tea-0010/010,brics-odroid-001_cam1,322,1,0,medium,1,10.7365,10.7365,10.7365,10.7365,10.7365
p36-tea-0010/010,brics-odroid-001_cam1,337,1,0,good,1,4.5075,4.5075,4.5075,4.5075,4.5075
p36-tea-0010/010,brics-odroid-001_cam1,339,1,0,good,1,8.3915,8.3915,8.3915,8.3915,8.3915
p36-tea-0010/010,brics-odroid-001_cam1,34,2,0,good|good,2,5.413,5.413,5.669,5.701,5.733
p36-tea-0010/010,brics-odroid-001_cam1,354,1,0,good,1,4.2626,4.2626,4.2626,4.2626,4.2626
p36-tea-0010/010,brics-odroid-001_cam1,51,2,0,good|good,2,5.9771,5.9771,8.0312,8.2879,8.5447
p36-tea-0010/010,brics-odroid-001_cam1,68,2,0,good|good,2,7.0529,7.0529,8.7217,8.9303,9.1389
p36-tea-0010/010,brics-odroid-001_cam1,85,2,0,medium|medium,2,13.9477,13.9477,16.5204,16.842,17.1636
p36-tea-0010/010,brics-odroid-002_cam0,0,2,0,good|medium,1,9.6354,9.6354,9.6354,9.6354,9.6354
p36-tea-0010/010,brics-odroid-002_cam0,102,2,2,zero_sentinel|zero_sentinel,,,,,,
p36-tea-0010/010,brics-odroid-002_cam0,119,2,0,medium|medium,2,25.278,25.278,34.1976,35.3125,36.4275
p36-tea-0010/010,brics-odroid-002_cam0,136,2,0,medium|medium,2,23.2682,23.2682,29.4476,30.22,30.9924
p36-tea-0010/010,brics-odroid-002_cam0,153,2,0,medium|medium,2,30.7874,30.7874,35.2983,35.8621,36.426
p36-tea-0010/010,brics-odroid-002_cam0,17,2,0,bad|good,2,244.9018,244.9018,435.9262,459.8042,483.6823
p36-tea-0010/010,brics-odroid-002_cam0,170,1,0,medium,1,35.8248,35.8248,35.8248,35.8248,35.8248
p36-tea-0010/010,brics-odroid-002_cam0,171,1,0,medium,1,32.3835,32.3835,32.3835,32.3835,32.3835
p36-tea-0010/010,brics-odroid-002_cam0,187,1,0,medium,1,37.6865,37.6865,37.6865,37.6865,37.6865
p36-tea-0010/010,brics-odroid-002_cam0,218,1,0,medium,1,38.7501,38.7501,38.7501,38.7501,38.7501
p36-tea-0010/010,brics-odroid-002_cam0,220,1,0,medium,1,37.3272,37.3272,37.3272,37.3272,37.3272
p36-tea-0010/010,brics-odroid-002_cam0,235,1,0,medium,1,33.5601,33.5601,33.5601,33.5601,33.5601
p36-tea-0010/010,brics-odroid-002_cam0,237,1,0,medium,1,14.3493,14.3493,14.3493,14.3493,14.3493
p36-tea-0010/010,brics-odroid-002_cam0,252,1,0,medium,1,14.2029,14.2029,14.2029,14.2029,14.2029
p36-tea-0010/010,brics-odroid-002_cam0,254,1,0,medium,1,10.4208,10.4208,10.4208,10.4208,10.4208
p36-tea-0010/010,brics-odroid-002_cam0,269,1,0,good,1,9.8764,9.8764,9.8764,9.8764,9.8764
p36-tea-0010/010,brics-odroid-002_cam0,271,1,0,medium,1,10.2303,10.2303,10.2303,10.2303,10.2303
p36-tea-0010/010,brics-odroid-002_cam0,286,1,0,medium,1,10.4164,10.4164,10.4164,10.4164,10.4164
p36-tea-0010/010,brics-odroid-002_cam0,288,1,0,medium,1,12.1537,12.1537,12.1537,12.1537,12.1537
p36-tea-0010/010,brics-odroid-002_cam0,303,1,0,good,1,9.8587,9.8587,9.8587,9.8587,9.8587
p36-tea-0010/010,brics-odroid-002_cam0,305,1,0,good,1,9.2404,9.2404,9.2404,9.2404,9.2404
p36-tea-0010/010,brics-odroid-002_cam0,320,1,0,good,1,9.079,9.079,9.079,9.079,9.079
p36-tea-0010/010,brics-odroid-002_cam0,322,1,0,good,1,9.1861,9.1861,9.1861,9.1861,9.1861
p36-tea-0010/010,brics-odroid-002_cam0,337,1,0,good,1,9.0679,9.0679,9.0679,9.0679,9.0679
p36-tea-0010/010,brics-odroid-002_cam0,339,1,0,medium,1,10.109,10.109,10.109,10.109,10.109
p36-tea-0010/010,brics-odroid-002_cam0,34,2,0,good|good,2,6.6433,6.6433,7.5652,7.6805,7.7957
p36-tea-0010/010,brics-odroid-002_cam0,354,1,0,good,1,9.9855,9.9855,9.9855,9.9855,9.9855
p36-tea-0010/010,brics-odroid-002_cam0,51,2,0,good|good,2,8.202,8.202,8.3127,8.3266,8.3404
p36-tea-0010/010,brics-odroid-002_cam0,68,2,0,good|good,2,8.4271,8.4271,8.8851,8.9423,8.9996
p36-tea-0010/010,brics-odroid-002_cam0,85,2,0,medium|medium,2,17.7643,17.7643,20.2943,20.6105,20.9268
p36-tea-0010/010,brics-odroid-006_cam0,0,2,0,good|medium,2,8.7096,8.7096,11.5725,11.9303,12.2882
p36-tea-0010/010,brics-odroid-006_cam0,102,2,0,medium|medium,2,16.3766,16.3766,16.6754,16.7127,16.7501
p36-tea-0010/010,brics-odroid-006_cam0,119,2,0,medium|medium,2,15.2462,15.2462,15.4236,15.4457,15.4679
p36-tea-0010/010,brics-odroid-006_cam0,136,2,0,medium|medium,2,14.5427,14.5427,15.0179,15.0773,15.1367
p36-tea-0010/010,brics-odroid-006_cam0,153,2,0,medium|medium,2,20.379,20.379,21.6116,21.7656,21.9197
p36-tea-0010/010,brics-odroid-006_cam0,17,2,0,good|medium,2,9.6525,9.6525,14.5829,15.1992,15.8155
p36-tea-0010/010,brics-odroid-006_cam0,170,1,0,medium,1,32.1588,32.1588,32.1588,32.1588,32.1588
p36-tea-0010/010,brics-odroid-006_cam0,171,1,0,medium,1,15.9037,15.9037,15.9037,15.9037,15.9037
p36-tea-0010/010,brics-odroid-006_cam0,187,1,0,medium,1,23.2637,23.2637,23.2637,23.2637,23.2637
p36-tea-0010/010,brics-odroid-006_cam0,218,1,0,medium,1,16.9122,16.9122,16.9122,16.9122,16.9122
p36-tea-0010/010,brics-odroid-006_cam0,220,1,0,medium,1,46.4133,46.4133,46.4133,46.4133,46.4133
p36-tea-0010/010,brics-odroid-006_cam0,235,1,0,medium,1,14.1314,14.1314,14.1314,14.1314,14.1314
p36-tea-0010/010,brics-odroid-006_cam0,237,1,0,medium,1,18.667,18.667,18.667,18.667,18.667
p36-tea-0010/010,brics-odroid-006_cam0,252,1,0,medium,1,23.5482,23.5482,23.5482,23.5482,23.5482
p36-tea-0010/010,brics-odroid-006_cam0,254,1,1,zero_sentinel,,,,,,
p36-tea-0010/010,brics-odroid-006_cam0,269,1,0,medium,1,20.6269,20.6269,20.6269,20.6269,20.6269
p36-tea-0010/010,brics-odroid-006_cam0,271,1,0,bad,1,70.2706,70.2706,70.2706,70.2706,70.2706
p36-tea-0010/010,brics-odroid-006_cam0,286,1,0,medium,1,21.0581,21.0581,21.0581,21.0581,21.0581
p36-tea-0010/010,brics-odroid-006_cam0,288,1,0,medium,1,16.1424,16.1424,16.1424,16.1424,16.1424
p36-tea-0010/010,brics-odroid-006_cam0,303,1,0,medium,1,17.6284,17.6284,17.6284,17.6284,17.6284
p36-tea-0010/010,brics-odroid-006_cam0,305,1,0,medium,1,11.7216,11.7216,11.7216,11.7216,11.7216
p36-tea-0010/010,brics-odroid-006_cam0,320,1,0,medium,1,16.6224,16.6224,16.6224,16.6224,16.6224
p36-tea-0010/010,brics-odroid-006_cam0,322,1,0,medium,1,19.8076,19.8076,19.8076,19.8076,19.8076
p36-tea-0010/010,brics-odroid-006_cam0,337,1,0,medium,1,18.0366,18.0366,18.0366,18.0366,18.0366
p36-tea-0010/010,brics-odroid-006_cam0,339,1,0,medium,1,11.2669,11.2669,11.2669,11.2669,11.2669
p36-tea-0010/010,brics-odroid-006_cam0,34,2,0,good|medium,2,8.1054,8.1054,9.6577,9.8517,10.0457
p36-tea-0010/010,brics-odroid-006_cam0,354,1,0,medium,1,19.3623,19.3623,19.3623,19.3623,19.3623
p36-tea-0010/010,brics-odroid-006_cam0,51,2,0,good|medium,2,11.188,11.188,12.9642,13.1863,13.4083
p36-tea-0010/010,brics-odroid-006_cam0,68,2,0,medium|medium,2,13.4198,13.4198,14.0454,14.1236,14.2018
p36-tea-0010/010,brics-odroid-006_cam0,85,2,0,medium|medium,2,11.7331,11.7331,12.6561,12.7714,12.8868
p36-tea-0010/010,brics-odroid-007_cam0,0,2,0,good|good,2,2.6973,2.6973,2.764,2.7724,2.7807
p36-tea-0010/010,brics-odroid-007_cam0,102,2,0,good|good,2,3.8031,3.8031,4.0922,4.1284,4.1645
p36-tea-0010/010,brics-odroid-007_cam0,119,2,0,good|good,2,3.4044,3.4044,3.6086,3.6342,3.6597
p36-tea-0010/010,brics-odroid-007_cam0,136,2,0,good|good,2,3.9613,3.9613,4.9374,5.0594,5.1814
p36-tea-0010/010,brics-odroid-007_cam0,153,2,0,good|good,2,3.326,3.326,3.5067,3.5293,3.5519
p36-tea-0010/010,brics-odroid-007_cam0,17,2,0,good|good,2,5.3524,5.3524,7.0884,7.3054,7.5224
p36-tea-0010/010,brics-odroid-007_cam0,170,1,0,good,1,3.4698,3.4698,3.4698,3.4698,3.4698
p36-tea-0010/010,brics-odroid-007_cam0,171,1,0,good,1,3.9382,3.9382,3.9382,3.9382,3.9382
p36-tea-0010/010,brics-odroid-007_cam0,187,1,0,good,1,4.183,4.183,4.183,4.183,4.183
p36-tea-0010/010,brics-odroid-007_cam0,218,1,0,good,1,4.297,4.297,4.297,4.297,4.297
p36-tea-0010/010,brics-odroid-007_cam0,220,1,0,good,1,3.9724,3.9724,3.9724,3.9724,3.9724
p36-tea-0010/010,brics-odroid-007_cam0,235,1,0,good,1,3.4185,3.4185,3.4185,3.4185,3.4185
p36-tea-0010/010,brics-odroid-007_cam0,237,1,0,good,1,6.6439,6.6439,6.6439,6.6439,6.6439
p36-tea-0010/010,brics-odroid-007_cam0,252,1,0,good,1,5.3267,5.3267,5.3267,5.3267,5.3267
p36-tea-0010/010,brics-odroid-007_cam0,254,1,0,good,1,6.136,6.136,6.136,6.136,6.136
p36-tea-0010/010,brics-odroid-007_cam0,269,1,0,good,1,4.7837,4.7837,4.7837,4.7837,4.7837
p36-tea-0010/010,brics-odroid-007_cam0,271,1,0,good,1,6.6963,6.6963,6.6963,6.6963,6.6963
p36-tea-0010/010,brics-odroid-007_cam0,286,1,0,good,1,4.3974,4.3974,4.3974,4.3974,4.3974
p36-tea-0010/010,brics-odroid-007_cam0,288,1,0,good,1,5.8291,5.8291,5.8291,5.8291,5.8291
p36-tea-0010/010,brics-odroid-007_cam0,303,1,0,good,1,3.5144,3.5144,3.5144,3.5144,3.5144
p36-tea-0010/010,brics-odroid-007_cam0,305,1,0,good,1,5.0291,5.0291,5.0291,5.0291,5.0291
p36-tea-0010/010,brics-odroid-007_cam0,320,1,0,good,1,3.3307,3.3307,3.3307,3.3307,3.3307
p36-tea-0010/010,brics-odroid-007_cam0,322,1,0,good,1,6.9983,6.9983,6.9983,6.9983,6.9983
p36-tea-0010/010,brics-odroid-007_cam0,337,1,0,good,1,3.2983,3.2983,3.2983,3.2983,3.2983
p36-tea-0010/010,brics-odroid-007_cam0,339,1,0,good,1,5.8199,5.8199,5.8199,5.8199,5.8199
p36-tea-0010/010,brics-odroid-007_cam0,34,2,0,good|good,2,5.9311,5.9311,6.8745,6.9924,7.1103
p36-tea-0010/010,brics-odroid-007_cam0,354,1,0,good,1,3.5493,3.5493,3.5493,3.5493,3.5493
p36-tea-0010/010,brics-odroid-007_cam0,51,2,0,good|medium,2,8.4591,8.4591,12.5044,13.01,13.5157
p36-tea-0010/010,brics-odroid-007_cam0,68,2,0,good|medium,2,21.7022,21.7022,35.699,37.4486,39.1982
p36-tea-0010/010,brics-odroid-007_cam0,85,2,0,good|good,2,4.598,4.598,5.2666,5.3502,5.4338
p36-tea-0010/010,brics-odroid-007_cam1,0,2,0,good|good,2,6.0366,6.0366,8.6796,9.0099,9.3403
p36-tea-0010/010,brics-odroid-007_cam1,102,2,0,good|good,2,6.5199,6.5199,7.133,7.2097,7.2863
p36-tea-0010/010,brics-odroid-007_cam1,119,2,0,good|good,2,6.0947,6.0947,7.4303,7.5973,7.7642
p36-tea-0010/010,brics-odroid-007_cam1,136,2,0,good|medium,2,9.2785,9.2785,11.6153,11.9074,12.1995
p36-tea-0010/010,brics-odroid-007_cam1,153,2,1,good|zero_sentinel,1,5.0232,5.0232,5.0232,5.0232,5.0232
p36-tea-0010/010,brics-odroid-007_cam1,17,2,0,good|good,2,6.2439,6.2439,8.3773,8.644,8.9107
p36-tea-0010/010,brics-odroid-007_cam1,170,1,1,zero_sentinel,,,,,,
p36-tea-0010/010,brics-odroid-007_cam1,171,1,0,good,1,6.0448,6.0448,6.0448,6.0448,6.0448
p36-tea-0010/010,brics-odroid-007_cam1,187,1,1,zero_sentinel,,,,,,
p36-tea-0010/010,brics-odroid-007_cam1,218,1,0,good,1,4.1476,4.1476,4.1476,4.1476,4.1476
p36-tea-0010/010,brics-odroid-007_cam1,220,1,1,zero_sentinel,,,,,,
p36-tea-0010/010,brics-odroid-007_cam1,235,1,0,good,1,6.6694,6.6694,6.6694,6.6694,6.6694
p36-tea-0010/010,brics-odroid-007_cam1,237,1,0,good,1,8.8386,8.8386,8.8386,8.8386,8.8386
p36-tea-0010/010,brics-odroid-007_cam1,252,1,0,good,1,6.699,6.699,6.699,6.699,6.699
p36-tea-0010/010,brics-odroid-007_cam1,254,1,0,medium,1,12.1127,12.1127,12.1127,12.1127,12.1127
p36-tea-0010/010,brics-odroid-007_cam1,269,1,0,good,1,6.4572,6.4572,6.4572,6.4572,6.4572
p36-tea-0010/010,brics-odroid-007_cam1,271,1,0,bad,1,78.816,78.816,78.816,78.816,78.816
p36-tea-0010/010,brics-odroid-007_cam1,286,1,0,good,1,7.9572,7.9572,7.9572,7.9572,7.9572
p36-tea-0010/010,brics-odroid-007_cam1,288,1,0,medium,1,19.519,19.519,19.519,19.519,19.519
p36-tea-0010/010,brics-odroid-007_cam1,303,1,0,good,1,7.1368,7.1368,7.1368,7.1368,7.1368
p36-tea-0010/010,brics-odroid-007_cam1,305,1,0,medium,1,27.4128,27.4128,27.4128,27.4128,27.4128
p36-tea-0010/010,brics-odroid-007_cam1,320,1,0,good,1,7.719,7.719,7.719,7.719,7.719
p36-tea-0010/010,brics-odroid-007_cam1,322,1,0,medium,1,16.9769,16.9769,16.9769,16.9769,16.9769
p36-tea-0010/010,brics-odroid-007_cam1,337,1,0,good,1,5.2767,5.2767,5.2767,5.2767,5.2767
p36-tea-0010/010,brics-odroid-007_cam1,339,1,0,medium,1,20.9598,20.9598,20.9598,20.9598,20.9598
p36-tea-0010/010,brics-odroid-007_cam1,34,2,0,good|medium,2,32.2291,32.2291,52.6289,55.1789,57.7289
p36-tea-0010/010,brics-odroid-007_cam1,354,1,0,good,1,6.5185,6.5185,6.5185,6.5185,6.5185
p36-tea-0010/010,brics-odroid-007_cam1,51,2,0,good|medium,2,28.1925,28.1925,45.7527,47.9478,50.1428
p36-tea-0010/010,brics-odroid-007_cam1,68,2,0,bad|good,2,43.769,43.769,73.2093,76.8894,80.5694
p36-tea-0010/010,brics-odroid-007_cam1,85,2,0,medium|medium,2,19.4082,19.4082,25.9065,26.7188,27.5311
p36-tea-0010/010,brics-odroid-008_cam0,0,2,2,zero_sentinel|zero_sentinel,,,,,,
p36-tea-0010/010,brics-odroid-008_cam0,102,2,2,zero_sentinel|zero_sentinel,,,,,,
p36-tea-0010/010,brics-odroid-008_cam0,119,2,2,zero_sentinel|zero_sentinel,,,,,,
p36-tea-0010/010,brics-odroid-008_cam0,136,2,0,bad|medium,1,106.5366,106.5366,106.5366,106.5366,106.5366
p36-tea-0010/010,brics-odroid-008_cam0,153,2,2,zero_sentinel|zero_sentinel,,,,,,
p36-tea-0010/010,brics-odroid-008_cam0,17,2,2,zero_sentinel|zero_sentinel,,,,,,
p36-tea-0010/010,brics-odroid-008_cam0,170,1,0,medium,,,,,,
p36-tea-0010/010,brics-odroid-008_cam0,171,1,1,zero_sentinel,,,,,,
p36-tea-0010/010,brics-odroid-008_cam0,187,1,1,zero_sentinel,,,,,,
p36-tea-0010/010,brics-odroid-008_cam0,218,1,1,zero_sentinel,,,,,,
p36-tea-0010/010,brics-odroid-008_cam0,220,1,1,zero_sentinel,,,,,,
p36-tea-0010/010,brics-odroid-008_cam0,235,1,1,zero_sentinel,,,,,,
p36-tea-0010/010,brics-odroid-008_cam0,237,1,0,bad,1,67.0926,67.0926,67.0926,67.0926,67.0926
p36-tea-0010/010,brics-odroid-008_cam0,252,1,1,zero_sentinel,,,,,,
p36-tea-0010/010,brics-odroid-008_cam0,254,1,1,zero_sentinel,,,,,,
p36-tea-0010/010,brics-odroid-008_cam0,269,1,1,zero_sentinel,,,,,,
p36-tea-0010/010,brics-odroid-008_cam0,271,1,1,zero_sentinel,,,,,,
p36-tea-0010/010,brics-odroid-008_cam0,286,1,1,zero_sentinel,,,,,,
p36-tea-0010/010,brics-odroid-008_cam0,288,1,0,bad,1,268.874,268.874,268.874,268.874,268.874
p36-tea-0010/010,brics-odroid-008_cam0,303,1,1,zero_sentinel,,,,,,
p36-tea-0010/010,brics-odroid-008_cam0,305,1,0,bad,1,268.3686,268.3686,268.3686,268.3686,268.3686
p36-tea-0010/010,brics-odroid-008_cam0,320,1,1,zero_sentinel,,,,,,
p36-tea-0010/010,brics-odroid-008_cam0,322,1,0,bad,1,269.0073,269.0073,269.0073,269.0073,269.0073
p36-tea-0010/010,brics-odroid-008_cam0,337,1,1,zero_sentinel,,,,,,
p36-tea-0010/010,brics-odroid-008_cam0,339,1,0,bad,1,266.6519,266.6519,266.6519,266.6519,266.6519
p36-tea-0010/010,brics-odroid-008_cam0,34,2,1,bad|zero_sentinel,1,263.6545,263.6545,263.6545,263.6545,263.6545
p36-tea-0010/010,brics-odroid-008_cam0,354,1,1,zero_sentinel,,,,,,
p36-tea-0010/010,brics-odroid-008_cam0,51,2,2,zero_sentinel|zero_sentinel,,,,,,
p36-tea-0010/010,brics-odroid-008_cam0,68,2,2,zero_sentinel|zero_sentinel,,,,,,
p36-tea-0010/010,brics-odroid-008_cam0,85,2,2,zero_sentinel|zero_sentinel,,,,,,
p36-tea-0010/010,brics-odroid-009_cam1,0,2,0,good|good,2,5.7709,5.7709,7.0419,7.2008,7.3597
p36-tea-0010/010,brics-odroid-009_cam1,102,2,0,good|good,2,4.9318,4.9318,5.3881,5.4452,5.5022
p36-tea-0010/010,brics-odroid-009_cam1,119,2,0,good|good,2,4.526,4.526,5.4752,5.5939,5.7125
p36-tea-0010/010,brics-odroid-009_cam1,136,2,0,good|good,2,3.3995,3.3995,3.4262,3.4296,3.4329
p36-tea-0010/010,brics-odroid-009_cam1,153,2,0,good|good,2,4.3428,4.3428,5.0894,5.1827,5.276
p36-tea-0010/010,brics-odroid-009_cam1,17,2,0,good|good,2,5.9762,5.9762,7.8164,8.0465,8.2765
p36-tea-0010/010,brics-odroid-009_cam1,170,1,0,good,1,8.5328,8.5328,8.5328,8.5328,8.5328
p36-tea-0010/010,brics-odroid-009_cam1,171,1,0,good,1,3.0471,3.0471,3.0471,3.0471,3.0471
p36-tea-0010/010,brics-odroid-009_cam1,187,1,0,good,1,7.544,7.544,7.544,7.544,7.544
p36-tea-0010/010,brics-odroid-009_cam1,218,1,0,good,1,2.4427,2.4427,2.4427,2.4427,2.4427
p36-tea-0010/010,brics-odroid-009_cam1,220,1,0,good,1,8.2423,8.2423,8.2423,8.2423,8.2423
p36-tea-0010/010,brics-odroid-009_cam1,235,1,0,good,1,5.1894,5.1894,5.1894,5.1894,5.1894
p36-tea-0010/010,brics-odroid-009_cam1,237,1,0,good,1,5.9964,5.9964,5.9964,5.9964,5.9964
p36-tea-0010/010,brics-odroid-009_cam1,252,1,0,good,1,4.8414,4.8414,4.8414,4.8414,4.8414
p36-tea-0010/010,brics-odroid-009_cam1,254,1,0,good,1,8.3602,8.3602,8.3602,8.3602,8.3602
p36-tea-0010/010,brics-odroid-009_cam1,269,1,0,good,1,5.5521,5.5521,5.5521,5.5521,5.5521
p36-tea-0010/010,brics-odroid-009_cam1,271,1,0,medium,1,30.8055,30.8055,30.8055,30.8055,30.8055
p36-tea-0010/010,brics-odroid-009_cam1,286,1,0,good,1,6.8619,6.8619,6.8619,6.8619,6.8619
p36-tea-0010/010,brics-odroid-009_cam1,288,1,0,medium,1,31.1333,31.1333,31.1333,31.1333,31.1333
p36-tea-0010/010,brics-odroid-009_cam1,303,1,0,good,1,6.5991,6.5991,6.5991,6.5991,6.5991
p36-tea-0010/010,brics-odroid-009_cam1,305,1,0,medium,1,10.7715,10.7715,10.7715,10.7715,10.7715
p36-tea-0010/010,brics-odroid-009_cam1,320,1,0,good,1,6.6404,6.6404,6.6404,6.6404,6.6404
p36-tea-0010/010,brics-odroid-009_cam1,322,1,0,medium,1,39.2306,39.2306,39.2306,39.2306,39.2306
p36-tea-0010/010,brics-odroid-009_cam1,337,1,0,good,1,7.7266,7.7266,7.7266,7.7266,7.7266
p36-tea-0010/010,brics-odroid-009_cam1,339,1,0,medium,1,31.2934,31.2934,31.2934,31.2934,31.2934
p36-tea-0010/010,brics-odroid-009_cam1,34,2,0,good|medium,2,9.1155,9.1155,12.6581,13.101,13.5438
p36-tea-0010/010,brics-odroid-009_cam1,354,1,0,good,1,7.5509,7.5509,7.5509,7.5509,7.5509
p36-tea-0010/010,brics-odroid-009_cam1,51,2,0,good|medium,2,20.5663,20.5663,31.3921,32.7453,34.0985
p36-tea-0010/010,brics-odroid-009_cam1,68,2,1,good|zero_sentinel,1,5.3786,5.3786,5.3786,5.3786,5.3786
p36-tea-0010/010,brics-odroid-009_cam1,85,2,0,good|medium,2,23.8008,23.8008,38.9515,40.8454,42.7392
p36-tea-0010/010,brics-odroid-010_cam0,0,2,0,good|good,2,6.0361,6.0361,8.1966,8.4667,8.7368
p36-tea-0010/010,brics-odroid-010_cam0,102,2,1,bad|zero_sentinel,1,173.96,173.96,173.96,173.96,173.96
p36-tea-0010/010,brics-odroid-010_cam0,119,2,2,zero_sentinel|zero_sentinel,,,,,,
p36-tea-0010/010,brics-odroid-010_cam0,136,2,2,zero_sentinel|zero_sentinel,,,,,,
p36-tea-0010/010,brics-odroid-010_cam0,153,2,2,zero_sentinel|zero_sentinel,,,,,,
p36-tea-0010/010,brics-odroid-010_cam0,17,2,0,good|medium,2,9.0395,9.0395,13.2025,13.7228,14.2432
p36-tea-0010/010,brics-odroid-010_cam0,170,1,1,zero_sentinel,,,,,,
p36-tea-0010/010,brics-odroid-010_cam0,171,1,1,zero_sentinel,,,,,,
p36-tea-0010/010,brics-odroid-010_cam0,187,1,1,zero_sentinel,,,,,,
p36-tea-0010/010,brics-odroid-010_cam0,218,1,1,zero_sentinel,,,,,,
p36-tea-0010/010,brics-odroid-010_cam0,220,1,1,zero_sentinel,,,,,,
p36-tea-0010/010,brics-odroid-010_cam0,235,1,1,zero_sentinel,,,,,,
p36-tea-0010/010,brics-odroid-010_cam0,237,1,1,zero_sentinel,,,,,,
p36-tea-0010/010,brics-odroid-010_cam0,252,1,1,zero_sentinel,,,,,,
p36-tea-0010/010,brics-odroid-010_cam0,254,1,1,zero_sentinel,,,,,,
p36-tea-0010/010,brics-odroid-010_cam0,269,1,0,medium,1,16.6274,16.6274,16.6274,16.6274,16.6274
p36-tea-0010/010,brics-odroid-010_cam0,271,1,0,bad,1,159.5701,159.5701,159.5701,159.5701,159.5701
p36-tea-0010/010,brics-odroid-010_cam0,286,1,0,medium,1,12.485,12.485,12.485,12.485,12.485
p36-tea-0010/010,brics-odroid-010_cam0,288,1,0,bad,1,116.143,116.143,116.143,116.143,116.143
p36-tea-0010/010,brics-odroid-010_cam0,303,1,0,medium,1,17.0204,17.0204,17.0204,17.0204,17.0204
p36-tea-0010/010,brics-odroid-010_cam0,305,1,0,bad,1,113.5844,113.5844,113.5844,113.5844,113.5844
p36-tea-0010/010,brics-odroid-010_cam0,320,1,0,medium,1,16.8152,16.8152,16.8152,16.8152,16.8152
p36-tea-0010/010,brics-odroid-010_cam0,322,1,0,bad,1,113.9048,113.9048,113.9048,113.9048,113.9048
p36-tea-0010/010,brics-odroid-010_cam0,337,1,0,medium,1,15.6558,15.6558,15.6558,15.6558,15.6558
p36-tea-0010/010,brics-odroid-010_cam0,339,1,0,bad,1,126.0163,126.0163,126.0163,126.0163,126.0163
p36-tea-0010/010,brics-odroid-010_cam0,34,2,0,good|medium,2,9.2847,9.2847,12.9304,13.3861,13.8418
p36-tea-0010/010,brics-odroid-010_cam0,354,1,0,medium,1,16.6826,16.6826,16.6826,16.6826,16.6826
p36-tea-0010/010,brics-odroid-010_cam0,51,2,0,good|medium,2,9.5144,9.5144,11.3508,11.5804,11.8099
p36-tea-0010/010,brics-odroid-010_cam0,68,2,0,medium|medium,2,14.4934,14.4934,16.7667,17.0508,17.335
p36-tea-0010/010,brics-odroid-010_cam0,85,2,2,zero_sentinel|zero_sentinel,,,,,,
p36-tea-0010/010,brics-odroid-010_cam1,0,2,1,medium|zero_sentinel,1,35.7509,35.7509,35.7509,35.7509,35.7509
p36-tea-0010/010,brics-odroid-010_cam1,102,2,1,medium|zero_sentinel,1,39.3585,39.3585,39.3585,39.3585,39.3585
p36-tea-0010/010,brics-odroid-010_cam1,119,2,2,zero_sentinel|zero_sentinel,,,,,,
p36-tea-0010/010,brics-odroid-010_cam1,136,2,2,zero_sentinel|zero_sentinel,,,,,,
p36-tea-0010/010,brics-odroid-010_cam1,153,2,2,zero_sentinel|zero_sentinel,,,,,,
p36-tea-0010/010,brics-odroid-010_cam1,17,2,1,medium|zero_sentinel,1,23.5897,23.5897,23.5897,23.5897,23.5897
p36-tea-0010/010,brics-odroid-010_cam1,170,1,1,zero_sentinel,,,,,,
p36-tea-0010/010,brics-odroid-010_cam1,171,1,1,zero_sentinel,,,,,,
p36-tea-0010/010,brics-odroid-010_cam1,187,1,1,zero_sentinel,,,,,,
p36-tea-0010/010,brics-odroid-010_cam1,218,1,1,zero_sentinel,,,,,,
p36-tea-0010/010,brics-odroid-010_cam1,220,1,1,zero_sentinel,,,,,,
p36-tea-0010/010,brics-odroid-010_cam1,235,1,1,zero_sentinel,,,,,,
p36-tea-0010/010,brics-odroid-010_cam1,237,1,1,zero_sentinel,,,,,,
p36-tea-0010/010,brics-odroid-010_cam1,252,1,1,zero_sentinel,,,,,,
p36-tea-0010/010,brics-odroid-010_cam1,254,1,0,medium,1,52.8533,52.8533,52.8533,52.8533,52.8533
p36-tea-0010/010,brics-odroid-010_cam1,269,1,0,medium,1,12.9291,12.9291,12.9291,12.9291,12.9291
p36-tea-0010/010,brics-odroid-010_cam1,271,1,0,medium,1,41.7305,41.7305,41.7305,41.7305,41.7305
p36-tea-0010/010,brics-odroid-010_cam1,286,1,0,medium,1,10.7912,10.7912,10.7912,10.7912,10.7912
p36-tea-0010/010,brics-odroid-010_cam1,288,1,0,medium,1,56.9532,56.9532,56.9532,56.9532,56.9532
p36-tea-0010/010,brics-odroid-010_cam1,303,1,0,medium,1,10.0831,10.0831,10.0831,10.0831,10.0831
p36-tea-0010/010,brics-odroid-010_cam1,305,1,0,medium,1,30.423,30.423,30.423,30.423,30.423
p36-tea-0010/010,brics-odroid-010_cam1,320,1,0,medium,1,10.3065,10.3065,10.3065,10.3065,10.3065
p36-tea-0010/010,brics-odroid-010_cam1,322,1,0,medium,1,32.3745,32.3745,32.3745,32.3745,32.3745
p36-tea-0010/010,brics-odroid-010_cam1,337,1,0,good,1,9.7257,9.7257,9.7257,9.7257,9.7257
p36-tea-0010/010,brics-odroid-010_cam1,339,1,0,medium,1,28.7405,28.7405,28.7405,28.7405,28.7405
p36-tea-0010/010,brics-odroid-010_cam1,34,2,0,medium|medium,2,17.0015,17.0015,19.7669,20.1125,20.4582
p36-tea-0010/010,brics-odroid-010_cam1,354,1,0,good,1,9.2986,9.2986,9.2986,9.2986,9.2986
p36-tea-0010/010,brics-odroid-010_cam1,51,2,0,medium|medium,2,18.4268,18.4268,23.9026,24.5871,25.2716
p36-tea-0010/010,brics-odroid-010_cam1,68,2,0,medium|medium,2,18.5752,18.5752,23.9439,24.615,25.2861
p36-tea-0010/010,brics-odroid-010_cam1,85,2,1,medium|zero_sentinel,1,31.8687,31.8687,31.8687,31.8687,31.8687
p36-tea-0010/010,brics-odroid-011_cam0,0,2,0,good|good,2,2.51,2.51,2.8167,2.8551,2.8934
p36-tea-0010/010,brics-odroid-011_cam0,102,2,0,good|good,2,4.3115,4.3115,5.2769,5.3976,5.5183
p36-tea-0010/010,brics-odroid-011_cam0,119,2,0,good|good,2,3.2752,3.2752,3.5501,3.5844,3.6188
p36-tea-0010/010,brics-odroid-011_cam0,136,2,0,good|good,2,3.4093,3.4093,3.9996,4.0734,4.1472
p36-tea-0010/010,brics-odroid-011_cam0,153,2,0,good|good,2,2.8865,2.8865,3.3702,3.4306,3.4911
p36-tea-0010/010,brics-odroid-011_cam0,17,2,0,good|good,2,3.3808,3.3808,3.6454,3.6784,3.7115
p36-tea-0010/010,brics-odroid-011_cam0,170,1,0,good,1,2.9186,2.9186,2.9186,2.9186,2.9186
p36-tea-0010/010,brics-odroid-011_cam0,171,1,0,good,1,3.3809,3.3809,3.3809,3.3809,3.3809
p36-tea-0010/010,brics-odroid-011_cam0,187,1,0,good,1,6.6751,6.6751,6.6751,6.6751,6.6751
p36-tea-0010/010,brics-odroid-011_cam0,218,1,0,good,1,3.6635,3.6635,3.6635,3.6635,3.6635
p36-tea-0010/010,brics-odroid-011_cam0,220,1,0,good,1,5.3203,5.3203,5.3203,5.3203,5.3203
p36-tea-0010/010,brics-odroid-011_cam0,235,1,0,good,1,3.8637,3.8637,3.8637,3.8637,3.8637
p36-tea-0010/010,brics-odroid-011_cam0,237,1,1,zero_sentinel,,,,,,
p36-tea-0010/010,brics-odroid-011_cam0,252,1,0,good,1,4.0086,4.0086,4.0086,4.0086,4.0086
p36-tea-0010/010,brics-odroid-011_cam0,254,1,0,good,1,4.2453,4.2453,4.2453,4.2453,4.2453
p36-tea-0010/010,brics-odroid-011_cam0,269,1,0,good,1,5.2159,5.2159,5.2159,5.2159,5.2159
p36-tea-0010/010,brics-odroid-011_cam0,271,1,0,good,1,4.0595,4.0595,4.0595,4.0595,4.0595
p36-tea-0010/010,brics-odroid-011_cam0,286,1,0,good,1,5.4869,5.4869,5.4869,5.4869,5.4869
p36-tea-0010/010,brics-odroid-011_cam0,288,1,0,good,1,4.5297,4.5297,4.5297,4.5297,4.5297
p36-tea-0010/010,brics-odroid-011_cam0,303,1,0,good,1,5.3376,5.3376,5.3376,5.3376,5.3376
p36-tea-0010/010,brics-odroid-011_cam0,305,1,0,good,1,3.8653,3.8653,3.8653,3.8653,3.8653
p36-tea-0010/010,brics-odroid-011_cam0,320,1,0,good,1,5.4623,5.4623,5.4623,5.4623,5.4623
p36-tea-0010/010,brics-odroid-011_cam0,322,1,0,good,1,4.1464,4.1464,4.1464,4.1464,4.1464
p36-tea-0010/010,brics-odroid-011_cam0,337,1,0,good,1,6.643,6.643,6.643,6.643,6.643
p36-tea-0010/010,brics-odroid-011_cam0,339,1,0,good,1,3.8862,3.8862,3.8862,3.8862,3.8862
p36-tea-0010/010,brics-odroid-011_cam0,34,2,0,good|good,2,5.1672,5.1672,6.0722,6.1854,6.2985
p36-tea-0010/010,brics-odroid-011_cam0,354,1,0,good,1,6.0307,6.0307,6.0307,6.0307,6.0307
p36-tea-0010/010,brics-odroid-011_cam0,51,2,0,good|good,2,5.1258,5.1258,5.1593,5.1635,5.1677
p36-tea-0010/010,brics-odroid-011_cam0,68,2,0,good|good,2,7.2095,7.2095,8.921,9.135,9.3489
p36-tea-0010/010,brics-odroid-011_cam0,85,2,0,good|good,2,3.4643,3.4643,3.6741,3.7004,3.7266
p36-tea-0010/010,brics-odroid-012_cam0,0,2,0,good|good,2,3.5475,3.5475,4.3723,4.4754,4.5785
p36-tea-0010/010,brics-odroid-012_cam0,102,2,0,good|good,2,3.5063,3.5063,3.8713,3.917,3.9626
p36-tea-0010/010,brics-odroid-012_cam0,119,2,1,good|zero_sentinel,1,3.4747,3.4747,3.4747,3.4747,3.4747
p36-tea-0010/010,brics-odroid-012_cam0,136,2,0,good|good,2,3.3994,3.3994,4.0406,4.1208,4.2009
p36-tea-0010/010,brics-odroid-012_cam0,153,2,0,good|good,2,3.5093,3.5093,3.5162,3.517,3.5179
p36-tea-0010/010,brics-odroid-012_cam0,17,2,0,bad|good,2,157.4592,157.4592,280.5494,295.9356,311.3219
p36-tea-0010/010,brics-odroid-012_cam0,170,1,1,zero_sentinel,,,,,,
p36-tea-0010/010,brics-odroid-012_cam0,171,1,0,good,1,2.4706,2.4706,2.4706,2.4706,2.4706
p36-tea-0010/010,brics-odroid-012_cam0,187,1,1,zero_sentinel,,,,,,
p36-tea-0010/010,brics-odroid-012_cam0,218,1,0,bad,1,195.9511,195.9511,195.9511,195.9511,195.9511
p36-tea-0010/010,brics-odroid-012_cam0,220,1,1,zero_sentinel,,,,,,
p36-tea-0010/010,brics-odroid-012_cam0,235,1,1,zero_sentinel,,,,,,
p36-tea-0010/010,brics-odroid-012_cam0,237,1,0,good,1,4.2327,4.2327,4.2327,4.2327,4.2327
p36-tea-0010/010,brics-odroid-012_cam0,252,1,0,bad,1,211.493,211.493,211.493,211.493,211.493
p36-tea-0010/010,brics-odroid-012_cam0,254,1,0,bad,1,200.2547,200.2547,200.2547,200.2547,200.2547
p36-tea-0010/010,brics-odroid-012_cam0,269,1,0,bad,1,215.4479,215.4479,215.4479,215.4479,215.4479
p36-tea-0010/010,brics-odroid-012_cam0,271,1,1,zero_sentinel,,,,,,
p36-tea-0010/010,brics-odroid-012_cam0,286,1,0,good,1,4.2686,4.2686,4.2686,4.2686,4.2686
p36-tea-0010/010,brics-odroid-012_cam0,288,1,0,good,1,4.9768,4.9768,4.9768,4.9768,4.9768
p36-tea-0010/010,brics-odroid-012_cam0,303,1,0,good,1,3.9252,3.9252,3.9252,3.9252,3.9252
p36-tea-0010/010,brics-odroid-012_cam0,305,1,0,good,1,4.6621,4.6621,4.6621,4.6621,4.6621
p36-tea-0010/010,brics-odroid-012_cam0,320,1,1,zero_sentinel,,,,,,
p36-tea-0010/010,brics-odroid-012_cam0,322,1,0,good,1,3.3129,3.3129,3.3129,3.3129,3.3129
p36-tea-0010/010,brics-odroid-012_cam0,337,1,0,good,1,3.8037,3.8037,3.8037,3.8037,3.8037
p36-tea-0010/010,brics-odroid-012_cam0,339,1,0,good,1,4.5272,4.5272,4.5272,4.5272,4.5272
p36-tea-0010/010,brics-odroid-012_cam0,34,2,0,good|good,2,2.8104,2.8104,2.8283,2.8306,2.8328
p36-tea-0010/010,brics-odroid-012_cam0,354,1,0,good,1,2.3677,2.3677,2.3677,2.3677,2.3677
p36-tea-0010/010,brics-odroid-012_cam0,51,2,0,good|good,2,3.4463,3.4463,3.837,3.8859,3.9347
p36-tea-0010/010,brics-odroid-012_cam0,68,2,0,good|good,2,4.441,4.441,6.0416,6.2416,6.4417
p36-tea-0010/010,brics-odroid-012_cam0,85,2,1,bad|zero_sentinel,1,217.2307,217.2307,217.2307,217.2307,217.2307
p36-tea-0010/010,brics-odroid-012_cam1,0,2,0,good|good,2,3.6211,3.6211,3.6337,3.6353,3.6369
p36-tea-0010/010,brics-odroid-012_cam1,102,2,0,good|medium,2,9.1586,9.1586,10.5884,10.7672,10.9459
p36-tea-0010/010,brics-odroid-012_cam1,119,2,2,zero_sentinel|zero_sentinel,,,,,,
p36-tea-0010/010,brics-odroid-012_cam1,136,2,2,zero_sentinel|zero_sentinel,,,,,,
p36-tea-0010/010,brics-odroid-012_cam1,153,2,1,medium|zero_sentinel,,,,,,
p36-tea-0010/010,brics-odroid-012_cam1,17,2,0,good|good,2,4.3375,4.3375,5.5459,5.6969,5.848
p36-tea-0010/010,brics-odroid-012_cam1,170,1,0,medium,,,,,,
p36-tea-0010/010,brics-odroid-012_cam1,171,1,0,good,1,5.1113,5.1113,5.1113,5.1113,5.1113
p36-tea-0010/010,brics-odroid-012_cam1,187,1,0,medium,,,,,,
p36-tea-0010/010,brics-odroid-012_cam1,218,1,0,good,1,5.1657,5.1657,5.1657,5.1657,5.1657
p36-tea-0010/010,brics-odroid-012_cam1,220,1,0,medium,,,,,,
p36-tea-0010/010,brics-odroid-012_cam1,235,1,0,bad,1,65.0782,65.0782,65.0782,65.0782,65.0782
p36-tea-0010/010,brics-odroid-012_cam1,237,1,0,medium,1,39.1109,39.1109,39.1109,39.1109,39.1109
p36-tea-0010/010,brics-odroid-012_cam1,252,1,0,good,1,8.3996,8.3996,8.3996,8.3996,8.3996
p36-tea-0010/010,brics-odroid-012_cam1,254,1,0,good,1,7.0252,7.0252,7.0252,7.0252,7.0252
p36-tea-0010/010,brics-odroid-012_cam1,269,1,0,good,1,4.4645,4.4645,4.4645,4.4645,4.4645
p36-tea-0010/010,brics-odroid-012_cam1,271,1,0,good,1,5.99,5.99,5.99,5.99,5.99
p36-tea-0010/010,brics-odroid-012_cam1,286,1,0,good,1,3.5759,3.5759,3.5759,3.5759,3.5759
p36-tea-0010/010,brics-odroid-012_cam1,288,1,0,good,1,5.0721,5.0721,5.0721,5.0721,5.0721
p36-tea-0010/010,brics-odroid-012_cam1,303,1,0,good,1,3.4539,3.4539,3.4539,3.4539,3.4539
p36-tea-0010/010,brics-odroid-012_cam1,305,1,0,good,1,4.6506,4.6506,4.6506,4.6506,4.6506
p36-tea-0010/010,brics-odroid-012_cam1,320,1,0,good,1,3.7421,3.7421,3.7421,3.7421,3.7421
p36-tea-0010/010,brics-odroid-012_cam1,322,1,0,good,1,4.6949,4.6949,4.6949,4.6949,4.6949
p36-tea-0010/010,brics-odroid-012_cam1,337,1,0,good,1,3.88,3.88,3.88,3.88,3.88
p36-tea-0010/010,brics-odroid-012_cam1,339,1,0,good,1,5.2762,5.2762,5.2762,5.2762,5.2762
p36-tea-0010/010,brics-odroid-012_cam1,34,2,0,good|good,2,4.6648,4.6648,4.8171,4.8361,4.8551
p36-tea-0010/010,brics-odroid-012_cam1,354,1,0,good,1,3.8209,3.8209,3.8209,3.8209,3.8209
p36-tea-0010/010,brics-odroid-012_cam1,51,2,0,good|good,2,4.3861,4.3861,5.0679,5.1531,5.2383
p36-tea-0010/010,brics-odroid-012_cam1,68,2,0,good|good,2,4.648,4.648,5.2259,5.2982,5.3704
p36-tea-0010/010,brics-odroid-012_cam1,85,2,0,good|good,2,5.9266,5.9266,5.9823,5.9892,5.9962
p36-tea-0010/010,brics-odroid-014_cam1,0,2,2,zero_sentinel|zero_sentinel,,,,,,
p36-tea-0010/010,brics-odroid-014_cam1,102,2,0,good|good,2,4.4901,4.4901,5.3871,5.4992,5.6113
p36-tea-0010/010,brics-odroid-014_cam1,119,2,0,bad|bad,2,187.1161,187.1161,193.0631,193.8065,194.5499
p36-tea-0010/010,brics-odroid-014_cam1,136,2,0,medium|medium,2,36.3432,36.3432,39.4742,39.8655,40.2569
p36-tea-0010/010,brics-odroid-014_cam1,153,2,0,good|good,2,5.1259,5.1259,5.4116,5.4473,5.483
p36-tea-0010/010,brics-odroid-014_cam1,17,2,2,zero_sentinel|zero_sentinel,,,,,,
p36-tea-0010/010,brics-odroid-014_cam1,170,1,0,good,1,8.8331,8.8331,8.8331,8.8331,8.8331
p36-tea-0010/010,brics-odroid-014_cam1,171,1,0,good,1,5.5477,5.5477,5.5477,5.5477,5.5477
p36-tea-0010/010,brics-odroid-014_cam1,187,1,0,good,1,9.6131,9.6131,9.6131,9.6131,9.6131
p36-tea-0010/010,brics-odroid-014_cam1,218,1,0,good,1,4.3664,4.3664,4.3664,4.3664,4.3664
p36-tea-0010/010,brics-odroid-014_cam1,220,1,0,good,1,8.7668,8.7668,8.7668,8.7668,8.7668
p36-tea-0010/010,brics-odroid-014_cam1,235,1,0,good,1,4.4985,4.4985,4.4985,4.4985,4.4985
p36-tea-0010/010,brics-odroid-014_cam1,237,1,0,bad,1,186.8362,186.8362,186.8362,186.8362,186.8362
p36-tea-0010/010,brics-odroid-014_cam1,252,1,0,bad,1,208.271,208.271,208.271,208.271,208.271
p36-tea-0010/010,brics-odroid-014_cam1,254,1,0,bad,1,205.6831,205.6831,205.6831,205.6831,205.6831
p36-tea-0010/010,brics-odroid-014_cam1,269,1,1,zero_sentinel,,,,,,
p36-tea-0010/010,brics-odroid-014_cam1,271,1,1,zero_sentinel,,,,,,
p36-tea-0010/010,brics-odroid-014_cam1,286,1,1,zero_sentinel,,,,,,
p36-tea-0010/010,brics-odroid-014_cam1,288,1,1,zero_sentinel,,,,,,
p36-tea-0010/010,brics-odroid-014_cam1,303,1,1,zero_sentinel,,,,,,
p36-tea-0010/010,brics-odroid-014_cam1,305,1,1,zero_sentinel,,,,,,
p36-tea-0010/010,brics-odroid-014_cam1,320,1,1,zero_sentinel,,,,,,
p36-tea-0010/010,brics-odroid-014_cam1,322,1,1,zero_sentinel,,,,,,
p36-tea-0010/010,brics-odroid-014_cam1,337,1,1,zero_sentinel,,,,,,
p36-tea-0010/010,brics-odroid-014_cam1,339,1,1,zero_sentinel,,,,,,
p36-tea-0010/010,brics-odroid-014_cam1,34,2,2,zero_sentinel|zero_sentinel,,,,,,
p36-tea-0010/010,brics-odroid-014_cam1,354,1,1,zero_sentinel,,,,,,
p36-tea-0010/010,brics-odroid-014_cam1,51,2,2,zero_sentinel|zero_sentinel,,,,,,
p36-tea-0010/010,brics-odroid-014_cam1,68,2,2,zero_sentinel|zero_sentinel,,,,,,
p36-tea-0010/010,brics-odroid-014_cam1,85,2,0,bad|bad,2,216.8016,216.8016,223.1202,223.91,224.6998
p36-tea-0010/010,brics-odroid-015_cam0,0,2,2,zero_sentinel|zero_sentinel,,,,,,
p36-tea-0010/010,brics-odroid-015_cam0,102,2,0,good|medium,2,11.4893,11.4893,13.9462,14.2533,14.5604
p36-tea-0010/010,brics-odroid-015_cam0,119,2,0,good|medium,2,7.6798,7.6798,10.0312,10.3252,10.6191
p36-tea-0010/010,brics-odroid-015_cam0,136,2,0,good|good,2,3.1292,3.1292,4.2803,4.4242,4.5681
p36-tea-0010/010,brics-odroid-015_cam0,153,2,1,good|zero_sentinel,1,3.0504,3.0504,3.0504,3.0504,3.0504
p36-tea-0010/010,brics-odroid-015_cam0,17,2,2,zero_sentinel|zero_sentinel,,,,,,
p36-tea-0010/010,brics-odroid-015_cam0,170,1,1,zero_sentinel,,,,,,
p36-tea-0010/010,brics-odroid-015_cam0,171,1,0,good,1,2.9385,2.9385,2.9385,2.9385,2.9385
p36-tea-0010/010,brics-odroid-015_cam0,187,1,1,zero_sentinel,,,,,,
p36-tea-0010/010,brics-odroid-015_cam0,218,1,0,good,1,3.0303,3.0303,3.0303,3.0303,3.0303
p36-tea-0010/010,brics-odroid-015_cam0,220,1,1,zero_sentinel,,,,,,
p36-tea-0010/010,brics-odroid-015_cam0,235,1,0,good,1,4.4325,4.4325,4.4325,4.4325,4.4325
p36-tea-0010/010,brics-odroid-015_cam0,237,1,0,good,1,4.035,4.035,4.035,4.035,4.035
p36-tea-0010/010,brics-odroid-015_cam0,252,1,0,good,1,5.5614,5.5614,5.5614,5.5614,5.5614
p36-tea-0010/010,brics-odroid-015_cam0,254,1,0,good,1,7.1974,7.1974,7.1974,7.1974,7.1974
p36-tea-0010/010,brics-odroid-015_cam0,269,1,0,good,1,5.4635,5.4635,5.4635,5.4635,5.4635
p36-tea-0010/010,brics-odroid-015_cam0,271,1,0,good,1,6.6649,6.6649,6.6649,6.6649,6.6649
p36-tea-0010/010,brics-odroid-015_cam0,286,1,0,good,1,5.8499,5.8499,5.8499,5.8499,5.8499
p36-tea-0010/010,brics-odroid-015_cam0,288,1,0,good,1,7.5213,7.5213,7.5213,7.5213,7.5213
p36-tea-0010/010,brics-odroid-015_cam0,303,1,0,good,1,5.0903,5.0903,5.0903,5.0903,5.0903
p36-tea-0010/010,brics-odroid-015_cam0,305,1,0,good,1,5.9312,5.9312,5.9312,5.9312,5.9312
p36-tea-0010/010,brics-odroid-015_cam0,320,1,0,good,1,4.8341,4.8341,4.8341,4.8341,4.8341
p36-tea-0010/010,brics-odroid-015_cam0,322,1,0,good,1,7.0184,7.0184,7.0184,7.0184,7.0184
p36-tea-0010/010,brics-odroid-015_cam0,337,1,1,zero_sentinel,,,,,,
p36-tea-0010/010,brics-odroid-015_cam0,339,1,0,good,1,6.3484,6.3484,6.3484,6.3484,6.3484
p36-tea-0010/010,brics-odroid-015_cam0,34,2,2,zero_sentinel|zero_sentinel,,,,,,
p36-tea-0010/010,brics-odroid-015_cam0,354,1,0,good,1,4.4025,4.4025,4.4025,4.4025,4.4025
p36-tea-0010/010,brics-odroid-015_cam0,51,2,0,good|good,2,7.3048,7.3048,8.4901,8.6382,8.7864
p36-tea-0010/010,brics-odroid-015_cam0,68,2,0,good|good,2,5.7647,5.7647,6.0841,6.124,6.1639
p36-tea-0010/010,brics-odroid-015_cam0,85,2,0,good|good,2,8.0777,8.0777,8.1844,8.1978,8.2111
p36-tea-0010/010,brics-odroid-015_cam1,0,2,0,bad|good,2,35.0257,35.0257,60.2935,63.4519,66.6104
p36-tea-0010/010,brics-odroid-015_cam1,102,2,0,good|good,2,5.243,5.243,6.5025,6.66,6.8174
p36-tea-0010/010,brics-odroid-015_cam1,119,2,0,good|good,2,4.3565,4.3565,5.1631,5.2639,5.3647
p36-tea-0010/010,brics-odroid-015_cam1,136,2,0,good|good,2,4.1663,4.1663,4.6545,4.7155,4.7765
p36-tea-0010/010,brics-odroid-015_cam1,153,2,0,good|good,2,5.1413,5.1413,5.9059,6.0014,6.097
p36-tea-0010/010,brics-odroid-015_cam1,17,2,0,medium|medium,2,25.2251,25.2251,35.2157,36.4646,37.7134
p36-tea-0010/010,brics-odroid-015_cam1,170,1,0,good,1,5.6031,5.6031,5.6031,5.6031,5.6031
p36-tea-0010/010,brics-odroid-015_cam1,171,1,0,good,1,2.7549,2.7549,2.7549,2.7549,2.7549
p36-tea-0010/010,brics-odroid-015_cam1,187,1,0,medium,1,12.2645,12.2645,12.2645,12.2645,12.2645
p36-tea-0010/010,brics-odroid-015_cam1,218,1,0,good,1,3.9422,3.9422,3.9422,3.9422,3.9422
p36-tea-0010/010,brics-odroid-015_cam1,220,1,0,medium,1,11.8833,11.8833,11.8833,11.8833,11.8833
p36-tea-0010/010,brics-odroid-015_cam1,235,1,0,good,1,4.1779,4.1779,4.1779,4.1779,4.1779
p36-tea-0010/010,brics-odroid-015_cam1,237,1,0,good,1,4.1858,4.1858,4.1858,4.1858,4.1858
p36-tea-0010/010,brics-odroid-015_cam1,252,1,0,good,1,8.328,8.328,8.328,8.328,8.328
p36-tea-0010/010,brics-odroid-015_cam1,254,1,0,good,1,3.4681,3.4681,3.4681,3.4681,3.4681
p36-tea-0010/010,brics-odroid-015_cam1,269,1,0,good,1,5.9189,5.9189,5.9189,5.9189,5.9189
p36-tea-0010/010,brics-odroid-015_cam1,271,1,0,good,1,6.6603,6.6603,6.6603,6.6603,6.6603
p36-tea-0010/010,brics-odroid-015_cam1,286,1,0,good,1,6.2336,6.2336,6.2336,6.2336,6.2336
p36-tea-0010/010,brics-odroid-015_cam1,288,1,0,good,1,6.5748,6.5748,6.5748,6.5748,6.5748
p36-tea-0010/010,brics-odroid-015_cam1,303,1,0,good,1,6.3828,6.3828,6.3828,6.3828,6.3828
p36-tea-0010/010,brics-odroid-015_cam1,305,1,0,good,1,5.6941,5.6941,5.6941,5.6941,5.6941
p36-tea-0010/010,brics-odroid-015_cam1,320,1,0,good,1,5.1512,5.1512,5.1512,5.1512,5.1512
p36-tea-0010/010,brics-odroid-015_cam1,322,1,0,good,1,6.4768,6.4768,6.4768,6.4768,6.4768
p36-tea-0010/010,brics-odroid-015_cam1,337,1,0,good,1,5.9375,5.9375,5.9375,5.9375,5.9375
p36-tea-0010/010,brics-odroid-015_cam1,339,1,0,good,1,6.2956,6.2956,6.2956,6.2956,6.2956
p36-tea-0010/010,brics-odroid-015_cam1,34,2,0,good|medium,2,10.9514,10.9514,12.43,12.6149,12.7997
p36-tea-0010/010,brics-odroid-015_cam1,354,1,0,good,1,6.8719,6.8719,6.8719,6.8719,6.8719
p36-tea-0010/010,brics-odroid-015_cam1,51,2,0,good|medium,2,24.3835,24.3835,40.5514,42.5724,44.5934
p36-tea-0010/010,brics-odroid-015_cam1,68,2,0,bad|good,2,56.7818,56.7818,98.2782,103.4652,108.6523
p36-tea-0010/010,brics-odroid-015_cam1,85,2,0,good|good,2,4.4139,4.4139,4.8384,4.8914,4.9445
p36-tea-0010/010,brics-odroid-016_cam0,0,2,0,good|good,2,3.1838,3.1838,4.3498,4.4955,4.6413
p36-tea-0010/010,brics-odroid-016_cam0,102,2,0,bad|good,2,100.8848,100.8848,178.5597,188.269,197.9784
p36-tea-0010/010,brics-odroid-016_cam0,119,2,0,good|good,2,3.4096,3.4096,3.4522,3.4575,3.4628
p36-tea-0010/010,brics-odroid-016_cam0,136,2,0,good|good,2,4.5772,4.5772,5.0553,5.115,5.1748
p36-tea-0010/010,brics-odroid-016_cam0,153,2,1,good|zero_sentinel,1,4.5056,4.5056,4.5056,4.5056,4.5056
p36-tea-0010/010,brics-odroid-016_cam0,17,2,0,good|good,2,3.419,3.419,3.9095,3.9708,4.0321
p36-tea-0010/010,brics-odroid-016_cam0,170,1,0,good,1,6.0943,6.0943,6.0943,6.0943,6.0943
p36-tea-0010/010,brics-odroid-016_cam0,171,1,0,good,1,5.0409,5.0409,5.0409,5.0409,5.0409
p36-tea-0010/010,brics-odroid-016_cam0,187,1,0,good,1,5.1346,5.1346,5.1346,5.1346,5.1346
p36-tea-0010/010,brics-odroid-016_cam0,218,1,0,good,1,3.8103,3.8103,3.8103,3.8103,3.8103
p36-tea-0010/010,brics-odroid-016_cam0,220,1,0,good,1,5.2606,5.2606,5.2606,5.2606,5.2606
p36-tea-0010/010,brics-odroid-016_cam0,235,1,1,zero_sentinel,,,,,,
p36-tea-0010/010,brics-odroid-016_cam0,237,1,0,good,1,4.4997,4.4997,4.4997,4.4997,4.4997
p36-tea-0010/010,brics-odroid-016_cam0,252,1,1,zero_sentinel,,,,,,
p36-tea-0010/010,brics-odroid-016_cam0,254,1,0,good,1,5.3448,5.3448,5.3448,5.3448,5.3448
p36-tea-0010/010,brics-odroid-016_cam0,269,1,0,good,1,3.5684,3.5684,3.5684,3.5684,3.5684
p36-tea-0010/010,brics-odroid-016_cam0,271,1,0,good,1,3.182,3.182,3.182,3.182,3.182
p36-tea-0010/010,brics-odroid-016_cam0,286,1,0,good,1,3.5306,3.5306,3.5306,3.5306,3.5306
p36-tea-0010/010,brics-odroid-016_cam0,288,1,0,good,1,5.6574,5.6574,5.6574,5.6574,5.6574
p36-tea-0010/010,brics-odroid-016_cam0,303,1,0,good,1,3.5456,3.5456,3.5456,3.5456,3.5456
p36-tea-0010/010,brics-odroid-016_cam0,305,1,0,good,1,5.5729,5.5729,5.5729,5.5729,5.5729
p36-tea-0010/010,brics-odroid-016_cam0,320,1,0,good,1,3.5194,3.5194,3.5194,3.5194,3.5194
p36-tea-0010/010,brics-odroid-016_cam0,322,1,0,good,1,5.0236,5.0236,5.0236,5.0236,5.0236
p36-tea-0010/010,brics-odroid-016_cam0,337,1,0,good,1,3.5387,3.5387,3.5387,3.5387,3.5387
p36-tea-0010/010,brics-odroid-016_cam0,339,1,0,good,1,6.6981,6.6981,6.6981,6.6981,6.6981
p36-tea-0010/010,brics-odroid-016_cam0,34,2,0,good|good,2,3.6816,3.6816,3.9426,3.9753,4.0079
p36-tea-0010/010,brics-odroid-016_cam0,354,1,0,good,1,3.6446,3.6446,3.6446,3.6446,3.6446
p36-tea-0010/010,brics-odroid-016_cam0,51,2,0,good|good,2,4.4057,4.4057,5.3485,5.4664,5.5842
p36-tea-0010/010,brics-odroid-016_cam0,68,2,0,good|good,2,3.8043,3.8043,4.2601,4.3171,4.3741
p36-tea-0010/010,brics-odroid-016_cam0,85,2,0,bad|good,2,117.493,117.493,208.6429,220.0366,231.4303
p36-tea-0010/010,brics-odroid-017_cam0,0,2,0,good|good,2,5.5305,5.5305,7.1628,7.3669,7.5709
p36-tea-0010/010,brics-odroid-017_cam0,102,2,0,good|medium,2,11.5705,11.5705,13.9949,14.298,14.601
p36-tea-0010/010,brics-odroid-017_cam0,119,2,0,good|medium,2,13.3911,13.3911,16.1468,16.4912,16.8357
p36-tea-0010/010,brics-odroid-017_cam0,136,2,0,medium|medium,2,20.2335,20.2335,24.9339,25.5215,26.109
p36-tea-0010/010,brics-odroid-017_cam0,153,2,0,bad|medium,2,40.328,40.328,56.802,58.8612,60.9205
p36-tea-0010/010,brics-odroid-017_cam0,17,2,0,good|good,2,6.6372,6.6372,9.1159,9.4258,9.7356
p36-tea-0010/010,brics-odroid-017_cam0,170,1,0,medium,1,27.766,27.766,27.766,27.766,27.766
p36-tea-0010/010,brics-odroid-017_cam0,171,1,0,bad,1,87.4829,87.4829,87.4829,87.4829,87.4829
p36-tea-0010/010,brics-odroid-017_cam0,187,1,0,medium,1,44.3583,44.3583,44.3583,44.3583,44.3583
p36-tea-0010/010,brics-odroid-017_cam0,218,1,0,bad,1,102.8971,102.8971,102.8971,102.8971,102.8971
p36-tea-0010/010,brics-odroid-017_cam0,220,1,0,medium,1,47.9805,47.9805,47.9805,47.9805,47.9805
p36-tea-0010/010,brics-odroid-017_cam0,235,1,0,medium,1,15.459,15.459,15.459,15.459,15.459
p36-tea-0010/010,brics-odroid-017_cam0,237,1,0,medium,1,10.4662,10.4662,10.4662,10.4662,10.4662
p36-tea-0010/010,brics-odroid-017_cam0,252,1,0,good,1,7.3482,7.3482,7.3482,7.3482,7.3482
p36-tea-0010/010,brics-odroid-017_cam0,254,1,0,good,1,7.7893,7.7893,7.7893,7.7893,7.7893
p36-tea-0010/010,brics-odroid-017_cam0,269,1,0,good,1,7.9137,7.9137,7.9137,7.9137,7.9137
p36-tea-0010/010,brics-odroid-017_cam0,271,1,0,medium,1,10.4008,10.4008,10.4008,10.4008,10.4008
p36-tea-0010/010,brics-odroid-017_cam0,286,1,0,good,1,5.9595,5.9595,5.9595,5.9595,5.9595
p36-tea-0010/010,brics-odroid-017_cam0,288,1,0,good,1,6.8338,6.8338,6.8338,6.8338,6.8338
p36-tea-0010/010,brics-odroid-017_cam0,303,1,0,good,1,5.2904,5.2904,5.2904,5.2904,5.2904
p36-tea-0010/010,brics-odroid-017_cam0,305,1,0,good,1,8.2013,8.2013,8.2013,8.2013,8.2013
p36-tea-0010/010,brics-odroid-017_cam0,320,1,0,good,1,4.8483,4.8483,4.8483,4.8483,4.8483
p36-tea-0010/010,brics-odroid-017_cam0,322,1,0,good,1,9.0403,9.0403,9.0403,9.0403,9.0403
p36-tea-0010/010,brics-odroid-017_cam0,337,1,0,good,1,6.1703,6.1703,6.1703,6.1703,6.1703
p36-tea-0010/010,brics-odroid-017_cam0,339,1,0,good,1,7.4108,7.4108,7.4108,7.4108,7.4108
p36-tea-0010/010,brics-odroid-017_cam0,34,2,0,good|good,2,5.9489,5.9489,6.4167,6.4751,6.5336
p36-tea-0010/010,brics-odroid-017_cam0,354,1,0,good,1,5.5853,5.5853,5.5853,5.5853,5.5853
p36-tea-0010/010,brics-odroid-017_cam0,51,2,0,good|good,2,5.9681,5.9681,7.8132,8.0439,8.2745
p36-tea-0010/010,brics-odroid-017_cam0,68,2,0,good|good,2,5.1861,5.1861,6.0248,6.1297,6.2345
p36-tea-0010/010,brics-odroid-017_cam0,85,2,0,good|medium,2,9.382,9.382,11.4326,11.6889,11.9452
p36-tea-0010/010,brics-odroid-017_cam1,0,2,0,good|good,2,4.3743,4.3743,5.7231,5.8917,6.0603
p36-tea-0010/010,brics-odroid-017_cam1,102,2,0,good|good,2,7.1929,7.1929,8.8013,9.0023,9.2034
p36-tea-0010/010,brics-odroid-017_cam1,119,2,0,good|good,2,6.0092,6.0092,6.2418,6.2708,6.2999
p36-tea-0010/010,brics-odroid-017_cam1,136,2,0,good|good,2,6.5664,6.5664,6.5845,6.5867,6.589
p36-tea-0010/010,brics-odroid-017_cam1,153,2,2,zero_sentinel|zero_sentinel,,,,,,
p36-tea-0010/010,brics-odroid-017_cam1,17,2,0,good|good,2,4.7432,4.7432,5.3859,5.4663,5.5466
p36-tea-0010/010,brics-odroid-017_cam1,170,1,1,zero_sentinel,,,,,,
p36-tea-0010/010,brics-odroid-017_cam1,171,1,1,zero_sentinel,,,,,,
p36-tea-0010/010,brics-odroid-017_cam1,187,1,0,good,1,5.3136,5.3136,5.3136,5.3136,5.3136
p36-tea-0010/010,brics-odroid-017_cam1,218,1,0,medium,1,28.2572,28.2572,28.2572,28.2572,28.2572
p36-tea-0010/010,brics-odroid-017_cam1,220,1,1,zero_sentinel,,,,,,
p36-tea-0010/010,brics-odroid-017_cam1,235,1,0,good,1,4.9029,4.9029,4.9029,4.9029,4.9029
p36-tea-0010/010,brics-odroid-017_cam1,237,1,0,good,1,4.8999,4.8999,4.8999,4.8999,4.8999
p36-tea-0010/010,brics-odroid-017_cam1,252,1,0,good,1,4.8097,4.8097,4.8097,4.8097,4.8097
p36-tea-0010/010,brics-odroid-017_cam1,254,1,1,zero_sentinel,,,,,,
p36-tea-0010/010,brics-odroid-017_cam1,269,1,0,good,1,3.3803,3.3803,3.3803,3.3803,3.3803
p36-tea-0010/010,brics-odroid-017_cam1,271,1,0,good,1,9.5448,9.5448,9.5448,9.5448,9.5448
p36-tea-0010/010,brics-odroid-017_cam1,286,1,0,good,1,4.6823,4.6823,4.6823,4.6823,4.6823
p36-tea-0010/010,brics-odroid-017_cam1,288,1,0,good,1,7.1847,7.1847,7.1847,7.1847,7.1847
p36-tea-0010/010,brics-odroid-017_cam1,303,1,0,good,1,4.6604,4.6604,4.6604,4.6604,4.6604
p36-tea-0010/010,brics-odroid-017_cam1,305,1,0,good,1,7.8201,7.8201,7.8201,7.8201,7.8201
p36-tea-0010/010,brics-odroid-017_cam1,320,1,0,good,1,4.4664,4.4664,4.4664,4.4664,4.4664
p36-tea-0010/010,brics-odroid-017_cam1,322,1,0,good,1,7.3078,7.3078,7.3078,7.3078,7.3078
p36-tea-0010/010,brics-odroid-017_cam1,337,1,0,good,1,3.9799,3.9799,3.9799,3.9799,3.9799
p36-tea-0010/010,brics-odroid-017_cam1,339,1,0,good,1,8.0911,8.0911,8.0911,8.0911,8.0911
p36-tea-0010/010,brics-odroid-017_cam1,34,2,0,good|good,2,4.3263,4.3263,5.374,5.5049,5.6359
p36-tea-0010/010,brics-odroid-017_cam1,354,1,0,good,1,5.4271,5.4271,5.4271,5.4271,5.4271
p36-tea-0010/010,brics-odroid-017_cam1,51,2,0,good|good,2,4.5413,4.5413,5.2023,5.2849,5.3675
p36-tea-0010/010,brics-odroid-017_cam1,68,2,0,good|good,2,5.1065,5.1065,5.6124,5.6757,5.7389
p36-tea-0010/010,brics-odroid-017_cam1,85,2,0,good|medium,2,8.7495,8.7495,9.9541,10.1047,10.2553
p36-tea-0010/010,brics-odroid-019_cam1,0,2,0,good|good,2,6.3811,6.3811,7.7298,7.8984,8.067
p36-tea-0010/010,brics-odroid-019_cam1,102,2,2,zero_sentinel|zero_sentinel,,,,,,
p36-tea-0010/010,brics-odroid-019_cam1,119,2,2,zero_sentinel|zero_sentinel,,,,,,
p36-tea-0010/010,brics-odroid-019_cam1,136,2,2,zero_sentinel|zero_sentinel,,,,,,
p36-tea-0010/010,brics-odroid-019_cam1,153,2,2,zero_sentinel|zero_sentinel,,,,,,
p36-tea-0010/010,brics-odroid-019_cam1,17,2,0,good|medium,2,10.7095,10.7095,12.8623,13.1314,13.4005
p36-tea-0010/010,brics-odroid-019_cam1,170,1,1,zero_sentinel,,,,,,
p36-tea-0010/010,brics-odroid-019_cam1,171,1,1,zero_sentinel,,,,,,
p36-tea-0010/010,brics-odroid-019_cam1,187,1,1,zero_sentinel,,,,,,
p36-tea-0010/010,brics-odroid-019_cam1,218,1,1,zero_sentinel,,,,,,
p36-tea-0010/010,brics-odroid-019_cam1,220,1,1,zero_sentinel,,,,,,
p36-tea-0010/010,brics-odroid-019_cam1,235,1,1,zero_sentinel,,,,,,
p36-tea-0010/010,brics-odroid-019_cam1,237,1,1,zero_sentinel,,,,,,
p36-tea-0010/010,brics-odroid-019_cam1,252,1,1,zero_sentinel,,,,,,
p36-tea-0010/010,brics-odroid-019_cam1,254,1,1,zero_sentinel,,,,,,
p36-tea-0010/010,brics-odroid-019_cam1,269,1,0,medium,1,15.0625,15.0625,15.0625,15.0625,15.0625
p36-tea-0010/010,brics-odroid-019_cam1,271,1,0,medium,1,10.8987,10.8987,10.8987,10.8987,10.8987
p36-tea-0010/010,brics-odroid-019_cam1,286,1,0,medium,1,12.2508,12.2508,12.2508,12.2508,12.2508
p36-tea-0010/010,brics-odroid-019_cam1,288,1,0,medium,1,14.3041,14.3041,14.3041,14.3041,14.3041
p36-tea-0010/010,brics-odroid-019_cam1,303,1,0,good,1,8.6552,8.6552,8.6552,8.6552,8.6552
p36-tea-0010/010,brics-odroid-019_cam1,305,1,0,medium,1,19.3942,19.3942,19.3942,19.3942,19.3942
p36-tea-0010/010,brics-odroid-019_cam1,320,1,0,medium,1,10.7185,10.7185,10.7185,10.7185,10.7185
p36-tea-0010/010,brics-odroid-019_cam1,322,1,0,medium,1,19.1762,19.1762,19.1762,19.1762,19.1762
p36-tea-0010/010,brics-odroid-019_cam1,337,1,0,medium,1,10.6938,10.6938,10.6938,10.6938,10.6938
p36-tea-0010/010,brics-odroid-019_cam1,339,1,0,medium,1,23.4691,23.4691,23.4691,23.4691,23.4691
p36-tea-0010/010,brics-odroid-019_cam1,34,2,0,good|medium,2,10.4838,10.4838,12.0844,12.2844,12.4845
p36-tea-0010/010,brics-odroid-019_cam1,354,1,0,medium,1,10.2038,10.2038,10.2038,10.2038,10.2038
p36-tea-0010/010,brics-odroid-019_cam1,51,2,0,good|medium,2,10.0892,10.0892,11.5533,11.7363,11.9193
p36-tea-0010/010,brics-odroid-019_cam1,68,2,0,good|medium,2,10.2195,10.2195,12.724,13.037,13.3501
p36-tea-0010/010,brics-odroid-019_cam1,85,2,2,zero_sentinel|zero_sentinel,,,,,,
p36-tea-0010/010,brics-odroid-020_cam0,0,2,1,bad|zero_sentinel,1,582.3517,582.3517,582.3517,582.3517,582.3517
p36-tea-0010/010,brics-odroid-020_cam0,102,2,2,zero_sentinel|zero_sentinel,,,,,,
p36-tea-0010/010,brics-odroid-020_cam0,119,2,2,zero_sentinel|zero_sentinel,,,,,,
p36-tea-0010/010,brics-odroid-020_cam0,136,2,2,zero_sentinel|zero_sentinel,,,,,,
p36-tea-0010/010,brics-odroid-020_cam0,153,2,1,bad|zero_sentinel,1,277.7609,277.7609,277.7609,277.7609,277.7609
p36-tea-0010/010,brics-odroid-020_cam0,17,2,1,bad|zero_sentinel,1,695.8143,695.8143,695.8143,695.8143,695.8143
p36-tea-0010/010,brics-odroid-020_cam0,170,1,1,zero_sentinel,,,,,,
p36-tea-0010/010,brics-odroid-020_cam0,171,1,1,zero_sentinel,,,,,,
p36-tea-0010/010,brics-odroid-020_cam0,187,1,1,zero_sentinel,,,,,,
p36-tea-0010/010,brics-odroid-020_cam0,218,1,1,zero_sentinel,,,,,,
p36-tea-0010/010,brics-odroid-020_cam0,220,1,1,zero_sentinel,,,,,,
p36-tea-0010/010,brics-odroid-020_cam0,235,1,1,zero_sentinel,,,,,,
p36-tea-0010/010,brics-odroid-020_cam0,237,1,1,zero_sentinel,,,,,,
p36-tea-0010/010,brics-odroid-020_cam0,252,1,1,zero_sentinel,,,,,,
p36-tea-0010/010,brics-odroid-020_cam0,254,1,0,medium,1,27.4703,27.4703,27.4703,27.4703,27.4703
p36-tea-0010/010,brics-odroid-020_cam0,269,1,0,medium,1,12.5455,12.5455,12.5455,12.5455,12.5455
p36-tea-0010/010,brics-odroid-020_cam0,271,1,1,zero_sentinel,,,,,,
p36-tea-0010/010,brics-odroid-020_cam0,286,1,0,good,1,9.1328,9.1328,9.1328,9.1328,9.1328
p36-tea-0010/010,brics-odroid-020_cam0,288,1,1,zero_sentinel,,,,,,
p36-tea-0010/010,brics-odroid-020_cam0,303,1,0,good,1,7.1874,7.1874,7.1874,7.1874,7.1874
p36-tea-0010/010,brics-odroid-020_cam0,305,1,1,zero_sentinel,,,,,,
p36-tea-0010/010,brics-odroid-020_cam0,320,1,0,good,1,8.0657,8.0657,8.0657,8.0657,8.0657
p36-tea-0010/010,brics-odroid-020_cam0,322,1,1,zero_sentinel,,,,,,
p36-tea-0010/010,brics-odroid-020_cam0,337,1,0,good,1,6.1716,6.1716,6.1716,6.1716,6.1716
p36-tea-0010/010,brics-odroid-020_cam0,339,1,1,zero_sentinel,,,,,,
p36-tea-0010/010,brics-odroid-020_cam0,34,2,0,good|medium,2,27.4714,27.4714,42.7592,44.6702,46.5812
p36-tea-0010/010,brics-odroid-020_cam0,354,1,0,good,1,6.9588,6.9588,6.9588,6.9588,6.9588
p36-tea-0010/010,brics-odroid-020_cam0,51,2,0,bad|good,2,175.6513,175.6513,309.2368,325.935,342.6332
p36-tea-0010/010,brics-odroid-020_cam0,68,2,1,good|zero_sentinel,1,9.1847,9.1847,9.1847,9.1847,9.1847
p36-tea-0010/010,brics-odroid-020_cam0,85,2,0,bad|medium,2,115.3615,115.3615,194.2797,204.1445,214.0093
p36-tea-0010/010,brics-odroid-020_cam1,0,2,0,bad|bad,2,354.2114,354.2114,502.8777,521.461,540.0443
p36-tea-0010/010,brics-odroid-020_cam1,102,2,0,bad|good,2,103.0273,103.0273,182.8201,192.7942,202.7683
p36-tea-0010/010,brics-odroid-020_cam1,119,2,1,bad|zero_sentinel,1,250.9064,250.9064,250.9064,250.9064,250.9064
p36-tea-0010/010,brics-odroid-020_cam1,136,2,1,good|zero_sentinel,1,5.1137,5.1137,5.1137,5.1137,5.1137
p36-tea-0010/010,brics-odroid-020_cam1,153,2,0,bad|good,2,88.3162,88.3162,154.7785,163.0863,171.3941
p36-tea-0010/010,brics-odroid-020_cam1,17,2,0,bad|bad,2,211.0573,211.0573,239.8975,243.5026,247.1076
p36-tea-0010/010,brics-odroid-020_cam1,170,1,0,good,1,5.6301,5.6301,5.6301,5.6301,5.6301
p36-tea-0010/010,brics-odroid-020_cam1,171,1,0,good,1,4.071,4.071,4.071,4.071,4.071
p36-tea-0010/010,brics-odroid-020_cam1,187,1,0,good,1,4.7602,4.7602,4.7602,4.7602,4.7602
p36-tea-0010/010,brics-odroid-020_cam1,218,1,0,good,1,4.3943,4.3943,4.3943,4.3943,4.3943
p36-tea-0010/010,brics-odroid-020_cam1,220,1,0,good,1,7.6424,7.6424,7.6424,7.6424,7.6424
p36-tea-0010/010,brics-odroid-020_cam1,235,1,0,bad,1,182.607,182.607,182.607,182.607,182.607
p36-tea-0010/010,brics-odroid-020_cam1,237,1,0,good,1,5.4977,5.4977,5.4977,5.4977,5.4977
p36-tea-0010/010,brics-odroid-020_cam1,252,1,1,zero_sentinel,,,,,,
p36-tea-0010/010,brics-odroid-020_cam1,254,1,1,zero_sentinel,,,,,,
p36-tea-0010/010,brics-odroid-020_cam1,269,1,0,bad,1,221.6789,221.6789,221.6789,221.6789,221.6789
p36-tea-0010/010,brics-odroid-020_cam1,271,1,1,zero_sentinel,,,,,,
p36-tea-0010/010,brics-odroid-020_cam1,286,1,0,good,1,3.9591,3.9591,3.9591,3.9591,3.9591
p36-tea-0010/010,brics-odroid-020_cam1,288,1,0,bad,1,218.2368,218.2368,218.2368,218.2368,218.2368
p36-tea-0010/010,brics-odroid-020_cam1,303,1,0,bad,1,219.8858,219.8858,219.8858,219.8858,219.8858
p36-tea-0010/010,brics-odroid-020_cam1,305,1,0,good,1,8.3702,8.3702,8.3702,8.3702,8.3702
p36-tea-0010/010,brics-odroid-020_cam1,320,1,0,bad,1,227.3175,227.3175,227.3175,227.3175,227.3175
p36-tea-0010/010,brics-odroid-020_cam1,322,1,0,bad,1,215.0582,215.0582,215.0582,215.0582,215.0582
p36-tea-0010/010,brics-odroid-020_cam1,337,1,0,bad,1,232.4874,232.4874,232.4874,232.4874,232.4874
p36-tea-0010/010,brics-odroid-020_cam1,339,1,0,bad,1,220.0738,220.0738,220.0738,220.0738,220.0738
p36-tea-0010/010,brics-odroid-020_cam1,34,2,0,good|good,2,6.3865,6.3865,6.5834,6.608,6.6326
p36-tea-0010/010,brics-odroid-020_cam1,354,1,0,bad,1,238.2749,238.2749,238.2749,238.2749,238.2749
p36-tea-0010/010,brics-odroid-020_cam1,51,2,0,good|good,2,5.9473,5.9473,7.181,7.3352,7.4894
p36-tea-0010/010,brics-odroid-020_cam1,68,2,2,zero_sentinel|zero_sentinel,,,,,,
p36-tea-0010/010,brics-odroid-020_cam1,85,2,0,good|good,2,3.9882,3.9882,4.8882,5.0007,5.1132
p36-tea-0010/010,brics-odroid-021_cam0,0,2,0,good|good,2,4.5736,4.5736,4.5908,4.593,4.5951
p36-tea-0010/010,brics-odroid-021_cam0,102,2,0,good|good,2,6.8986,6.8986,8.3972,8.5846,8.7719
p36-tea-0010/010,brics-odroid-021_cam0,119,2,0,good|good,2,8.6905,8.6905,8.9305,8.9605,8.9905
p36-tea-0010/010,brics-odroid-021_cam0,136,2,0,good|good,2,5.5943,5.5943,6.0402,6.096,6.1517
p36-tea-0010/010,brics-odroid-021_cam0,153,2,2,zero_sentinel|zero_sentinel,,,,,,
p36-tea-0010/010,brics-odroid-021_cam0,17,2,0,good|good,2,4.5633,4.5633,5.3944,5.4983,5.6022
p36-tea-0010/010,brics-odroid-021_cam0,170,1,1,zero_sentinel,,,,,,
p36-tea-0010/010,brics-odroid-021_cam0,171,1,1,zero_sentinel,,,,,,
p36-tea-0010/010,brics-odroid-021_cam0,187,1,1,zero_sentinel,,,,,,
p36-tea-0010/010,brics-odroid-021_cam0,218,1,1,zero_sentinel,,,,,,
p36-tea-0010/010,brics-odroid-021_cam0,220,1,1,zero_sentinel,,,,,,
p36-tea-0010/010,brics-odroid-021_cam0,235,1,0,medium,1,49.8446,49.8446,49.8446,49.8446,49.8446
p36-tea-0010/010,brics-odroid-021_cam0,237,1,0,medium,1,10.8566,10.8566,10.8566,10.8566,10.8566
p36-tea-0010/010,brics-odroid-021_cam0,252,1,1,zero_sentinel,,,,,,
p36-tea-0010/010,brics-odroid-021_cam0,254,1,1,zero_sentinel,,,,,,
p36-tea-0010/010,brics-odroid-021_cam0,269,1,0,good,1,4.383,4.383,4.383,4.383,4.383
p36-tea-0010/010,brics-odroid-021_cam0,271,1,0,good,1,7.4671,7.4671,7.4671,7.4671,7.4671
p36-tea-0010/010,brics-odroid-021_cam0,286,1,0,good,1,4.2198,4.2198,4.2198,4.2198,4.2198
p36-tea-0010/010,brics-odroid-021_cam0,288,1,0,good,1,6.7823,6.7823,6.7823,6.7823,6.7823
p36-tea-0010/010,brics-odroid-021_cam0,303,1,0,good,1,6.1758,6.1758,6.1758,6.1758,6.1758
p36-tea-0010/010,brics-odroid-021_cam0,305,1,0,good,1,5.7632,5.7632,5.7632,5.7632,5.7632
p36-tea-0010/010,brics-odroid-021_cam0,320,1,0,good,1,5.9424,5.9424,5.9424,5.9424,5.9424
p36-tea-0010/010,brics-odroid-021_cam0,322,1,0,good,1,7.0714,7.0714,7.0714,7.0714,7.0714
p36-tea-0010/010,brics-odroid-021_cam0,337,1,0,good,1,5.2979,5.2979,5.2979,5.2979,5.2979
p36-tea-0010/010,brics-odroid-021_cam0,339,1,0,good,1,8.2072,8.2072,8.2072,8.2072,8.2072
p36-tea-0010/010,brics-odroid-021_cam0,34,2,0,good|good,2,4.6287,4.6287,5.1433,5.2076,5.2719
p36-tea-0010/010,brics-odroid-021_cam0,354,1,0,good,1,6.773,6.773,6.773,6.773,6.773
p36-tea-0010/010,brics-odroid-021_cam0,51,2,0,good|good,2,4.2244,4.2244,4.5113,4.5471,4.583
p36-tea-0010/010,brics-odroid-021_cam0,68,2,0,good|good,2,5.4829,5.4829,6.0983,6.1753,6.2522
p36-tea-0010/010,brics-odroid-021_cam0,85,2,0,good|medium,2,7.6143,7.6143,9.6712,9.9284,10.1855
p36-tea-0010/010,brics-odroid-021_cam1,0,2,0,good|good,2,3.4574,3.4574,3.8217,3.8673,3.9128
p36-tea-0010/010,brics-odroid-021_cam1,102,2,1,good|zero_sentinel,1,4.8748,4.8748,4.8748,4.8748,4.8748
p36-tea-0010/010,brics-odroid-021_cam1,119,2,1,good|zero_sentinel,1,7.076,7.076,7.076,7.076,7.076
p36-tea-0010/010,brics-odroid-021_cam1,136,2,0,bad|good,2,50.6957,50.6957,87.7604,92.3934,97.0265
p36-tea-0010/010,brics-odroid-021_cam1,153,2,2,zero_sentinel|zero_sentinel,,,,,,
p36-tea-0010/010,brics-odroid-021_cam1,17,2,0,good|good,2,4.2333,4.2333,5.5451,5.7091,5.8731
p36-tea-0010/010,brics-odroid-021_cam1,170,1,1,zero_sentinel,,,,,,
p36-tea-0010/010,brics-odroid-021_cam1,171,1,1,zero_sentinel,,,,,,
p36-tea-0010/010,brics-odroid-021_cam1,187,1,1,zero_sentinel,,,,,,
p36-tea-0010/010,brics-odroid-021_cam1,218,1,1,zero_sentinel,,,,,,
p36-tea-0010/010,brics-odroid-021_cam1,220,1,1,zero_sentinel,,,,,,
p36-tea-0010/010,brics-odroid-021_cam1,235,1,1,zero_sentinel,,,,,,
p36-tea-0010/010,brics-odroid-021_cam1,237,1,0,good,1,9.0029,9.0029,9.0029,9.0029,9.0029
p36-tea-0010/010,brics-odroid-021_cam1,252,1,0,bad,1,193.7882,193.7882,193.7882,193.7882,193.7882
p36-tea-0010/010,brics-odroid-021_cam1,254,1,0,good,1,6.5135,6.5135,6.5135,6.5135,6.5135
p36-tea-0010/010,brics-odroid-021_cam1,269,1,0,good,1,2.399,2.399,2.399,2.399,2.399
p36-tea-0010/010,brics-odroid-021_cam1,271,1,0,good,1,5.5491,5.5491,5.5491,5.5491,5.5491
p36-tea-0010/010,brics-odroid-021_cam1,286,1,0,good,1,3.313,3.313,3.313,3.313,3.313
p36-tea-0010/010,brics-odroid-021_cam1,288,1,0,good,1,5.87,5.87,5.87,5.87,5.87
p36-tea-0010/010,brics-odroid-021_cam1,303,1,0,good,1,1.7766,1.7766,1.7766,1.7766,1.7766
p36-tea-0010/010,brics-odroid-021_cam1,305,1,0,good,1,3.4562,3.4562,3.4562,3.4562,3.4562
p36-tea-0010/010,brics-odroid-021_cam1,320,1,0,good,1,3.1406,3.1406,3.1406,3.1406,3.1406
p36-tea-0010/010,brics-odroid-021_cam1,322,1,0,good,1,3.8612,3.8612,3.8612,3.8612,3.8612
p36-tea-0010/010,brics-odroid-021_cam1,337,1,0,good,1,3.8831,3.8831,3.8831,3.8831,3.8831
p36-tea-0010/010,brics-odroid-021_cam1,339,1,0,good,1,4.4186,4.4186,4.4186,4.4186,4.4186
p36-tea-0010/010,brics-odroid-021_cam1,34,2,0,good|good,2,3.4101,3.4101,4.0239,4.1006,4.1773
p36-tea-0010/010,brics-odroid-021_cam1,354,1,0,good,1,3.2835,3.2835,3.2835,3.2835,3.2835
p36-tea-0010/010,brics-odroid-021_cam1,51,2,0,good|good,2,4.8799,4.8799,5.976,6.113,6.25
p36-tea-0010/010,brics-odroid-021_cam1,68,2,0,good|good,2,3.1842,3.1842,3.7862,3.8615,3.9367
p36-tea-0010/010,brics-odroid-021_cam1,85,2,1,good|zero_sentinel,1,4.0788,4.0788,4.0788,4.0788,4.0788
p36-tea-0010/010,brics-odroid-022_cam0,0,2,2,zero_sentinel|zero_sentinel,,,,,,
p36-tea-0010/010,brics-odroid-022_cam0,102,2,2,zero_sentinel|zero_sentinel,,,,,,
p36-tea-0010/010,brics-odroid-022_cam0,119,2,2,zero_sentinel|zero_sentinel,,,,,,
p36-tea-0010/010,brics-odroid-022_cam0,136,2,2,zero_sentinel|zero_sentinel,,,,,,
p36-tea-0010/010,brics-odroid-022_cam0,153,2,2,zero_sentinel|zero_sentinel,,,,,,
p36-tea-0010/010,brics-odroid-022_cam0,17,2,0,good|good,2,8.4336,8.4336,9.327,9.4387,9.5504
p36-tea-0010/010,brics-odroid-022_cam0,170,1,1,zero_sentinel,,,,,,
p36-tea-0010/010,brics-odroid-022_cam0,171,1,1,zero_sentinel,,,,,,
p36-tea-0010/010,brics-odroid-022_cam0,187,1,1,zero_sentinel,,,,,,
p36-tea-0010/010,brics-odroid-022_cam0,218,1,0,bad,1,148.3963,148.3963,148.3963,148.3963,148.3963
p36-tea-0010/010,brics-odroid-022_cam0,220,1,1,zero_sentinel,,,,,,
p36-tea-0010/010,brics-odroid-022_cam0,235,1,1,zero_sentinel,,,,,,
p36-tea-0010/010,brics-odroid-022_cam0,237,1,1,zero_sentinel,,,,,,
p36-tea-0010/010,brics-odroid-022_cam0,252,1,1,zero_sentinel,,,,,,
p36-tea-0010/010,brics-odroid-022_cam0,254,1,1,zero_sentinel,,,,,,
p36-tea-0010/010,brics-odroid-022_cam0,269,1,1,zero_sentinel,,,,,,
p36-tea-0010/010,brics-odroid-022_cam0,271,1,0,good,1,3.5759,3.5759,3.5759,3.5759,3.5759
p36-tea-0010/010,brics-odroid-022_cam0,286,1,1,zero_sentinel,,,,,,
p36-tea-0010/010,brics-odroid-022_cam0,288,1,1,zero_sentinel,,,,,,
p36-tea-0010/010,brics-odroid-022_cam0,303,1,0,good,1,5.2866,5.2866,5.2866,5.2866,5.2866
p36-tea-0010/010,brics-odroid-022_cam0,305,1,0,good,1,2.705,2.705,2.705,2.705,2.705
p36-tea-0010/010,brics-odroid-022_cam0,320,1,0,good,1,4.3554,4.3554,4.3554,4.3554,4.3554
p36-tea-0010/010,brics-odroid-022_cam0,322,1,0,good,1,3.4655,3.4655,3.4655,3.4655,3.4655
p36-tea-0010/010,brics-odroid-022_cam0,337,1,0,good,1,4.7259,4.7259,4.7259,4.7259,4.7259
p36-tea-0010/010,brics-odroid-022_cam0,339,1,0,good,1,3.1489,3.1489,3.1489,3.1489,3.1489
p36-tea-0010/010,brics-odroid-022_cam0,34,2,0,good|good,2,6.1201,6.1201,6.6395,6.7045,6.7694
p36-tea-0010/010,brics-odroid-022_cam0,354,1,1,zero_sentinel,,,,,,
p36-tea-0010/010,brics-odroid-022_cam0,51,2,0,good|good,2,4.4071,4.4071,5.9586,6.1526,6.3465
p36-tea-0010/010,brics-odroid-022_cam0,68,2,2,zero_sentinel|zero_sentinel,,,,,,
p36-tea-0010/010,brics-odroid-022_cam0,85,2,2,zero_sentinel|zero_sentinel,,,,,,
p36-tea-0010/010,brics-odroid-022_cam1,0,2,0,good|good,2,2.7026,2.7026,3.1527,3.2089,3.2652
p36-tea-0010/010,brics-odroid-022_cam1,102,2,2,zero_sentinel|zero_sentinel,,,,,,
p36-tea-0010/010,brics-odroid-022_cam1,119,2,2,zero_sentinel|zero_sentinel,,,,,,
p36-tea-0010/010,brics-odroid-022_cam1,136,2,2,zero_sentinel|zero_sentinel,,,,,,
p36-tea-0010/010,brics-odroid-022_cam1,153,2,2,zero_sentinel|zero_sentinel,,,,,,
p36-tea-0010/010,brics-odroid-022_cam1,17,2,0,good|good,2,3.7024,3.7024,3.8635,3.8837,3.9038
p36-tea-0010/010,brics-odroid-022_cam1,170,1,1,zero_sentinel,,,,,,
p36-tea-0010/010,brics-odroid-022_cam1,171,1,1,zero_sentinel,,,,,,
p36-tea-0010/010,brics-odroid-022_cam1,187,1,1,zero_sentinel,,,,,,
p36-tea-0010/010,brics-odroid-022_cam1,218,1,1,zero_sentinel,,,,,,
p36-tea-0010/010,brics-odroid-022_cam1,220,1,1,zero_sentinel,,,,,,
p36-tea-0010/010,brics-odroid-022_cam1,235,1,1,zero_sentinel,,,,,,
p36-tea-0010/010,brics-odroid-022_cam1,237,1,1,zero_sentinel,,,,,,
p36-tea-0010/010,brics-odroid-022_cam1,252,1,0,good,1,6.3434,6.3434,6.3434,6.3434,6.3434
p36-tea-0010/010,brics-odroid-022_cam1,254,1,0,good,1,6.296,6.296,6.296,6.296,6.296
p36-tea-0010/010,brics-odroid-022_cam1,269,1,0,good,1,3.326,3.326,3.326,3.326,3.326
p36-tea-0010/010,brics-odroid-022_cam1,271,1,0,good,1,4.2345,4.2345,4.2345,4.2345,4.2345
p36-tea-0010/010,brics-odroid-022_cam1,286,1,0,good,1,4.1854,4.1854,4.1854,4.1854,4.1854
p36-tea-0010/010,brics-odroid-022_cam1,288,1,0,good,1,4.09,4.09,4.09,4.09,4.09
p36-tea-0010/010,brics-odroid-022_cam1,303,1,0,good,1,4.4256,4.4256,4.4256,4.4256,4.4256
p36-tea-0010/010,brics-odroid-022_cam1,305,1,0,good,1,4.4993,4.4993,4.4993,4.4993,4.4993
p36-tea-0010/010,brics-odroid-022_cam1,320,1,0,good,1,4.2389,4.2389,4.2389,4.2389,4.2389
p36-tea-0010/010,brics-odroid-022_cam1,322,1,0,good,1,3.9408,3.9408,3.9408,3.9408,3.9408
p36-tea-0010/010,brics-odroid-022_cam1,337,1,0,good,1,3.4517,3.4517,3.4517,3.4517,3.4517
p36-tea-0010/010,brics-odroid-022_cam1,339,1,0,good,1,5.3598,5.3598,5.3598,5.3598,5.3598
p36-tea-0010/010,brics-odroid-022_cam1,34,2,0,good|good,2,4.2922,4.2922,5.6456,5.8147,5.9839
p36-tea-0010/010,brics-odroid-022_cam1,354,1,0,good,1,4.5387,4.5387,4.5387,4.5387,4.5387
p36-tea-0010/010,brics-odroid-022_cam1,51,2,0,good|good,2,3.6283,3.6283,4.8456,4.9977,5.1499
p36-tea-0010/010,brics-odroid-022_cam1,68,2,0,good|good,2,4.0684,4.0684,4.7391,4.823,4.9068
p36-tea-0010/010,brics-odroid-022_cam1,85,2,0,good|good,2,4.3584,4.3584,5.5287,5.675,5.8213
p36-tea-0010/010,brics-odroid-023_cam0,0,2,0,good|medium,2,6.3503,6.3503,9.355,9.7305,10.1061
p36-tea-0010/010,brics-odroid-023_cam0,102,2,0,good|medium,2,14.1108,14.1108,18.2533,18.7711,19.2889
p36-tea-0010/010,brics-odroid-023_cam0,119,2,0,good|medium,2,13.1925,13.1925,17.2061,17.7078,18.2095
p36-tea-0010/010,brics-odroid-023_cam0,136,2,0,good|medium,2,13.202,13.202,16.2303,16.6089,16.9874
p36-tea-0010/010,brics-odroid-023_cam0,153,2,0,medium|medium,2,15.8782,15.8782,17.8341,18.0786,18.3231
p36-tea-0010/010,brics-odroid-023_cam0,17,2,0,good|good,2,5.5984,5.5984,5.9234,5.9641,6.0047
p36-tea-0010/010,brics-odroid-023_cam0,170,1,0,medium,1,30.173,30.173,30.173,30.173,30.173
p36-tea-0010/010,brics-odroid-023_cam0,171,1,0,medium,1,45.5141,45.5141,45.5141,45.5141,45.5141
p36-tea-0010/010,brics-odroid-023_cam0,187,1,0,medium,1,18.1261,18.1261,18.1261,18.1261,18.1261
p36-tea-0010/010,brics-odroid-023_cam0,218,1,0,medium,1,31.8463,31.8463,31.8463,31.8463,31.8463
p36-tea-0010/010,brics-odroid-023_cam0,220,1,0,medium,1,14.3708,14.3708,14.3708,14.3708,14.3708
p36-tea-0010/010,brics-odroid-023_cam0,235,1,0,medium,1,12.9084,12.9084,12.9084,12.9084,12.9084
p36-tea-0010/010,brics-odroid-023_cam0,237,1,0,medium,1,13.3737,13.3737,13.3737,13.3737,13.3737
p36-tea-0010/010,brics-odroid-023_cam0,252,1,0,good,1,8.2399,8.2399,8.2399,8.2399,8.2399
p36-tea-0010/010,brics-odroid-023_cam0,254,1,0,good,1,8.4841,8.4841,8.4841,8.4841,8.4841
p36-tea-0010/010,brics-odroid-023_cam0,269,1,0,good,1,4.8873,4.8873,4.8873,4.8873,4.8873
p36-tea-0010/010,brics-odroid-023_cam0,271,1,0,good,1,9.1005,9.1005,9.1005,9.1005,9.1005
p36-tea-0010/010,brics-odroid-023_cam0,286,1,0,good,1,7.6286,7.6286,7.6286,7.6286,7.6286
p36-tea-0010/010,brics-odroid-023_cam0,288,1,0,good,1,7.4735,7.4735,7.4735,7.4735,7.4735
p36-tea-0010/010,brics-odroid-023_cam0,303,1,0,good,1,6.03,6.03,6.03,6.03,6.03
p36-tea-0010/010,brics-odroid-023_cam0,305,1,0,good,1,9.1871,9.1871,9.1871,9.1871,9.1871
p36-tea-0010/010,brics-odroid-023_cam0,320,1,0,good,1,5.7193,5.7193,5.7193,5.7193,5.7193
p36-tea-0010/010,brics-odroid-023_cam0,322,1,0,good,1,8.5557,8.5557,8.5557,8.5557,8.5557
p36-tea-0010/010,brics-odroid-023_cam0,337,1,0,good,1,6.1402,6.1402,6.1402,6.1402,6.1402
p36-tea-0010/010,brics-odroid-023_cam0,339,1,0,good,1,7.767,7.767,7.767,7.767,7.767
p36-tea-0010/010,brics-odroid-023_cam0,34,2,0,good|good,2,5.0818,5.0818,5.2171,5.234,5.2509
p36-tea-0010/010,brics-odroid-023_cam0,354,1,0,good,1,9.0839,9.0839,9.0839,9.0839,9.0839
p36-tea-0010/010,brics-odroid-023_cam0,51,2,0,good|good,2,8.4627,8.4627,9.0811,9.1584,9.2357
p36-tea-0010/010,brics-odroid-023_cam0,68,2,0,good|good,2,7.2176,7.2176,8.1782,8.2983,8.4184
p36-tea-0010/010,brics-odroid-023_cam0,85,2,0,good|medium,2,9.5717,9.5717,10.9885,11.1656,11.3427
p36-tea-0010/010,brics-odroid-024_cam0,0,2,1,good|zero_sentinel,1,4.8283,4.8283,4.8283,4.8283,4.8283
p36-tea-0010/010,brics-odroid-024_cam0,102,2,0,medium|medium,2,13.3086,13.3086,15.9119,16.2373,16.5627
p36-tea-0010/010,brics-odroid-024_cam0,119,2,0,medium|medium,2,15.3019,15.3019,16.983,17.1932,17.4033
p36-tea-0010/010,brics-odroid-024_cam0,136,2,0,medium|medium,2,15.3091,15.3091,17.3326,17.5855,17.8384
p36-tea-0010/010,brics-odroid-024_cam0,153,2,0,medium|medium,2,20.7369,20.7369,23.5238,23.8721,24.2205
p36-tea-0010/010,brics-odroid-024_cam0,17,2,0,good|medium,2,9.1919,9.1919,12.3132,12.7033,13.0935
p36-tea-0010/010,brics-odroid-024_cam0,170,1,0,medium,1,23.8191,23.8191,23.8191,23.8191,23.8191
p36-tea-0010/010,brics-odroid-024_cam0,171,1,0,medium,1,18.5647,18.5647,18.5647,18.5647,18.5647
p36-tea-0010/010,brics-odroid-024_cam0,187,1,0,medium,1,27.081,27.081,27.081,27.081,27.081
p36-tea-0010/010,brics-odroid-024_cam0,218,1,0,medium,1,17.7855,17.7855,17.7855,17.7855,17.7855
p36-tea-0010/010,brics-odroid-024_cam0,220,1,0,medium,1,27.4307,27.4307,27.4307,27.4307,27.4307
p36-tea-0010/010,brics-odroid-024_cam0,235,1,0,medium,1,14.6092,14.6092,14.6092,14.6092,14.6092
p36-tea-0010/010,brics-odroid-024_cam0,237,1,0,medium,1,13.1009,13.1009,13.1009,13.1009,13.1009
p36-tea-0010/010,brics-odroid-024_cam0,252,1,0,medium,1,11.0852,11.0852,11.0852,11.0852,11.0852
p36-tea-0010/010,brics-odroid-024_cam0,254,1,0,medium,1,13.3622,13.3622,13.3622,13.3622,13.3622
p36-tea-0010/010,brics-odroid-024_cam0,269,1,0,medium,1,10.7216,10.7216,10.7216,10.7216,10.7216
p36-tea-0010/010,brics-odroid-024_cam0,271,1,0,good,1,9.3854,9.3854,9.3854,9.3854,9.3854
p36-tea-0010/010,brics-odroid-024_cam0,286,1,0,medium,1,10.7377,10.7377,10.7377,10.7377,10.7377
p36-tea-0010/010,brics-odroid-024_cam0,288,1,0,good,1,7.6471,7.6471,7.6471,7.6471,7.6471
p36-tea-0010/010,brics-odroid-024_cam0,303,1,0,medium,1,11.4265,11.4265,11.4265,11.4265,11.4265
p36-tea-0010/010,brics-odroid-024_cam0,305,1,0,good,1,7.5773,7.5773,7.5773,7.5773,7.5773
p36-tea-0010/010,brics-odroid-024_cam0,320,1,0,medium,1,10.8091,10.8091,10.8091,10.8091,10.8091
p36-tea-0010/010,brics-odroid-024_cam0,322,1,0,good,1,6.7036,6.7036,6.7036,6.7036,6.7036
p36-tea-0010/010,brics-odroid-024_cam0,337,1,0,medium,1,11.0385,11.0385,11.0385,11.0385,11.0385
p36-tea-0010/010,brics-odroid-024_cam0,339,1,0,good,1,8.3049,8.3049,8.3049,8.3049,8.3049
p36-tea-0010/010,brics-odroid-024_cam0,34,2,0,good|good,2,7.766,7.766,8.1515,8.1997,8.2479
p36-tea-0010/010,brics-odroid-024_cam0,354,1,0,medium,1,10.8175,10.8175,10.8175,10.8175,10.8175
p36-tea-0010/010,brics-odroid-024_cam0,51,2,0,good|good,2,7.8283,7.8283,8.3742,8.4425,8.5107
p36-tea-0010/010,brics-odroid-024_cam0,68,2,0,good|medium,2,8.5679,8.5679,9.8301,9.9878,10.1456
p36-tea-0010/010,brics-odroid-024_cam0,85,2,0,medium|medium,2,12.4133,12.4133,13.792,13.9644,14.1367
p36-tea-0010/010,brics-odroid-024_cam1,0,2,0,good|good,2,5.9351,5.9351,8.0765,8.3441,8.6118
p36-tea-0010/010,brics-odroid-024_cam1,102,2,1,good|zero_sentinel,1,4.7669,4.7669,4.7669,4.7669,4.7669
p36-tea-0010/010,brics-odroid-024_cam1,119,2,0,good|medium,2,11.3072,11.3072,15.1088,15.584,16.0592
p36-tea-0010/010,brics-odroid-024_cam1,136,2,1,good|zero_sentinel,1,4.827,4.827,4.827,4.827,4.827
p36-tea-0010/010,brics-odroid-024_cam1,153,2,1,good|zero_sentinel,1,6.5333,6.5333,6.5333,6.5333,6.5333
p36-tea-0010/010,brics-odroid-024_cam1,17,2,0,good|good,2,5.4727,5.4727,7.8625,8.1612,8.4599
p36-tea-0010/010,brics-odroid-024_cam1,170,1,1,zero_sentinel,,,,,,
p36-tea-0010/010,brics-odroid-024_cam1,171,1,0,good,1,6.7338,6.7338,6.7338,6.7338,6.7338
p36-tea-0010/010,brics-odroid-024_cam1,187,1,1,zero_sentinel,,,,,,
p36-tea-0010/010,brics-odroid-024_cam1,218,1,0,good,1,6.8227,6.8227,6.8227,6.8227,6.8227
p36-tea-0010/010,brics-odroid-024_cam1,220,1,0,medium,1,10.5989,10.5989,10.5989,10.5989,10.5989
p36-tea-0010/010,brics-odroid-024_cam1,235,1,0,good,1,5.7832,5.7832,5.7832,5.7832,5.7832
p36-tea-0010/010,brics-odroid-024_cam1,237,1,0,good,1,9.276,9.276,9.276,9.276,9.276
p36-tea-0010/010,brics-odroid-024_cam1,252,1,0,good,1,7.6028,7.6028,7.6028,7.6028,7.6028
p36-tea-0010/010,brics-odroid-024_cam1,254,1,0,good,1,7.1635,7.1635,7.1635,7.1635,7.1635
p36-tea-0010/010,brics-odroid-024_cam1,269,1,0,good,1,5.7857,5.7857,5.7857,5.7857,5.7857
p36-tea-0010/010,brics-odroid-024_cam1,271,1,0,good,1,7.3289,7.3289,7.3289,7.3289,7.3289
p36-tea-0010/010,brics-odroid-024_cam1,286,1,0,good,1,8.1319,8.1319,8.1319,8.1319,8.1319
p36-tea-0010/010,brics-odroid-024_cam1,288,1,0,good,1,9.6022,9.6022,9.6022,9.6022,9.6022
p36-tea-0010/010,brics-odroid-024_cam1,303,1,0,good,1,7.6078,7.6078,7.6078,7.6078,7.6078
p36-tea-0010/010,brics-odroid-024_cam1,305,1,0,good,1,5.5904,5.5904,5.5904,5.5904,5.5904
p36-tea-0010/010,brics-odroid-024_cam1,320,1,0,good,1,7.5101,7.5101,7.5101,7.5101,7.5101
p36-tea-0010/010,brics-odroid-024_cam1,322,1,0,good,1,9.0312,9.0312,9.0312,9.0312,9.0312
p36-tea-0010/010,brics-odroid-024_cam1,337,1,0,good,1,7.6089,7.6089,7.6089,7.6089,7.6089
p36-tea-0010/010,brics-odroid-024_cam1,339,1,0,good,1,6.003,6.003,6.003,6.003,6.003
p36-tea-0010/010,brics-odroid-024_cam1,34,2,0,good|medium,2,8.7279,8.7279,10.1565,10.335,10.5136
p36-tea-0010/010,brics-odroid-024_cam1,354,1,0,good,1,7.4498,7.4498,7.4498,7.4498,7.4498
p36-tea-0010/010,brics-odroid-024_cam1,51,2,0,good|good,2,8.8796,8.8796,8.9551,8.9646,8.974
p36-tea-0010/010,brics-odroid-024_cam1,68,2,0,good|medium,2,9.432,9.432,12.0719,12.4019,12.7319
p36-tea-0010/010,brics-odroid-024_cam1,85,2,0,good|medium,2,11.6109,11.6109,14.1555,14.4735,14.7916
p36-tea-0010/010,brics-odroid-025_cam0,0,2,0,medium|medium,2,10.5091,10.5091,10.734,10.7621,10.7902
p36-tea-0010/010,brics-odroid-025_cam0,102,2,0,medium|medium,2,24.8907,24.8907,29.9705,30.6054,31.2404
p36-tea-0010/010,brics-odroid-025_cam0,119,2,0,medium|medium,2,25.5907,25.5907,31.3634,32.085,32.8066
p36-tea-0010/010,brics-odroid-025_cam0,136,2,0,medium|medium,2,19.4556,19.4556,22.001,22.3192,22.6374
p36-tea-0010/010,brics-odroid-025_cam0,153,2,0,medium|medium,2,24.4646,24.4646,30.8046,31.5971,32.3896
p36-tea-0010/010,brics-odroid-025_cam0,17,2,0,good|good,2,6.3906,6.3906,6.9591,7.0301,7.1012
p36-tea-0010/010,brics-odroid-025_cam0,170,1,0,medium,1,35.6935,35.6935,35.6935,35.6935,35.6935
p36-tea-0010/010,brics-odroid-025_cam0,171,1,0,medium,1,19.2331,19.2331,19.2331,19.2331,19.2331
p36-tea-0010/010,brics-odroid-025_cam0,187,1,0,medium,1,36.2076,36.2076,36.2076,36.2076,36.2076
p36-tea-0010/010,brics-odroid-025_cam0,218,1,0,medium,1,15.2018,15.2018,15.2018,15.2018,15.2018
p36-tea-0010/010,brics-odroid-025_cam0,220,1,0,medium,1,39.3695,39.3695,39.3695,39.3695,39.3695
p36-tea-0010/010,brics-odroid-025_cam0,235,1,0,medium,1,17.0074,17.0074,17.0074,17.0074,17.0074
p36-tea-0010/010,brics-odroid-025_cam0,237,1,0,medium,1,22.7701,22.7701,22.7701,22.7701,22.7701
p36-tea-0010/010,brics-odroid-025_cam0,252,1,0,medium,1,18.8919,18.8919,18.8919,18.8919,18.8919
p36-tea-0010/010,brics-odroid-025_cam0,254,1,0,medium,1,16.8821,16.8821,16.8821,16.8821,16.8821
p36-tea-0010/010,brics-odroid-025_cam0,269,1,0,medium,1,17.8011,17.8011,17.8011,17.8011,17.8011
p36-tea-0010/010,brics-odroid-025_cam0,271,1,0,good,1,8.1408,8.1408,8.1408,8.1408,8.1408
p36-tea-0010/010,brics-odroid-025_cam0,286,1,0,medium,1,20.3255,20.3255,20.3255,20.3255,20.3255
p36-tea-0010/010,brics-odroid-025_cam0,288,1,0,good,1,6.2106,6.2106,6.2106,6.2106,6.2106
p36-tea-0010/010,brics-odroid-025_cam0,303,1,0,medium,1,15.8749,15.8749,15.8749,15.8749,15.8749
p36-tea-0010/010,brics-odroid-025_cam0,305,1,0,good,1,8.9653,8.9653,8.9653,8.9653,8.9653
p36-tea-0010/010,brics-odroid-025_cam0,320,1,0,medium,1,16.6933,16.6933,16.6933,16.6933,16.6933
p36-tea-0010/010,brics-odroid-025_cam0,322,1,0,good,1,9.6387,9.6387,9.6387,9.6387,9.6387
p36-tea-0010/010,brics-odroid-025_cam0,337,1,0,medium,1,16.5776,16.5776,16.5776,16.5776,16.5776
p36-tea-0010/010,brics-odroid-025_cam0,339,1,0,good,1,6.1996,6.1996,6.1996,6.1996,6.1996
p36-tea-0010/010,brics-odroid-025_cam0,34,2,0,medium|medium,2,12.1739,12.1739,12.7538,12.8262,12.8987
p36-tea-0010/010,brics-odroid-025_cam0,354,1,0,medium,1,16.4933,16.4933,16.4933,16.4933,16.4933
p36-tea-0010/010,brics-odroid-025_cam0,51,2,0,good|medium,2,20.0922,20.0922,29.3351,30.4904,31.6458
p36-tea-0010/010,brics-odroid-025_cam0,68,2,0,medium|medium,2,19.5932,19.5932,20.5796,20.7029,20.8262
p36-tea-0010/010,brics-odroid-025_cam0,85,2,0,medium|medium,2,21.9226,21.9226,24.1776,24.4594,24.7413
p36-tea-0010/010,brics-odroid-025_cam1,0,2,0,good|good,2,4.9299,4.9299,5.2918,5.337,5.3822
p36-tea-0010/010,brics-odroid-025_cam1,102,2,0,good|good,2,8.1544,8.1544,8.2343,8.2443,8.2543
p36-tea-0010/010,brics-odroid-025_cam1,119,2,0,good|medium,2,7.989,7.989,9.6436,9.8505,10.0573
p36-tea-0010/010,brics-odroid-025_cam1,136,2,0,good|good,2,7.6638,7.6638,8.7936,8.9348,9.076
p36-tea-0010/010,brics-odroid-025_cam1,153,2,0,good|good,2,7.3697,7.3697,7.7209,7.7648,7.8087
p36-tea-0010/010,brics-odroid-025_cam1,17,2,0,good|good,2,4.7177,4.7177,5.3498,5.4288,5.5078
p36-tea-0010/010,brics-odroid-025_cam1,170,1,0,good,1,9.5071,9.5071,9.5071,9.5071,9.5071
p36-tea-0010/010,brics-odroid-025_cam1,171,1,0,good,1,7.0671,7.0671,7.0671,7.0671,7.0671
p36-tea-0010/010,brics-odroid-025_cam1,187,1,0,medium,1,15.2377,15.2377,15.2377,15.2377,15.2377
p36-tea-0010/010,brics-odroid-025_cam1,218,1,0,good,1,7.1051,7.1051,7.1051,7.1051,7.1051
p36-tea-0010/010,brics-odroid-025_cam1,220,1,0,medium,1,10.5388,10.5388,10.5388,10.5388,10.5388
p36-tea-0010/010,brics-odroid-025_cam1,235,1,0,good,1,8.7439,8.7439,8.7439,8.7439,8.7439
p36-tea-0010/010,brics-odroid-025_cam1,237,1,0,good,1,9.4384,9.4384,9.4384,9.4384,9.4384
p36-tea-0010/010,brics-odroid-025_cam1,252,1,0,good,1,8.1286,8.1286,8.1286,8.1286,8.1286
p36-tea-0010/010,brics-odroid-025_cam1,254,1,0,good,1,7.7133,7.7133,7.7133,7.7133,7.7133
p36-tea-0010/010,brics-odroid-025_cam1,269,1,0,good,1,5.7538,5.7538,5.7538,5.7538,5.7538
p36-tea-0010/010,brics-odroid-025_cam1,271,1,0,good,1,8.3844,8.3844,8.3844,8.3844,8.3844
p36-tea-0010/010,brics-odroid-025_cam1,286,1,0,good,1,5.9267,5.9267,5.9267,5.9267,5.9267
p36-tea-0010/010,brics-odroid-025_cam1,288,1,0,good,1,7.6021,7.6021,7.6021,7.6021,7.6021
p36-tea-0010/010,brics-odroid-025_cam1,303,1,0,good,1,5.7302,5.7302,5.7302,5.7302,5.7302
p36-tea-0010/010,brics-odroid-025_cam1,305,1,0,good,1,7.3649,7.3649,7.3649,7.3649,7.3649
p36-tea-0010/010,brics-odroid-025_cam1,320,1,0,good,1,5.1999,5.1999,5.1999,5.1999,5.1999
p36-tea-0010/010,brics-odroid-025_cam1,322,1,0,good,1,9.0758,9.0758,9.0758,9.0758,9.0758
p36-tea-0010/010,brics-odroid-025_cam1,337,1,0,good,1,4.624,4.624,4.624,4.624,4.624
p36-tea-0010/010,brics-odroid-025_cam1,339,1,0,good,1,9.4299,9.4299,9.4299,9.4299,9.4299
p36-tea-0010/010,brics-odroid-025_cam1,34,2,0,good|good,2,6.1915,6.1915,7.2681,7.4027,7.5373
p36-tea-0010/010,brics-odroid-025_cam1,354,1,0,good,1,4.3805,4.3805,4.3805,4.3805,4.3805
p36-tea-0010/010,brics-odroid-025_cam1,51,2,0,good|good,2,7.0888,7.0888,7.2839,7.3083,7.3327
p36-tea-0010/010,brics-odroid-025_cam1,68,2,0,good|good,2,7.1727,7.1727,7.4647,7.5012,7.5377
p36-tea-0010/010,brics-odroid-025_cam1,85,2,0,good|medium,2,9.0099,9.0099,9.902,10.0135,10.125
p36-tea-0010/010,brics-odroid-026_cam0,0,2,1,bad|zero_sentinel,1,411.7102,411.7102,411.7102,411.7102,411.7102
p36-tea-0010/010,brics-odroid-026_cam0,102,2,0,bad|bad,2,178.4384,178.4384,186.5642,187.58,188.5957
p36-tea-0010/010,brics-odroid-026_cam0,119,2,0,good|good,2,6.1959,6.1959,6.4245,6.4531,6.4817
p36-tea-0010/010,brics-odroid-026_cam0,136,2,0,good|good,2,5.2371,5.2371,5.4626,5.4908,5.519
p36-tea-0010/010,brics-odroid-026_cam0,153,2,0,good|good,2,4.8866,4.8866,5.0536,5.0745,5.0954
p36-tea-0010/010,brics-odroid-026_cam0,17,2,0,bad|bad,2,293.9432,293.9432,371.3087,380.9793,390.65
p36-tea-0010/010,brics-odroid-026_cam0,170,1,0,good,1,8.2378,8.2378,8.2378,8.2378,8.2378
p36-tea-0010/010,brics-odroid-026_cam0,171,1,0,good,1,5.1899,5.1899,5.1899,5.1899,5.1899
p36-tea-0010/010,brics-odroid-026_cam0,187,1,0,good,1,8.3194,8.3194,8.3194,8.3194,8.3194
p36-tea-0010/010,brics-odroid-026_cam0,218,1,0,good,1,3.9937,3.9937,3.9937,3.9937,3.9937
p36-tea-0010/010,brics-odroid-026_cam0,220,1,0,good,1,8.7231,8.7231,8.7231,8.7231,8.7231
p36-tea-0010/010,brics-odroid-026_cam0,235,1,0,good,1,8.1571,8.1571,8.1571,8.1571,8.1571
p36-tea-0010/010,brics-odroid-026_cam0,237,1,0,bad,1,186.5524,186.5524,186.5524,186.5524,186.5524
p36-tea-0010/010,brics-odroid-026_cam0,252,1,0,bad,1,219.9081,219.9081,219.9081,219.9081,219.9081
p36-tea-0010/010,brics-odroid-026_cam0,254,1,0,bad,1,206.9801,206.9801,206.9801,206.9801,206.9801
p36-tea-0010/010,brics-odroid-026_cam0,269,1,0,bad,1,234.3666,234.3666,234.3666,234.3666,234.3666
p36-tea-0010/010,brics-odroid-026_cam0,271,1,0,bad,1,228.1988,228.1988,228.1988,228.1988,228.1988
p36-tea-0010/010,brics-odroid-026_cam0,286,1,1,zero_sentinel,,,,,,
p36-tea-0010/010,brics-odroid-026_cam0,288,1,0,bad,1,230.7316,230.7316,230.7316,230.7316,230.7316
p36-tea-0010/010,brics-odroid-026_cam0,303,1,0,good,1,6.1843,6.1843,6.1843,6.1843,6.1843
p36-tea-0010/010,brics-odroid-026_cam0,305,1,0,bad,1,223.8963,223.8963,223.8963,223.8963,223.8963
p36-tea-0010/010,brics-odroid-026_cam0,320,1,0,bad,1,233.143,233.143,233.143,233.143,233.143
p36-tea-0010/010,brics-odroid-026_cam0,322,1,0,bad,1,224.6608,224.6608,224.6608,224.6608,224.6608
p36-tea-0010/010,brics-odroid-026_cam0,337,1,1,zero_sentinel,,,,,,
p36-tea-0010/010,brics-odroid-026_cam0,339,1,1,zero_sentinel,,,,,,
p36-tea-0010/010,brics-odroid-026_cam0,34,2,1,bad|zero_sentinel,1,219.5302,219.5302,219.5302,219.5302,219.5302
p36-tea-0010/010,brics-odroid-026_cam0,354,1,1,zero_sentinel,,,,,,
p36-tea-0010/010,brics-odroid-026_cam0,51,2,0,bad|bad,2,153.3773,153.3773,190.4346,195.0667,199.6989
p36-tea-0010/010,brics-odroid-026_cam0,68,2,0,bad|bad,2,140.1847,140.1847,170.1172,173.8587,177.6003
p36-tea-0010/010,brics-odroid-026_cam0,85,2,1,bad|zero_sentinel,1,171.8332,171.8332,171.8332,171.8332,171.8332
p36-tea-0010/010,brics-odroid-026_cam1,0,2,0,good|good,2,5.1791,5.1791,5.8156,5.8951,5.9747
p36-tea-0010/010,brics-odroid-026_cam1,102,2,0,bad|good,2,48.0061,48.0061,82.7495,87.0924,91.4353
p36-tea-0010/010,brics-odroid-026_cam1,119,2,0,good|medium,2,14.4672,14.4672,22.2002,23.1669,24.1335
p36-tea-0010/010,brics-odroid-026_cam1,136,2,0,bad|good,2,53.7313,53.7313,91.6319,96.3695,101.1071
p36-tea-0010/010,brics-odroid-026_cam1,153,2,0,bad|good,2,41.0459,41.0459,68.7732,72.2391,75.705
p36-tea-0010/010,brics-odroid-026_cam1,17,2,0,good|good,2,5.7172,5.7172,6.4658,6.5593,6.6529
p36-tea-0010/010,brics-odroid-026_cam1,170,1,1,zero_sentinel,,,,,,
p36-tea-0010/010,brics-odroid-026_cam1,171,1,0,good,1,4.9221,4.9221,4.9221,4.9221,4.9221
p36-tea-0010/010,brics-odroid-026_cam1,187,1,1,zero_sentinel,,,,,,
p36-tea-0010/010,brics-odroid-026_cam1,218,1,0,good,1,6.1094,6.1094,6.1094,6.1094,6.1094
p36-tea-0010/010,brics-odroid-026_cam1,220,1,1,zero_sentinel,,,,,,
p36-tea-0010/010,brics-odroid-026_cam1,235,1,0,good,1,5.3481,5.3481,5.3481,5.3481,5.3481
p36-tea-0010/010,brics-odroid-026_cam1,237,1,0,medium,1,41.7376,41.7376,41.7376,41.7376,41.7376
p36-tea-0010/010,brics-odroid-026_cam1,252,1,0,bad,1,292.8902,292.8902,292.8902,292.8902,292.8902
p36-tea-0010/010,brics-odroid-026_cam1,254,1,0,bad,1,265.1623,265.1623,265.1623,265.1623,265.1623
p36-tea-0010/010,brics-odroid-026_cam1,269,1,0,bad,1,318.7244,318.7244,318.7244,318.7244,318.7244
p36-tea-0010/010,brics-odroid-026_cam1,271,1,0,bad,1,298.5297,298.5297,298.5297,298.5297,298.5297
p36-tea-0010/010,brics-odroid-026_cam1,286,1,0,bad,1,342.6136,342.6136,342.6136,342.6136,342.6136
p36-tea-0010/010,brics-odroid-026_cam1,288,1,1,zero_sentinel,,,,,,
p36-tea-0010/010,brics-odroid-026_cam1,303,1,0,bad,1,345.4804,345.4804,345.4804,345.4804,345.4804
p36-tea-0010/010,brics-odroid-026_cam1,305,1,0,medium,1,45.5497,45.5497,45.5497,45.5497,45.5497
p36-tea-0010/010,brics-odroid-026_cam1,320,1,0,bad,1,353.1804,353.1804,353.1804,353.1804,353.1804
p36-tea-0010/010,brics-odroid-026_cam1,322,1,0,medium,1,42.7251,42.7251,42.7251,42.7251,42.7251
p36-tea-0010/010,brics-odroid-026_cam1,337,1,0,bad,1,355.6865,355.6865,355.6865,355.6865,355.6865
p36-tea-0010/010,brics-odroid-026_cam1,339,1,1,zero_sentinel,,,,,,
p36-tea-0010/010,brics-odroid-026_cam1,34,2,0,bad|medium,2,38.5741,38.5741,61.0804,63.8937,66.707
p36-tea-0010/010,brics-odroid-026_cam1,354,1,1,zero_sentinel,,,,,,
p36-tea-0010/010,brics-odroid-026_cam1,51,2,0,bad|bad,2,261.8995,261.8995,273.8523,275.3464,276.8405
p36-tea-0010/010,brics-odroid-026_cam1,68,2,2,zero_sentinel|zero_sentinel,,,,,,
p36-tea-0010/010,brics-odroid-026_cam1,85,2,0,bad|bad,2,258.4268,258.4268,268.3058,269.5406,270.7755
p36-tea-0010/010,brics-odroid-027_cam0,0,2,2,zero_sentinel|zero_sentinel,,,,,,
p36-tea-0010/010,brics-odroid-027_cam0,102,2,1,good|zero_sentinel,1,6.0165,6.0165,6.0165,6.0165,6.0165
p36-tea-0010/010,brics-odroid-027_cam0,119,2,0,bad|medium,2,38.1744,38.1744,57.7258,60.1698,62.6137
p36-tea-0010/010,brics-odroid-027_cam0,136,2,0,good|good,2,7.811,7.811,8.094,8.1293,8.1647
p36-tea-0010/010,brics-odroid-027_cam0,153,2,2,zero_sentinel|zero_sentinel,,,,,,
p36-tea-0010/010,brics-odroid-027_cam0,17,2,2,zero_sentinel|zero_sentinel,,,,,,
p36-tea-0010/010,brics-odroid-027_cam0,170,1,0,bad,1,168.6063,168.6063,168.6063,168.6063,168.6063
p36-tea-0010/010,brics-odroid-027_cam0,171,1,1,zero_sentinel,,,,,,
p36-tea-0010/010,brics-odroid-027_cam0,187,1,1,zero_sentinel,,,,,,
p36-tea-0010/010,brics-odroid-027_cam0,218,1,0,bad,1,164.6994,164.6994,164.6994,164.6994,164.6994
p36-tea-0010/010,brics-odroid-027_cam0,220,1,0,bad,1,169.6862,169.6862,169.6862,169.6862,169.6862
p36-tea-0010/010,brics-odroid-027_cam0,235,1,0,good,1,5.9294,5.9294,5.9294,5.9294,5.9294
p36-tea-0010/010,brics-odroid-027_cam0,237,1,0,good,1,7.9813,7.9813,7.9813,7.9813,7.9813
p36-tea-0010/010,brics-odroid-027_cam0,252,1,0,good,1,8.8919,8.8919,8.8919,8.8919,8.8919
p36-tea-0010/010,brics-odroid-027_cam0,254,1,1,zero_sentinel,,,,,,
p36-tea-0010/010,brics-odroid-027_cam0,269,1,0,good,1,7.6119,7.6119,7.6119,7.6119,7.6119
p36-tea-0010/010,brics-odroid-027_cam0,271,1,0,medium,1,14.1881,14.1881,14.1881,14.1881,14.1881
p36-tea-0010/010,brics-odroid-027_cam0,286,1,0,good,1,7.2738,7.2738,7.2738,7.2738,7.2738
p36-tea-0010/010,brics-odroid-027_cam0,288,1,0,medium,1,13.0987,13.0987,13.0987,13.0987,13.0987
p36-tea-0010/010,brics-odroid-027_cam0,303,1,0,good,1,6.015,6.015,6.015,6.015,6.015
p36-tea-0010/010,brics-odroid-027_cam0,305,1,0,bad,1,158.6308,158.6308,158.6308,158.6308,158.6308
p36-tea-0010/010,brics-odroid-027_cam0,320,1,1,zero_sentinel,,,,,,
p36-tea-0010/010,brics-odroid-027_cam0,322,1,0,medium,1,10.7138,10.7138,10.7138,10.7138,10.7138
p36-tea-0010/010,brics-odroid-027_cam0,337,1,0,bad,1,197.3351,197.3351,197.3351,197.3351,197.3351
p36-tea-0010/010,brics-odroid-027_cam0,339,1,1,zero_sentinel,,,,,,
p36-tea-0010/010,brics-odroid-027_cam0,34,2,2,zero_sentinel|zero_sentinel,,,,,,
p36-tea-0010/010,brics-odroid-027_cam0,354,1,0,bad,1,197.9667,197.9667,197.9667,197.9667,197.9667
p36-tea-0010/010,brics-odroid-027_cam0,51,2,2,zero_sentinel|zero_sentinel,,,,,,
p36-tea-0010/010,brics-odroid-027_cam0,68,2,1,bad|zero_sentinel,1,216.0996,216.0996,216.0996,216.0996,216.0996
p36-tea-0010/010,brics-odroid-027_cam0,85,2,0,good|medium,2,9.4629,9.4629,11.7925,12.0837,12.3749
p36-tea-0010/010,brics-odroid-027_cam1,0,2,2,zero_sentinel|zero_sentinel,,,,,,
p36-tea-0010/010,brics-odroid-027_cam1,102,2,0,bad|bad,2,208.6055,208.6055,210.4486,210.679,210.9094
p36-tea-0010/010,brics-odroid-027_cam1,119,2,0,bad|bad,2,204.9934,204.9934,209.5563,210.1266,210.697
p36-tea-0010/010,brics-odroid-027_cam1,136,2,0,bad|bad,2,197.8022,197.8022,202.5185,203.1081,203.6976
p36-tea-0010/010,brics-odroid-027_cam1,153,2,0,bad|bad,2,191.4283,191.4283,197.4901,198.2479,199.0056
p36-tea-0010/010,brics-odroid-027_cam1,17,2,2,zero_sentinel|zero_sentinel,,,,,,
p36-tea-0010/010,brics-odroid-027_cam1,170,1,0,bad,1,178.7625,178.7625,178.7625,178.7625,178.7625
p36-tea-0010/010,brics-odroid-027_cam1,171,1,0,bad,1,236.7415,236.7415,236.7415,236.7415,236.7415
p36-tea-0010/010,brics-odroid-027_cam1,187,1,0,bad,1,176.8462,176.8462,176.8462,176.8462,176.8462
p36-tea-0010/010,brics-odroid-027_cam1,218,1,0,bad,1,188.8122,188.8122,188.8122,188.8122,188.8122
p36-tea-0010/010,brics-odroid-027_cam1,220,1,0,bad,1,184.6597,184.6597,184.6597,184.6597,184.6597
p36-tea-0010/010,brics-odroid-027_cam1,235,1,0,bad,1,204.8163,204.8163,204.8163,204.8163,204.8163
p36-tea-0010/010,brics-odroid-027_cam1,237,1,0,bad,1,212.1442,212.1442,212.1442,212.1442,212.1442
p36-tea-0010/010,brics-odroid-027_cam1,252,1,1,zero_sentinel,,,,,,
p36-tea-0010/010,brics-odroid-027_cam1,254,1,0,bad,1,220.851,220.851,220.851,220.851,220.851
p36-tea-0010/010,brics-odroid-027_cam1,269,1,0,bad,1,251.8082,251.8082,251.8082,251.8082,251.8082
p36-tea-0010/010,brics-odroid-027_cam1,271,1,1,zero_sentinel,,,,,,
p36-tea-0010/010,brics-odroid-027_cam1,286,1,1,zero_sentinel,,,,,,
p36-tea-0010/010,brics-odroid-027_cam1,288,1,1,zero_sentinel,,,,,,
p36-tea-0010/010,brics-odroid-027_cam1,303,1,0,bad,1,264.2084,264.2084,264.2084,264.2084,264.2084
p36-tea-0010/010,brics-odroid-027_cam1,305,1,0,bad,1,273.2397,273.2397,273.2397,273.2397,273.2397
p36-tea-0010/010,brics-odroid-027_cam1,320,1,0,bad,1,268.354,268.354,268.354,268.354,268.354
p36-tea-0010/010,brics-odroid-027_cam1,322,1,1,zero_sentinel,,,,,,
p36-tea-0010/010,brics-odroid-027_cam1,337,1,1,zero_sentinel,,,,,,
p36-tea-0010/010,brics-odroid-027_cam1,339,1,1,zero_sentinel,,,,,,
p36-tea-0010/010,brics-odroid-027_cam1,34,2,2,zero_sentinel|zero_sentinel,,,,,,
p36-tea-0010/010,brics-odroid-027_cam1,354,1,1,zero_sentinel,,,,,,
p36-tea-0010/010,brics-odroid-027_cam1,51,2,2,zero_sentinel|zero_sentinel,,,,,,
p36-tea-0010/010,brics-odroid-027_cam1,68,2,0,bad|good,2,120.2798,120.2798,208.8179,219.8851,230.9524
p36-tea-0010/010,brics-odroid-027_cam1,85,2,2,zero_sentinel|zero_sentinel,,,,,,
p36-tea-0010/010,brics-odroid-028_cam0,0,2,1,good|zero_sentinel,1,7.058,7.058,7.058,7.058,7.058
p36-tea-0010/010,brics-odroid-028_cam0,102,2,2,zero_sentinel|zero_sentinel,,,,,,
p36-tea-0010/010,brics-odroid-028_cam0,119,2,2,zero_sentinel|zero_sentinel,,,,,,
p36-tea-0010/010,brics-odroid-028_cam0,136,2,2,zero_sentinel|zero_sentinel,,,,,,
p36-tea-0010/010,brics-odroid-028_cam0,153,2,2,zero_sentinel|zero_sentinel,,,,,,
p36-tea-0010/010,brics-odroid-028_cam0,17,2,0,medium|medium,1,10.3358,10.3358,10.3358,10.3358,10.3358
p36-tea-0010/010,brics-odroid-028_cam0,170,1,1,zero_sentinel,,,,,,
p36-tea-0010/010,brics-odroid-028_cam0,171,1,1,zero_sentinel,,,,,,
p36-tea-0010/010,brics-odroid-028_cam0,187,1,1,zero_sentinel,,,,,,
p36-tea-0010/010,brics-odroid-028_cam0,218,1,1,zero_sentinel,,,,,,
p36-tea-0010/010,brics-odroid-028_cam0,220,1,1,zero_sentinel,,,,,,
p36-tea-0010/010,brics-odroid-028_cam0,235,1,1,zero_sentinel,,,,,,
p36-tea-0010/010,brics-odroid-028_cam0,237,1,0,bad,1,76.8118,76.8118,76.8118,76.8118,76.8118
p36-tea-0010/010,brics-odroid-028_cam0,252,1,1,zero_sentinel,,,,,,
p36-tea-0010/010,brics-odroid-028_cam0,254,1,0,medium,1,16.3849,16.3849,16.3849,16.3849,16.3849
p36-tea-0010/010,brics-odroid-028_cam0,269,1,0,bad,1,294.9749,294.9749,294.9749,294.9749,294.9749
p36-tea-0010/010,brics-odroid-028_cam0,271,1,0,medium,1,18.1253,18.1253,18.1253,18.1253,18.1253
p36-tea-0010/010,brics-odroid-028_cam0,286,1,1,zero_sentinel,,,,,,
p36-tea-0010/010,brics-odroid-028_cam0,288,1,0,medium,1,16.6737,16.6737,16.6737,16.6737,16.6737
p36-tea-0010/010,brics-odroid-028_cam0,303,1,1,zero_sentinel,,,,,,
p36-tea-0010/010,brics-odroid-028_cam0,305,1,0,medium,1,17.265,17.265,17.265,17.265,17.265
p36-tea-0010/010,brics-odroid-028_cam0,320,1,1,zero_sentinel,,,,,,
p36-tea-0010/010,brics-odroid-028_cam0,322,1,0,medium,1,13.6792,13.6792,13.6792,13.6792,13.6792
p36-tea-0010/010,brics-odroid-028_cam0,337,1,1,zero_sentinel,,,,,,
p36-tea-0010/010,brics-odroid-028_cam0,339,1,0,medium,1,18.2607,18.2607,18.2607,18.2607,18.2607
p36-tea-0010/010,brics-odroid-028_cam0,34,2,2,zero_sentinel|zero_sentinel,,,,,,
p36-tea-0010/010,brics-odroid-028_cam0,354,1,1,zero_sentinel,,,,,,
p36-tea-0010/010,brics-odroid-028_cam0,51,2,1,medium|zero_sentinel,1,11.9804,11.9804,11.9804,11.9804,11.9804
p36-tea-0010/010,brics-odroid-028_cam0,68,2,1,medium|zero_sentinel,1,28.3177,28.3177,28.3177,28.3177,28.3177
p36-tea-0010/010,brics-odroid-028_cam0,85,2,1,good|zero_sentinel,1,9.6866,9.6866,9.6866,9.6866,9.6866
p36-tea-0010/010,brics-odroid-029_cam0,0,2,2,zero_sentinel|zero_sentinel,,,,,,
p36-tea-0010/010,brics-odroid-029_cam0,102,2,1,medium|zero_sentinel,1,17.17,17.17,17.17,17.17,17.17
p36-tea-0010/010,brics-odroid-029_cam0,119,2,1,bad|zero_sentinel,1,90.47,90.47,90.47,90.47,90.47
p36-tea-0010/010,brics-odroid-029_cam0,136,2,2,zero_sentinel|zero_sentinel,,,,,,
p36-tea-0010/010,brics-odroid-029_cam0,153,2,2,zero_sentinel|zero_sentinel,,,,,,
p36-tea-0010/010,brics-odroid-029_cam0,17,2,2,zero_sentinel|zero_sentinel,,,,,,
p36-tea-0010/010,brics-odroid-029_cam0,170,1,1,zero_sentinel,,,,,,
p36-tea-0010/010,brics-odroid-029_cam0,171,1,1,zero_sentinel,,,,,,
p36-tea-0010/010,brics-odroid-029_cam0,187,1,0,bad,1,492.2293,492.2293,492.2293,492.2293,492.2293
p36-tea-0010/010,brics-odroid-029_cam0,218,1,1,zero_sentinel,,,,,,
p36-tea-0010/010,brics-odroid-029_cam0,220,1,1,zero_sentinel,,,,,,
p36-tea-0010/010,brics-odroid-029_cam0,235,1,1,zero_sentinel,,,,,,
p36-tea-0010/010,brics-odroid-029_cam0,237,1,1,zero_sentinel,,,,,,
p36-tea-0010/010,brics-odroid-029_cam0,252,1,1,zero_sentinel,,,,,,
p36-tea-0010/010,brics-odroid-029_cam0,254,1,1,zero_sentinel,,,,,,
p36-tea-0010/010,brics-odroid-029_cam0,269,1,1,zero_sentinel,,,,,,
p36-tea-0010/010,brics-odroid-029_cam0,271,1,0,medium,1,17.328,17.328,17.328,17.328,17.328
p36-tea-0010/010,brics-odroid-029_cam0,286,1,1,zero_sentinel,,,,,,
p36-tea-0010/010,brics-odroid-029_cam0,288,1,1,zero_sentinel,,,,,,
p36-tea-0010/010,brics-odroid-029_cam0,303,1,1,zero_sentinel,,,,,,
p36-tea-0010/010,brics-odroid-029_cam0,305,1,1,zero_sentinel,,,,,,
p36-tea-0010/010,brics-odroid-029_cam0,320,1,1,zero_sentinel,,,,,,
p36-tea-0010/010,brics-odroid-029_cam0,322,1,1,zero_sentinel,,,,,,
p36-tea-0010/010,brics-odroid-029_cam0,337,1,1,zero_sentinel,,,,,,
p36-tea-0010/010,brics-odroid-029_cam0,339,1,0,medium,1,22.3926,22.3926,22.3926,22.3926,22.3926
p36-tea-0010/010,brics-odroid-029_cam0,34,2,2,zero_sentinel|zero_sentinel,,,,,,
p36-tea-0010/010,brics-odroid-029_cam0,354,1,1,zero_sentinel,,,,,,
p36-tea-0010/010,brics-odroid-029_cam0,51,2,0,bad|medium,2,120.8612,120.8612,188.8773,197.3793,205.8813
p36-tea-0010/010,brics-odroid-029_cam0,68,2,2,zero_sentinel|zero_sentinel,,,,,,
p36-tea-0010/010,brics-odroid-029_cam0,85,2,2,zero_sentinel|zero_sentinel,,,,,,
p36-tea-0010/010,brics-odroid-029_cam1,0,2,0,bad|bad,2,382.63,382.63,387.9233,388.5849,389.2466
p36-tea-0010/010,brics-odroid-029_cam1,102,2,2,zero_sentinel|zero_sentinel,,,,,,
p36-tea-0010/010,brics-odroid-029_cam1,119,2,2,zero_sentinel|zero_sentinel,,,,,,
p36-tea-0010/010,brics-odroid-029_cam1,136,2,0,medium|medium,2,19.0752,19.0752,21.7471,22.0811,22.4151
p36-tea-0010/010,brics-odroid-029_cam1,153,2,0,medium|medium,2,25.08,25.08,25.9582,26.068,26.1778
p36-tea-0010/010,brics-odroid-029_cam1,17,2,0,bad|bad,2,330.8528,330.8528,331.6484,331.7479,331.8473
p36-tea-0010/010,brics-odroid-029_cam1,170,1,0,medium,1,12.3602,12.3602,12.3602,12.3602,12.3602
p36-tea-0010/010,brics-odroid-029_cam1,171,1,0,medium,1,16.9147,16.9147,16.9147,16.9147,16.9147
p36-tea-0010/010,brics-odroid-029_cam1,187,1,0,medium,1,15.3832,15.3832,15.3832,15.3832,15.3832
p36-tea-0010/010,brics-odroid-029_cam1,218,1,0,medium,1,21.9633,21.9633,21.9633,21.9633,21.9633
p36-tea-0010/010,brics-odroid-029_cam1,220,1,0,medium,1,17.5922,17.5922,17.5922,17.5922,17.5922
p36-tea-0010/010,brics-odroid-029_cam1,235,1,1,zero_sentinel,,,,,,
p36-tea-0010/010,brics-odroid-029_cam1,237,1,1,zero_sentinel,,,,,,
p36-tea-0010/010,brics-odroid-029_cam1,252,1,1,zero_sentinel,,,,,,
p36-tea-0010/010,brics-odroid-029_cam1,254,1,1,zero_sentinel,,,,,,
p36-tea-0010/010,brics-odroid-029_cam1,269,1,1,zero_sentinel,,,,,,
p36-tea-0010/010,brics-odroid-029_cam1,271,1,1,zero_sentinel,,,,,,
p36-tea-0010/010,brics-odroid-029_cam1,286,1,1,zero_sentinel,,,,,,
p36-tea-0010/010,brics-odroid-029_cam1,288,1,1,zero_sentinel,,,,,,
p36-tea-0010/010,brics-odroid-029_cam1,303,1,0,medium,1,31.1503,31.1503,31.1503,31.1503,31.1503
p36-tea-0010/010,brics-odroid-029_cam1,305,1,0,medium,1,10.984,10.984,10.984,10.984,10.984
p36-tea-0010/010,brics-odroid-029_cam1,320,1,0,medium,1,20.6929,20.6929,20.6929,20.6929,20.6929
p36-tea-0010/010,brics-odroid-029_cam1,322,1,1,zero_sentinel,,,,,,
p36-tea-0010/010,brics-odroid-029_cam1,337,1,1,zero_sentinel,,,,,,
p36-tea-0010/010,brics-odroid-029_cam1,339,1,0,medium,1,10.7453,10.7453,10.7453,10.7453,10.7453
p36-tea-0010/010,brics-odroid-029_cam1,34,2,1,medium|zero_sentinel,1,10.1939,10.1939,10.1939,10.1939,10.1939
p36-tea-0010/010,brics-odroid-029_cam1,354,1,0,bad,1,136.7638,136.7638,136.7638,136.7638,136.7638
p36-tea-0010/010,brics-odroid-029_cam1,51,2,0,bad|bad,2,106.3178,106.3178,127.8175,130.5049,133.1924
p36-tea-0010/010,brics-odroid-029_cam1,68,2,0,bad|medium,2,85.6998,85.6998,135.5185,141.7458,147.9731
p36-tea-0010/010,brics-odroid-029_cam1,85,2,2,zero_sentinel|zero_sentinel,,,,,,
p36-tea-0010/010,brics-odroid-030_cam0,0,2,0,bad|good,2,243.1831,243.1831,432.786,456.4863,480.1867
p36-tea-0010/010,brics-odroid-030_cam0,102,2,0,good|medium,2,11.157,11.157,14.642,15.0776,15.5132
p36-tea-0010/010,brics-odroid-030_cam0,119,2,0,good|medium,2,11.6058,11.6058,15.4358,15.9145,16.3933
p36-tea-0010/010,brics-odroid-030_cam0,136,2,0,good|medium,2,16.2407,16.2407,22.8185,23.6408,24.463
p36-tea-0010/010,brics-odroid-030_cam0,153,2,0,good|medium,2,18.0079,18.0079,27.123,28.2624,29.4018
p36-tea-0010/010,brics-odroid-030_cam0,17,2,1,medium|zero_sentinel,1,10.0669,10.0669,10.0669,10.0669,10.0669
p36-tea-0010/010,brics-odroid-030_cam0,170,1,0,medium,1,31.1528,31.1528,31.1528,31.1528,31.1528
p36-tea-0010/010,brics-odroid-030_cam0,171,1,0,good,1,9.3297,9.3297,9.3297,9.3297,9.3297
p36-tea-0010/010,brics-odroid-030_cam0,187,1,0,medium,1,36.1437,36.1437,36.1437,36.1437,36.1437
p36-tea-0010/010,brics-odroid-030_cam0,218,1,0,medium,1,13.2091,13.2091,13.2091,13.2091,13.2091
p36-tea-0010/010,brics-odroid-030_cam0,220,1,0,medium,1,33.9084,33.9084,33.9084,33.9084,33.9084
p36-tea-0010/010,brics-odroid-030_cam0,235,1,0,medium,1,10.1726,10.1726,10.1726,10.1726,10.1726
p36-tea-0010/010,brics-odroid-030_cam0,237,1,0,good,1,8.646,8.646,8.646,8.646,8.646
p36-tea-0010/010,brics-odroid-030_cam0,252,1,0,bad,1,76.4659,76.4659,76.4659,76.4659,76.4659
p36-tea-0010/010,brics-odroid-030_cam0,254,1,0,medium,1,11.2025,11.2025,11.2025,11.2025,11.2025
p36-tea-0010/010,brics-odroid-030_cam0,269,1,0,bad,1,380.6605,380.6605,380.6605,380.6605,380.6605
p36-tea-0010/010,brics-odroid-030_cam0,271,1,0,medium,1,16.4046,16.4046,16.4046,16.4046,16.4046
p36-tea-0010/010,brics-odroid-030_cam0,286,1,0,bad,1,147.8223,147.8223,147.8223,147.8223,147.8223
p36-tea-0010/010,brics-odroid-030_cam0,288,1,0,medium,1,12.2143,12.2143,12.2143,12.2143,12.2143
p36-tea-0010/010,brics-odroid-030_cam0,303,1,1,zero_sentinel,,,,,,
p36-tea-0010/010,brics-odroid-030_cam0,305,1,0,medium,1,13.622,13.622,13.622,13.622,13.622
p36-tea-0010/010,brics-odroid-030_cam0,320,1,0,bad,1,374.9237,374.9237,374.9237,374.9237,374.9237
p36-tea-0010/010,brics-odroid-030_cam0,322,1,0,medium,1,14.6281,14.6281,14.6281,14.6281,14.6281
p36-tea-0010/010,brics-odroid-030_cam0,337,1,1,zero_sentinel,,,,,,
p36-tea-0010/010,brics-odroid-030_cam0,339,1,0,medium,1,14.2864,14.2864,14.2864,14.2864,14.2864
p36-tea-0010/010,brics-odroid-030_cam0,34,2,0,bad|medium,2,184.2087,184.2087,319.9096,336.8722,353.8348
p36-tea-0010/010,brics-odroid-030_cam0,354,1,0,bad,1,241.8351,241.8351,241.8351,241.8351,241.8351
p36-tea-0010/010,brics-odroid-030_cam0,51,2,1,medium|zero_sentinel,1,15.3183,15.3183,15.3183,15.3183,15.3183
p36-tea-0010/010,brics-odroid-030_cam0,68,2,0,bad|medium,2,132.482,132.482,220.3397,231.3219,242.3041
p36-tea-0010/010,brics-odroid-030_cam0,85,2,0,medium|medium,2,25.9543,25.9543,27.4076,27.5892,27.7709
p36-tea-0010/010,brics-odroid-030_cam1,0,2,1,bad|zero_sentinel,1,852.8653,852.8653,852.8653,852.8653,852.8653
p36-tea-0010/010,brics-odroid-030_cam1,102,2,0,bad|bad,2,296.5561,296.5561,301.4745,302.0893,302.7041
p36-tea-0010/010,brics-odroid-030_cam1,119,2,0,bad|bad,2,298.7625,298.7625,300.2586,300.4456,300.6326
p36-tea-0010/010,brics-odroid-030_cam1,136,2,0,bad|bad,2,285.382,285.382,288.3366,288.706,289.0753
p36-tea-0010/010,brics-odroid-030_cam1,153,2,0,bad|medium,2,146.9069,146.9069,253.5623,266.8942,280.2261
p36-tea-0010/010,brics-odroid-030_cam1,17,2,0,bad|good,2,362.6874,362.6874,646.3401,681.7967,717.2533
p36-tea-0010/010,brics-odroid-030_cam1,170,1,0,bad,1,259.015,259.015,259.015,259.015,259.015
p36-tea-0010/010,brics-odroid-030_cam1,171,1,0,medium,1,16.0218,16.0218,16.0218,16.0218,16.0218
p36-tea-0010/010,brics-odroid-030_cam1,187,1,0,bad,1,248.1486,248.1486,248.1486,248.1486,248.1486
p36-tea-0010/010,brics-odroid-030_cam1,218,1,0,bad,1,238.5779,238.5779,238.5779,238.5779,238.5779
p36-tea-0010/010,brics-odroid-030_cam1,220,1,0,bad,1,250.5306,250.5306,250.5306,250.5306,250.5306
p36-tea-0010/010,brics-odroid-030_cam1,235,1,0,bad,1,288.1831,288.1831,288.1831,288.1831,288.1831
p36-tea-0010/010,brics-odroid-030_cam1,237,1,0,bad,1,302.259,302.259,302.259,302.259,302.259
p36-tea-0010/010,brics-odroid-030_cam1,252,1,0,bad,1,311.245,311.245,311.245,311.245,311.245
p36-tea-0010/010,brics-odroid-030_cam1,254,1,1,zero_sentinel,,,,,,
p36-tea-0010/010,brics-odroid-030_cam1,269,1,0,bad,1,313.419,313.419,313.419,313.419,313.419
p36-tea-0010/010,brics-odroid-030_cam1,271,1,0,bad,1,313.859,313.859,313.859,313.859,313.859
p36-tea-0010/010,brics-odroid-030_cam1,286,1,0,bad,1,342.0928,342.0928,342.0928,342.0928,342.0928
p36-tea-0010/010,brics-odroid-030_cam1,288,1,0,bad,1,329.2383,329.2383,329.2383,329.2383,329.2383
p36-tea-0010/010,brics-odroid-030_cam1,303,1,0,bad,1,334.3763,334.3763,334.3763,334.3763,334.3763
p36-tea-0010/010,brics-odroid-030_cam1,305,1,0,bad,1,344.9081,344.9081,344.9081,344.9081,344.9081
p36-tea-0010/010,brics-odroid-030_cam1,320,1,0,bad,1,353.4341,353.4341,353.4341,353.4341,353.4341
p36-tea-0010/010,brics-odroid-030_cam1,322,1,0,bad,1,352.7871,352.7871,352.7871,352.7871,352.7871
p36-tea-0010/010,brics-odroid-030_cam1,337,1,0,bad,1,343.6633,343.6633,343.6633,343.6633,343.6633
p36-tea-0010/010,brics-odroid-030_cam1,339,1,0,bad,1,360.5264,360.5264,360.5264,360.5264,360.5264
p36-tea-0010/010,brics-odroid-030_cam1,34,2,0,bad|medium,2,169.0574,169.0574,295.5192,311.327,327.1347
p36-tea-0010/010,brics-odroid-030_cam1,354,1,0,bad,1,357.0468,357.0468,357.0468,357.0468,357.0468
p36-tea-0010/010,brics-odroid-030_cam1,51,2,0,medium|medium,2,19.8437,19.8437,25.8541,26.6054,27.3567
p36-tea-0010/010,brics-odroid-030_cam1,68,2,1,medium|zero_sentinel,1,25.8791,25.8791,25.8791,25.8791,25.8791
p36-tea-0010/010,brics-odroid-030_cam1,85,2,0,bad|bad,2,297.1274,297.1274,305.102,306.0989,307.0957
p41-boxing-0021/021,brics-odroid-001_cam0,0,2,2,zero_sentinel|zero_sentinel,,,,,,
p41-boxing-0021/021,brics-odroid-001_cam0,108,2,2,zero_sentinel|zero_sentinel,,,,,,
p41-boxing-0021/021,brics-odroid-001_cam0,126,2,0,medium|medium,1,34.9435,34.9435,34.9435,34.9435,34.9435
p41-boxing-0021/021,brics-odroid-001_cam0,144,2,1,medium|zero_sentinel,1,39.2804,39.2804,39.2804,39.2804,39.2804
p41-boxing-0021/021,brics-odroid-001_cam0,162,2,1,medium|zero_sentinel,,,,,,
p41-boxing-0021/021,brics-odroid-001_cam0,18,2,2,zero_sentinel|zero_sentinel,,,,,,
p41-boxing-0021/021,brics-odroid-001_cam0,180,2,2,zero_sentinel|zero_sentinel,,,,,,
p41-boxing-0021/021,brics-odroid-001_cam0,198,2,2,zero_sentinel|zero_sentinel,,,,,,
p41-boxing-0021/021,brics-odroid-001_cam0,216,2,2,zero_sentinel|zero_sentinel,,,,,,
p41-boxing-0021/021,brics-odroid-001_cam0,234,2,2,zero_sentinel|zero_sentinel,,,,,,
p41-boxing-0021/021,brics-odroid-001_cam0,252,2,0,medium|medium,1,38.0172,38.0172,38.0172,38.0172,38.0172
p41-boxing-0021/021,brics-odroid-001_cam0,270,2,2,zero_sentinel|zero_sentinel,,,,,,
p41-boxing-0021/021,brics-odroid-001_cam0,288,2,2,zero_sentinel|zero_sentinel,,,,,,
p41-boxing-0021/021,brics-odroid-001_cam0,306,2,0,medium|medium,1,31.1458,31.1458,31.1458,31.1458,31.1458
p41-boxing-0021/021,brics-odroid-001_cam0,324,2,2,zero_sentinel|zero_sentinel,,,,,,
p41-boxing-0021/021,brics-odroid-001_cam0,342,2,2,zero_sentinel|zero_sentinel,,,,,,
p41-boxing-0021/021,brics-odroid-001_cam0,36,2,2,zero_sentinel|zero_sentinel,,,,,,
p41-boxing-0021/021,brics-odroid-001_cam0,54,2,1,medium|zero_sentinel,,,,,,
p41-boxing-0021/021,brics-odroid-001_cam0,72,2,2,zero_sentinel|zero_sentinel,,,,,,
p41-boxing-0021/021,brics-odroid-001_cam0,90,2,2,zero_sentinel|zero_sentinel,,,,,,
p41-boxing-0021/021,brics-odroid-001_cam1,0,2,0,bad|medium,2,110.2615,110.2615,185.9334,195.3923,204.8513
p41-boxing-0021/021,brics-odroid-001_cam1,108,2,1,medium|zero_sentinel,1,23.4534,23.4534,23.4534,23.4534,23.4534
p41-boxing-0021/021,brics-odroid-001_cam1,126,2,0,medium|medium,1,15.6603,15.6603,15.6603,15.6603,15.6603
p41-boxing-0021/021,brics-odroid-001_cam1,144,2,2,zero_sentinel|zero_sentinel,,,,,,
p41-boxing-0021/021,brics-odroid-001_cam1,162,2,0,good|medium,1,6.5651,6.5651,6.5651,6.5651,6.5651
p41-boxing-0021/021,brics-odroid-001_cam1,18,2,2,zero_sentinel|zero_sentinel,,,,,,
p41-boxing-0021/021,brics-odroid-001_cam1,180,2,0,medium|medium,1,10.2339,10.2339,10.2339,10.2339,10.2339
p41-boxing-0021/021,brics-odroid-001_cam1,198,2,2,zero_sentinel|zero_sentinel,,,,,,
p41-boxing-0021/021,brics-odroid-001_cam1,216,2,0,bad|medium,2,71.1649,71.1649,118.5779,124.5045,130.4311
p41-boxing-0021/021,brics-odroid-001_cam1,234,2,2,zero_sentinel|zero_sentinel,,,,,,
p41-boxing-0021/021,brics-odroid-001_cam1,252,2,2,zero_sentinel|zero_sentinel,,,,,,
p41-boxing-0021/021,brics-odroid-001_cam1,270,2,1,medium|zero_sentinel,1,30.5682,30.5682,30.5682,30.5682,30.5682
p41-boxing-0021/021,brics-odroid-001_cam1,288,2,2,zero_sentinel|zero_sentinel,,,,,,
p41-boxing-0021/021,brics-odroid-001_cam1,306,2,2,zero_sentinel|zero_sentinel,,,,,,
p41-boxing-0021/021,brics-odroid-001_cam1,324,2,2,zero_sentinel|zero_sentinel,,,,,,
p41-boxing-0021/021,brics-odroid-001_cam1,342,2,0,good|medium,1,9.4991,9.4991,9.4991,9.4991,9.4991
p41-boxing-0021/021,brics-odroid-001_cam1,36,2,1,bad|zero_sentinel,1,160.8282,160.8282,160.8282,160.8282,160.8282
p41-boxing-0021/021,brics-odroid-001_cam1,54,2,2,zero_sentinel|zero_sentinel,,,,,,
p41-boxing-0021/021,brics-odroid-001_cam1,72,2,2,zero_sentinel|zero_sentinel,,,,,,
p41-boxing-0021/021,brics-odroid-001_cam1,90,2,2,zero_sentinel|zero_sentinel,,,,,,
p41-boxing-0021/021,brics-odroid-002_cam0,0,2,1,medium|zero_sentinel,1,10.9755,10.9755,10.9755,10.9755,10.9755
p41-boxing-0021/021,brics-odroid-002_cam0,108,2,1,medium|zero_sentinel,1,11.6812,11.6812,11.6812,11.6812,11.6812
p41-boxing-0021/021,brics-odroid-002_cam0,126,2,0,medium|medium,1,27.2882,27.2882,27.2882,27.2882,27.2882
p41-boxing-0021/021,brics-odroid-002_cam0,144,2,2,zero_sentinel|zero_sentinel,,,,,,
p41-boxing-0021/021,brics-odroid-002_cam0,162,2,1,medium|zero_sentinel,,,,,,
p41-boxing-0021/021,brics-odroid-002_cam0,18,2,1,good|zero_sentinel,1,9.9128,9.9128,9.9128,9.9128,9.9128
p41-boxing-0021/021,brics-odroid-002_cam0,180,2,2,zero_sentinel|zero_sentinel,,,,,,
p41-boxing-0021/021,brics-odroid-002_cam0,198,2,2,zero_sentinel|zero_sentinel,,,,,,
p41-boxing-0021/021,brics-odroid-002_cam0,216,2,2,zero_sentinel|zero_sentinel,,,,,,
p41-boxing-0021/021,brics-odroid-002_cam0,234,2,2,zero_sentinel|zero_sentinel,,,,,,
p41-boxing-0021/021,brics-odroid-002_cam0,252,2,1,medium|zero_sentinel,1,17.3102,17.3102,17.3102,17.3102,17.3102
p41-boxing-0021/021,brics-odroid-002_cam0,270,2,2,zero_sentinel|zero_sentinel,,,,,,
p41-boxing-0021/021,brics-odroid-002_cam0,288,2,1,medium|zero_sentinel,1,19.3782,19.3782,19.3782,19.3782,19.3782
p41-boxing-0021/021,brics-odroid-002_cam0,306,2,1,medium|zero_sentinel,1,18.9208,18.9208,18.9208,18.9208,18.9208
p41-boxing-0021/021,brics-odroid-002_cam0,324,2,2,zero_sentinel|zero_sentinel,,,,,,
p41-boxing-0021/021,brics-odroid-002_cam0,342,2,0,medium|medium,2,16.4365,16.4365,18.1659,18.3821,18.5983
p41-boxing-0021/021,brics-odroid-002_cam0,36,2,1,good|zero_sentinel,1,8.78,8.78,8.78,8.78,8.78
p41-boxing-0021/021,brics-odroid-002_cam0,54,2,1,medium|zero_sentinel,1,14.0448,14.0448,14.0448,14.0448,14.0448
p41-boxing-0021/021,brics-odroid-002_cam0,72,2,2,zero_sentinel|zero_sentinel,,,,,,
p41-boxing-0021/021,brics-odroid-002_cam0,90,2,2,zero_sentinel|zero_sentinel,,,,,,
p41-boxing-0021/021,brics-odroid-006_cam0,0,2,0,medium|medium,2,12.3278,12.3278,13.9235,14.1229,14.3224
p41-boxing-0021/021,brics-odroid-006_cam0,108,2,0,good|medium,2,10.655,10.655,11.5374,11.6477,11.758
p41-boxing-0021/021,brics-odroid-006_cam0,126,2,1,medium|zero_sentinel,1,21.1159,21.1159,21.1159,21.1159,21.1159
p41-boxing-0021/021,brics-odroid-006_cam0,144,2,0,medium|medium,2,11.0017,11.0017,11.2399,11.2696,11.2994
p41-boxing-0021/021,brics-odroid-006_cam0,162,2,1,medium|zero_sentinel,1,21.7191,21.7191,21.7191,21.7191,21.7191
p41-boxing-0021/021,brics-odroid-006_cam0,18,2,0,medium|medium,2,11.1252,11.1252,11.7843,11.8667,11.9491
p41-boxing-0021/021,brics-odroid-006_cam0,180,2,0,good|medium,2,11.4251,11.4251,13.9446,14.2596,14.5745
p41-boxing-0021/021,brics-odroid-006_cam0,198,2,1,medium|zero_sentinel,1,18.3258,18.3258,18.3258,18.3258,18.3258
p41-boxing-0021/021,brics-odroid-006_cam0,216,2,0,medium|medium,2,12.8446,12.8446,14.0357,14.1846,14.3335
p41-boxing-0021/021,brics-odroid-006_cam0,234,2,0,good|medium,2,10.6798,10.6798,11.4368,11.5314,11.626
p41-boxing-0021/021,brics-odroid-006_cam0,252,2,0,good|medium,2,10.4451,10.4451,11.4164,11.5378,11.6592
p41-boxing-0021/021,brics-odroid-006_cam0,270,2,0,medium|medium,2,20.6731,20.6731,23.7718,24.1592,24.5465
p41-boxing-0021/021,brics-odroid-006_cam0,288,2,0,good|medium,2,10.4613,10.4613,10.9856,11.0512,11.1167
p41-boxing-0021/021,brics-odroid-006_cam0,306,2,0,medium|medium,2,19.9834,19.9834,21.0054,21.1331,21.2609
p41-boxing-0021/021,brics-odroid-006_cam0,324,2,0,good|medium,2,10.2827,10.2827,11.9643,12.1745,12.3847
p41-boxing-0021/021,brics-odroid-006_cam0,342,2,0,good|medium,2,11.0527,11.0527,12.2113,12.3561,12.5009
p41-boxing-0021/021,brics-odroid-006_cam0,36,2,0,good|medium,2,10.6835,10.6835,11.5156,11.6196,11.7236
p41-boxing-0021/021,brics-odroid-006_cam0,54,2,0,good|medium,2,10.681,10.681,11.444,11.5393,11.6347
p41-boxing-0021/021,brics-odroid-006_cam0,72,2,0,good|good,2,7.865,7.865,9.1047,9.2596,9.4146
p41-boxing-0021/021,brics-odroid-006_cam0,90,2,0,good|good,2,8.4436,8.4436,8.8935,8.9498,9.006
p41-boxing-0021/021,brics-odroid-007_cam0,0,2,0,good|good,2,3.5606,3.5606,3.815,3.8468,3.8786
p41-boxing-0021/021,brics-odroid-007_cam0,108,2,0,good|medium,2,8.9199,8.9199,13.6845,14.2801,14.8757
p41-boxing-0021/021,brics-odroid-007_cam0,126,2,0,good|medium,2,8.5978,8.5978,12.4813,12.9668,13.4522
p41-boxing-0021/021,brics-odroid-007_cam0,144,2,0,good|medium,2,7.235,7.235,9.4764,9.7566,10.0368
p41-boxing-0021/021,brics-odroid-007_cam0,162,2,0,good|medium,2,15.0724,15.0724,24.0417,25.1628,26.284
p41-boxing-0021/021,brics-odroid-007_cam0,18,2,0,good|good,2,5.0945,5.0945,6.2065,6.3455,6.4845
p41-boxing-0021/021,brics-odroid-007_cam0,180,2,0,good|good,2,6.0754,6.0754,6.1006,6.1038,6.1069
p41-boxing-0021/021,brics-odroid-007_cam0,198,2,0,good|medium,2,10.1508,10.1508,14.4414,14.9778,15.5141
p41-boxing-0021/021,brics-odroid-007_cam0,216,2,0,good|good,2,4.5728,4.5728,4.6577,4.6683,4.6789
p41-boxing-0021/021,brics-odroid-007_cam0,234,2,0,good|medium,2,7.3352,7.3352,10.6784,11.0963,11.5142
p41-boxing-0021/021,brics-odroid-007_cam0,252,2,0,good|medium,2,8.1205,8.1205,10.9351,11.287,11.6388
p41-boxing-0021/021,brics-odroid-007_cam0,270,2,0,good|medium,2,12.9885,12.9885,15.8849,16.2469,16.609
p41-boxing-0021/021,brics-odroid-007_cam0,288,2,0,good|good,2,5.0425,5.0425,6.4691,6.6475,6.8258
p41-boxing-0021/021,brics-odroid-007_cam0,306,2,0,medium|medium,2,12.4305,12.4305,14.0052,14.2021,14.3989
p41-boxing-0021/021,brics-odroid-007_cam0,324,2,0,good|good,2,4.0183,4.0183,4.5941,4.666,4.738
p41-boxing-0021/021,brics-odroid-007_cam0,342,2,0,good|good,2,4.0124,4.0124,4.9958,5.1188,5.2417
p41-boxing-0021/021,brics-odroid-007_cam0,36,2,0,good|good,2,3.7558,3.7558,3.8556,3.868,3.8805
p41-boxing-0021/021,brics-odroid-007_cam0,54,2,0,good|medium,2,7.4631,7.4631,11.0829,11.5354,11.9879
p41-boxing-0021/021,brics-odroid-007_cam0,72,2,0,good|good,2,2.854,2.854,3.0062,3.0253,3.0443
p41-boxing-0021/021,brics-odroid-007_cam0,90,2,0,good|good,2,3.5184,3.5184,3.6257,3.6391,3.6525
p41-boxing-0021/021,brics-odroid-007_cam1,0,2,0,good|good,2,5.8809,5.8809,7.8764,8.1259,8.3753
p41-boxing-0021/021,brics-odroid-007_cam1,108,2,0,medium|medium,2,14.2194,14.2194,16.2995,16.5595,16.8195
p41-boxing-0021/021,brics-odroid-007_cam1,126,2,0,good|good,2,5.7323,5.7323,7.0295,7.1916,7.3538
p41-boxing-0021/021,brics-odroid-007_cam1,144,2,0,good|medium,2,10.2419,10.2419,12.7217,13.0316,13.3416
p41-boxing-0021/021,brics-odroid-007_cam1,162,2,0,good|medium,2,13.6242,13.6242,18.6979,19.3322,19.9664
p41-boxing-0021/021,brics-odroid-007_cam1,18,2,0,good|good,2,7.0385,7.0385,8.9335,9.1704,9.4073
p41-boxing-0021/021,brics-odroid-007_cam1,180,2,1,medium|zero_sentinel,1,12.4277,12.4277,12.4277,12.4277,12.4277
p41-boxing-0021/021,brics-odroid-007_cam1,198,2,0,medium|medium,2,18.9463,18.9463,23.5699,24.1479,24.7258
p41-boxing-0021/021,brics-odroid-007_cam1,216,2,0,good|good,2,7.1032,7.1032,7.8266,7.917,8.0074
p41-boxing-0021/021,brics-odroid-007_cam1,234,2,0,good|medium,2,10.4879,10.4879,11.9517,12.1346,12.3176
p41-boxing-0021/021,brics-odroid-007_cam1,252,2,0,good|medium,2,17.0616,17.0616,24.9266,25.9097,26.8928
p41-boxing-0021/021,brics-odroid-007_cam1,270,2,1,medium|zero_sentinel,1,42.0603,42.0603,42.0603,42.0603,42.0603
p41-boxing-0021/021,brics-odroid-007_cam1,288,2,0,good|medium,2,10.3053,10.3053,14.9955,15.5818,16.1681
p41-boxing-0021/021,brics-odroid-007_cam1,306,2,0,good|medium,2,15.3468,15.3468,20.5105,21.1559,21.8014
p41-boxing-0021/021,brics-odroid-007_cam1,324,2,0,good|good,2,6.5343,6.5343,8.8315,9.1187,9.4058
p41-boxing-0021/021,brics-odroid-007_cam1,342,2,0,good|good,2,5.8961,5.8961,6.9624,7.0957,7.229
p41-boxing-0021/021,brics-odroid-007_cam1,36,2,0,good|good,2,7.4104,7.4104,9.1722,9.3925,9.6127
p41-boxing-0021/021,brics-odroid-007_cam1,54,2,0,good|medium,2,13.665,13.665,18.0624,18.6121,19.1618
p41-boxing-0021/021,brics-odroid-007_cam1,72,2,0,good|good,2,6.5987,6.5987,8.1351,8.3271,8.5192
p41-boxing-0021/021,brics-odroid-007_cam1,90,2,0,good|medium,2,7.5491,7.5491,9.9846,10.2891,10.5935
p41-boxing-0021/021,brics-odroid-008_cam0,0,2,2,zero_sentinel|zero_sentinel,,,,,,
p41-boxing-0021/021,brics-odroid-008_cam0,108,2,2,zero_sentinel|zero_sentinel,,,,,,
p41-boxing-0021/021,brics-odroid-008_cam0,126,2,2,zero_sentinel|zero_sentinel,,,,,,
p41-boxing-0021/021,brics-odroid-008_cam0,144,2,0,medium|medium,2,27.5389,27.5389,29.6706,29.937,30.2035
p41-boxing-0021/021,brics-odroid-008_cam0,162,2,2,zero_sentinel|zero_sentinel,,,,,,
p41-boxing-0021/021,brics-odroid-008_cam0,18,2,2,zero_sentinel|zero_sentinel,,,,,,
p41-boxing-0021/021,brics-odroid-008_cam0,180,2,1,good|zero_sentinel,1,8.5768,8.5768,8.5768,8.5768,8.5768
p41-boxing-0021/021,brics-odroid-008_cam0,198,2,2,zero_sentinel|zero_sentinel,,,,,,
p41-boxing-0021/021,brics-odroid-008_cam0,216,2,1,good|zero_sentinel,1,8.8187,8.8187,8.8187,8.8187,8.8187
p41-boxing-0021/021,brics-odroid-008_cam0,234,2,1,medium|zero_sentinel,1,10.1206,10.1206,10.1206,10.1206,10.1206
p41-boxing-0021/021,brics-odroid-008_cam0,252,2,0,good|medium,2,10.672,10.672,14.0012,14.4173,14.8335
p41-boxing-0021/021,brics-odroid-008_cam0,270,2,1,good|zero_sentinel,1,8.9905,8.9905,8.9905,8.9905,8.9905
p41-boxing-0021/021,brics-odroid-008_cam0,288,2,1,good|zero_sentinel,1,7.0653,7.0653,7.0653,7.0653,7.0653
p41-boxing-0021/021,brics-odroid-008_cam0,306,2,2,zero_sentinel|zero_sentinel,,,,,,
p41-boxing-0021/021,brics-odroid-008_cam0,324,2,2,zero_sentinel|zero_sentinel,,,,,,
p41-boxing-0021/021,brics-odroid-008_cam0,342,2,2,zero_sentinel|zero_sentinel,,,,,,
p41-boxing-0021/021,brics-odroid-008_cam0,36,2,1,medium|zero_sentinel,1,22.0171,22.0171,22.0171,22.0171,22.0171
p41-boxing-0021/021,brics-odroid-008_cam0,54,2,2,zero_sentinel|zero_sentinel,,,,,,
p41-boxing-0021/021,brics-odroid-008_cam0,72,2,1,medium|zero_sentinel,1,42.4903,42.4903,42.4903,42.4903,42.4903
p41-boxing-0021/021,brics-odroid-008_cam0,90,2,1,medium|zero_sentinel,1,10.4927,10.4927,10.4927,10.4927,10.4927
p41-boxing-0021/021,brics-odroid-009_cam1,0,2,0,good|good,2,3.7379,3.7379,4.1441,4.1948,4.2456
p41-boxing-0021/021,brics-odroid-009_cam1,108,2,0,good|good,2,4.778,4.778,5.4864,5.575,5.6635
p41-boxing-0021/021,brics-odroid-009_cam1,126,2,0,good|good,2,5.289,5.289,5.9345,6.0152,6.0959
p41-boxing-0021/021,brics-odroid-009_cam1,144,2,0,good|good,2,4.6568,4.6568,4.9401,4.9755,5.0109
p41-boxing-0021/021,brics-odroid-009_cam1,162,2,0,good|medium,2,11.8764,11.8764,17.38,18.0679,18.7559
p41-boxing-0021/021,brics-odroid-009_cam1,18,2,0,good|good,2,3.8845,3.8845,3.9032,3.9056,3.9079
p41-boxing-0021/021,brics-odroid-009_cam1,180,2,0,good|good,2,5.2187,5.2187,5.8109,5.885,5.959
p41-boxing-0021/021,brics-odroid-009_cam1,198,2,0,good|good,2,5.8682,5.8682,6.8013,6.918,7.0346
p41-boxing-0021/021,brics-odroid-009_cam1,216,2,0,good|good,2,4.3483,4.3483,4.9621,5.0389,5.1156
p41-boxing-0021/021,brics-odroid-009_cam1,234,2,0,good|good,2,5.9264,5.9264,7.0259,7.1634,7.3008
p41-boxing-0021/021,brics-odroid-009_cam1,252,2,0,good|good,2,5.6757,5.6757,6.8314,6.9758,7.1203
p41-boxing-0021/021,brics-odroid-009_cam1,270,2,0,good|good,2,3.6187,3.6187,3.9357,3.9753,4.0149
p41-boxing-0021/021,brics-odroid-009_cam1,288,2,0,good|good,2,4.2318,4.2318,4.9134,4.9986,5.0838
p41-boxing-0021/021,brics-odroid-009_cam1,306,2,0,good|good,2,6.5547,6.5547,9.0073,9.3138,9.6204
p41-boxing-0021/021,brics-odroid-009_cam1,324,2,0,good|good,2,3.6361,3.6361,4.183,4.2514,4.3198
p41-boxing-0021/021,brics-odroid-009_cam1,342,2,0,good|good,2,3.9516,3.9516,4.3442,4.3933,4.4424
p41-boxing-0021/021,brics-odroid-009_cam1,36,2,0,good|good,2,3.9074,3.9074,4.3315,4.3845,4.4375
p41-boxing-0021/021,brics-odroid-009_cam1,54,2,0,good|good,2,3.0586,3.0586,3.4479,3.4965,3.5452
p41-boxing-0021/021,brics-odroid-009_cam1,72,2,0,good|good,2,3.2411,3.2411,3.3101,3.3187,3.3273
p41-boxing-0021/021,brics-odroid-009_cam1,90,2,0,good|good,2,3.1133,3.1133,3.7831,3.8668,3.9505
p41-boxing-0021/021,brics-odroid-010_cam0,0,2,0,good|good,2,5.7611,5.7611,6.3577,6.4322,6.5068
p41-boxing-0021/021,brics-odroid-010_cam0,108,2,1,good|zero_sentinel,1,9.3694,9.3694,9.3694,9.3694,9.3694
p41-boxing-0021/021,brics-odroid-010_cam0,126,2,1,good|zero_sentinel,1,4.6304,4.6304,4.6304,4.6304,4.6304
p41-boxing-0021/021,brics-odroid-010_cam0,144,2,0,medium|medium,2,16.2031,16.2031,19.6022,20.0271,20.452
p41-boxing-0021/021,brics-odroid-010_cam0,162,2,1,good|zero_sentinel,1,4.2771,4.2771,4.2771,4.2771,4.2771
p41-boxing-0021/021,brics-odroid-010_cam0,18,2,0,good|good,2,7.34,7.34,8.0574,8.147,8.2367
p41-boxing-0021/021,brics-odroid-010_cam0,180,2,0,medium|medium,2,12.8667,12.8667,14.8849,15.1372,15.3895
p41-boxing-0021/021,brics-odroid-010_cam0,198,2,0,good|medium,2,10.0292,10.0292,13.251,13.6537,14.0564
p41-boxing-0021/021,brics-odroid-010_cam0,216,2,0,good|good,2,7.4234,7.4234,9.2811,9.5133,9.7455
p41-boxing-0021/021,brics-odroid-010_cam0,234,2,0,good|good,2,7.0814,7.0814,8.147,8.2802,8.4134
p41-boxing-0021/021,brics-odroid-010_cam0,252,2,1,good|zero_sentinel,1,7.4628,7.4628,7.4628,7.4628,7.4628
p41-boxing-0021/021,brics-odroid-010_cam0,270,2,0,good|medium,2,13.8012,13.8012,17.2632,17.6959,18.1287
p41-boxing-0021/021,brics-odroid-010_cam0,288,2,0,good|good,2,6.1832,6.1832,7.6998,7.8893,8.0789
p41-boxing-0021/021,brics-odroid-010_cam0,306,2,1,medium|zero_sentinel,1,16.6027,16.6027,16.6027,16.6027,16.6027
p41-boxing-0021/021,brics-odroid-010_cam0,324,2,0,good|good,2,7.716,7.716,7.7504,7.7547,7.759
p41-boxing-0021/021,brics-odroid-010_cam0,342,2,0,good|good,2,6.513,6.513,7.5728,7.7053,7.8378
p41-boxing-0021/021,brics-odroid-010_cam0,36,2,0,good|good,2,7.7076,7.7076,9.0788,9.2502,9.4216
p41-boxing-0021/021,brics-odroid-010_cam0,54,2,1,good|zero_sentinel,1,7.7198,7.7198,7.7198,7.7198,7.7198
p41-boxing-0021/021,brics-odroid-010_cam0,72,2,0,good|medium,2,8.1241,8.1241,10.0481,10.2886,10.5291
p41-boxing-0021/021,brics-odroid-010_cam0,90,2,0,good|medium,2,7.6317,7.6317,10.122,10.4333,10.7446
p41-boxing-0021/021,brics-odroid-010_cam1,0,2,1,medium|zero_sentinel,1,31.1313,31.1313,31.1313,31.1313,31.1313
p41-boxing-0021/021,brics-odroid-010_cam1,108,2,0,medium|medium,2,30.402,30.402,32.9091,33.2225,33.5359
p41-boxing-0021/021,brics-odroid-010_cam1,126,2,0,medium|medium,2,30.404,30.404,30.4342,30.4379,30.4417
p41-boxing-0021/021,brics-odroid-010_cam1,144,2,0,medium|medium,2,26.2736,26.2736,32.4598,33.2331,34.0064
p41-boxing-0021/021,brics-odroid-010_cam1,162,2,0,medium|medium,2,32.1011,32.1011,33.0589,33.1786,33.2983
p41-boxing-0021/021,brics-odroid-010_cam1,18,2,1,medium|zero_sentinel,1,25.502,25.502,25.502,25.502,25.502
p41-boxing-0021/021,brics-odroid-010_cam1,180,2,2,zero_sentinel|zero_sentinel,,,,,,
p41-boxing-0021/021,brics-odroid-010_cam1,198,2,2,zero_sentinel|zero_sentinel,,,,,,
p41-boxing-0021/021,brics-odroid-010_cam1,216,2,1,medium|zero_sentinel,1,34.0671,34.0671,34.0671,34.0671,34.0671
p41-boxing-0021/021,brics-odroid-010_cam1,234,2,0,medium|medium,2,21.9627,21.9627,30.229,31.2623,32.2956
p41-boxing-0021/021,brics-odroid-010_cam1,252,2,0,medium|medium,2,29.9351,29.9351,35.5943,36.3017,37.0091
p41-boxing-0021/021,brics-odroid-010_cam1,270,2,0,medium|medium,2,25.5382,25.5382,32.1161,32.9383,33.7605
p41-boxing-0021/021,brics-odroid-010_cam1,288,2,1,bad|zero_sentinel,1,60.55,60.55,60.55,60.55,60.55
p41-boxing-0021/021,brics-odroid-010_cam1,306,2,0,medium|medium,2,18.4269,18.4269,21.6001,21.9967,22.3934
p41-boxing-0021/021,brics-odroid-010_cam1,324,2,1,medium|zero_sentinel,1,39.7612,39.7612,39.7612,39.7612,39.7612
p41-boxing-0021/021,brics-odroid-010_cam1,342,2,1,medium|zero_sentinel,1,37.8283,37.8283,37.8283,37.8283,37.8283
p41-boxing-0021/021,brics-odroid-010_cam1,36,2,1,medium|zero_sentinel,1,42.4883,42.4883,42.4883,42.4883,42.4883
p41-boxing-0021/021,brics-odroid-010_cam1,54,2,0,medium|medium,2,28.1844,28.1844,31.3118,31.7027,32.0936
p41-boxing-0021/021,brics-odroid-010_cam1,72,2,1,medium|zero_sentinel,1,45.6688,45.6688,45.6688,45.6688,45.6688
p41-boxing-0021/021,brics-odroid-010_cam1,90,2,1,medium|zero_sentinel,1,49.3049,49.3049,49.3049,49.3049,49.3049
p41-boxing-0021/021,brics-odroid-011_cam0,0,2,0,good|medium,2,13.6587,13.6587,22.4224,23.5178,24.6133
p41-boxing-0021/021,brics-odroid-011_cam0,108,2,1,good|zero_sentinel,1,3.1712,3.1712,3.1712,3.1712,3.1712
p41-boxing-0021/021,brics-odroid-011_cam0,126,2,2,zero_sentinel|zero_sentinel,,,,,,
p41-boxing-0021/021,brics-odroid-011_cam0,144,2,1,good|zero_sentinel,1,7.3369,7.3369,7.3369,7.3369,7.3369
p41-boxing-0021/021,brics-odroid-011_cam0,162,2,1,good|zero_sentinel,1,4.3646,4.3646,4.3646,4.3646,4.3646
p41-boxing-0021/021,brics-odroid-011_cam0,18,2,0,good|good,2,5.3601,5.3601,6.9462,7.1444,7.3427
p41-boxing-0021/021,brics-odroid-011_cam0,180,2,0,good|good,2,6.3445,6.3445,6.7399,6.7893,6.8387
p41-boxing-0021/021,brics-odroid-011_cam0,198,2,0,good|good,2,7.9439,7.9439,8.0839,8.1014,8.1189
p41-boxing-0021/021,brics-odroid-011_cam0,216,2,0,good|medium,2,8.0969,8.0969,10.1176,10.3702,10.6228
p41-boxing-0021/021,brics-odroid-011_cam0,234,2,0,good|good,2,5.8491,5.8491,7.3889,7.5814,7.7739
p41-boxing-0021/021,brics-odroid-011_cam0,252,2,1,good|zero_sentinel,1,4.5032,4.5032,4.5032,4.5032,4.5032
p41-boxing-0021/021,brics-odroid-011_cam0,270,2,0,medium|medium,2,15.9398,15.9398,16.5771,16.6567,16.7364
p41-boxing-0021/021,brics-odroid-011_cam0,288,2,0,good|medium,2,14.7012,14.7012,23.9566,25.1135,26.2704
p41-boxing-0021/021,brics-odroid-011_cam0,306,2,1,good|zero_sentinel,1,8.8412,8.8412,8.8412,8.8412,8.8412
p41-boxing-0021/021,brics-odroid-011_cam0,324,2,0,good|medium,2,17.0137,17.0137,27.8177,29.1682,30.5187
p41-boxing-0021/021,brics-odroid-011_cam0,342,2,0,good|medium,2,13.27,13.27,21.4019,22.4184,23.4349
p41-boxing-0021/021,brics-odroid-011_cam0,36,2,0,good|medium,2,9.8093,9.8093,15.3978,16.0963,16.7949
p41-boxing-0021/021,brics-odroid-011_cam0,54,2,0,good|medium,2,19.3755,19.3755,32.5419,34.1877,35.8335
p41-boxing-0021/021,brics-odroid-011_cam0,72,2,0,good|good,2,4.4258,4.4258,5.2816,5.3885,5.4955
p41-boxing-0021/021,brics-odroid-011_cam0,90,2,0,good|good,2,5.2402,5.2402,6.8762,7.0807,7.2852
p41-boxing-0021/021,brics-odroid-012_cam0,0,2,0,good|good,2,6.3375,6.3375,8.5573,8.8348,9.1123
p41-boxing-0021/021,brics-odroid-012_cam0,108,2,0,good|medium,2,30.5289,30.5289,48.8715,51.1643,53.4571
p41-boxing-0021/021,brics-odroid-012_cam0,126,2,1,good|zero_sentinel,1,3.6204,3.6204,3.6204,3.6204,3.6204
p41-boxing-0021/021,brics-odroid-012_cam0,144,2,0,good|medium,2,24.3896,24.3896,40.2333,42.2137,44.1942
p41-boxing-0021/021,brics-odroid-012_cam0,162,2,0,bad|good,2,102.252,102.252,181.8319,191.7794,201.7269
p41-boxing-0021/021,brics-odroid-012_cam0,18,2,0,good|good,2,7.7835,7.7835,9.284,9.4715,9.6591
p41-boxing-0021/021,brics-odroid-012_cam0,180,2,0,bad|good,2,34.6934,34.6934,59.3568,62.4398,65.5227
p41-boxing-0021/021,brics-odroid-012_cam0,198,2,1,good|zero_sentinel,1,3.459,3.459,3.459,3.459,3.459
p41-boxing-0021/021,brics-odroid-012_cam0,216,2,1,good|zero_sentinel,1,3.358,3.358,3.358,3.358,3.358
p41-boxing-0021/021,brics-odroid-012_cam0,234,2,0,good|medium,2,16.2474,16.2474,25.7649,26.9546,28.1443
p41-boxing-0021/021,brics-odroid-012_cam0,252,2,0,medium|medium,2,20.3259,20.3259,24.6277,25.1655,25.7032
p41-boxing-0021/021,brics-odroid-012_cam0,270,2,1,good|zero_sentinel,1,3.2926,3.2926,3.2926,3.2926,3.2926
p41-boxing-0021/021,brics-odroid-012_cam0,288,2,1,good|zero_sentinel,1,3.6191,3.6191,3.6191,3.6191,3.6191
p41-boxing-0021/021,brics-odroid-012_cam0,306,2,0,bad|medium,2,147.5225,147.5225,235.4558,246.4474,257.4391
p41-boxing-0021/021,brics-odroid-012_cam0,324,2,0,good|medium,2,7.0229,7.0229,9.5691,9.8873,10.2056
p41-boxing-0021/021,brics-odroid-012_cam0,342,2,0,good|medium,2,9.0107,9.0107,13.4567,14.0124,14.5682
p41-boxing-0021/021,brics-odroid-012_cam0,36,2,0,good|medium,2,7.2367,7.2367,9.7238,10.0347,10.3456
p41-boxing-0021/021,brics-odroid-012_cam0,54,2,0,medium|medium,2,25.2234,25.2234,36.5851,38.0053,39.4255
p41-boxing-0021/021,brics-odroid-012_cam0,72,2,0,good|medium,2,7.1264,7.1264,9.792,10.1252,10.4584
p41-boxing-0021/021,brics-odroid-012_cam0,90,2,0,good|medium,2,7.7807,7.7807,10.4849,10.823,11.161
p41-boxing-0021/021,brics-odroid-012_cam1,0,2,0,good|good,2,5.4559,5.4559,5.9765,6.0415,6.1066
p41-boxing-0021/021,brics-odroid-012_cam1,108,2,1,good|zero_sentinel,1,6.2177,6.2177,6.2177,6.2177,6.2177
p41-boxing-0021/021,brics-odroid-012_cam1,126,2,2,zero_sentinel|zero_sentinel,,,,,,
p41-boxing-0021/021,brics-odroid-012_cam1,144,2,2,zero_sentinel|zero_sentinel,,,,,,
p41-boxing-0021/021,brics-odroid-012_cam1,162,2,2,zero_sentinel|zero_sentinel,,,,,,
p41-boxing-0021/021,brics-odroid-012_cam1,18,2,0,good|good,2,6.5534,6.5534,7.6644,7.8033,7.9422
p41-boxing-0021/021,brics-odroid-012_cam1,180,2,2,zero_sentinel|zero_sentinel,,,,,,
p41-boxing-0021/021,brics-odroid-012_cam1,198,2,0,good|medium,2,9.6575,9.6575,10.8176,10.9626,11.1076
p41-boxing-0021/021,brics-odroid-012_cam1,216,2,2,zero_sentinel|zero_sentinel,,,,,,
p41-boxing-0021/021,brics-odroid-012_cam1,234,2,2,zero_sentinel|zero_sentinel,,,,,,
p41-boxing-0021/021,brics-odroid-012_cam1,252,2,2,zero_sentinel|zero_sentinel,,,,,,
p41-boxing-0021/021,brics-odroid-012_cam1,270,2,2,zero_sentinel|zero_sentinel,,,,,,
p41-boxing-0021/021,brics-odroid-012_cam1,288,2,2,zero_sentinel|zero_sentinel,,,,,,
p41-boxing-0021/021,brics-odroid-012_cam1,306,2,2,zero_sentinel|zero_sentinel,,,,,,
p41-boxing-0021/021,brics-odroid-012_cam1,324,2,0,good|good,2,7.4464,7.4464,8.3385,8.45,8.5615
p41-boxing-0021/021,brics-odroid-012_cam1,342,2,0,good|good,2,6.2058,6.2058,7.1788,7.3004,7.422
p41-boxing-0021/021,brics-odroid-012_cam1,36,2,0,good|good,2,8.1973,8.1973,9.6062,9.7823,9.9584
p41-boxing-0021/021,brics-odroid-012_cam1,54,2,0,bad|good,2,76.8937,76.8937,134.1174,141.2703,148.4233
p41-boxing-0021/021,brics-odroid-012_cam1,72,2,0,good|medium,2,7.9446,7.9446,9.7098,9.9305,10.1511
p41-boxing-0021/021,brics-odroid-012_cam1,90,2,0,good|medium,2,8.9832,8.9832,10.8048,11.0325,11.2602
p41-boxing-0021/021,brics-odroid-014_cam1,0,2,1,good|zero_sentinel,1,5.1541,5.1541,5.1541,5.1541,5.1541
p41-boxing-0021/021,brics-odroid-014_cam1,108,2,1,bad|zero_sentinel,1,215.6895,215.6895,215.6895,215.6895,215.6895
p41-boxing-0021/021,brics-odroid-014_cam1,126,2,0,good|medium,2,17.5403,17.5403,28.5449,29.9205,31.2961
p41-boxing-0021/021,brics-odroid-014_cam1,144,2,1,medium|zero_sentinel,1,14.1463,14.1463,14.1463,14.1463,14.1463
p41-boxing-0021/021,brics-odroid-014_cam1,162,2,0,good|medium,2,8.2617,8.2617,12.7963,13.3631,13.9299
p41-boxing-0021/021,brics-odroid-014_cam1,18,2,1,bad|zero_sentinel,1,109.9685,109.9685,109.9685,109.9685,109.9685
p41-boxing-0021/021,brics-odroid-014_cam1,180,2,0,good|good,2,5.7283,5.7283,7.2437,7.4331,7.6225
p41-boxing-0021/021,brics-odroid-014_cam1,198,2,0,good|medium,2,12.499,12.499,17.904,18.5797,19.2553
p41-boxing-0021/021,brics-odroid-014_cam1,216,2,0,good|good,2,4.0146,4.0146,4.3688,4.413,4.4573
p41-boxing-0021/021,brics-odroid-014_cam1,234,2,0,bad|medium,2,73.2069,73.2069,122.8613,129.0681,135.2749
p41-boxing-0021/021,brics-odroid-014_cam1,252,2,1,medium|zero_sentinel,1,14.0109,14.0109,14.0109,14.0109,14.0109
p41-boxing-0021/021,brics-odroid-014_cam1,270,2,0,good|good,2,8.4545,8.4545,9.2923,9.3971,9.5018
p41-boxing-0021/021,brics-odroid-014_cam1,288,2,0,bad|good,2,65.1328,65.1328,114.2217,120.3578,126.4939
p41-boxing-0021/021,brics-odroid-014_cam1,306,2,0,medium|medium,2,12.2323,12.2323,13.1936,13.3137,13.4339
p41-boxing-0021/021,brics-odroid-014_cam1,324,2,0,good|medium,2,26.8708,26.8708,45.3077,47.6123,49.9169
p41-boxing-0021/021,brics-odroid-014_cam1,342,2,0,bad|good,2,90.4696,90.4696,159.984,168.6733,177.3626
p41-boxing-0021/021,brics-odroid-014_cam1,36,2,0,good|good,2,4.8513,4.8513,5.4865,5.5659,5.6453
p41-boxing-0021/021,brics-odroid-014_cam1,54,2,1,medium|zero_sentinel,1,43.4621,43.4621,43.4621,43.4621,43.4621
p41-boxing-0021/021,brics-odroid-014_cam1,72,2,1,good|zero_sentinel,1,2.5715,2.5715,2.5715,2.5715,2.5715
p41-boxing-0021/021,brics-odroid-014_cam1,90,2,1,bad|zero_sentinel,1,124.5704,124.5704,124.5704,124.5704,124.5704
p41-boxing-0021/021,brics-odroid-015_cam0,0,2,0,good|good,2,3.6734,3.6734,3.8072,3.8239,3.8406
p41-boxing-0021/021,brics-odroid-015_cam0,108,2,1,good|zero_sentinel,1,4.3821,4.3821,4.3821,4.3821,4.3821
p41-boxing-0021/021,brics-odroid-015_cam0,126,2,1,good|zero_sentinel,1,4.4215,4.4215,4.4215,4.4215,4.4215
p41-boxing-0021/021,brics-odroid-015_cam0,144,2,0,good|good,2,4.7026,4.7026,6.3307,6.5342,6.7377
p41-boxing-0021/021,brics-odroid-015_cam0,162,2,1,good|zero_sentinel,1,3.7698,3.7698,3.7698,3.7698,3.7698
p41-boxing-0021/021,brics-odroid-015_cam0,18,2,0,good|good,2,4.4655,4.4655,5.1965,5.2878,5.3792
p41-boxing-0021/021,brics-odroid-015_cam0,180,2,0,good|good,2,4.5179,4.5179,4.5365,4.5388,4.5411
p41-boxing-0021/021,brics-odroid-015_cam0,198,2,0,good|good,2,6.6972,6.6972,6.9842,7.0201,7.056
p41-boxing-0021/021,brics-odroid-015_cam0,216,2,0,good|good,2,3.4954,3.4954,3.5344,3.5392,3.5441
p41-boxing-0021/021,brics-odroid-015_cam0,234,2,0,good|medium,2,7.931,7.931,12.2661,12.808,13.3499
p41-boxing-0021/021,brics-odroid-015_cam0,252,2,1,good|zero_sentinel,1,2.7513,2.7513,2.7513,2.7513,2.7513
p41-boxing-0021/021,brics-odroid-015_cam0,270,2,0,good|medium,2,15.1912,15.1912,23.5318,24.5743,25.6169
p41-boxing-0021/021,brics-odroid-015_cam0,288,2,0,good|good,2,3.7209,3.7209,4.3947,4.4789,4.5631
p41-boxing-0021/021,brics-odroid-015_cam0,306,2,0,good|medium,2,25.5167,25.5167,43.3619,45.5925,47.8232
p41-boxing-0021/021,brics-odroid-015_cam0,324,2,0,good|good,2,3.9738,3.9738,4.136,4.1563,4.1766
p41-boxing-0021/021,brics-odroid-015_cam0,342,2,0,good|good,2,3.367,3.367,3.5379,3.5592,3.5806
p41-boxing-0021/021,brics-odroid-015_cam0,36,2,0,good|good,2,3.6261,3.6261,4.025,4.0748,4.1247
p41-boxing-0021/021,brics-odroid-015_cam0,54,2,1,good|zero_sentinel,1,4.3125,4.3125,4.3125,4.3125,4.3125
p41-boxing-0021/021,brics-odroid-015_cam0,72,2,0,good|good,2,4.083,4.083,4.3039,4.3315,4.3591
p41-boxing-0021/021,brics-odroid-015_cam0,90,2,0,good|good,2,4.494,4.494,5.5753,5.7104,5.8456
p41-boxing-0021/021,brics-odroid-015_cam1,0,2,0,good|good,2,6.5905,6.5905,8.9031,9.1921,9.4812
p41-boxing-0021/021,brics-odroid-015_cam1,108,2,0,good|medium,2,19.9951,19.9951,32.9163,34.5315,36.1466
p41-boxing-0021/021,brics-odroid-015_cam1,126,2,0,good|good,2,5.0219,5.0219,6.6765,6.8834,7.0902
p41-boxing-0021/021,brics-odroid-015_cam1,144,2,0,good|good,2,4.2943,4.2943,4.6825,4.7311,4.7796
p41-boxing-0021/021,brics-odroid-015_cam1,162,2,1,good|zero_sentinel,1,3.2574,3.2574,3.2574,3.2574,3.2574
p41-boxing-0021/021,brics-odroid-015_cam1,18,2,0,good|good,2,5.5159,5.5159,6.0656,6.1344,6.2031
p41-boxing-0021/021,brics-odroid-015_cam1,180,2,0,good|good,2,3.4394,3.4394,3.5916,3.6106,3.6296
p41-boxing-0021/021,brics-odroid-015_cam1,198,2,0,good|good,2,4.2469,4.2469,4.2882,4.2933,4.2985
p41-boxing-0021/021,brics-odroid-015_cam1,216,2,0,good|good,2,3.9482,3.9482,4.1352,4.1586,4.182
p41-boxing-0021/021,brics-odroid-015_cam1,234,2,0,good|good,2,5.2233,5.2233,6.9984,7.2203,7.4422
p41-boxing-0021/021,brics-odroid-015_cam1,252,2,0,good|medium,2,25.0728,25.0728,42.3914,44.5563,46.7211
p41-boxing-0021/021,brics-odroid-015_cam1,270,2,0,good|good,2,5.4427,5.4427,5.8298,5.8782,5.9266
p41-boxing-0021/021,brics-odroid-015_cam1,288,2,0,good|good,2,4.4672,4.4672,5.9318,6.1149,6.298
p41-boxing-0021/021,brics-odroid-015_cam1,306,2,0,good|medium,2,13.2072,13.2072,20.8691,21.8269,22.7846
p41-boxing-0021/021,brics-odroid-015_cam1,324,2,0,good|good,2,3.9876,3.9876,5.5428,5.7372,5.9316
p41-boxing-0021/021,brics-odroid-015_cam1,342,2,0,good|good,2,4.9444,4.9444,6.3464,6.5216,6.6969
p41-boxing-0021/021,brics-odroid-015_cam1,36,2,0,good|good,2,5.1669,5.1669,6.4259,6.5833,6.7407
p41-boxing-0021/021,brics-odroid-015_cam1,54,2,0,good|medium,2,7.2046,7.2046,10.4838,10.8937,11.3036
p41-boxing-0021/021,brics-odroid-015_cam1,72,2,0,good|good,2,4.135,4.135,4.4516,4.4911,4.5307
p41-boxing-0021/021,brics-odroid-015_cam1,90,2,0,good|good,2,4.7995,4.7995,5.2538,5.3105,5.3673
p41-boxing-0021/021,brics-odroid-016_cam0,0,2,0,good|good,2,4.7614,4.7614,5.9601,6.11,6.2598
p41-boxing-0021/021,brics-odroid-016_cam0,108,2,0,good|medium,2,7.5216,7.5216,9.9419,10.2445,10.547
p41-boxing-0021/021,brics-odroid-016_cam0,126,2,0,bad|good,2,125.2918,125.2918,221.213,233.2032,245.1933
p41-boxing-0021/021,brics-odroid-016_cam0,144,2,0,good|good,2,4.9604,4.9604,5.029,5.0376,5.0462
p41-boxing-0021/021,brics-odroid-016_cam0,162,2,0,good|good,2,6.9163,6.9163,8.1834,8.3418,8.5002
p41-boxing-0021/021,brics-odroid-016_cam0,18,2,0,good|medium,2,7.6663,7.6663,11.3926,11.8584,12.3242
p41-boxing-0021/021,brics-odroid-016_cam0,180,2,0,bad|bad,2,148.1479,148.1479,172.968,176.0705,179.173
p41-boxing-0021/021,brics-odroid-016_cam0,198,2,0,good|good,2,5.617,5.617,5.9431,5.9838,6.0246
p41-boxing-0021/021,brics-odroid-016_cam0,216,2,0,bad|bad,2,154.5693,154.5693,178.22,181.1764,184.1327
p41-boxing-0021/021,brics-odroid-016_cam0,234,2,0,good|good,2,4.3033,4.3033,5.3686,5.5018,5.635
p41-boxing-0021/021,brics-odroid-016_cam0,252,2,0,good|medium,2,8.222,8.222,10.6238,10.924,11.2242
p41-boxing-0021/021,brics-odroid-016_cam0,270,2,0,bad|bad,2,143.091,143.091,144.7154,144.9185,145.1215
p41-boxing-0021/021,brics-odroid-016_cam0,288,2,1,good|zero_sentinel,1,3.846,3.846,3.846,3.846,3.846
p41-boxing-0021/021,brics-odroid-016_cam0,306,2,1,medium|zero_sentinel,1,34.4244,34.4244,34.4244,34.4244,34.4244
p41-boxing-0021/021,brics-odroid-016_cam0,324,2,0,good|good,2,4.9612,4.9612,5.6236,5.7064,5.7892
p41-boxing-0021/021,brics-odroid-016_cam0,342,2,0,good|good,2,4.8445,4.8445,5.8118,5.9327,6.0536
p41-boxing-0021/021,brics-odroid-016_cam0,36,2,0,good|good,2,3.5221,3.5221,3.5616,3.5666,3.5715
p41-boxing-0021/021,brics-odroid-016_cam0,54,2,0,good|medium,2,8.0792,8.0792,11.5971,12.0369,12.4766
p41-boxing-0021/021,brics-odroid-016_cam0,72,2,0,good|good,2,2.9409,2.9409,3.1167,3.1387,3.1607
p41-boxing-0021/021,brics-odroid-016_cam0,90,2,0,good|good,2,4.4443,4.4443,5.3913,5.5096,5.628
p41-boxing-0021/021,brics-odroid-017_cam0,0,2,0,bad|medium,2,64.1362,64.1362,105.9303,111.1545,116.3788
p41-boxing-0021/021,brics-odroid-017_cam0,108,2,0,medium|medium,2,27.7308,27.7308,36.2811,37.3498,38.4186
p41-boxing-0021/021,brics-odroid-017_cam0,126,2,0,good|medium,2,9.0862,9.0862,9.8683,9.966,10.0638
p41-boxing-0021/021,brics-odroid-017_cam0,144,2,0,bad|medium,2,64.0117,64.0117,100.8547,105.4601,110.0655
p41-boxing-0021/021,brics-odroid-017_cam0,162,2,0,good|medium,2,10.7149,10.7149,14.2156,14.6532,15.0908
p41-boxing-0021/021,brics-odroid-017_cam0,18,2,0,bad|medium,2,51.0495,51.0495,82.785,86.752,90.7189
p41-boxing-0021/021,brics-odroid-017_cam0,180,2,0,good|medium,2,8.8524,8.8524,11.6415,11.9902,12.3388
p41-boxing-0021/021,brics-odroid-017_cam0,198,2,0,good|good,2,7.2719,7.2719,8.9648,9.1764,9.388
p41-boxing-0021/021,brics-odroid-017_cam0,216,2,0,good|medium,2,11.6276,11.6276,14.4188,14.7677,15.1166
p41-boxing-0021/021,brics-odroid-017_cam0,234,2,0,bad|medium,2,49.1536,49.1536,67.3286,69.6004,71.8723
p41-boxing-0021/021,brics-odroid-017_cam0,252,2,0,bad|medium,2,54.0391,54.0391,82.2146,85.7366,89.2585
p41-boxing-0021/021,brics-odroid-017_cam0,270,2,0,good|medium,2,9.2167,9.2167,11.4638,11.7447,12.0256
p41-boxing-0021/021,brics-odroid-017_cam0,288,2,0,medium|medium,2,12.307,12.307,13.8492,14.042,14.2348
p41-boxing-0021/021,brics-odroid-017_cam0,306,2,1,medium|zero_sentinel,1,13.2276,13.2276,13.2276,13.2276,13.2276
p41-boxing-0021/021,brics-odroid-017_cam0,324,2,0,good|good,2,7.7747,7.7747,8.1547,8.2022,8.2497
p41-boxing-0021/021,brics-odroid-017_cam0,342,2,0,good|medium,2,11.3049,11.3049,14.3599,14.7418,15.1237
p41-boxing-0021/021,brics-odroid-017_cam0,36,2,0,bad|good,2,42.067,42.067,69.7876,73.2527,76.7178
p41-boxing-0021/021,brics-odroid-017_cam0,54,2,0,medium|medium,2,30.6141,30.6141,45.7074,47.594,49.4807
p41-boxing-0021/021,brics-odroid-017_cam0,72,2,0,bad|good,2,48.0764,48.0764,80.559,84.6193,88.6796
p41-boxing-0021/021,brics-odroid-017_cam0,90,2,0,good|good,2,8.5891,8.5891,9.0999,9.1637,9.2276
p41-boxing-0021/021,brics-odroid-017_cam1,0,2,0,good|good,2,7.7245,7.7245,9.2479,9.4384,9.6288
p41-boxing-0021/021,brics-odroid-017_cam1,108,2,0,good|medium,2,16.7141,16.7141,25.4856,26.5821,27.6785
p41-boxing-0021/021,brics-odroid-017_cam1,126,2,0,good|good,2,6.7838,6.7838,8.0517,8.2102,8.3687
p41-boxing-0021/021,brics-odroid-017_cam1,144,2,0,good|medium,2,20.4969,20.4969,32.8692,34.4158,35.9623
p41-boxing-0021/021,brics-odroid-017_cam1,162,2,0,good|good,2,6.1259,6.1259,7.2553,7.3964,7.5376
p41-boxing-0021/021,brics-odroid-017_cam1,18,2,0,good|medium,2,12.8928,12.8928,16.5257,16.9798,17.4339
p41-boxing-0021/021,brics-odroid-017_cam1,180,2,0,good|medium,2,7.4567,7.4567,9.5408,9.8013,10.0618
p41-boxing-0021/021,brics-odroid-017_cam1,198,2,0,good|medium,2,10.637,10.637,13.636,14.0108,14.3857
p41-boxing-0021/021,brics-odroid-017_cam1,216,2,0,good|good,2,5.1388,5.1388,5.1795,5.1845,5.1896
p41-boxing-0021/021,brics-odroid-017_cam1,234,2,0,medium|medium,2,28.1069,28.1069,34.2891,35.0619,35.8347
p41-boxing-0021/021,brics-odroid-017_cam1,252,2,0,good|medium,2,10.6941,10.6941,14.6994,15.2,15.7007
p41-boxing-0021/021,brics-odroid-017_cam1,270,2,0,medium|medium,2,14.78,14.78,17.8624,18.2477,18.633
p41-boxing-0021/021,brics-odroid-017_cam1,288,2,0,good|good,2,7.382,7.382,8.0847,8.1726,8.2604
p41-boxing-0021/021,brics-odroid-017_cam1,306,2,0,good|medium,2,10.4753,10.4753,11.9715,12.1586,12.3456
p41-boxing-0021/021,brics-odroid-017_cam1,324,2,0,good|good,2,7.0945,7.0945,9.0945,9.3445,9.5945
p41-boxing-0021/021,brics-odroid-017_cam1,342,2,0,good|good,2,5.4792,5.4792,6.9691,7.1554,7.3416
p41-boxing-0021/021,brics-odroid-017_cam1,36,2,0,good|good,2,6.2682,6.2682,6.4463,6.4686,6.4909
p41-boxing-0021/021,brics-odroid-017_cam1,54,2,0,good|medium,2,19.4279,19.4279,28.3245,29.4365,30.5486
p41-boxing-0021/021,brics-odroid-017_cam1,72,2,0,good|good,2,7.8718,7.8718,8.554,8.6393,8.7246
p41-boxing-0021/021,brics-odroid-017_cam1,90,2,0,good|good,2,5.181,5.181,5.8843,5.9722,6.0601
p41-boxing-0021/021,brics-odroid-019_cam1,0,2,0,bad|medium,2,63.8336,63.8336,93.2321,96.9069,100.5817
p41-boxing-0021/021,brics-odroid-019_cam1,108,2,0,good|medium,1,5.1099,5.1099,5.1099,5.1099,5.1099
p41-boxing-0021/021,brics-odroid-019_cam1,126,2,2,zero_sentinel|zero_sentinel,,,,,,
p41-boxing-0021/021,brics-odroid-019_cam1,144,2,1,medium|zero_sentinel,1,10.4277,10.4277,10.4277,10.4277,10.4277
p41-boxing-0021/021,brics-odroid-019_cam1,162,2,2,zero_sentinel|zero_sentinel,,,,,,
p41-boxing-0021/021,brics-odroid-019_cam1,18,2,0,bad|medium,2,55.7824,55.7824,75.0954,77.5096,79.9237
p41-boxing-0021/021,brics-odroid-019_cam1,180,2,0,good|medium,2,14.1765,14.1765,19.5367,20.2067,20.8767
p41-boxing-0021/021,brics-odroid-019_cam1,198,2,0,medium|medium,2,25.9742,25.9742,29.8417,30.3252,30.8086
p41-boxing-0021/021,brics-odroid-019_cam1,216,2,0,medium|medium,2,17.632,17.632,23.0526,23.7301,24.4077
p41-boxing-0021/021,brics-odroid-019_cam1,234,2,1,good|zero_sentinel,1,7.4932,7.4932,7.4932,7.4932,7.4932
p41-boxing-0021/021,brics-odroid-019_cam1,252,2,0,good|medium,1,7.5991,7.5991,7.5991,7.5991,7.5991
p41-boxing-0021/021,brics-odroid-019_cam1,270,2,0,bad|medium,2,63.8656,63.8656,103.4981,108.4521,113.4062
p41-boxing-0021/021,brics-odroid-019_cam1,288,2,0,medium|medium,2,19.3007,19.3007,20.3815,20.5166,20.6517
p41-boxing-0021/021,brics-odroid-019_cam1,306,2,0,good|medium,1,8.3749,8.3749,8.3749,8.3749,8.3749
p41-boxing-0021/021,brics-odroid-019_cam1,324,2,0,good|medium,2,19.9142,19.9142,28.2501,29.2921,30.3341
p41-boxing-0021/021,brics-odroid-019_cam1,342,2,0,bad|medium,2,53.2164,53.2164,81.3214,84.8346,88.3477
p41-boxing-0021/021,brics-odroid-019_cam1,36,2,0,medium|medium,2,35.8187,35.8187,49.0543,50.7087,52.3632
p41-boxing-0021/021,brics-odroid-019_cam1,54,2,0,good|medium,1,5.4707,5.4707,5.4707,5.4707,5.4707
p41-boxing-0021/021,brics-odroid-019_cam1,72,2,0,medium|medium,2,38.044,38.044,55.6876,57.8931,60.0985
p41-boxing-0021/021,brics-odroid-019_cam1,90,2,0,medium|medium,2,25.6907,25.6907,34.5132,35.616,36.7188
p41-boxing-0021/021,brics-odroid-020_cam0,0,2,0,good|good,2,5.1839,5.1839,5.8108,5.8891,5.9675
p41-boxing-0021/021,brics-odroid-020_cam0,108,2,1,good|zero_sentinel,1,4.4556,4.4556,4.4556,4.4556,4.4556
p41-boxing-0021/021,brics-odroid-020_cam0,126,2,1,good|zero_sentinel,1,9.157,9.157,9.157,9.157,9.157
p41-boxing-0021/021,brics-odroid-020_cam0,144,2,0,good|medium,2,9.4507,9.4507,11.7765,12.0672,12.3579
p41-boxing-0021/021,brics-odroid-020_cam0,162,2,1,good|zero_sentinel,1,6.5474,6.5474,6.5474,6.5474,6.5474
p41-boxing-0021/021,brics-odroid-020_cam0,18,2,0,good|medium,2,8.5294,8.5294,11.5339,11.9094,12.285
p41-boxing-0021/021,brics-odroid-020_cam0,180,2,0,good|medium,2,8.3835,8.3835,11.0205,11.3501,11.6797
p41-boxing-0021/021,brics-odroid-020_cam0,198,2,0,good|good,2,7.532,7.532,8.278,8.3712,8.4645
p41-boxing-0021/021,brics-odroid-020_cam0,216,2,0,good|good,2,6.3694,6.3694,7.3029,7.4196,7.5363
p41-boxing-0021/021,brics-odroid-020_cam0,234,2,0,good|medium,2,7.4261,7.4261,10.0501,10.3781,10.7061
p41-boxing-0021/021,brics-odroid-020_cam0,252,2,1,good|zero_sentinel,1,4.2614,4.2614,4.2614,4.2614,4.2614
p41-boxing-0021/021,brics-odroid-020_cam0,270,2,0,medium|medium,2,13.203,13.203,13.8501,13.931,14.0119
p41-boxing-0021/021,brics-odroid-020_cam0,288,2,0,good|good,2,5.7595,5.7595,7.0358,7.1954,7.3549
p41-boxing-0021/021,brics-odroid-020_cam0,306,2,1,good|zero_sentinel,1,8.1749,8.1749,8.1749,8.1749,8.1749
p41-boxing-0021/021,brics-odroid-020_cam0,324,2,0,good|good,2,5.1515,5.1515,5.3437,5.3677,5.3917
p41-boxing-0021/021,brics-odroid-020_cam0,342,2,0,good|good,2,5.1524,5.1524,5.9534,6.0535,6.1536
p41-boxing-0021/021,brics-odroid-020_cam0,36,2,0,good|good,2,5.986,5.986,6.688,6.7758,6.8635
p41-boxing-0021/021,brics-odroid-020_cam0,54,2,1,good|zero_sentinel,1,3.853,3.853,3.853,3.853,3.853
p41-boxing-0021/021,brics-odroid-020_cam0,72,2,0,good|good,2,5.9382,5.9382,6.6981,6.7931,6.8881
p41-boxing-0021/021,brics-odroid-020_cam0,90,2,0,good|good,2,3.687,3.687,4.3052,4.3824,4.4597
p41-boxing-0021/021,brics-odroid-020_cam1,0,2,0,good|good,2,3.798,3.798,4.6388,4.7439,4.849
p41-boxing-0021/021,brics-odroid-020_cam1,108,2,0,good|good,2,5.7301,5.7301,8.4508,8.7909,9.131
p41-boxing-0021/021,brics-odroid-020_cam1,126,2,0,good|good,2,6.5578,6.5578,8.0108,8.1925,8.3741
p41-boxing-0021/021,brics-odroid-020_cam1,144,2,0,good|good,2,6.3828,6.3828,7.6199,7.7745,7.9291
p41-boxing-0021/021,brics-odroid-020_cam1,162,2,0,good|good,2,5.8623,5.8623,8.0587,8.3333,8.6078
p41-boxing-0021/021,brics-odroid-020_cam1,18,2,0,good|good,2,5.9739,5.9739,7.9575,8.2055,8.4534
p41-boxing-0021/021,brics-odroid-020_cam1,180,2,0,good|good,2,6.3343,6.3343,8.2544,8.4944,8.7344
p41-boxing-0021/021,brics-odroid-020_cam1,198,2,0,good|good,2,4.1364,4.1364,4.294,4.3137,4.3334
p41-boxing-0021/021,brics-odroid-020_cam1,216,2,0,good|good,2,4.1733,4.1733,4.2126,4.2175,4.2224
p41-boxing-0021/021,brics-odroid-020_cam1,234,2,0,good|good,2,4.4333,4.4333,5.6515,5.8038,5.9561
p41-boxing-0021/021,brics-odroid-020_cam1,252,2,0,good|good,2,5.4306,5.4306,7.6959,7.979,8.2622
p41-boxing-0021/021,brics-odroid-020_cam1,270,2,0,good|good,2,8.4594,8.4594,8.995,9.0619,9.1289
p41-boxing-0021/021,brics-odroid-020_cam1,288,2,0,good|good,2,3.4047,3.4047,4.3818,4.504,4.6261
p41-boxing-0021/021,brics-odroid-020_cam1,306,2,0,good|good,2,7.8228,7.8228,9.2162,9.3903,9.5645
p41-boxing-0021/021,brics-odroid-020_cam1,324,2,0,good|good,2,4.1223,4.1223,4.5525,4.6062,4.66
p41-boxing-0021/021,brics-odroid-020_cam1,342,2,0,good|good,2,3.6303,3.6303,4.7205,4.8567,4.993
p41-boxing-0021/021,brics-odroid-020_cam1,36,2,0,good|good,2,3.1971,3.1971,3.5278,3.5692,3.6105
p41-boxing-0021/021,brics-odroid-020_cam1,54,2,0,good|good,2,4.5104,4.5104,5.5362,5.6645,5.7927
p41-boxing-0021/021,brics-odroid-020_cam1,72,2,0,good|good,2,4.4941,4.4941,4.9944,5.057,5.1195
p41-boxing-0021/021,brics-odroid-020_cam1,90,2,0,good|good,2,3.7366,3.7366,3.8566,3.8716,3.8866
p41-boxing-0021/021,brics-odroid-021_cam0,0,2,0,good|good,2,5.6025,5.6025,6.7609,6.9057,7.0505
p41-boxing-0021/021,brics-odroid-021_cam0,108,2,0,medium|medium,2,38.2095,38.2095,45.2053,46.0798,46.9543
p41-boxing-0021/021,brics-odroid-021_cam0,126,2,0,good|medium,2,13.9838,13.9838,21.8623,22.8471,23.8319
p41-boxing-0021/021,brics-odroid-021_cam0,144,2,0,medium|medium,2,32.6069,32.6069,33.6461,33.776,33.9059
p41-boxing-0021/021,brics-odroid-021_cam0,162,2,0,bad|good,2,63.0881,63.0881,109.4232,115.215,121.0069
p41-boxing-0021/021,brics-odroid-021_cam0,18,2,0,good|medium,2,10.745,10.745,15.3995,15.9813,16.5631
p41-boxing-0021/021,brics-odroid-021_cam0,180,2,0,good|good,2,7.8301,7.8301,8.1308,8.1684,8.206
p41-boxing-0021/021,brics-odroid-021_cam0,198,2,0,good|good,2,7.5298,7.5298,7.8713,7.914,7.9567
p41-boxing-0021/021,brics-odroid-021_cam0,216,2,0,good|good,2,5.0053,5.0053,5.1231,5.1379,5.1526
p41-boxing-0021/021,brics-odroid-021_cam0,234,2,0,medium|medium,2,17.9344,17.9344,21.3774,21.8078,22.2382
p41-boxing-0021/021,brics-odroid-021_cam0,252,2,0,bad|medium,2,49.8417,49.8417,62.2715,63.8252,65.3789
p41-boxing-0021/021,brics-odroid-021_cam0,270,2,0,medium|medium,2,15.3938,15.3938,16.9776,17.1756,17.3736
p41-boxing-0021/021,brics-odroid-021_cam0,288,2,0,good|good,2,5.8428,5.8428,6.2267,6.2747,6.3227
p41-boxing-0021/021,brics-odroid-021_cam0,306,2,0,bad|medium,2,50.2262,50.2262,70.6987,73.2577,75.8168
p41-boxing-0021/021,brics-odroid-021_cam0,324,2,0,good|good,2,6.2893,6.2893,7.5495,7.7071,7.8646
p41-boxing-0021/021,brics-odroid-021_cam0,342,2,0,good|good,2,5.3649,5.3649,5.7663,5.8164,5.8666
p41-boxing-0021/021,brics-odroid-021_cam0,36,2,0,good|good,2,6.9581,6.9581,7.9313,8.053,8.1746
p41-boxing-0021/021,brics-odroid-021_cam0,54,2,0,medium|medium,2,36.9389,36.9389,39.1673,39.4458,39.7244
p41-boxing-0021/021,brics-odroid-021_cam0,72,2,0,good|good,2,6.6895,6.6895,8.3977,8.6112,8.8247
p41-boxing-0021/021,brics-odroid-021_cam0,90,2,0,good|good,2,6.0486,6.0486,6.768,6.858,6.9479
p41-boxing-0021/021,brics-odroid-021_cam1,0,2,1,good|zero_sentinel,1,5.1308,5.1308,5.1308,5.1308,5.1308
p41-boxing-0021/021,brics-odroid-021_cam1,108,2,2,zero_sentinel|zero_sentinel,,,,,,
p41-boxing-0021/021,brics-odroid-021_cam1,126,2,0,bad|good,2,84.0499,84.0499,149.4381,157.6116,165.7851
p41-boxing-0021/021,brics-odroid-021_cam1,144,2,0,bad|medium,2,68.496,68.496,113.7791,119.4395,125.0999
p41-boxing-0021/021,brics-odroid-021_cam1,162,2,1,good|zero_sentinel,1,3.4509,3.4509,3.4509,3.4509,3.4509
p41-boxing-0021/021,brics-odroid-021_cam1,18,2,0,bad|good,2,51.8305,51.8305,85.5967,89.8175,94.0383
p41-boxing-0021/021,brics-odroid-021_cam1,180,2,0,bad|good,2,53.1205,53.1205,92.4718,97.3907,102.3096
p41-boxing-0021/021,brics-odroid-021_cam1,198,2,0,bad|good,2,69.8845,69.8845,123.2442,129.9141,136.5841
p41-boxing-0021/021,brics-odroid-021_cam1,216,2,0,bad|good,2,41.276,41.276,71.9696,75.8063,79.643
p41-boxing-0021/021,brics-odroid-021_cam1,234,2,0,bad|medium,2,48.5787,48.5787,72.9549,76.002,79.049
p41-boxing-0021/021,brics-odroid-021_cam1,252,2,2,zero_sentinel|zero_sentinel,,,,,,
p41-boxing-0021/021,brics-odroid-021_cam1,270,2,0,bad|good,2,62.5726,62.5726,105.5892,110.9662,116.3433
p41-boxing-0021/021,brics-odroid-021_cam1,288,2,0,bad|good,2,70.9005,70.9005,123.7613,130.3689,136.9765
p41-boxing-0021/021,brics-odroid-021_cam1,306,2,2,zero_sentinel|zero_sentinel,,,,,,
p41-boxing-0021/021,brics-odroid-021_cam1,324,2,0,bad|good,2,88.6506,88.6506,154.4701,162.6976,170.925
p41-boxing-0021/021,brics-odroid-021_cam1,342,2,0,bad|good,2,98.7819,98.7819,174.4565,183.9158,193.3751
p41-boxing-0021/021,brics-odroid-021_cam1,36,2,0,bad|good,2,63.4958,63.4958,110.507,116.3834,122.2598
p41-boxing-0021/021,brics-odroid-021_cam1,54,2,2,zero_sentinel|zero_sentinel,,,,,,
p41-boxing-0021/021,brics-odroid-021_cam1,72,2,1,good|zero_sentinel,1,4.3595,4.3595,4.3595,4.3595,4.3595
p41-boxing-0021/021,brics-odroid-021_cam1,90,2,0,bad|good,2,54.1072,54.1072,94.9586,100.0651,105.1715
p41-boxing-0021/021,brics-odroid-022_cam0,0,2,2,zero_sentinel|zero_sentinel,,,,,,
p41-boxing-0021/021,brics-odroid-022_cam0,108,2,2,zero_sentinel|zero_sentinel,,,,,,
p41-boxing-0021/021,brics-odroid-022_cam0,126,2,2,zero_sentinel|zero_sentinel,,,,,,
p41-boxing-0021/021,brics-odroid-022_cam0,144,2,2,zero_sentinel|zero_sentinel,,,,,,
p41-boxing-0021/021,brics-odroid-022_cam0,162,2,2,zero_sentinel|zero_sentinel,,,,,,
p41-boxing-0021/021,brics-odroid-022_cam0,18,2,2,zero_sentinel|zero_sentinel,,,,,,
p41-boxing-0021/021,brics-odroid-022_cam0,180,2,2,zero_sentinel|zero_sentinel,,,,,,
p41-boxing-0021/021,brics-odroid-022_cam0,198,2,2,zero_sentinel|zero_sentinel,,,,,,
p41-boxing-0021/021,brics-odroid-022_cam0,216,2,2,zero_sentinel|zero_sentinel,,,,,,
p41-boxing-0021/021,brics-odroid-022_cam0,234,2,2,zero_sentinel|zero_sentinel,,,,,,
p41-boxing-0021/021,brics-odroid-022_cam0,252,2,2,zero_sentinel|zero_sentinel,,,,,,
p41-boxing-0021/021,brics-odroid-022_cam0,270,2,2,zero_sentinel|zero_sentinel,,,,,,
p41-boxing-0021/021,brics-odroid-022_cam0,288,2,2,zero_sentinel|zero_sentinel,,,,,,
p41-boxing-0021/021,brics-odroid-022_cam0,306,2,2,zero_sentinel|zero_sentinel,,,,,,
p41-boxing-0021/021,brics-odroid-022_cam0,324,2,2,zero_sentinel|zero_sentinel,,,,,,
p41-boxing-0021/021,brics-odroid-022_cam0,342,2,2,zero_sentinel|zero_sentinel,,,,,,
p41-boxing-0021/021,brics-odroid-022_cam0,36,2,2,zero_sentinel|zero_sentinel,,,,,,
p41-boxing-0021/021,brics-odroid-022_cam0,54,2,2,zero_sentinel|zero_sentinel,,,,,,
p41-boxing-0021/021,brics-odroid-022_cam0,72,2,2,zero_sentinel|zero_sentinel,,,,,,
p41-boxing-0021/021,brics-odroid-022_cam0,90,2,2,zero_sentinel|zero_sentinel,,,,,,
p41-boxing-0021/021,brics-odroid-022_cam1,0,2,2,zero_sentinel|zero_sentinel,,,,,,
p41-boxing-0021/021,brics-odroid-022_cam1,108,2,2,zero_sentinel|zero_sentinel,,,,,,
p41-boxing-0021/021,brics-odroid-022_cam1,126,2,2,zero_sentinel|zero_sentinel,,,,,,
p41-boxing-0021/021,brics-odroid-022_cam1,144,2,2,zero_sentinel|zero_sentinel,,,,,,
p41-boxing-0021/021,brics-odroid-022_cam1,162,2,2,zero_sentinel|zero_sentinel,,,,,,
p41-boxing-0021/021,brics-odroid-022_cam1,18,2,2,zero_sentinel|zero_sentinel,,,,,,
p41-boxing-0021/021,brics-odroid-022_cam1,180,2,2,zero_sentinel|zero_sentinel,,,,,,
p41-boxing-0021/021,brics-odroid-022_cam1,198,2,2,zero_sentinel|zero_sentinel,,,,,,
p41-boxing-0021/021,brics-odroid-022_cam1,216,2,2,zero_sentinel|zero_sentinel,,,,,,
p41-boxing-0021/021,brics-odroid-022_cam1,234,2,2,zero_sentinel|zero_sentinel,,,,,,
p41-boxing-0021/021,brics-odroid-022_cam1,252,2,2,zero_sentinel|zero_sentinel,,,,,,
p41-boxing-0021/021,brics-odroid-022_cam1,270,2,2,zero_sentinel|zero_sentinel,,,,,,
p41-boxing-0021/021,brics-odroid-022_cam1,288,2,2,zero_sentinel|zero_sentinel,,,,,,
p41-boxing-0021/021,brics-odroid-022_cam1,306,2,2,zero_sentinel|zero_sentinel,,,,,,
p41-boxing-0021/021,brics-odroid-022_cam1,324,2,2,zero_sentinel|zero_sentinel,,,,,,
p41-boxing-0021/021,brics-odroid-022_cam1,342,2,2,zero_sentinel|zero_sentinel,,,,,,
p41-boxing-0021/021,brics-odroid-022_cam1,36,2,2,zero_sentinel|zero_sentinel,,,,,,
p41-boxing-0021/021,brics-odroid-022_cam1,54,2,2,zero_sentinel|zero_sentinel,,,,,,
p41-boxing-0021/021,brics-odroid-022_cam1,72,2,2,zero_sentinel|zero_sentinel,,,,,,
p41-boxing-0021/021,brics-odroid-022_cam1,90,2,2,zero_sentinel|zero_sentinel,,,,,,
p41-boxing-0021/021,brics-odroid-023_cam0,0,2,0,good|medium,2,9.486,9.486,10.8853,11.0602,11.2351
p41-boxing-0021/021,brics-odroid-023_cam0,108,2,1,medium|zero_sentinel,1,14.9341,14.9341,14.9341,14.9341,14.9341
p41-boxing-0021/021,brics-odroid-023_cam0,126,2,0,good|good,2,8.3133,8.3133,8.8988,8.972,9.0452
p41-boxing-0021/021,brics-odroid-023_cam0,144,2,1,medium|zero_sentinel,1,15.9205,15.9205,15.9205,15.9205,15.9205
p41-boxing-0021/021,brics-odroid-023_cam0,162,2,0,medium|medium,2,11.8837,11.8837,11.9619,11.9716,11.9814
p41-boxing-0021/021,brics-odroid-023_cam0,18,2,0,good|good,2,8.9187,8.9187,9.1523,9.1815,9.2107
p41-boxing-0021/021,brics-odroid-023_cam0,180,2,0,good|good,2,7.0605,7.0605,7.9863,8.1021,8.2178
p41-boxing-0021/021,brics-odroid-023_cam0,198,2,0,good|medium,2,8.7531,8.7531,10.3669,10.5686,10.7703
p41-boxing-0021/021,brics-odroid-023_cam0,216,2,0,good|good,2,7.1945,7.1945,7.2005,7.2013,7.202
p41-boxing-0021/021,brics-odroid-023_cam0,234,2,0,good|medium,2,15.0061,15.0061,21.0263,21.7788,22.5313
p41-boxing-0021/021,brics-odroid-023_cam0,252,2,0,good|medium,2,12.7736,12.7736,17.767,18.3911,19.0153
p41-boxing-0021/021,brics-odroid-023_cam0,270,2,0,medium|medium,2,12.3851,12.3851,12.9893,13.0648,13.1403
p41-boxing-0021/021,brics-odroid-023_cam0,288,2,0,good|medium,2,9.9399,9.9399,11.62,11.83,12.04
p41-boxing-0021/021,brics-odroid-023_cam0,306,2,0,good|medium,2,8.9066,8.9066,10.9223,11.1742,11.4262
p41-boxing-0021/021,brics-odroid-023_cam0,324,2,0,good|medium,2,8.7552,8.7552,10.3724,10.5745,10.7767
p41-boxing-0021/021,brics-odroid-023_cam0,342,2,0,good|good,2,6.0002,6.0002,6.6812,6.7663,6.8514
p41-boxing-0021/021,brics-odroid-023_cam0,36,2,0,good|good,2,6.179,6.179,7.2752,7.4123,7.5493
p41-boxing-0021/021,brics-odroid-023_cam0,54,2,1,medium|zero_sentinel,1,13.5793,13.5793,13.5793,13.5793,13.5793
p41-boxing-0021/021,brics-odroid-023_cam0,72,2,0,good|good,2,6.1883,6.1883,7.7741,7.9723,8.1705
p41-boxing-0021/021,brics-odroid-023_cam0,90,2,0,good|good,2,7.3501,7.3501,7.7036,7.7478,7.792
p41-boxing-0021/021,brics-odroid-024_cam0,0,2,0,good|good,2,7.2198,7.2198,8.25,8.3787,8.5075
p41-boxing-0021/021,brics-odroid-024_cam0,108,2,0,good|good,2,8.0727,8.0727,9.3391,9.4974,9.6557
p41-boxing-0021/021,brics-odroid-024_cam0,126,2,0,medium|medium,2,12.574,12.574,13.4832,13.5969,13.7105
p41-boxing-0021/021,brics-odroid-024_cam0,144,2,0,good|medium,2,9.3408,9.3408,11.8145,12.1237,12.4329
p41-boxing-0021/021,brics-odroid-024_cam0,162,2,0,medium|medium,2,15.2197,15.2197,16.8335,17.0352,17.2369
p41-boxing-0021/021,brics-odroid-024_cam0,18,2,0,good|medium,2,8.2545,8.2545,9.8464,10.0454,10.2444
p41-boxing-0021/021,brics-odroid-024_cam0,180,2,0,good|medium,2,8.4428,8.4428,10.2572,10.484,10.7108
p41-boxing-0021/021,brics-odroid-024_cam0,198,2,0,good|medium,2,11.6383,11.6383,13.6316,13.8807,14.1299
p41-boxing-0021/021,brics-odroid-024_cam0,216,2,0,good|medium,2,8.6607,8.6607,9.9158,10.0727,10.2296
p41-boxing-0021/021,brics-odroid-024_cam0,234,2,0,medium|medium,2,22.5743,22.5743,29.0649,29.8762,30.6875
p41-boxing-0021/021,brics-odroid-024_cam0,252,2,0,good|medium,2,27.8779,27.8779,42.6013,44.4418,46.2822
p41-boxing-0021/021,brics-odroid-024_cam0,270,2,0,bad|medium,2,54.446,54.446,66.5808,68.0977,69.6145
p41-boxing-0021/021,brics-odroid-024_cam0,288,2,0,medium|medium,2,19.425,19.425,23.9138,24.4749,25.036
p41-boxing-0021/021,brics-odroid-024_cam0,306,2,0,medium|medium,2,28.3272,28.3272,29.2634,29.3804,29.4974
p41-boxing-0021/021,brics-odroid-024_cam0,324,2,0,good|good,2,6.8773,6.8773,6.93,6.9365,6.9431
p41-boxing-0021/021,brics-odroid-024_cam0,342,2,0,good|good,2,7.2544,7.2544,7.4077,7.4268,7.446
p41-boxing-0021/021,brics-odroid-024_cam0,36,2,0,good|good,2,7.3698,7.3698,8.4825,8.6216,8.7607
p41-boxing-0021/021,brics-odroid-024_cam0,54,2,0,good|good,2,7.7579,7.7579,8.7029,8.8211,8.9392
p41-boxing-0021/021,brics-odroid-024_cam0,72,2,0,good|good,2,7.4851,7.4851,9.1555,9.3643,9.5731
p41-boxing-0021/021,brics-odroid-024_cam0,90,2,0,good|good,2,6.7021,6.7021,8.0215,8.1865,8.3514
p41-boxing-0021/021,brics-odroid-024_cam1,0,2,0,good|good,2,5.472,5.472,6.5066,6.6359,6.7652
p41-boxing-0021/021,brics-odroid-024_cam1,108,2,1,good|zero_sentinel,1,5.8404,5.8404,5.8404,5.8404,5.8404
p41-boxing-0021/021,brics-odroid-024_cam1,126,2,2,zero_sentinel|zero_sentinel,,,,,,
p41-boxing-0021/021,brics-odroid-024_cam1,144,2,0,medium|medium,2,15.3062,15.3062,18.3252,18.7025,19.0799
p41-boxing-0021/021,brics-odroid-024_cam1,162,2,2,zero_sentinel|zero_sentinel,,,,,,
p41-boxing-0021/021,brics-odroid-024_cam1,18,2,0,good|good,2,6.3455,6.3455,7.3083,7.4287,7.549
p41-boxing-0021/021,brics-odroid-024_cam1,180,2,0,good|medium,2,10.0312,10.0312,11.0986,11.2321,11.3655
p41-boxing-0021/021,brics-odroid-024_cam1,198,2,0,good|medium,2,12.6146,12.6146,16.2655,16.7218,17.1782
p41-boxing-0021/021,brics-odroid-024_cam1,216,2,0,good|medium,2,8.1327,8.1327,9.8107,10.0205,10.2302
p41-boxing-0021/021,brics-odroid-024_cam1,234,2,0,good|good,2,6.0365,6.0365,6.2134,6.2355,6.2576
p41-boxing-0021/021,brics-odroid-024_cam1,252,2,0,good|medium,2,10.2925,10.2925,13.4395,13.8328,14.2262
p41-boxing-0021/021,brics-odroid-024_cam1,270,2,0,medium|medium,2,23.0567,23.0567,27.0689,27.5705,28.072
p41-boxing-0021/021,brics-odroid-024_cam1,288,2,0,good|medium,2,7.3652,7.3652,9.7122,10.0055,10.2989
p41-boxing-0021/021,brics-odroid-024_cam1,306,2,0,good|good,2,9.1861,9.1861,9.6658,9.7257,9.7857
p41-boxing-0021/021,brics-odroid-024_cam1,324,2,0,good|good,2,6.6509,6.6509,7.936,8.0967,8.2573
p41-boxing-0021/021,brics-odroid-024_cam1,342,2,0,good|good,2,6.1868,6.1868,7.3678,7.5154,7.663
p41-boxing-0021/021,brics-odroid-024_cam1,36,2,0,good|good,2,6.2279,6.2279,6.3418,6.3561,6.3703
p41-boxing-0021/021,brics-odroid-024_cam1,54,2,0,good|medium,2,11.0261,11.0261,14.2811,14.688,15.0949
p41-boxing-0021/021,brics-odroid-024_cam1,72,2,0,good|good,2,5.5808,5.5808,6.5178,6.6349,6.752
p41-boxing-0021/021,brics-odroid-024_cam1,90,2,0,good|good,2,5.3107,5.3107,6.0349,6.1255,6.216
p41-boxing-0021/021,brics-odroid-025_cam0,0,2,0,medium|medium,2,11.3613,11.3613,12.1284,12.2243,12.3202
p41-boxing-0021/021,brics-odroid-025_cam0,108,2,0,medium|medium,2,13.3787,13.3787,15.4987,15.7637,16.0287
p41-boxing-0021/021,brics-odroid-025_cam0,126,2,0,good|medium,2,12.6871,12.6871,15.8913,16.2918,16.6923
p41-boxing-0021/021,brics-odroid-025_cam0,144,2,0,bad|medium,2,126.4526,126.4526,218.8451,230.3941,241.9432
p41-boxing-0021/021,brics-odroid-025_cam0,162,2,2,zero_sentinel|zero_sentinel,,,,,,
p41-boxing-0021/021,brics-odroid-025_cam0,18,2,0,medium|medium,2,11.3445,11.3445,12.0773,12.1689,12.2605
p41-boxing-0021/021,brics-odroid-025_cam0,180,2,0,good|good,2,8.5753,8.5753,9.0775,9.1403,9.2031
p41-boxing-0021/021,brics-odroid-025_cam0,198,2,0,good|medium,2,9.7499,9.7499,11.4201,11.6288,11.8376
p41-boxing-0021/021,brics-odroid-025_cam0,216,2,0,good|good,2,8.2447,8.2447,9.1708,9.2865,9.4023
p41-boxing-0021/021,brics-odroid-025_cam0,234,2,0,bad|good,2,191.121,191.121,336.7032,354.9009,373.0987
p41-boxing-0021/021,brics-odroid-025_cam0,252,2,0,bad|medium,2,254.6564,254.6564,449.3312,473.6655,497.9999
p41-boxing-0021/021,brics-odroid-025_cam0,270,2,1,medium|zero_sentinel,1,10.6234,10.6234,10.6234,10.6234,10.6234
p41-boxing-0021/021,brics-odroid-025_cam0,288,2,0,medium|medium,2,13.5915,13.5915,13.9194,13.9604,14.0014
p41-boxing-0021/021,brics-odroid-025_cam0,306,2,0,medium|medium,2,15.839,15.839,18.0308,18.3048,18.5788
p41-boxing-0021/021,brics-odroid-025_cam0,324,2,0,medium|medium,2,12.7081,12.7081,13.9912,14.1516,14.312
p41-boxing-0021/021,brics-odroid-025_cam0,342,2,0,medium|medium,2,12.0407,12.0407,12.5242,12.5846,12.645
p41-boxing-0021/021,brics-odroid-025_cam0,36,2,0,medium|medium,2,12.7031,12.7031,14.1161,14.2928,14.4694
p41-boxing-0021/021,brics-odroid-025_cam0,54,2,0,medium|medium,2,13.9322,13.9322,16.1355,16.4109,16.6863
p41-boxing-0021/021,brics-odroid-025_cam0,72,2,0,bad|medium,2,139.5925,139.5925,240.7635,253.4099,266.0563
p41-boxing-0021/021,brics-odroid-025_cam0,90,2,0,good|medium,2,11.5353,11.5353,12.9534,13.1306,13.3079
p41-boxing-0021/021,brics-odroid-025_cam1,0,2,2,zero_sentinel|zero_sentinel,,,,,,
p41-boxing-0021/021,brics-odroid-025_cam1,108,2,0,bad|medium,2,89.6339,89.6339,130.2664,135.3454,140.4245
p41-boxing-0021/021,brics-odroid-025_cam1,126,2,2,zero_sentinel|zero_sentinel,,,,,,
p41-boxing-0021/021,brics-odroid-025_cam1,144,2,0,medium|medium,2,27.6563,27.6563,30.5829,30.9487,31.3145
p41-boxing-0021/021,brics-odroid-025_cam1,162,2,1,good|zero_sentinel,1,4.5895,4.5895,4.5895,4.5895,4.5895
p41-boxing-0021/021,brics-odroid-025_cam1,18,2,2,zero_sentinel|zero_sentinel,,,,,,
p41-boxing-0021/021,brics-odroid-025_cam1,180,2,0,good|medium,2,10.1622,10.1622,12.2821,12.5471,12.8121
p41-boxing-0021/021,brics-odroid-025_cam1,198,2,2,zero_sentinel|zero_sentinel,,,,,,
p41-boxing-0021/021,brics-odroid-025_cam1,216,2,0,good|medium,2,16.4672,16.4672,21.681,22.3328,22.9845
p41-boxing-0021/021,brics-odroid-025_cam1,234,2,0,bad|good,2,35.3595,35.3595,59.2361,62.2206,65.2052
p41-boxing-0021/021,brics-odroid-025_cam1,252,2,0,good|medium,2,25.5112,25.5112,41.844,43.8856,45.9272
p41-boxing-0021/021,brics-odroid-025_cam1,270,2,0,medium|medium,2,27.593,27.593,36.0541,37.1117,38.1693
p41-boxing-0021/021,brics-odroid-025_cam1,288,2,0,good|medium,2,7.1002,7.1002,9.4332,9.7249,10.0165
p41-boxing-0021/021,brics-odroid-025_cam1,306,2,0,bad|good,2,35.6775,35.6775,58.9906,61.9048,64.8189
p41-boxing-0021/021,brics-odroid-025_cam1,324,2,0,medium|medium,2,22.5284,22.5284,24.0463,24.236,24.4257
p41-boxing-0021/021,brics-odroid-025_cam1,342,2,2,zero_sentinel|zero_sentinel,,,,,,
p41-boxing-0021/021,brics-odroid-025_cam1,36,2,2,zero_sentinel|zero_sentinel,,,,,,
p41-boxing-0021/021,brics-odroid-025_cam1,54,2,0,medium|medium,2,19.8449,19.8449,24.04,24.5644,25.0888
p41-boxing-0021/021,brics-odroid-025_cam1,72,2,2,zero_sentinel|zero_sentinel,,,,,,
p41-boxing-0021/021,brics-odroid-025_cam1,90,2,2,zero_sentinel|zero_sentinel,,,,,,
p41-boxing-0021/021,brics-odroid-026_cam0,0,2,0,bad|good,2,82.2822,82.2822,143.6107,151.2767,158.9428
p41-boxing-0021/021,brics-odroid-026_cam0,108,2,1,medium|zero_sentinel,1,10.398,10.398,10.398,10.398,10.398
p41-boxing-0021/021,brics-odroid-026_cam0,126,2,0,bad|good,2,144.5306,144.5306,256.618,270.6289,284.6398
p41-boxing-0021/021,brics-odroid-026_cam0,144,2,0,bad|medium,2,112.6435,112.6435,162.445,168.6702,174.8954
p41-boxing-0021/021,brics-odroid-026_cam0,162,2,0,bad|good,2,161.4613,161.4613,286.2743,301.876,317.4776
p41-boxing-0021/021,brics-odroid-026_cam0,18,2,1,bad|zero_sentinel,1,138.0527,138.0527,138.0527,138.0527,138.0527
p41-boxing-0021/021,brics-odroid-026_cam0,180,2,0,bad|good,2,50.0254,50.0254,86.924,91.5364,96.1487
p41-boxing-0021/021,brics-odroid-026_cam0,198,2,0,bad|good,2,66.7466,66.7466,117.4606,123.7998,130.1391
p41-boxing-0021/021,brics-odroid-026_cam0,216,2,0,bad|good,2,64.4855,64.4855,112.9269,118.9821,125.0373
p41-boxing-0021/021,brics-odroid-026_cam0,234,2,0,good|good,2,4.7732,4.7732,4.8766,4.8895,4.9024
p41-boxing-0021/021,brics-odroid-026_cam0,252,2,0,bad|medium,2,166.9298,166.9298,292.0208,307.6571,323.2935
p41-boxing-0021/021,brics-odroid-026_cam0,270,2,0,bad|good,2,66.772,66.772,116.4858,122.7,128.9142
p41-boxing-0021/021,brics-odroid-026_cam0,288,2,0,bad|bad,2,155.856,155.856,157.7906,158.0324,158.2742
p41-boxing-0021/021,brics-odroid-026_cam0,306,2,0,bad|bad,2,275.0046,275.0046,275.504,275.5665,275.6289
p41-boxing-0021/021,brics-odroid-026_cam0,324,2,0,bad|good,2,82.7619,82.7619,144.3999,152.1047,159.8094
p41-boxing-0021/021,brics-odroid-026_cam0,342,2,0,bad|good,2,80.0388,80.0388,139.9758,147.4679,154.96
p41-boxing-0021/021,brics-odroid-026_cam0,36,2,1,bad|zero_sentinel,1,151.7936,151.7936,151.7936,151.7936,151.7936
p41-boxing-0021/021,brics-odroid-026_cam0,54,2,0,good|good,2,5.3339,5.3339,5.5193,5.5425,5.5657
p41-boxing-0021/021,brics-odroid-026_cam0,72,2,1,bad|zero_sentinel,1,136.389,136.389,136.389,136.389,136.389
p41-boxing-0021/021,brics-odroid-026_cam0,90,2,0,bad|good,2,64.9747,64.9747,112.5051,118.4464,124.3877
p41-boxing-0021/021,brics-odroid-026_cam1,0,2,0,bad|bad,2,243.1322,243.1322,247.0824,247.5761,248.0699
p41-boxing-0021/021,brics-odroid-026_cam1,108,2,0,bad|bad,2,286.3043,286.3043,288.7709,289.0793,289.3876
p41-boxing-0021/021,brics-odroid-026_cam1,126,2,0,good|good,2,7.6238,7.6238,8.6316,8.7575,8.8835
p41-boxing-0021/021,brics-odroid-026_cam1,144,2,0,good|good,2,7.0066,7.0066,7.7387,7.8302,7.9217
p41-boxing-0021/021,brics-odroid-026_cam1,162,2,0,bad|bad,2,474.7962,474.7962,476.6962,476.9337,477.1712
p41-boxing-0021/021,brics-odroid-026_cam1,18,2,0,bad|bad,2,180.7998,180.7998,184.5279,184.9939,185.4599
p41-boxing-0021/021,brics-odroid-026_cam1,180,2,0,good|good,2,6.4511,6.4511,7.7076,7.8646,8.0217
p41-boxing-0021/021,brics-odroid-026_cam1,198,2,0,good|good,2,6.6501,6.6501,8.0552,8.2309,8.4065
p41-boxing-0021/021,brics-odroid-026_cam1,216,2,0,good|good,2,5.5139,5.5139,5.7208,5.7466,5.7725
p41-boxing-0021/021,brics-odroid-026_cam1,234,2,0,good|good,2,6.0827,6.0827,6.2427,6.2627,6.2827
p41-boxing-0021/021,brics-odroid-026_cam1,252,2,0,bad|bad,2,446.3277,446.3277,450.4506,450.9659,451.4813
p41-boxing-0021/021,brics-odroid-026_cam1,270,2,0,bad|bad,2,187.7895,187.7895,191.039,191.4452,191.8514
p41-boxing-0021/021,brics-odroid-026_cam1,288,2,0,good|good,2,5.3665,5.3665,6.0016,6.081,6.1604
p41-boxing-0021/021,brics-odroid-026_cam1,306,2,0,good|good,2,6.4828,6.4828,7.0218,7.0892,7.1566
p41-boxing-0021/021,brics-odroid-026_cam1,324,2,0,bad|bad,2,220.7377,220.7377,223.9501,224.3516,224.7532
p41-boxing-0021/021,brics-odroid-026_cam1,342,2,0,medium|medium,2,12.1138,12.1138,12.3708,12.4029,12.435
p41-boxing-0021/021,brics-odroid-026_cam1,36,2,0,good|good,2,5.8165,5.8165,7.0762,7.2336,7.3911
p41-boxing-0021/021,brics-odroid-026_cam1,54,2,0,good|good,2,6.3661,6.3661,6.6243,6.6565,6.6888
p41-boxing-0021/021,brics-odroid-026_cam1,72,2,0,good|good,2,8.0264,8.0264,8.4297,8.4801,8.5305
p41-boxing-0021/021,brics-odroid-026_cam1,90,2,0,good|good,2,6.4271,6.4271,6.9772,7.0459,7.1147
p41-boxing-0021/021,brics-odroid-027_cam0,0,2,0,bad|good,2,76.1381,76.1381,129.2926,135.9369,142.5812
p41-boxing-0021/021,brics-odroid-027_cam0,108,2,0,bad|good,2,117.2362,117.2362,206.2725,217.4021,228.5316
p41-boxing-0021/021,brics-odroid-027_cam0,126,2,0,good|medium,1,7.1574,7.1574,7.1574,7.1574,7.1574
p41-boxing-0021/021,brics-odroid-027_cam0,144,2,0,bad|good,2,87.0922,87.0922,151.3546,159.3874,167.4202
p41-boxing-0021/021,brics-odroid-027_cam0,162,2,0,medium|medium,1,11.3255,11.3255,11.3255,11.3255,11.3255
p41-boxing-0021/021,brics-odroid-027_cam0,18,2,1,bad|zero_sentinel,1,124.8124,124.8124,124.8124,124.8124,124.8124
p41-boxing-0021/021,brics-odroid-027_cam0,180,2,2,zero_sentinel|zero_sentinel,,,,,,
p41-boxing-0021/021,brics-odroid-027_cam0,198,2,2,zero_sentinel|zero_sentinel,,,,,,
p41-boxing-0021/021,brics-odroid-027_cam0,216,2,0,bad|bad,2,129.8698,129.8698,135.1032,135.7573,136.4115
p41-boxing-0021/021,brics-odroid-027_cam0,234,2,0,medium|medium,1,11.6206,11.6206,11.6206,11.6206,11.6206
p41-boxing-0021/021,brics-odroid-027_cam0,252,2,0,good|medium,1,8.3857,8.3857,8.3857,8.3857,8.3857
p41-boxing-0021/021,brics-odroid-027_cam0,270,2,1,bad|zero_sentinel,1,169.5296,169.5296,169.5296,169.5296,169.5296
p41-boxing-0021/021,brics-odroid-027_cam0,288,2,0,bad|good,2,73.2043,73.2043,126.8817,133.5914,140.3011
p41-boxing-0021/021,brics-odroid-027_cam0,306,2,0,bad|good,2,124.4791,124.4791,218.3625,230.098,241.8334
p41-boxing-0021/021,brics-odroid-027_cam0,324,2,2,zero_sentinel|zero_sentinel,,,,,,
p41-boxing-0021/021,brics-odroid-027_cam0,342,2,0,bad|good,2,99.943,99.943,175.7167,185.1884,194.6601
p41-boxing-0021/021,brics-odroid-027_cam0,36,2,0,bad|good,2,70.7189,70.7189,123.2903,129.8618,136.4332
p41-boxing-0021/021,brics-odroid-027_cam0,54,2,0,bad|good,2,112.0078,112.0078,196.6069,207.1817,217.7566
p41-boxing-0021/021,brics-odroid-027_cam0,72,2,1,bad|zero_sentinel,1,130.4635,130.4635,130.4635,130.4635,130.4635
p41-boxing-0021/021,brics-odroid-027_cam0,90,2,2,zero_sentinel|zero_sentinel,,,,,,
p41-boxing-0021/021,brics-odroid-027_cam1,0,2,2,zero_sentinel|zero_sentinel,,,,,,
p41-boxing-0021/021,brics-odroid-027_cam1,108,2,2,zero_sentinel|zero_sentinel,,,,,,
p41-boxing-0021/021,brics-odroid-027_cam1,126,2,2,zero_sentinel|zero_sentinel,,,,,,
p41-boxing-0021/021,brics-odroid-027_cam1,144,2,2,zero_sentinel|zero_sentinel,,,,,,
p41-boxing-0021/021,brics-odroid-027_cam1,162,2,2,zero_sentinel|zero_sentinel,,,,,,
p41-boxing-0021/021,brics-odroid-027_cam1,18,2,2,zero_sentinel|zero_sentinel,,,,,,
p41-boxing-0021/021,brics-odroid-027_cam1,180,2,2,zero_sentinel|zero_sentinel,,,,,,
p41-boxing-0021/021,brics-odroid-027_cam1,198,2,2,zero_sentinel|zero_sentinel,,,,,,
p41-boxing-0021/021,brics-odroid-027_cam1,216,2,2,zero_sentinel|zero_sentinel,,,,,,
p41-boxing-0021/021,brics-odroid-027_cam1,234,2,2,zero_sentinel|zero_sentinel,,,,,,
p41-boxing-0021/021,brics-odroid-027_cam1,252,2,0,bad|bad,2,173.5997,173.5997,260.9595,271.8795,282.7995
p41-boxing-0021/021,brics-odroid-027_cam1,270,2,2,zero_sentinel|zero_sentinel,,,,,,
p41-boxing-0021/021,brics-odroid-027_cam1,288,2,2,zero_sentinel|zero_sentinel,,,,,,
p41-boxing-0021/021,brics-odroid-027_cam1,306,2,2,zero_sentinel|zero_sentinel,,,,,,
p41-boxing-0021/021,brics-odroid-027_cam1,324,2,2,zero_sentinel|zero_sentinel,,,,,,
p41-boxing-0021/021,brics-odroid-027_cam1,342,2,2,zero_sentinel|zero_sentinel,,,,,,
p41-boxing-0021/021,brics-odroid-027_cam1,36,2,2,zero_sentinel|zero_sentinel,,,,,,
p41-boxing-0021/021,brics-odroid-027_cam1,54,2,2,zero_sentinel|zero_sentinel,,,,,,
p41-boxing-0021/021,brics-odroid-027_cam1,72,2,2,zero_sentinel|zero_sentinel,,,,,,
p41-boxing-0021/021,brics-odroid-027_cam1,90,2,2,zero_sentinel|zero_sentinel,,,,,,
p41-boxing-0021/021,brics-odroid-028_cam0,0,2,2,zero_sentinel|zero_sentinel,,,,,,
p41-boxing-0021/021,brics-odroid-028_cam0,108,2,0,medium|medium,2,20.7892,20.7892,28.8837,29.8955,30.9073
p41-boxing-0021/021,brics-odroid-028_cam0,126,2,0,bad|good,2,211.0156,211.0156,375.185,395.7061,416.2273
p41-boxing-0021/021,brics-odroid-028_cam0,144,2,0,good|medium,2,20.8987,20.8987,31.3206,32.6233,33.926
p41-boxing-0021/021,brics-odroid-028_cam0,162,2,0,bad|good,2,230.3971,230.3971,409.6694,432.0785,454.4875
p41-boxing-0021/021,brics-odroid-028_cam0,18,2,2,zero_sentinel|zero_sentinel,,,,,,
p41-boxing-0021/021,brics-odroid-028_cam0,180,2,1,good|zero_sentinel,1,8.7412,8.7412,8.7412,8.7412,8.7412
p41-boxing-0021/021,brics-odroid-028_cam0,198,2,2,zero_sentinel|zero_sentinel,,,,,,
p41-boxing-0021/021,brics-odroid-028_cam0,216,2,1,good|zero_sentinel,1,8.3859,8.3859,8.3859,8.3859,8.3859
p41-boxing-0021/021,brics-odroid-028_cam0,234,2,1,medium|zero_sentinel,1,15.7001,15.7001,15.7001,15.7001,15.7001
p41-boxing-0021/021,brics-odroid-028_cam0,252,2,0,good|medium,2,9.994,9.994,10.7478,10.842,10.9362
p41-boxing-0021/021,brics-odroid-028_cam0,270,2,0,bad|medium,2,118.2789,118.2789,196.6345,206.4289,216.2234
p41-boxing-0021/021,brics-odroid-028_cam0,288,2,0,good|medium,2,11.5729,11.5729,13.4226,13.6538,13.885
p41-boxing-0021/021,brics-odroid-028_cam0,306,2,0,medium|medium,2,19.1167,19.1167,22.8383,23.3035,23.7687
p41-boxing-0021/021,brics-odroid-028_cam0,324,2,0,good|good,2,8.3562,8.3562,8.3724,8.3745,8.3765
p41-boxing-0021/021,brics-odroid-028_cam0,342,2,0,good|good,2,8.8247,8.8247,9.4292,9.5047,9.5803
p41-boxing-0021/021,brics-odroid-028_cam0,36,2,0,good|good,2,8.648,8.648,9.6539,9.7797,9.9054
p41-boxing-0021/021,brics-odroid-028_cam0,54,2,1,medium|zero_sentinel,1,19.7149,19.7149,19.7149,19.7149,19.7149
p41-boxing-0021/021,brics-odroid-028_cam0,72,2,2,zero_sentinel|zero_sentinel,,,,,,
p41-boxing-0021/021,brics-odroid-028_cam0,90,2,2,zero_sentinel|zero_sentinel,,,,,,
p41-boxing-0021/021,brics-odroid-029_cam0,0,2,1,bad|zero_sentinel,1,217.637,217.637,217.637,217.637,217.637
p41-boxing-0021/021,brics-odroid-029_cam0,108,2,0,good|medium,2,8.3797,8.3797,11.7542,12.176,12.5978
p41-boxing-0021/021,brics-odroid-029_cam0,126,2,0,bad|bad,2,429.6628,429.6628,429.7387,429.7482,429.7577
p41-boxing-0021/021,brics-odroid-029_cam0,144,2,0,medium|medium,2,11.3415,11.3415,11.7218,11.7694,11.8169
p41-boxing-0021/021,brics-odroid-029_cam0,162,2,0,good|good,2,8.1914,8.1914,9.2321,9.3622,9.4923
p41-boxing-0021/021,brics-odroid-029_cam0,18,2,0,bad|bad,2,168.346,168.346,175.8418,176.7788,177.7158
p41-boxing-0021/021,brics-odroid-029_cam0,180,2,0,bad|bad,2,166.9375,166.9375,167.3981,167.4556,167.5132
p41-boxing-0021/021,brics-odroid-029_cam0,198,2,0,bad|bad,2,163.0779,163.0779,164.2088,164.3501,164.4915
p41-boxing-0021/021,brics-odroid-029_cam0,216,2,0,bad|bad,2,162.7631,162.7631,164.9976,165.2769,165.5562
p41-boxing-0021/021,brics-odroid-029_cam0,234,2,0,bad|bad,2,287.5413,287.5413,288.0323,288.0936,288.155
p41-boxing-0021/021,brics-odroid-029_cam0,252,2,0,bad|bad,2,400.5837,400.5837,405.2937,405.8825,406.4712
p41-boxing-0021/021,brics-odroid-029_cam0,270,2,0,good|medium,2,8.9297,8.9297,10.6112,10.8214,11.0316
p41-boxing-0021/021,brics-odroid-029_cam0,288,2,0,bad|bad,2,193.7398,193.7398,194.9049,195.0506,195.1962
p41-boxing-0021/021,brics-odroid-029_cam0,306,2,0,bad|bad,2,337.8303,337.8303,344.2216,345.0205,345.8194
p41-boxing-0021/021,brics-odroid-029_cam0,324,2,0,bad|bad,2,223.4407,223.4407,224.254,224.3556,224.4573
p41-boxing-0021/021,brics-odroid-029_cam0,342,2,0,bad|bad,2,248.7979,248.7979,251.9474,252.3411,252.7348
p41-boxing-0021/021,brics-odroid-029_cam0,36,2,1,bad|zero_sentinel,1,102.4052,102.4052,102.4052,102.4052,102.4052
p41-boxing-0021/021,brics-odroid-029_cam0,54,2,0,good|good,2,7.5868,7.5868,8.4904,8.6033,8.7163
p41-boxing-0021/021,brics-odroid-029_cam0,72,2,0,good|medium,2,9.7691,9.7691,11.6155,11.8463,12.0771
p41-boxing-0021/021,brics-odroid-029_cam0,90,2,0,bad|bad,2,184.1456,184.1456,187.2052,187.5876,187.9701
p41-boxing-0021/021,brics-odroid-029_cam1,0,2,0,good|good,2,8.3739,8.3739,9.5161,9.6589,9.8017
p41-boxing-0021/021,brics-odroid-029_cam1,108,2,0,good|medium,2,12.1907,12.1907,16.0622,16.5462,17.0301
p41-boxing-0021/021,brics-odroid-029_cam1,126,2,0,medium|medium,2,11.7708,11.7708,12.9804,13.1316,13.2828
p41-boxing-0021/021,brics-odroid-029_cam1,144,2,0,bad|bad,2,267.2955,267.2955,273.7419,274.5477,275.3535
p41-boxing-0021/021,brics-odroid-029_cam1,162,2,0,medium|medium,2,11.8428,11.8428,12.5672,12.6578,12.7483
p41-boxing-0021/021,brics-odroid-029_cam1,18,2,0,good|good,2,8.8142,8.8142,9.6631,9.7692,9.8753
p41-boxing-0021/021,brics-odroid-029_cam1,180,2,0,good|medium,2,9.3679,9.3679,10.544,10.691,10.838
p41-boxing-0021/021,brics-odroid-029_cam1,198,2,0,good|medium,2,10.5131,10.5131,11.7527,11.9077,12.0626
p41-boxing-0021/021,brics-odroid-029_cam1,216,2,0,good|good,2,9.0652,9.0652,9.6122,9.6805,9.7489
p41-boxing-0021/021,brics-odroid-029_cam1,234,2,0,bad|bad,2,349.198,349.198,351.5898,351.8887,352.1877
p41-boxing-0021/021,brics-odroid-029_cam1,252,2,0,bad|bad,2,439.5625,439.5625,440.3275,440.4232,440.5188
p41-boxing-0021/021,brics-odroid-029_cam1,270,2,0,good|good,2,9.4303,9.4303,9.7733,9.8161,9.859
p41-boxing-0021/021,brics-odroid-029_cam1,288,2,0,bad|bad,2,216.4427,216.4427,219.3769,219.7437,220.1105
p41-boxing-0021/021,brics-odroid-029_cam1,306,2,0,bad|good,2,176.0214,176.0214,312.3876,329.4333,346.4791
p41-boxing-0021/021,brics-odroid-029_cam1,324,2,0,good|good,2,9.1214,9.1214,9.6973,9.7693,9.8413
p41-boxing-0021/021,brics-odroid-029_cam1,342,2,0,good|medium,2,9.7306,9.7306,10.2603,10.3265,10.3927
p41-boxing-0021/021,brics-odroid-029_cam1,36,2,0,good|good,2,6.8233,6.8233,7.68,7.7871,7.8942
p41-boxing-0021/021,brics-odroid-029_cam1,54,2,0,good|good,2,8.0414,8.0414,9.3952,9.5644,9.7336
p41-boxing-0021/021,brics-odroid-029_cam1,72,2,0,good|good,2,7.1551,7.1551,7.5713,7.6233,7.6753
p41-boxing-0021/021,brics-odroid-029_cam1,90,2,0,good|good,2,8.8263,8.8263,9.7102,9.8206,9.9311
p41-boxing-0021/021,brics-odroid-030_cam0,0,2,0,good|good,2,6.6683,6.6683,7.5909,7.7062,7.8215
p41-boxing-0021/021,brics-odroid-030_cam0,108,2,1,good|zero_sentinel,1,5.0948,5.0948,5.0948,5.0948,5.0948
p41-boxing-0021/021,brics-odroid-030_cam0,126,2,1,good|zero_sentinel,1,7.7222,7.7222,7.7222,7.7222,7.7222
p41-boxing-0021/021,brics-odroid-030_cam0,144,2,0,bad|good,2,37.6213,37.6213,62.0715,65.1277,68.184
p41-boxing-0021/021,brics-odroid-030_cam0,162,2,1,good|zero_sentinel,1,5.5012,5.5012,5.5012,5.5012,5.5012
p41-boxing-0021/021,brics-odroid-030_cam0,18,2,0,good|good,2,6.2794,6.2794,6.2807,6.2808,6.281
p41-boxing-0021/021,brics-odroid-030_cam0,180,2,0,good|good,2,6.834,6.834,7.5534,7.6434,7.7333
p41-boxing-0021/021,brics-odroid-030_cam0,198,2,0,good|medium,2,9.4107,9.4107,10.6861,10.8456,11.005
p41-boxing-0021/021,brics-odroid-030_cam0,216,2,0,good|good,2,5.987,5.987,6.2356,6.2666,6.2977
p41-boxing-0021/021,brics-odroid-030_cam0,234,2,0,good|medium,2,33.449,33.449,53.356,55.8444,58.3328
p41-boxing-0021/021,brics-odroid-030_cam0,252,2,1,good|zero_sentinel,1,8.0129,8.0129,8.0129,8.0129,8.0129
p41-boxing-0021/021,brics-odroid-030_cam0,270,2,1,good|zero_sentinel,1,5.0328,5.0328,5.0328,5.0328,5.0328
p41-boxing-0021/021,brics-odroid-030_cam0,288,2,0,good|good,2,6.8337,6.8337,7.785,7.9039,8.0228
p41-boxing-0021/021,brics-odroid-030_cam0,306,2,1,good|zero_sentinel,1,8.5651,8.5651,8.5651,8.5651,8.5651
p41-boxing-0021/021,brics-odroid-030_cam0,324,2,0,good|good,2,7.0098,7.0098,7.4479,7.5026,7.5574
p41-boxing-0021/021,brics-odroid-030_cam0,342,2,0,good|good,2,7.1514,7.1514,8.0433,8.1547,8.2662
p41-boxing-0021/021,brics-odroid-030_cam0,36,2,0,good|good,2,5.5029,5.5029,5.9411,5.9959,6.0507
p41-boxing-0021/021,brics-odroid-030_cam0,54,2,1,good|zero_sentinel,1,5.9999,5.9999,5.9999,5.9999,5.9999
p41-boxing-0021/021,brics-odroid-030_cam0,72,2,0,good|good,2,6.3118,6.3118,6.8341,6.8994,6.9647
p41-boxing-0021/021,brics-odroid-030_cam0,90,2,0,good|good,2,7.7017,7.7017,9.1472,9.3279,9.5086
p41-boxing-0021/021,brics-odroid-030_cam1,0,2,0,good|good,2,9.9289,9.9289,9.9635,9.9679,9.9722
p41-boxing-0021/021,brics-odroid-030_cam1,108,2,0,good|medium,2,9.4928,9.4928,11.1101,11.3122,11.5144
p41-boxing-0021/021,brics-odroid-030_cam1,126,2,1,good|zero_sentinel,1,9.1026,9.1026,9.1026,9.1026,9.1026
p41-boxing-0021/021,brics-odroid-030_cam1,144,2,0,good|good,2,8.0886,8.0886,8.6388,8.7076,8.7764
p41-boxing-0021/021,brics-odroid-030_cam1,162,2,0,good|medium,1,9.8366,9.8366,9.8366,9.8366,9.8366
p41-boxing-0021/021,brics-odroid-030_cam1,18,2,0,good|medium,2,10.4101,10.4101,11.8804,12.0642,12.248
p41-boxing-0021/021,brics-odroid-030_cam1,180,2,0,bad|good,2,118.7348,118.7348,206.3899,217.3468,228.3037
p41-boxing-0021/021,brics-odroid-030_cam1,198,2,0,good|good,2,9.6902,9.6902,9.896,9.9217,9.9474
p41-boxing-0021/021,brics-odroid-030_cam1,216,2,0,good|good,2,7.1302,7.1302,7.2515,7.2666,7.2818
p41-boxing-0021/021,brics-odroid-030_cam1,234,2,0,medium|medium,2,10.1413,10.1413,10.1904,10.1965,10.2026
p41-boxing-0021/021,brics-odroid-030_cam1,252,2,0,good|medium,2,11.0503,11.0503,11.9045,12.0113,12.1181
p41-boxing-0021/021,brics-odroid-030_cam1,270,2,0,good|medium,2,13.5528,13.5528,16.5154,16.8857,17.256
p41-boxing-0021/021,brics-odroid-030_cam1,288,2,0,good|medium,2,9.8737,9.8737,11.1731,11.3356,11.498
p41-boxing-0021/021,brics-odroid-030_cam1,306,2,0,bad|medium,2,213.7184,213.7184,373.248,393.1892,413.1304
p41-boxing-0021/021,brics-odroid-030_cam1,324,2,0,good|medium,2,10.1099,10.1099,11.4259,11.5904,11.7549
p41-boxing-0021/021,brics-odroid-030_cam1,342,2,0,good|medium,2,8.5484,8.5484,11.1652,11.4923,11.8194
p41-boxing-0021/021,brics-odroid-030_cam1,36,2,0,good|good,2,8.171,8.171,8.653,8.7133,8.7735
p41-boxing-0021/021,brics-odroid-030_cam1,54,2,0,medium|medium,2,10.5889,10.5889,11.052,11.1099,11.1678
p41-boxing-0021/021,brics-odroid-030_cam1,72,2,0,good|medium,2,9.7856,9.7856,10.499,10.5882,10.6774
p41-boxing-0021/021,brics-odroid-030_cam1,90,2,0,good|medium,2,10.3907,10.3907,11.9811,12.1799,12.3787
p41-plant-0004/004,brics-odroid-001_cam0,0,2,1,medium|zero_sentinel,1,31.6151,31.6151,31.6151,31.6151,31.6151
p41-plant-0004/004,brics-odroid-001_cam0,104,2,0,medium|medium,2,27.1778,27.1778,32.9664,33.6899,34.4135
p41-plant-0004/004,brics-odroid-001_cam0,112,2,0,medium|medium,2,32.1407,32.1407,38.0924,38.8363,39.5803
p41-plant-0004/004,brics-odroid-001_cam0,120,2,0,medium|medium,2,33.0773,33.0773,40.402,41.3176,42.2332
p41-plant-0004/004,brics-odroid-001_cam0,128,2,0,medium|medium,2,32.6359,32.6359,39.0777,39.883,40.6882
p41-plant-0004/004,brics-odroid-001_cam0,136,2,0,medium|medium,2,31.086,31.086,39.7978,40.8868,41.9758
p41-plant-0004/004,brics-odroid-001_cam0,144,2,0,medium|medium,2,33.1357,33.1357,44.5925,46.0246,47.4567
p41-plant-0004/004,brics-odroid-001_cam0,152,2,0,medium|medium,2,29.2004,29.2004,35.5789,36.3763,37.1736
p41-plant-0004/004,brics-odroid-001_cam0,16,2,2,zero_sentinel|zero_sentinel,,,,,,
p41-plant-0004/004,brics-odroid-001_cam0,24,2,0,bad|medium,2,60.0546,60.0546,92.2578,96.2832,100.3086
p41-plant-0004/004,brics-odroid-001_cam0,32,2,2,zero_sentinel|zero_sentinel,,,,,,
p41-plant-0004/004,brics-odroid-001_cam0,40,2,2,zero_sentinel|zero_sentinel,,,,,,
p41-plant-0004/004,brics-odroid-001_cam0,48,2,0,medium|medium,2,40.4419,40.4419,51.4719,52.8506,54.2294
p41-plant-0004/004,brics-odroid-001_cam0,56,2,0,medium|medium,2,25.5078,25.5078,32.7824,33.6917,34.601
p41-plant-0004/004,brics-odroid-001_cam0,64,2,0,medium|medium,2,29.5582,29.5582,36.3302,37.1767,38.0232
p41-plant-0004/004,brics-odroid-001_cam0,72,2,0,medium|medium,2,30.1942,30.1942,36.1615,36.9074,37.6533
p41-plant-0004/004,brics-odroid-001_cam0,8,2,0,medium|medium,2,25.3333,25.3333,26.4981,26.6437,26.7893
p41-plant-0004/004,brics-odroid-001_cam0,80,2,0,medium|medium,2,26.0805,26.0805,30.7336,31.3152,31.8968
p41-plant-0004/004,brics-odroid-001_cam0,88,2,2,zero_sentinel|zero_sentinel,,,,,,
p41-plant-0004/004,brics-odroid-001_cam0,96,2,0,medium|medium,2,34.8017,34.8017,43.4836,44.5689,45.6541
p41-plant-0004/004,brics-odroid-001_cam1,0,2,0,medium|medium,2,12.357,12.357,12.6529,12.6899,12.7269
p41-plant-0004/004,brics-odroid-001_cam1,104,2,0,medium|medium,2,11.8277,11.8277,12.5644,12.6565,12.7486
p41-plant-0004/004,brics-odroid-001_cam1,112,2,0,medium|medium,2,22.2061,22.2061,30.8907,31.9763,33.0619
p41-plant-0004/004,brics-odroid-001_cam1,120,2,0,medium|medium,2,11.7615,11.7615,12.6804,12.7952,12.9101
p41-plant-0004/004,brics-odroid-001_cam1,128,2,0,bad|good,2,76.9597,76.9597,131.2756,138.0651,144.8546
p41-plant-0004/004,brics-odroid-001_cam1,136,2,0,bad|medium,2,73.2256,73.2256,123.5942,129.8902,136.1863
p41-plant-0004/004,brics-odroid-001_cam1,144,2,0,medium|medium,2,12.8468,12.8468,12.9719,12.9876,13.0032
p41-plant-0004/004,brics-odroid-001_cam1,152,2,0,bad|medium,2,72.3483,72.3483,120.8075,126.8649,132.9223
p41-plant-0004/004,brics-odroid-001_cam1,16,2,0,medium|medium,2,11.3468,11.3468,11.8726,11.9384,12.0041
p41-plant-0004/004,brics-odroid-001_cam1,24,2,0,good|medium,2,9.9316,9.9316,10.3533,10.406,10.4587
p41-plant-0004/004,brics-odroid-001_cam1,32,2,0,good|medium,2,9.8838,9.8838,11.9039,12.1564,12.4089
p41-plant-0004/004,brics-odroid-001_cam1,40,2,0,medium|medium,2,26.5866,26.5866,38.7597,40.2813,41.8029
p41-plant-0004/004,brics-odroid-001_cam1,48,2,0,bad|good,2,68.0388,68.0388,115.5561,121.4957,127.4354
p41-plant-0004/004,brics-odroid-001_cam1,56,2,0,good|medium,2,10.1434,10.1434,10.8718,10.9629,11.0539
p41-plant-0004/004,brics-odroid-001_cam1,64,2,0,good|medium,2,8.1489,8.1489,10.1783,10.432,10.6857
p41-plant-0004/004,brics-odroid-001_cam1,72,2,0,good|good,2,7.5407,7.5407,7.9468,7.9975,8.0483
p41-plant-0004/004,brics-odroid-001_cam1,8,2,0,good|medium,2,10.462,10.462,11.6742,11.8257,11.9772
p41-plant-0004/004,brics-odroid-001_cam1,80,2,0,good|good,2,7.2596,7.2596,7.3737,7.3879,7.4022
p41-plant-0004/004,brics-odroid-001_cam1,88,2,0,good|medium,2,9.2155,9.2155,11.3277,11.5917,11.8557
p41-plant-0004/004,brics-odroid-001_cam1,96,2,0,good|medium,2,10.3758,10.3758,12.0239,12.2299,12.4359
p41-plant-0004/004,brics-odroid-002_cam0,0,2,0,medium|medium,2,13.2757,13.2757,13.8258,13.8945,13.9633
p41-plant-0004/004,brics-odroid-002_cam0,104,2,0,medium|medium,2,10.7881,10.7881,11.0603,11.0944,11.1284
p41-plant-0004/004,brics-odroid-002_cam0,112,2,0,medium|medium,2,12.473,12.473,13.0096,13.0767,13.1438
p41-plant-0004/004,brics-odroid-002_cam0,120,2,0,medium|medium,2,12.1799,12.1799,12.6929,12.7571,12.8212
p41-plant-0004/004,brics-odroid-002_cam0,128,2,0,medium|medium,2,15.972,15.972,20.2258,20.7576,21.2893
p41-plant-0004/004,brics-odroid-002_cam0,136,2,0,good|medium,2,15.0005,15.0005,20.1874,20.8357,21.4841
p41-plant-0004/004,brics-odroid-002_cam0,144,2,0,good|medium,2,15.36,15.36,20.1542,20.7535,21.3528
p41-plant-0004/004,brics-odroid-002_cam0,152,2,0,good|medium,2,10.126,10.126,10.2918,10.3125,10.3332
p41-plant-0004/004,brics-odroid-002_cam0,16,2,0,medium|medium,2,14.2386,14.2386,14.71,14.769,14.8279
p41-plant-0004/004,brics-odroid-002_cam0,24,2,0,medium|medium,2,13.4016,13.4016,14.4209,14.5483,14.6757
p41-plant-0004/004,brics-odroid-002_cam0,32,2,0,medium|medium,2,13.1591,13.1591,14.0646,14.1778,14.291
p41-plant-0004/004,brics-odroid-002_cam0,40,2,0,good|medium,2,12.1151,12.1151,14.7328,15.0601,15.3873
p41-plant-0004/004,brics-odroid-002_cam0,48,2,0,good|medium,2,12.6169,12.6169,15.9772,16.3973,16.8173
p41-plant-0004/004,brics-odroid-002_cam0,56,2,0,medium|medium,2,11.6396,11.6396,12.7263,12.8622,12.998
p41-plant-0004/004,brics-odroid-002_cam0,64,2,0,good|medium,2,10.4511,10.4511,12.5141,12.772,13.0299
p41-plant-0004/004,brics-odroid-002_cam0,72,2,0,medium|medium,2,12.0086,12.0086,12.559,12.6278,12.6966
p41-plant-0004/004,brics-odroid-002_cam0,8,2,0,medium|medium,2,15.5587,15.5587,15.6697,15.6835,15.6974
p41-plant-0004/004,brics-odroid-002_cam0,80,2,0,good|medium,2,16.4945,16.4945,22.8765,23.6743,24.472
p41-plant-0004/004,brics-odroid-002_cam0,88,2,0,medium|medium,2,14.383,14.383,17.3751,17.7491,18.1231
p41-plant-0004/004,brics-odroid-002_cam0,96,2,0,medium|medium,2,11.8735,11.8735,13.1776,13.3406,13.5036
p41-plant-0004/004,brics-odroid-006_cam0,0,2,0,medium|medium,2,14.104,14.104,15.7232,15.9256,16.128
p41-plant-0004/004,brics-odroid-006_cam0,104,2,0,good|medium,2,10.9527,10.9527,12.8411,13.0772,13.3132
p41-plant-0004/004,brics-odroid-006_cam0,112,2,0,good|medium,2,10.7957,10.7957,13.522,13.8628,14.2036
p41-plant-0004/004,brics-odroid-006_cam0,120,2,0,good|medium,2,10.4169,10.4169,10.8951,10.9548,11.0146
p41-plant-0004/004,brics-odroid-006_cam0,128,2,0,medium|medium,2,12.7892,12.7892,14.928,15.1954,15.4627
p41-plant-0004/004,brics-odroid-006_cam0,136,2,0,good|medium,2,11.5768,11.5768,15.0526,15.4871,15.9216
p41-plant-0004/004,brics-odroid-006_cam0,144,2,0,good|medium,2,10.6158,10.6158,11.8611,12.0167,12.1724
p41-plant-0004/004,brics-odroid-006_cam0,152,2,0,good|medium,2,10.3823,10.3823,13.1485,13.4942,13.84
p41-plant-0004/004,brics-odroid-006_cam0,16,2,0,good|medium,2,9.2362,9.2362,11.3128,11.5724,11.832
p41-plant-0004/004,brics-odroid-006_cam0,24,2,0,good|medium,2,9.4474,9.4474,10.8842,11.0638,11.2434
p41-plant-0004/004,brics-odroid-006_cam0,32,2,0,good|medium,2,12.6442,12.6442,15.1949,15.5138,15.8326
p41-plant-0004/004,brics-odroid-006_cam0,40,2,0,good|medium,2,9.7184,9.7184,11.4309,11.6449,11.859
p41-plant-0004/004,brics-odroid-006_cam0,48,2,0,good|medium,2,11.1159,11.1159,13.2812,13.5518,13.8225
p41-plant-0004/004,brics-odroid-006_cam0,56,2,0,good|good,2,8.64,8.64,9.3819,9.4746,9.5673
p41-plant-0004/004,brics-odroid-006_cam0,64,2,0,good|good,2,8.9947,8.9947,9.3535,9.3984,9.4432
p41-plant-0004/004,brics-odroid-006_cam0,72,2,0,medium|medium,2,10.8448,10.8448,11.2457,11.2958,11.3459
p41-plant-0004/004,brics-odroid-006_cam0,8,2,0,medium|medium,2,13.5013,13.5013,16.1999,16.5373,16.8746
p41-plant-0004/004,brics-odroid-006_cam0,80,2,0,good|good,2,8.2958,8.2958,8.9896,9.0764,9.1631
p41-plant-0004/004,brics-odroid-006_cam0,88,2,0,good|medium,2,9.997,9.997,11.7682,11.9896,12.211
p41-plant-0004/004,brics-odroid-006_cam0,96,2,0,good|medium,2,10.3441,10.3441,10.8647,10.9297,10.9948
p41-plant-0004/004,brics-odroid-007_cam0,0,2,0,good|good,2,8.1505,8.1505,8.4235,8.4576,8.4917
p41-plant-0004/004,brics-odroid-007_cam0,104,2,0,good|good,2,5.4864,5.4864,6.0004,6.0647,6.1289
p41-plant-0004/004,brics-odroid-007_cam0,112,2,0,good|good,2,4.572,4.572,5.507,5.6238,5.7407
p41-plant-0004/004,brics-odroid-007_cam0,120,2,0,good|good,2,5.8285,5.8285,6.4618,6.5409,6.6201
p41-plant-0004/004,brics-odroid-007_cam0,128,2,0,good|good,2,6.505,6.505,8.0876,8.2855,8.4833
p41-plant-0004/004,brics-odroid-007_cam0,136,2,0,good|medium,2,8.0309,8.0309,10.2493,10.5266,10.8039
p41-plant-0004/004,brics-odroid-007_cam0,144,2,0,good|medium,2,7.1244,7.1244,9.649,9.9645,10.2801
p41-plant-0004/004,brics-odroid-007_cam0,152,2,0,good|medium,2,8.7188,8.7188,11.3042,11.6274,11.9506
p41-plant-0004/004,brics-odroid-007_cam0,16,2,0,good|good,2,7.1912,7.1912,8.0709,8.1808,8.2908
p41-plant-0004/004,brics-odroid-007_cam0,24,2,0,good|medium,2,8.9626,8.9626,10.1863,10.3392,10.4922
p41-plant-0004/004,brics-odroid-007_cam0,32,2,0,good|medium,2,8.9966,8.9966,10.9932,11.2427,11.4923
p41-plant-0004/004,brics-odroid-007_cam0,40,2,0,good|good,2,5.9906,5.9906,6.3261,6.3681,6.41
p41-plant-0004/004,brics-odroid-007_cam0,48,2,0,good|good,2,6.7415,6.7415,7.0004,7.0327,7.0651
p41-plant-0004/004,brics-odroid-007_cam0,56,2,0,good|good,2,6.389,6.389,7.2207,7.3246,7.4286
p41-plant-0004/004,brics-odroid-007_cam0,64,2,0,good|good,2,5.9877,5.9877,6.5139,6.5797,6.6455
p41-plant-0004/004,brics-odroid-007_cam0,72,2,0,good|good,2,4.8871,4.8871,5.5009,5.5776,5.6543
p41-plant-0004/004,brics-odroid-007_cam0,8,2,0,good|good,2,7.6915,7.6915,7.8846,7.9088,7.9329
p41-plant-0004/004,brics-odroid-007_cam0,80,2,0,good|good,2,4.0628,4.0628,4.722,4.8044,4.8868
p41-plant-0004/004,brics-odroid-007_cam0,88,2,0,good|good,2,5.3576,5.3576,5.449,5.4604,5.4718
p41-plant-0004/004,brics-odroid-007_cam0,96,2,0,good|good,2,4.8659,4.8659,4.9033,4.9079,4.9126
p41-plant-0004/004,brics-odroid-007_cam1,0,2,0,good|good,2,6.6879,6.6879,7.0737,7.122,7.1702
p41-plant-0004/004,brics-odroid-007_cam1,104,2,0,good|good,2,5.5545,5.5545,6.1993,6.2799,6.3605
p41-plant-0004/004,brics-odroid-007_cam1,112,2,0,good|good,2,4.57,4.57,4.9739,5.0244,5.0749
p41-plant-0004/004,brics-odroid-007_cam1,120,2,0,good|good,2,6.1196,6.1196,8.0295,8.2683,8.507
p41-plant-0004/004,brics-odroid-007_cam1,128,2,0,good|medium,2,9.3663,9.3663,13.1917,13.6698,14.148
p41-plant-0004/004,brics-odroid-007_cam1,136,2,0,good|medium,2,8.9538,8.9538,10.6663,10.8803,11.0944
p41-plant-0004/004,brics-odroid-007_cam1,144,2,0,good|medium,2,9.2536,9.2536,10.6982,10.8787,11.0593
p41-plant-0004/004,brics-odroid-007_cam1,152,2,0,good|good,2,7.6444,7.6444,8.4945,8.6007,8.707
p41-plant-0004/004,brics-odroid-007_cam1,16,2,0,good|good,2,6.4633,6.4633,6.7782,6.8175,6.8569
p41-plant-0004/004,brics-odroid-007_cam1,24,2,0,good|medium,2,8.5854,8.5854,10.7856,11.0607,11.3357
p41-plant-0004/004,brics-odroid-007_cam1,32,2,0,good|good,2,8.8637,8.8637,9.1,9.1295,9.159
p41-plant-0004/004,brics-odroid-007_cam1,40,2,0,good|good,2,5.3571,5.3571,6.1173,6.2124,6.3074
p41-plant-0004/004,brics-odroid-007_cam1,48,2,0,good|good,2,4.5713,4.5713,5.006,5.0604,5.1147
p41-plant-0004/004,brics-odroid-007_cam1,56,2,0,good|medium,2,9.1848,9.1848,11.9834,12.3333,12.6831
p41-plant-0004/004,brics-odroid-007_cam1,64,2,0,good|medium,2,9.4483,9.4483,11.468,11.7204,11.9729
p41-plant-0004/004,brics-odroid-007_cam1,72,2,0,good|good,2,6.8817,6.8817,8.2657,8.4387,8.6117
p41-plant-0004/004,brics-odroid-007_cam1,8,2,0,good|good,2,7.4489,7.4489,7.9796,8.046,8.1123
p41-plant-0004/004,brics-odroid-007_cam1,80,2,0,good|good,2,6.2496,6.2496,7.9457,8.1577,8.3697
p41-plant-0004/004,brics-odroid-007_cam1,88,2,0,good|good,2,5.6762,5.6762,5.9364,5.969,6.0015
p41-plant-0004/004,brics-odroid-007_cam1,96,2,0,good|good,2,7.0815,7.0815,8.3028,8.4554,8.6081
p41-plant-0004/004,brics-odroid-008_cam0,0,2,2,zero_sentinel|zero_sentinel,,,,,,
p41-plant-0004/004,brics-odroid-008_cam0,104,2,2,zero_sentinel|zero_sentinel,,,,,,
p41-plant-0004/004,brics-odroid-008_cam0,112,2,2,zero_sentinel|zero_sentinel,,,,,,
p41-plant-0004/004,brics-odroid-008_cam0,120,2,2,zero_sentinel|zero_sentinel,,,,,,
p41-plant-0004/004,brics-odroid-008_cam0,128,2,2,zero_sentinel|zero_sentinel,,,,,,
p41-plant-0004/004,brics-odroid-008_cam0,136,2,2,zero_sentinel|zero_sentinel,,,,,,
p41-plant-0004/004,brics-odroid-008_cam0,144,2,2,zero_sentinel|zero_sentinel,,,,,,
p41-plant-0004/004,brics-odroid-008_cam0,152,2,2,zero_sentinel|zero_sentinel,,,,,,
p41-plant-0004/004,brics-odroid-008_cam0,16,2,2,zero_sentinel|zero_sentinel,,,,,,
p41-plant-0004/004,brics-odroid-008_cam0,24,2,2,zero_sentinel|zero_sentinel,,,,,,
p41-plant-0004/004,brics-odroid-008_cam0,32,2,2,zero_sentinel|zero_sentinel,,,,,,
p41-plant-0004/004,brics-odroid-008_cam0,40,2,2,zero_sentinel|zero_sentinel,,,,,,
p41-plant-0004/004,brics-odroid-008_cam0,48,2,2,zero_sentinel|zero_sentinel,,,,,,
p41-plant-0004/004,brics-odroid-008_cam0,56,2,2,zero_sentinel|zero_sentinel,,,,,,
p41-plant-0004/004,brics-odroid-008_cam0,64,2,2,zero_sentinel|zero_sentinel,,,,,,
p41-plant-0004/004,brics-odroid-008_cam0,72,2,2,zero_sentinel|zero_sentinel,,,,,,
p41-plant-0004/004,brics-odroid-008_cam0,8,2,2,zero_sentinel|zero_sentinel,,,,,,
p41-plant-0004/004,brics-odroid-008_cam0,80,2,2,zero_sentinel|zero_sentinel,,,,,,
p41-plant-0004/004,brics-odroid-008_cam0,88,2,2,zero_sentinel|zero_sentinel,,,,,,
p41-plant-0004/004,brics-odroid-008_cam0,96,2,2,zero_sentinel|zero_sentinel,,,,,,
p41-plant-0004/004,brics-odroid-009_cam1,0,2,0,good|medium,2,9.0747,9.0747,12.58,13.0181,13.4563
p41-plant-0004/004,brics-odroid-009_cam1,104,2,1,good|zero_sentinel,1,7.148,7.148,7.148,7.148,7.148
p41-plant-0004/004,brics-odroid-009_cam1,112,2,0,good|medium,2,12.1853,12.1853,15.0172,15.3712,15.7252
p41-plant-0004/004,brics-odroid-009_cam1,120,2,1,medium|zero_sentinel,1,11.6931,11.6931,11.6931,11.6931,11.6931
p41-plant-0004/004,brics-odroid-009_cam1,128,2,0,good|good,2,7.095,7.095,9.2982,9.5736,9.849
p41-plant-0004/004,brics-odroid-009_cam1,136,2,1,good|zero_sentinel,1,7.9113,7.9113,7.9113,7.9113,7.9113
p41-plant-0004/004,brics-odroid-009_cam1,144,2,0,good|medium,2,12.4119,12.4119,15.6483,16.0528,16.4574
p41-plant-0004/004,brics-odroid-009_cam1,152,2,1,good|zero_sentinel,1,8.5624,8.5624,8.5624,8.5624,8.5624
p41-plant-0004/004,brics-odroid-009_cam1,16,2,0,good|medium,2,8.6457,8.6457,11.3303,11.6659,12.0015
p41-plant-0004/004,brics-odroid-009_cam1,24,2,0,good|medium,2,10.3858,10.3858,15.9625,16.6596,17.3567
p41-plant-0004/004,brics-odroid-009_cam1,32,2,0,good|medium,2,11.1071,11.1071,15.5901,16.1504,16.7108
p41-plant-0004/004,brics-odroid-009_cam1,40,2,0,good|medium,2,8.0881,8.0881,10.614,10.9298,11.2455
p41-plant-0004/004,brics-odroid-009_cam1,48,2,0,good|good,2,7.1216,7.1216,8.6436,8.8338,9.0241
p41-plant-0004/004,brics-odroid-009_cam1,56,2,0,good|good,2,7.0578,7.0578,7.4245,7.4704,7.5162
p41-plant-0004/004,brics-odroid-009_cam1,64,2,0,good|good,2,5.94,5.94,6.904,7.0245,7.145
p41-plant-0004/004,brics-odroid-009_cam1,72,2,0,good|good,2,5.7471,5.7471,5.9442,5.9689,5.9935
p41-plant-0004/004,brics-odroid-009_cam1,8,2,0,good|medium,2,8.4365,8.4365,12.1541,12.6188,13.0835
p41-plant-0004/004,brics-odroid-009_cam1,80,2,0,good|good,2,4.9399,4.9399,6.2087,6.3673,6.5259
p41-plant-0004/004,brics-odroid-009_cam1,88,2,0,good|good,2,5.6004,5.6004,6.4213,6.5239,6.6265
p41-plant-0004/004,brics-odroid-009_cam1,96,2,0,good|good,2,9.5967,9.5967,9.8152,9.8426,9.8699
p41-plant-0004/004,brics-odroid-010_cam0,0,2,0,good|medium,2,33.8092,33.8092,52.8938,55.2794,57.665
p41-plant-0004/004,brics-odroid-010_cam0,104,2,0,medium|medium,2,18.2662,18.2662,20.1212,20.3531,20.585
p41-plant-0004/004,brics-odroid-010_cam0,112,2,0,medium|medium,2,15.63,15.63,17.737,18.0003,18.2637
p41-plant-0004/004,brics-odroid-010_cam0,120,2,0,medium|medium,2,32.8469,32.8469,48.3391,50.2757,52.2122
p41-plant-0004/004,brics-odroid-010_cam0,128,2,0,good|medium,2,13.7209,13.7209,19.2217,19.9093,20.5969
p41-plant-0004/004,brics-odroid-010_cam0,136,2,0,good|medium,2,11.4566,11.4566,13.0496,13.2488,13.4479
p41-plant-0004/004,brics-odroid-010_cam0,144,2,0,good|medium,2,14.4331,14.4331,18.2429,18.7192,19.1954
p41-plant-0004/004,brics-odroid-010_cam0,152,2,0,medium|medium,2,19.9225,19.9225,26.6942,27.5406,28.3871
p41-plant-0004/004,brics-odroid-010_cam0,16,2,0,good|medium,2,16.6719,16.6719,23.3542,24.1895,25.0248
p41-plant-0004/004,brics-odroid-010_cam0,24,2,0,good|medium,2,17.7971,17.7971,25.4605,26.4185,27.3764
p41-plant-0004/004,brics-odroid-010_cam0,32,2,0,bad|good,2,43.566,43.566,70.9885,74.4163,77.8441
p41-plant-0004/004,brics-odroid-010_cam0,40,2,1,medium|zero_sentinel,1,12.1529,12.1529,12.1529,12.1529,12.1529
p41-plant-0004/004,brics-odroid-010_cam0,48,2,0,bad|good,2,42.5616,42.5616,69.6142,72.9958,76.3774
p41-plant-0004/004,brics-odroid-010_cam0,56,2,0,good|medium,2,14.957,14.957,18.9884,19.4923,19.9962
p41-plant-0004/004,brics-odroid-010_cam0,64,2,0,medium|medium,2,17.335,17.335,21.8492,22.4134,22.9777
p41-plant-0004/004,brics-odroid-010_cam0,72,2,0,good|medium,2,10.4221,10.4221,11.169,11.2623,11.3557
p41-plant-0004/004,brics-odroid-010_cam0,8,2,0,medium|medium,2,30.0119,30.0119,45.4849,47.4191,49.3532
p41-plant-0004/004,brics-odroid-010_cam0,80,2,0,good|medium,2,9.3665,9.3665,10.2105,10.316,10.4215
p41-plant-0004/004,brics-odroid-010_cam0,88,2,0,good|medium,2,14.3509,14.3509,18.2121,18.6947,19.1774
p41-plant-0004/004,brics-odroid-010_cam0,96,2,0,bad|medium,2,37.7752,37.7752,59.5034,62.2195,64.9355
p41-plant-0004/004,brics-odroid-010_cam1,0,2,0,bad|medium,2,53.7721,53.7721,66.0255,67.5571,69.0888
p41-plant-0004/004,brics-odroid-010_cam1,104,2,0,medium|medium,2,24.5801,24.5801,31.762,32.6598,33.5575
p41-plant-0004/004,brics-odroid-010_cam1,112,2,1,medium|zero_sentinel,1,16.0409,16.0409,16.0409,16.0409,16.0409
p41-plant-0004/004,brics-odroid-010_cam1,120,2,0,medium|medium,2,34.5675,34.5675,46.1461,47.5935,49.0408
p41-plant-0004/004,brics-odroid-010_cam1,128,2,0,medium|medium,2,35.3291,35.3291,40.5468,41.1991,41.8513
p41-plant-0004/004,brics-odroid-010_cam1,136,2,0,medium|medium,2,32.1294,32.1294,38.96,39.8139,40.6677
p41-plant-0004/004,brics-odroid-010_cam1,144,2,0,medium|medium,2,30.167,30.167,37.0168,37.873,38.7292
p41-plant-0004/004,brics-odroid-010_cam1,152,2,0,medium|medium,2,31.853,31.853,39.7735,40.7635,41.7536
p41-plant-0004/004,brics-odroid-010_cam1,16,2,0,bad|medium,2,51.2934,51.2934,68.42,70.5609,72.7017
p41-plant-0004/004,brics-odroid-010_cam1,24,2,0,bad|medium,2,51.8501,51.8501,69.075,71.2281,73.3812
p41-plant-0004/004,brics-odroid-010_cam1,32,2,0,bad|medium,2,53.124,53.124,77.9266,81.0269,84.1272
p41-plant-0004/004,brics-odroid-010_cam1,40,2,0,medium|medium,2,37.2377,37.2377,52.146,54.0096,55.8731
p41-plant-0004/004,brics-odroid-010_cam1,48,2,0,medium|medium,2,29.2936,29.2936,31.9643,32.2981,32.6319
p41-plant-0004/004,brics-odroid-010_cam1,56,2,0,bad|medium,2,52.6803,52.6803,75.9383,78.8455,81.7528
p41-plant-0004/004,brics-odroid-010_cam1,64,2,0,medium|medium,2,43.1839,43.1839,53.4622,54.747,56.0318
p41-plant-0004/004,brics-odroid-010_cam1,72,2,0,medium|medium,2,33.5794,33.5794,37.2416,37.6993,38.1571
p41-plant-0004/004,brics-odroid-010_cam1,8,2,0,bad|medium,2,55.3277,55.3277,67.0827,68.5521,70.0215
p41-plant-0004/004,brics-odroid-010_cam1,80,2,0,medium|medium,2,24.5391,24.5391,29.2296,29.8159,30.4022
p41-plant-0004/004,brics-odroid-010_cam1,88,2,0,bad|medium,2,63.7695,63.7695,84.8569,87.4928,90.1287
p41-plant-0004/004,brics-odroid-010_cam1,96,2,0,medium|medium,2,42.3772,42.3772,54.2916,55.7809,57.2702
p41-plant-0004/004,brics-odroid-011_cam0,0,2,0,good|good,2,5.8239,5.8239,6.8766,7.0082,7.1398
p41-plant-0004/004,brics-odroid-011_cam0,104,2,0,good|good,2,4.6418,4.6418,5.5116,5.6204,5.7291
p41-plant-0004/004,brics-odroid-011_cam0,112,2,0,good|good,2,3.8152,3.8152,3.8201,3.8208,3.8214
p41-plant-0004/004,brics-odroid-011_cam0,120,2,0,good|good,2,4.6159,4.6159,5.1889,5.2606,5.3322
p41-plant-0004/004,brics-odroid-011_cam0,128,2,0,good|good,2,4.4962,4.4962,5.0424,5.1106,5.1789
p41-plant-0004/004,brics-odroid-011_cam0,136,2,0,good|good,2,4.2985,4.2985,4.6233,4.6639,4.7045
p41-plant-0004/004,brics-odroid-011_cam0,144,2,0,good|good,2,3.9931,3.9931,4.4604,4.5188,4.5772
p41-plant-0004/004,brics-odroid-011_cam0,152,2,0,good|good,2,4.4338,4.4338,4.9856,5.0546,5.1236
p41-plant-0004/004,brics-odroid-011_cam0,16,2,0,good|good,2,5.5819,5.5819,5.8315,5.8627,5.8939
p41-plant-0004/004,brics-odroid-011_cam0,24,2,0,good|good,2,5.6959,5.6959,6.2467,6.3156,6.3844
p41-plant-0004/004,brics-odroid-011_cam0,32,2,0,good|good,2,6.8615,6.8615,8.0138,8.1579,8.3019
p41-plant-0004/004,brics-odroid-011_cam0,40,2,0,good|good,2,5.0903,5.0903,6.2021,6.3411,6.4801
p41-plant-0004/004,brics-odroid-011_cam0,48,2,0,good|good,2,6.2786,6.2786,7.2973,7.4246,7.5519
p41-plant-0004/004,brics-odroid-011_cam0,56,2,0,good|good,2,5.9638,5.9638,6.2964,6.3379,6.3795
p41-plant-0004/004,brics-odroid-011_cam0,64,2,0,good|good,2,4.4466,4.4466,4.864,4.9161,4.9683
p41-plant-0004/004,brics-odroid-011_cam0,72,2,0,good|good,2,3.9055,3.9055,4.0198,4.0341,4.0484
p41-plant-0004/004,brics-odroid-011_cam0,8,2,0,good|good,2,6.118,6.118,7.2918,7.4386,7.5853
p41-plant-0004/004,brics-odroid-011_cam0,80,2,0,good|good,2,4.393,4.393,4.499,4.5122,4.5255
p41-plant-0004/004,brics-odroid-011_cam0,88,2,0,good|good,2,6.613,6.613,7.4849,7.5939,7.7029
p41-plant-0004/004,brics-odroid-011_cam0,96,2,0,good|good,2,4.5566,4.5566,4.8837,4.9246,4.9655
p41-plant-0004/004,brics-odroid-012_cam0,0,2,0,good|good,2,6.628,6.628,6.8042,6.8263,6.8483
p41-plant-0004/004,brics-odroid-012_cam0,104,2,0,good|good,2,6.388,6.388,6.9636,7.0355,7.1075
p41-plant-0004/004,brics-odroid-012_cam0,112,2,0,good|good,2,5.4535,5.4535,6.6844,6.8382,6.9921
p41-plant-0004/004,brics-odroid-012_cam0,120,2,0,good|good,2,4.5827,4.5827,4.6209,4.6256,4.6304
p41-plant-0004/004,brics-odroid-012_cam0,128,2,0,good|good,2,4.282,4.282,4.7285,4.7843,4.8401
p41-plant-0004/004,brics-odroid-012_cam0,136,2,0,good|good,2,3.5488,3.5488,3.9277,3.975,4.0224
p41-plant-0004/004,brics-odroid-012_cam0,144,2,0,good|good,2,4.051,4.051,4.3296,4.3644,4.3992
p41-plant-0004/004,brics-odroid-012_cam0,152,2,0,good|good,2,5.2943,5.2943,5.7564,5.8141,5.8719
p41-plant-0004/004,brics-odroid-012_cam0,16,2,0,good|good,2,6.5019,6.5019,7.4914,7.6151,7.7388
p41-plant-0004/004,brics-odroid-012_cam0,24,2,0,good|medium,2,8.9291,8.9291,10.8293,11.0669,11.3044
p41-plant-0004/004,brics-odroid-012_cam0,32,2,0,good|medium,2,7.3647,7.3647,9.6363,9.9202,10.2042
p41-plant-0004/004,brics-odroid-012_cam0,40,2,0,medium|medium,2,20.6012,20.6012,25.0863,25.647,26.2076
p41-plant-0004/004,brics-odroid-012_cam0,48,2,0,good|good,2,8.0933,8.0933,8.7355,8.8157,8.896
p41-plant-0004/004,brics-odroid-012_cam0,56,2,0,good|good,2,7.7167,7.7167,8.6108,8.7225,8.8343
p41-plant-0004/004,brics-odroid-012_cam0,64,2,0,good|good,2,5.276,5.276,5.3288,5.3354,5.342
p41-plant-0004/004,brics-odroid-012_cam0,72,2,0,good|good,2,7.4662,7.4662,9.4641,9.7139,9.9636
p41-plant-0004/004,brics-odroid-012_cam0,8,2,0,good|good,2,6.516,6.516,6.7845,6.818,6.8516
p41-plant-0004/004,brics-odroid-012_cam0,80,2,0,good|medium,2,8.968,8.968,11.561,11.8851,12.2092
p41-plant-0004/004,brics-odroid-012_cam0,88,2,0,good|good,2,8.8392,8.8392,8.9154,8.925,8.9345
p41-plant-0004/004,brics-odroid-012_cam0,96,2,0,good|good,2,4.9143,4.9143,5.591,5.6756,5.7602
p41-plant-0004/004,brics-odroid-012_cam1,0,2,0,good|good,2,4.6708,4.6708,5.6482,5.7704,5.8926
p41-plant-0004/004,brics-odroid-012_cam1,104,2,0,good|medium,2,7.4194,7.4194,9.6372,9.9145,10.1917
p41-plant-0004/004,brics-odroid-012_cam1,112,2,0,good|good,2,5.4808,5.4808,7.094,7.2956,7.4973
p41-plant-0004/004,brics-odroid-012_cam1,120,2,0,good|good,2,4.1418,4.1418,4.6446,4.7074,4.7703
p41-plant-0004/004,brics-odroid-012_cam1,128,2,0,good|good,2,5.4904,5.4904,6.4802,6.6039,6.7276
p41-plant-0004/004,brics-odroid-012_cam1,136,2,0,good|good,2,5.2376,5.2376,6.219,6.3416,6.4643
p41-plant-0004/004,brics-odroid-012_cam1,144,2,0,good|good,2,5.4514,5.4514,5.8931,5.9483,6.0035
p41-plant-0004/004,brics-odroid-012_cam1,152,2,0,good|good,2,4.6349,4.6349,4.7574,4.7727,4.788
p41-plant-0004/004,brics-odroid-012_cam1,16,2,0,good|good,2,6.2224,6.2224,6.3182,6.3302,6.3422
p41-plant-0004/004,brics-odroid-012_cam1,24,2,0,good|good,2,3.2535,3.2535,3.3995,3.4178,3.436
p41-plant-0004/004,brics-odroid-012_cam1,32,2,0,good|good,2,5.0859,5.0859,5.1433,5.1504,5.1576
p41-plant-0004/004,brics-odroid-012_cam1,40,2,0,good|medium,2,10.4023,10.4023,15.1911,15.7897,16.3883
p41-plant-0004/004,brics-odroid-012_cam1,48,2,0,good|medium,2,11.4648,11.4648,14.6351,15.0314,15.4277
p41-plant-0004/004,brics-odroid-012_cam1,56,2,0,good|good,2,8.7173,8.7173,9.6478,9.7641,9.8804
p41-plant-0004/004,brics-odroid-012_cam1,64,2,0,good|good,2,4.1922,4.1922,4.8423,4.9235,5.0048
p41-plant-0004/004,brics-odroid-012_cam1,72,2,0,good|good,2,5.2649,5.2649,6.4383,6.5849,6.7316
p41-plant-0004/004,brics-odroid-012_cam1,8,2,0,good|good,2,4.3785,4.3785,4.5913,4.6179,4.6445
p41-plant-0004/004,brics-odroid-012_cam1,80,2,0,good|good,2,7.6574,7.6574,9.2794,9.4822,9.6849
p41-plant-0004/004,brics-odroid-012_cam1,88,2,0,good|good,2,7.4124,7.4124,7.6477,7.6771,7.7065
p41-plant-0004/004,brics-odroid-012_cam1,96,2,0,good|good,2,6.541,6.541,6.8967,6.9411,6.9856
p41-plant-0004/004,brics-odroid-014_cam1,0,2,1,medium|zero_sentinel,1,12.6578,12.6578,12.6578,12.6578,12.6578
p41-plant-0004/004,brics-odroid-014_cam1,104,2,1,medium|zero_sentinel,1,14.1194,14.1194,14.1194,14.1194,14.1194
p41-plant-0004/004,brics-odroid-014_cam1,112,2,1,bad|zero_sentinel,1,125.3824,125.3824,125.3824,125.3824,125.3824
p41-plant-0004/004,brics-odroid-014_cam1,120,2,1,bad|zero_sentinel,1,178.8671,178.8671,178.8671,178.8671,178.8671
p41-plant-0004/004,brics-odroid-014_cam1,128,2,2,zero_sentinel|zero_sentinel,,,,,,
p41-plant-0004/004,brics-odroid-014_cam1,136,2,1,bad|zero_sentinel,1,176.8832,176.8832,176.8832,176.8832,176.8832
p41-plant-0004/004,brics-odroid-014_cam1,144,2,1,medium|zero_sentinel,1,29.0441,29.0441,29.0441,29.0441,29.0441
p41-plant-0004/004,brics-odroid-014_cam1,152,2,0,bad|medium,2,100.5432,100.5432,157.8854,165.0531,172.2209
p41-plant-0004/004,brics-odroid-014_cam1,16,2,0,medium|medium,2,12.0878,12.0878,12.4505,12.4959,12.5412
p41-plant-0004/004,brics-odroid-014_cam1,24,2,1,medium|zero_sentinel,1,14.7599,14.7599,14.7599,14.7599,14.7599
p41-plant-0004/004,brics-odroid-014_cam1,32,2,0,good|medium,2,10.7597,10.7597,11.5559,11.6555,11.755
p41-plant-0004/004,brics-odroid-014_cam1,40,2,2,zero_sentinel|zero_sentinel,,,,,,
p41-plant-0004/004,brics-odroid-014_cam1,48,2,0,bad|medium,2,42.6701,42.6701,64.1637,66.8504,69.5371
p41-plant-0004/004,brics-odroid-014_cam1,56,2,0,good|good,2,8.9017,8.9017,9.5907,9.6768,9.7629
p41-plant-0004/004,brics-odroid-014_cam1,64,2,0,good|good,2,4.8723,4.8723,4.987,5.0013,5.0156
p41-plant-0004/004,brics-odroid-014_cam1,72,2,0,good|medium,2,13.4858,13.4858,20.3256,21.1805,22.0355
p41-plant-0004/004,brics-odroid-014_cam1,8,2,1,medium|zero_sentinel,1,11.2084,11.2084,11.2084,11.2084,11.2084
p41-plant-0004/004,brics-odroid-014_cam1,80,2,0,good|medium,2,20.2234,20.2234,28.7199,29.7819,30.844
p41-plant-0004/004,brics-odroid-014_cam1,88,2,0,medium|medium,2,19.7826,19.7826,25.9942,26.7706,27.5471
p41-plant-0004/004,brics-odroid-014_cam1,96,2,1,medium|zero_sentinel,1,13.7186,13.7186,13.7186,13.7186,13.7186
p41-plant-0004/004,brics-odroid-015_cam0,0,2,2,zero_sentinel|zero_sentinel,,,,,,
p41-plant-0004/004,brics-odroid-015_cam0,104,2,2,zero_sentinel|zero_sentinel,,,,,,
p41-plant-0004/004,brics-odroid-015_cam0,112,2,2,zero_sentinel|zero_sentinel,,,,,,
p41-plant-0004/004,brics-odroid-015_cam0,120,2,2,zero_sentinel|zero_sentinel,,,,,,
p41-plant-0004/004,brics-odroid-015_cam0,128,2,2,zero_sentinel|zero_sentinel,,,,,,
p41-plant-0004/004,brics-odroid-015_cam0,136,2,2,zero_sentinel|zero_sentinel,,,,,,
p41-plant-0004/004,brics-odroid-015_cam0,144,2,2,zero_sentinel|zero_sentinel,,,,,,
p41-plant-0004/004,brics-odroid-015_cam0,152,2,2,zero_sentinel|zero_sentinel,,,,,,
p41-plant-0004/004,brics-odroid-015_cam0,16,2,2,zero_sentinel|zero_sentinel,,,,,,
p41-plant-0004/004,brics-odroid-015_cam0,24,2,2,zero_sentinel|zero_sentinel,,,,,,
p41-plant-0004/004,brics-odroid-015_cam0,32,2,2,zero_sentinel|zero_sentinel,,,,,,
p41-plant-0004/004,brics-odroid-015_cam0,40,2,2,zero_sentinel|zero_sentinel,,,,,,
p41-plant-0004/004,brics-odroid-015_cam0,48,2,2,zero_sentinel|zero_sentinel,,,,,,
p41-plant-0004/004,brics-odroid-015_cam0,56,2,0,bad|good,2,59.3056,59.3056,103.7857,109.3457,114.9057
p41-plant-0004/004,brics-odroid-015_cam0,64,2,0,good|good,2,5.143,5.143,5.6889,5.7572,5.8254
p41-plant-0004/004,brics-odroid-015_cam0,72,2,0,good|good,2,6.0508,6.0508,6.6948,6.7753,6.8558
p41-plant-0004/004,brics-odroid-015_cam0,8,2,2,zero_sentinel|zero_sentinel,,,,,,
p41-plant-0004/004,brics-odroid-015_cam0,80,2,2,zero_sentinel|zero_sentinel,,,,,,
p41-plant-0004/004,brics-odroid-015_cam0,88,2,2,zero_sentinel|zero_sentinel,,,,,,
p41-plant-0004/004,brics-odroid-015_cam0,96,2,2,zero_sentinel|zero_sentinel,,,,,,
p41-plant-0004/004,brics-odroid-015_cam1,0,2,1,good|zero_sentinel,1,3.6067,3.6067,3.6067,3.6067,3.6067
p41-plant-0004/004,brics-odroid-015_cam1,104,2,0,bad|medium,2,69.6704,69.6704,111.3083,116.5131,121.7178
p41-plant-0004/004,brics-odroid-015_cam1,112,2,1,medium|zero_sentinel,1,54.3603,54.3603,54.3603,54.3603,54.3603
p41-plant-0004/004,brics-odroid-015_cam1,120,2,2,zero_sentinel|zero_sentinel,,,,,,
p41-plant-0004/004,brics-odroid-015_cam1,128,2,0,good|good,2,7.0252,7.0252,9.2434,9.5206,9.7979
p41-plant-0004/004,brics-odroid-015_cam1,136,2,0,bad|medium,2,57.9468,57.9468,94.4651,99.0298,103.5946
p41-plant-0004/004,brics-odroid-015_cam1,144,2,0,good|good,2,7.0291,7.0291,8.8364,9.0623,9.2882
p41-plant-0004/004,brics-odroid-015_cam1,152,2,0,bad|medium,2,59.279,59.279,94.6608,99.0836,103.5063
p41-plant-0004/004,brics-odroid-015_cam1,16,2,0,good|medium,2,7.4761,7.4761,9.6322,9.9017,10.1712
p41-plant-0004/004,brics-odroid-015_cam1,24,2,0,good|good,2,6.5827,6.5827,7.3148,7.4063,7.4978
p41-plant-0004/004,brics-odroid-015_cam1,32,2,1,good|zero_sentinel,1,5.0462,5.0462,5.0462,5.0462,5.0462
p41-plant-0004/004,brics-odroid-015_cam1,40,2,0,good|medium,2,7.8864,7.8864,9.8491,10.0945,10.3398
p41-plant-0004/004,brics-odroid-015_cam1,48,2,0,good|medium,2,8.2508,8.2508,11.4018,11.7956,12.1895
p41-plant-0004/004,brics-odroid-015_cam1,56,2,0,good|good,2,6.006,6.006,6.8605,6.9674,7.0742
p41-plant-0004/004,brics-odroid-015_cam1,64,2,0,good|good,2,5.0855,5.0855,5.7869,5.8746,5.9623
p41-plant-0004/004,brics-odroid-015_cam1,72,2,0,good|good,2,4.7355,4.7355,4.7418,4.7426,4.7434
p41-plant-0004/004,brics-odroid-015_cam1,8,2,0,good|good,2,6.9642,6.9642,9.2959,9.5873,9.8788
p41-plant-0004/004,brics-odroid-015_cam1,80,2,0,good|good,2,4.1709,4.1709,4.4467,4.4811,4.5156
p41-plant-0004/004,brics-odroid-015_cam1,88,2,0,good|good,2,4.5404,4.5404,4.6414,4.6541,4.6667
p41-plant-0004/004,brics-odroid-015_cam1,96,2,0,bad|bad,2,116.5586,116.5586,133.2062,135.2871,137.3681
p41-plant-0004/004,brics-odroid-016_cam0,0,2,0,good|medium,2,8.4379,8.4379,10.5742,10.8413,11.1083
p41-plant-0004/004,brics-odroid-016_cam0,104,2,0,good|good,2,6.9029,6.9029,8.0841,8.2317,8.3794
p41-plant-0004/004,brics-odroid-016_cam0,112,2,0,good|good,2,7.3859,7.3859,7.6014,7.6283,7.6552
p41-plant-0004/004,brics-odroid-016_cam0,120,2,0,good|medium,2,8.2259,8.2259,11.4057,11.8031,12.2006
p41-plant-0004/004,brics-odroid-016_cam0,128,2,0,good|good,2,6.7579,6.7579,7.6325,7.7418,7.8511
p41-plant-0004/004,brics-odroid-016_cam0,136,2,0,good|good,2,7.0543,7.0543,8.5498,8.7368,8.9237
p41-plant-0004/004,brics-odroid-016_cam0,144,2,0,good|good,2,4.7632,4.7632,4.9594,4.9839,5.0084
p41-plant-0004/004,brics-odroid-016_cam0,152,2,0,good|good,2,6.0997,6.0997,6.317,6.3441,6.3713
p41-plant-0004/004,brics-odroid-016_cam0,16,2,0,good|good,2,6.8438,6.8438,8.4041,8.5992,8.7942
p41-plant-0004/004,brics-odroid-016_cam0,24,2,0,good|medium,2,8.2102,8.2102,9.6552,9.8358,10.0164
p41-plant-0004/004,brics-odroid-016_cam0,32,2,0,good|medium,2,10.0637,10.0637,14.7922,15.3832,15.9743
p41-plant-0004/004,brics-odroid-016_cam0,40,2,0,bad|medium,2,46.9074,46.9074,69.9534,72.8342,75.7149
p41-plant-0004/004,brics-odroid-016_cam0,48,2,0,bad|medium,2,52.3599,52.3599,73.6246,76.2827,78.9408
p41-plant-0004/004,brics-odroid-016_cam0,56,2,0,good|good,2,5.767,5.767,6.2767,6.3404,6.4041
p41-plant-0004/004,brics-odroid-016_cam0,64,2,0,good|good,2,3.9173,3.9173,3.9987,4.0089,4.0191
p41-plant-0004/004,brics-odroid-016_cam0,72,2,0,good|good,2,7.416,7.416,7.7536,7.7958,7.838
p41-plant-0004/004,brics-odroid-016_cam0,8,2,0,good|medium,2,9.4881,9.4881,12.688,13.088,13.488
p41-plant-0004/004,brics-odroid-016_cam0,80,2,0,good|good,2,6.5186,6.5186,7.3331,7.4349,7.5367
p41-plant-0004/004,brics-odroid-016_cam0,88,2,0,good|medium,2,10.7965,10.7965,12.3759,12.5733,12.7707
p41-plant-0004/004,brics-odroid-016_cam0,96,2,0,good|good,2,5.3364,5.3364,5.8774,5.9451,6.0127
p41-plant-0004/004,brics-odroid-017_cam0,0,2,0,good|medium,2,9.2781,9.2781,10.3299,10.4613,10.5928
p41-plant-0004/004,brics-odroid-017_cam0,104,2,0,medium|medium,2,28.0498,28.0498,34.6595,35.4857,36.3119
p41-plant-0004/004,brics-odroid-017_cam0,112,2,0,medium|medium,2,17.5257,17.5257,22.8611,23.528,24.1949
p41-plant-0004/004,brics-odroid-017_cam0,120,2,0,good|medium,2,9.5008,9.5008,11.8953,12.1946,12.4939
p41-plant-0004/004,brics-odroid-017_cam0,128,2,0,good|medium,2,8.5688,8.5688,12.1856,12.6377,13.0898
p41-plant-0004/004,brics-odroid-017_cam0,136,2,0,good|medium,2,7.837,7.837,10.6541,11.0063,11.3584
p41-plant-0004/004,brics-odroid-017_cam0,144,2,0,good|medium,2,10.5184,10.5184,12.3634,12.594,12.8246
p41-plant-0004/004,brics-odroid-017_cam0,152,2,0,good|medium,2,10.9532,10.9532,12.726,12.9476,13.1692
p41-plant-0004/004,brics-odroid-017_cam0,16,2,0,good|good,2,8.6129,8.6129,8.8667,8.8985,8.9302
p41-plant-0004/004,brics-odroid-017_cam0,24,2,0,good|medium,2,7.5755,7.5755,9.6978,9.9631,10.2284
p41-plant-0004/004,brics-odroid-017_cam0,32,2,0,good|good,2,6.8716,6.8716,6.9155,6.921,6.9265
p41-plant-0004/004,brics-odroid-017_cam0,40,2,0,medium|medium,2,21.777,21.777,25.2865,25.7252,26.1639
p41-plant-0004/004,brics-odroid-017_cam0,48,2,0,medium|medium,2,33.0389,33.0389,39.1302,39.8916,40.653
p41-plant-0004/004,brics-odroid-017_cam0,56,2,0,good|good,2,5.621,5.621,5.7664,5.7845,5.8027
p41-plant-0004/004,brics-odroid-017_cam0,64,2,0,good|good,2,6.3895,6.3895,7.1431,7.2373,7.3315
p41-plant-0004/004,brics-odroid-017_cam0,72,2,0,good|good,2,6.1877,6.1877,6.5564,6.6025,6.6486
p41-plant-0004/004,brics-odroid-017_cam0,8,2,0,good|medium,2,8.3547,8.3547,10.5276,10.7992,11.0708
p41-plant-0004/004,brics-odroid-017_cam0,80,2,0,good|good,2,7.0762,7.0762,7.7418,7.825,7.9082
p41-plant-0004/004,brics-odroid-017_cam0,88,2,0,good|good,2,7.5267,7.5267,8.1727,8.2534,8.3342
p41-plant-0004/004,brics-odroid-017_cam0,96,2,0,good|good,2,6.6482,6.6482,7.9978,8.1665,8.3352
p41-plant-0004/004,brics-odroid-017_cam1,0,2,0,good|medium,2,16.3531,16.3531,23.3846,24.2636,25.1425
p41-plant-0004/004,brics-odroid-017_cam1,104,2,0,medium|medium,2,13.7216,13.7216,16.6174,16.9794,17.3414
p41-plant-0004/004,brics-odroid-017_cam1,112,2,0,medium|medium,2,12.0014,12.0014,12.4414,12.4964,12.5514
p41-plant-0004/004,brics-odroid-017_cam1,120,2,0,good|medium,2,8.8403,8.8403,10.4335,10.6326,10.8318
p41-plant-0004/004,brics-odroid-017_cam1,128,2,0,medium|medium,2,24.5444,24.5444,28.4228,28.9076,29.3924
p41-plant-0004/004,brics-odroid-017_cam1,136,2,0,medium|medium,2,14.9263,14.9263,16.2752,16.4438,16.6124
p41-plant-0004/004,brics-odroid-017_cam1,144,2,0,good|medium,2,10.6582,10.6582,13.469,13.8204,14.1717
p41-plant-0004/004,brics-odroid-017_cam1,152,2,0,good|medium,2,12.0048,12.0048,15.4545,15.8857,16.3169
p41-plant-0004/004,brics-odroid-017_cam1,16,2,0,good|good,2,5.1473,5.1473,5.7207,5.7924,5.8641
p41-plant-0004/004,brics-odroid-017_cam1,24,2,0,good|good,2,6.8934,6.8934,7.5272,7.6064,7.6856
p41-plant-0004/004,brics-odroid-017_cam1,32,2,0,medium|medium,2,17.4707,17.4707,20.1925,20.5327,20.8729
p41-plant-0004/004,brics-odroid-017_cam1,40,2,0,medium|medium,2,25.7385,25.7385,27.9135,28.1853,28.4572
p41-plant-0004/004,brics-odroid-017_cam1,48,2,0,medium|medium,2,26.4763,26.4763,29.704,30.1074,30.5109
p41-plant-0004/004,brics-odroid-017_cam1,56,2,0,good|good,2,6.6137,6.6137,7.6532,7.7832,7.9131
p41-plant-0004/004,brics-odroid-017_cam1,64,2,0,good|good,2,4.8007,4.8007,5.0624,5.0951,5.1278
p41-plant-0004/004,brics-odroid-017_cam1,72,2,0,good|good,2,5.8196,5.8196,6.1923,6.2389,6.2855
p41-plant-0004/004,brics-odroid-017_cam1,8,2,0,good|medium,2,12.1199,12.1199,16.0203,16.5079,16.9954
p41-plant-0004/004,brics-odroid-017_cam1,80,2,0,good|good,2,6.5804,6.5804,7.551,7.6724,7.7937
p41-plant-0004/004,brics-odroid-017_cam1,88,2,0,good|good,2,6.7538,6.7538,7.494,7.5866,7.6791
p41-plant-0004/004,brics-odroid-017_cam1,96,2,0,good|good,2,8.6293,8.6293,9.6639,9.7933,9.9226
p41-plant-0004/004,brics-odroid-019_cam1,0,2,0,good|medium,2,23.9094,23.9094,35.6804,37.1517,38.6231
p41-plant-0004/004,brics-odroid-019_cam1,104,2,0,medium|medium,2,23.4784,23.4784,29.94,30.7477,31.5554
p41-plant-0004/004,brics-odroid-019_cam1,112,2,0,medium|medium,2,20.5872,20.5872,27.3602,28.2069,29.0535
p41-plant-0004/004,brics-odroid-019_cam1,120,2,0,medium|medium,2,38.5177,38.5177,55.6222,57.7602,59.8983
p41-plant-0004/004,brics-odroid-019_cam1,128,2,0,medium|medium,2,28.0254,28.0254,28.4921,28.5505,28.6088
p41-plant-0004/004,brics-odroid-019_cam1,136,2,0,medium|medium,2,29.5384,29.5384,41.8706,43.4122,44.9537
p41-plant-0004/004,brics-odroid-019_cam1,144,2,0,medium|medium,2,31.0537,31.0537,42.9698,44.4593,45.9488
p41-plant-0004/004,brics-odroid-019_cam1,152,2,0,medium|medium,2,24.2128,24.2128,26.4585,26.7392,27.0199
p41-plant-0004/004,brics-odroid-019_cam1,16,2,0,medium|medium,2,23.3771,23.3771,24.4856,24.6241,24.7627
p41-plant-0004/004,brics-odroid-019_cam1,24,2,0,medium|medium,2,17.4596,17.4596,18.1878,18.2788,18.3698
p41-plant-0004/004,brics-odroid-019_cam1,32,2,0,medium|medium,2,17.3491,17.3491,18.2299,18.34,18.4501
p41-plant-0004/004,brics-odroid-019_cam1,40,2,0,medium|medium,2,13.8878,13.8878,16.0223,16.2892,16.556
p41-plant-0004/004,brics-odroid-019_cam1,48,2,0,medium|medium,2,18.1369,18.1369,18.7711,18.8504,18.9297
p41-plant-0004/004,brics-odroid-019_cam1,56,2,0,bad|good,2,50.3832,50.3832,82.7413,86.786,90.8308
p41-plant-0004/004,brics-odroid-019_cam1,64,2,0,bad|good,2,53.2858,53.2858,89.9672,94.5523,99.1375
p41-plant-0004/004,brics-odroid-019_cam1,72,2,0,medium|medium,2,19.3006,19.3006,20.4975,20.6471,20.7967
p41-plant-0004/004,brics-odroid-019_cam1,8,2,0,medium|medium,2,24.6894,24.6894,33.0452,34.0896,35.1341
p41-plant-0004/004,brics-odroid-019_cam1,80,2,0,medium|medium,2,14.1204,14.1204,16.5723,16.8788,17.1853
p41-plant-0004/004,brics-odroid-019_cam1,88,2,0,medium|medium,2,15.9847,15.9847,16.193,16.2191,16.2451
p41-plant-0004/004,brics-odroid-019_cam1,96,2,0,good|medium,2,22.2661,22.2661,32.315,33.5711,34.8272
p41-plant-0004/004,brics-odroid-020_cam0,0,2,0,good|medium,2,16.6517,16.6517,23.2945,24.1249,24.9552
p41-plant-0004/004,brics-odroid-020_cam0,104,2,0,good|medium,2,23.7077,23.7077,38.4915,40.3394,42.1874
p41-plant-0004/004,brics-odroid-020_cam0,112,2,0,good|medium,2,26.6857,26.6857,44.7208,46.9752,49.2296
p41-plant-0004/004,brics-odroid-020_cam0,120,2,0,good|medium,2,20.1133,20.1133,29.5643,30.7456,31.927
p41-plant-0004/004,brics-odroid-020_cam0,128,2,0,medium|medium,2,29.3124,29.3124,40.1019,41.4506,42.7993
p41-plant-0004/004,brics-odroid-020_cam0,136,2,0,medium|medium,2,20.9282,20.9282,26.7135,27.4366,28.1598
p41-plant-0004/004,brics-odroid-020_cam0,144,2,0,medium|medium,2,20.4688,20.4688,27.0998,27.9286,28.7575
p41-plant-0004/004,brics-odroid-020_cam0,152,2,0,good|medium,2,22.4975,22.4975,33.7397,35.145,36.5503
p41-plant-0004/004,brics-odroid-020_cam0,16,2,0,medium|medium,2,30.2098,30.2098,44.0724,45.8053,47.5381
p41-plant-0004/004,brics-odroid-020_cam0,24,2,0,medium|medium,2,26.571,26.571,34.5639,35.563,36.5621
p41-plant-0004/004,brics-odroid-020_cam0,32,2,0,medium|medium,2,14.4867,14.4867,15.6318,15.775,15.9181
p41-plant-0004/004,brics-odroid-020_cam0,40,2,0,bad|good,2,48.2602,48.2602,78.9169,82.7489,86.581
p41-plant-0004/004,brics-odroid-020_cam0,48,2,0,good|medium,2,8.8631,8.8631,10.0326,10.1787,10.3249
p41-plant-0004/004,brics-odroid-020_cam0,56,2,0,good|good,2,8.0403,8.0403,8.4368,8.4863,8.5359
p41-plant-0004/004,brics-odroid-020_cam0,64,2,0,medium|medium,2,21.237,21.237,29.2557,30.2581,31.2604
p41-plant-0004/004,brics-odroid-020_cam0,72,2,0,medium|medium,2,26.231,26.231,37.0391,38.3901,39.7411
p41-plant-0004/004,brics-odroid-020_cam0,8,2,0,good|medium,2,14.6183,14.6183,19.6817,20.3147,20.9476
p41-plant-0004/004,brics-odroid-020_cam0,80,2,0,good|medium,2,12.094,12.094,14.4849,14.7837,15.0826
p41-plant-0004/004,brics-odroid-020_cam0,88,2,0,medium|medium,2,23.4432,23.4432,31.3196,32.3042,33.2887
p41-plant-0004/004,brics-odroid-020_cam0,96,2,0,medium|medium,2,21.3819,21.3819,28.5598,29.4571,30.3543
p41-plant-0004/004,brics-odroid-020_cam1,0,2,0,bad|good,2,46.0824,46.0824,75.2374,78.8818,82.5262
p41-plant-0004/004,brics-odroid-020_cam1,104,2,0,bad|medium,2,37.1257,37.1257,55.9098,58.2578,60.6058
p41-plant-0004/004,brics-odroid-020_cam1,112,2,0,bad|medium,2,47.6775,47.6775,74.7696,78.1561,81.5426
p41-plant-0004/004,brics-odroid-020_cam1,120,2,1,bad|zero_sentinel,1,74.7378,74.7378,74.7378,74.7378,74.7378
p41-plant-0004/004,brics-odroid-020_cam1,128,2,0,bad|medium,2,139.7882,139.7882,222.4493,232.782,243.1146
p41-plant-0004/004,brics-odroid-020_cam1,136,2,1,bad|zero_sentinel,1,67.3664,67.3664,67.3664,67.3664,67.3664
p41-plant-0004/004,brics-odroid-020_cam1,144,2,1,bad|zero_sentinel,1,64.7656,64.7656,64.7656,64.7656,64.7656
p41-plant-0004/004,brics-odroid-020_cam1,152,2,1,bad|zero_sentinel,1,241.5524,241.5524,241.5524,241.5524,241.5524
p41-plant-0004/004,brics-odroid-020_cam1,16,2,0,bad|medium,2,41.3538,41.3538,64.8272,67.7613,70.6955
p41-plant-0004/004,brics-odroid-020_cam1,24,2,1,bad|zero_sentinel,1,90.275,90.275,90.275,90.275,90.275
p41-plant-0004/004,brics-odroid-020_cam1,32,2,0,bad|medium,2,60.9992,60.9992,87.4386,90.7436,94.0485
p41-plant-0004/004,brics-odroid-020_cam1,40,2,0,good|medium,2,33.3601,33.3601,54.1802,56.7827,59.3852
p41-plant-0004/004,brics-odroid-020_cam1,48,2,0,bad|good,2,45.5238,45.5238,76.2544,80.0957,83.937
p41-plant-0004/004,brics-odroid-020_cam1,56,2,1,medium|zero_sentinel,1,39.1062,39.1062,39.1062,39.1062,39.1062
p41-plant-0004/004,brics-odroid-020_cam1,64,2,0,good|medium,2,32.2775,32.2775,54.0502,56.7718,59.4934
p41-plant-0004/004,brics-odroid-020_cam1,72,2,0,medium|medium,2,20.14,20.14,26.9031,27.7485,28.5939
p41-plant-0004/004,brics-odroid-020_cam1,8,2,0,bad|good,2,45.965,45.965,76.5484,80.3713,84.1942
p41-plant-0004/004,brics-odroid-020_cam1,80,2,0,good|medium,2,15.4267,15.4267,23.7878,24.833,25.8781
p41-plant-0004/004,brics-odroid-020_cam1,88,2,0,good|medium,2,19.3076,19.3076,28.7547,29.9356,31.1165
p41-plant-0004/004,brics-odroid-020_cam1,96,2,0,medium|medium,2,37.1946,37.1946,55.356,57.6262,59.8964
p41-plant-0004/004,brics-odroid-021_cam0,0,2,0,good|medium,2,10.2133,10.2133,11.4436,11.5974,11.7512
p41-plant-0004/004,brics-odroid-021_cam0,104,2,0,good|medium,2,10.1378,10.1378,12.459,12.7491,13.0393
p41-plant-0004/004,brics-odroid-021_cam0,112,2,0,good|medium,2,17.2329,17.2329,23.7198,24.5306,25.3415
p41-plant-0004/004,brics-odroid-021_cam0,120,2,0,good|good,2,7.2892,7.2892,8.9618,9.1708,9.3799
p41-plant-0004/004,brics-odroid-021_cam0,128,2,0,good|good,2,6.3215,6.3215,7.8848,8.0802,8.2756
p41-plant-0004/004,brics-odroid-021_cam0,136,2,0,good|good,2,5.705,5.705,6.3929,6.4789,6.5649
p41-plant-0004/004,brics-odroid-021_cam0,144,2,0,good|medium,2,12.2601,12.2601,18.0642,18.7897,19.5152
p41-plant-0004/004,brics-odroid-021_cam0,152,2,0,good|medium,2,14.8125,14.8125,22.7981,23.7963,24.7945
p41-plant-0004/004,brics-odroid-021_cam0,16,2,0,good|medium,2,8.7617,8.7617,11.8251,12.2081,12.591
p41-plant-0004/004,brics-odroid-021_cam0,24,2,0,good|medium,2,29.4076,29.4076,46.2895,48.3998,50.51
p41-plant-0004/004,brics-odroid-021_cam0,32,2,0,bad|good,2,48.8433,48.8433,81.7781,85.895,90.0118
p41-plant-0004/004,brics-odroid-021_cam0,40,2,0,medium|medium,2,33.3265,33.3265,49.0668,51.0344,53.0019
p41-plant-0004/004,brics-odroid-021_cam0,48,2,0,medium|medium,2,35.1874,35.1874,50.9607,52.9323,54.904
p41-plant-0004/004,brics-odroid-021_cam0,56,2,0,good|good,2,5.2972,5.2972,5.333,5.3375,5.342
p41-plant-0004/004,brics-odroid-021_cam0,64,2,0,good|good,2,4.9174,4.9174,5.2507,5.2923,5.334
p41-plant-0004/004,brics-odroid-021_cam0,72,2,0,good|good,2,4.961,4.961,5.6281,5.7115,5.7949
p41-plant-0004/004,brics-odroid-021_cam0,8,2,0,good|medium,2,9.5025,9.5025,11.3951,11.6317,11.8683
p41-plant-0004/004,brics-odroid-021_cam0,80,2,0,good|good,2,5.9153,5.9153,5.9846,5.9932,6.0019
p41-plant-0004/004,brics-odroid-021_cam0,88,2,0,good|good,2,5.1641,5.1641,6.4416,6.6013,6.761
p41-plant-0004/004,brics-odroid-021_cam0,96,2,0,good|good,2,5.2143,5.2143,6.2416,6.37,6.4984
p41-plant-0004/004,brics-odroid-021_cam1,0,2,0,good|good,2,7.9164,7.9164,7.9587,7.964,7.9693
p41-plant-0004/004,brics-odroid-021_cam1,104,2,0,good|medium,2,9.8058,9.8058,12.7288,13.0942,13.4596
p41-plant-0004/004,brics-odroid-021_cam1,112,2,0,good|medium,2,28.7374,28.7374,45.8149,47.9496,50.0843
p41-plant-0004/004,brics-odroid-021_cam1,120,2,0,good|good,2,6.0323,6.0323,6.7656,6.8572,6.9489
p41-plant-0004/004,brics-odroid-021_cam1,128,2,0,bad|good,2,40.8616,40.8616,68.4324,71.8787,75.3251
p41-plant-0004/004,brics-odroid-021_cam1,136,2,0,good|medium,2,8.0854,8.0854,10.5896,10.9027,11.2157
p41-plant-0004/004,brics-odroid-021_cam1,144,2,0,good|good,2,6.7416,6.7416,8.2737,8.4652,8.6567
p41-plant-0004/004,brics-odroid-021_cam1,152,2,0,good|medium,2,9.1357,9.1357,13.2963,13.8164,14.3365
p41-plant-0004/004,brics-odroid-021_cam1,16,2,0,good|good,2,5.2362,5.2362,5.9871,6.0809,6.1748
p41-plant-0004/004,brics-odroid-021_cam1,24,2,0,medium|medium,2,28.1487,28.1487,40.884,42.4759,44.0678
p41-plant-0004/004,brics-odroid-021_cam1,32,2,0,medium|medium,2,21.5233,21.5233,29.0995,30.0465,30.9935
p41-plant-0004/004,brics-odroid-021_cam1,40,2,0,good|medium,2,29.8692,29.8692,45.8993,47.903,49.9068
p41-plant-0004/004,brics-odroid-021_cam1,48,2,0,medium|medium,2,35.2913,35.2913,47.7519,49.3094,50.867
p41-plant-0004/004,brics-odroid-021_cam1,56,2,0,good|medium,2,8.8285,8.8285,12.5854,13.055,13.5246
p41-plant-0004/004,brics-odroid-021_cam1,64,2,0,good|good,2,6.1353,6.1353,6.4591,6.4995,6.54
p41-plant-0004/004,brics-odroid-021_cam1,72,2,0,good|good,2,5.5971,5.5971,6.08,6.1403,6.2007
p41-plant-0004/004,brics-odroid-021_cam1,8,2,0,good|good,2,8.4669,8.4669,9.3593,9.4708,9.5824
p41-plant-0004/004,brics-odroid-021_cam1,80,2,0,good|good,2,7.1528,7.1528,7.3987,7.4295,7.4602
p41-plant-0004/004,brics-odroid-021_cam1,88,2,0,good|good,2,6.2673,6.2673,7.8855,8.0878,8.2901
p41-plant-0004/004,brics-odroid-021_cam1,96,2,0,good|medium,2,8.8486,8.8486,11.469,11.7965,12.1241
p41-plant-0004/004,brics-odroid-022_cam0,0,2,2,zero_sentinel|zero_sentinel,,,,,,
p41-plant-0004/004,brics-odroid-022_cam0,104,2,2,zero_sentinel|zero_sentinel,,,,,,
p41-plant-0004/004,brics-odroid-022_cam0,112,2,2,zero_sentinel|zero_sentinel,,,,,,
p41-plant-0004/004,brics-odroid-022_cam0,120,2,2,zero_sentinel|zero_sentinel,,,,,,
p41-plant-0004/004,brics-odroid-022_cam0,128,2,2,zero_sentinel|zero_sentinel,,,,,,
p41-plant-0004/004,brics-odroid-022_cam0,136,2,2,zero_sentinel|zero_sentinel,,,,,,
p41-plant-0004/004,brics-odroid-022_cam0,144,2,2,zero_sentinel|zero_sentinel,,,,,,
p41-plant-0004/004,brics-odroid-022_cam0,152,2,2,zero_sentinel|zero_sentinel,,,,,,
p41-plant-0004/004,brics-odroid-022_cam0,16,2,0,bad|good,2,40.8358,40.8358,69.1605,72.7011,76.2417
p41-plant-0004/004,brics-odroid-022_cam0,24,2,0,bad|medium,2,46.1803,46.1803,68.3674,71.1408,73.9142
p41-plant-0004/004,brics-odroid-022_cam0,32,2,0,bad|medium,2,62.4936,62.4936,75.1187,76.6969,78.275
p41-plant-0004/004,brics-odroid-022_cam0,40,2,0,medium|medium,2,31.043,31.043,44.2332,45.882,47.5308
p41-plant-0004/004,brics-odroid-022_cam0,48,2,2,zero_sentinel|zero_sentinel,,,,,,
p41-plant-0004/004,brics-odroid-022_cam0,56,2,0,bad|medium,2,56.9663,56.9663,94.3446,99.0169,103.6892
p41-plant-0004/004,brics-odroid-022_cam0,64,2,0,good|medium,2,9.4256,9.4256,10.6081,10.7559,10.9037
p41-plant-0004/004,brics-odroid-022_cam0,72,2,0,good|medium,2,13.8886,13.8886,17.1335,17.5391,17.9447
p41-plant-0004/004,brics-odroid-022_cam0,8,2,2,zero_sentinel|zero_sentinel,,,,,,
p41-plant-0004/004,brics-odroid-022_cam0,80,2,1,bad|zero_sentinel,1,122.2092,122.2092,122.2092,122.2092,122.2092
p41-plant-0004/004,brics-odroid-022_cam0,88,2,0,bad|good,2,50.273,50.273,85.0109,89.3531,93.6953
p41-plant-0004/004,brics-odroid-022_cam0,96,2,2,zero_sentinel|zero_sentinel,,,,,,
p41-plant-0004/004,brics-odroid-022_cam1,0,2,0,good|good,2,4.3869,4.3869,4.7606,4.8073,4.854
p41-plant-0004/004,brics-odroid-022_cam1,104,2,0,good|good,2,3.9165,3.9165,4.4104,4.4722,4.5339
p41-plant-0004/004,brics-odroid-022_cam1,112,2,2,zero_sentinel|zero_sentinel,,,,,,
p41-plant-0004/004,brics-odroid-022_cam1,120,2,0,good|good,2,4.0778,4.0778,4.3066,4.3352,4.3638
p41-plant-0004/004,brics-odroid-022_cam1,128,2,0,good|good,2,4.1356,4.1356,4.464,4.505,4.5461
p41-plant-0004/004,brics-odroid-022_cam1,136,2,0,good|good,2,4.5968,4.5968,4.7527,4.7722,4.7917
p41-plant-0004/004,brics-odroid-022_cam1,144,2,0,good|good,2,4.2858,4.2858,4.7554,4.8141,4.8728
p41-plant-0004/004,brics-odroid-022_cam1,152,2,0,good|good,2,3.6435,3.6435,3.9537,3.9924,4.0312
p41-plant-0004/004,brics-odroid-022_cam1,16,2,0,good|good,2,5.478,5.478,5.517,5.5219,5.5268
p41-plant-0004/004,brics-odroid-022_cam1,24,2,0,good|good,2,6.3827,6.3827,6.8916,6.9552,7.0188
p41-plant-0004/004,brics-odroid-022_cam1,32,2,0,good|good,2,5.2326,5.2326,5.2816,5.2878,5.2939
p41-plant-0004/004,brics-odroid-022_cam1,40,2,0,good|good,2,6.4635,6.4635,6.5535,6.5647,6.576
p41-plant-0004/004,brics-odroid-022_cam1,48,2,2,zero_sentinel|zero_sentinel,,,,,,
p41-plant-0004/004,brics-odroid-022_cam1,56,2,0,good|good,2,4.6968,4.6968,5.5552,5.6625,5.7698
p41-plant-0004/004,brics-odroid-022_cam1,64,2,0,good|good,2,4.0034,4.0034,4.1547,4.1736,4.1925
p41-plant-0004/004,brics-odroid-022_cam1,72,2,0,good|good,2,5.2266,5.2266,5.736,5.7996,5.8633
p41-plant-0004/004,brics-odroid-022_cam1,8,2,0,good|good,2,5.6855,5.6855,6.394,6.4825,6.5711
p41-plant-0004/004,brics-odroid-022_cam1,80,2,0,good|good,2,4.5399,4.5399,4.5883,4.5944,4.6004
p41-plant-0004/004,brics-odroid-022_cam1,88,2,0,good|good,2,6.4682,6.4682,7.796,7.962,8.128
p41-plant-0004/004,brics-odroid-022_cam1,96,2,2,zero_sentinel|zero_sentinel,,,,,,
p41-plant-0004/004,brics-odroid-023_cam0,0,2,0,good|good,2,7.9524,7.9524,9.4301,9.6149,9.7996
p41-plant-0004/004,brics-odroid-023_cam0,104,2,0,good|medium,2,9.5779,9.5779,10.865,11.0258,11.1867
p41-plant-0004/004,brics-odroid-023_cam0,112,2,0,good|medium,2,10.5812,10.5812,11.482,11.5946,11.7072
p41-plant-0004/004,brics-odroid-023_cam0,120,2,0,good|medium,2,10.4419,10.4419,11.6126,11.759,11.9053
p41-plant-0004/004,brics-odroid-023_cam0,128,2,0,good|medium,2,8.0419,8.0419,9.7338,9.9452,10.1567
p41-plant-0004/004,brics-odroid-023_cam0,136,2,0,good|good,2,9.0345,9.0345,9.1216,9.1324,9.1433
p41-plant-0004/004,brics-odroid-023_cam0,144,2,0,good|good,2,8.6002,8.6002,9.128,9.194,9.26
p41-plant-0004/004,brics-odroid-023_cam0,152,2,0,good|good,2,8.6677,8.6677,9.5055,9.6103,9.715
p41-plant-0004/004,brics-odroid-023_cam0,16,2,0,good|medium,2,9.3756,9.3756,11.2066,11.4355,11.6644
p41-plant-0004/004,brics-odroid-023_cam0,24,2,0,good|medium,2,8.6704,8.6704,12.2573,12.7056,13.154
p41-plant-0004/004,brics-odroid-023_cam0,32,2,0,good|good,2,8.1382,8.1382,9.5441,9.7198,9.8955
p41-plant-0004/004,brics-odroid-023_cam0,40,2,0,good|medium,2,8.5995,8.5995,11.2589,11.5914,11.9238
p41-plant-0004/004,brics-odroid-023_cam0,48,2,0,good|medium,2,13.2351,13.2351,17.0738,17.5537,18.0335
p41-plant-0004/004,brics-odroid-023_cam0,56,2,0,good|medium,2,8.0285,8.0285,10.2547,10.5329,10.8112
p41-plant-0004/004,brics-odroid-023_cam0,64,2,0,good|medium,2,9.2952,9.2952,9.9867,10.0732,10.1596
p41-plant-0004/004,brics-odroid-023_cam0,72,2,0,good|good,2,8.1263,8.1263,8.7073,8.78,8.8526
p41-plant-0004/004,brics-odroid-023_cam0,8,2,0,good|good,2,7.2942,7.2942,8.9346,9.1396,9.3447
p41-plant-0004/004,brics-odroid-023_cam0,80,2,0,good|good,2,6.942,6.942,7.2454,7.2834,7.3213
p41-plant-0004/004,brics-odroid-023_cam0,88,2,0,good|good,2,8.0258,8.0258,9.5102,9.6957,9.8813
p41-plant-0004/004,brics-odroid-023_cam0,96,2,0,good|medium,2,8.795,8.795,10.4727,10.6824,10.8921
p41-plant-0004/004,brics-odroid-024_cam0,0,2,0,good|good,2,7.547,7.547,9.5,9.7442,9.9883
p41-plant-0004/004,brics-odroid-024_cam0,104,2,0,good|good,2,4.9034,4.9034,5.2276,5.2681,5.3086
p41-plant-0004/004,brics-odroid-024_cam0,112,2,0,good|medium,2,7.3284,7.3284,10.1618,10.516,10.8702
p41-plant-0004/004,brics-odroid-024_cam0,120,2,0,good|good,2,7.2771,7.2771,8.7857,8.9743,9.1629
p41-plant-0004/004,brics-odroid-024_cam0,128,2,0,good|medium,2,8.6813,8.6813,11.0271,11.3204,11.6136
p41-plant-0004/004,brics-odroid-024_cam0,136,2,0,good|medium,2,10.6999,10.6999,13.6078,13.9713,14.3348
p41-plant-0004/004,brics-odroid-024_cam0,144,2,0,good|medium,2,8.3185,8.3185,10.113,10.3373,10.5616
p41-plant-0004/004,brics-odroid-024_cam0,152,2,0,good|good,2,7.2399,7.2399,8.9416,9.1543,9.367
p41-plant-0004/004,brics-odroid-024_cam0,16,2,0,good|medium,2,9.7086,9.7086,11.7733,12.0314,12.2895
p41-plant-0004/004,brics-odroid-024_cam0,24,2,0,good|good,2,6.2464,6.2464,7.1152,7.2238,7.3324
p41-plant-0004/004,brics-odroid-024_cam0,32,2,0,good|good,2,6.8789,6.8789,7.2398,7.2849,7.33
p41-plant-0004/004,brics-odroid-024_cam0,40,2,0,good|medium,2,9.2226,9.2226,11.9675,12.3106,12.6537
p41-plant-0004/004,brics-odroid-024_cam0,48,2,0,good|good,2,8.4498,8.4498,8.7473,8.7845,8.8217
p41-plant-0004/004,brics-odroid-024_cam0,56,2,0,good|good,2,6.8369,6.8369,7.1336,7.1707,7.2078
p41-plant-0004/004,brics-odroid-024_cam0,64,2,0,good|good,2,6.3947,6.3947,7.1147,7.2047,7.2947
p41-plant-0004/004,brics-odroid-024_cam0,72,2,0,good|good,2,9.2302,9.2302,9.4,9.4213,9.4425
p41-plant-0004/004,brics-odroid-024_cam0,8,2,0,good|good,2,7.1611,7.1611,7.4277,7.461,7.4943
p41-plant-0004/004,brics-odroid-024_cam0,80,2,0,medium|medium,2,10.4157,10.4157,10.7055,10.7417,10.7779
p41-plant-0004/004,brics-odroid-024_cam0,88,2,0,good|good,2,7.5135,7.5135,8.2671,8.3613,8.4555
p41-plant-0004/004,brics-odroid-024_cam0,96,2,0,good|good,2,7.5175,7.5175,7.6973,7.7198,7.7423
p41-plant-0004/004,brics-odroid-024_cam1,0,2,0,good|good,2,7.7569,7.7569,7.9839,8.0123,8.0407
p41-plant-0004/004,brics-odroid-024_cam1,104,2,0,good|good,2,5.0798,5.0798,6.0964,6.2235,6.3506
p41-plant-0004/004,brics-odroid-024_cam1,112,2,0,good|good,2,3.9379,3.9379,4.7568,4.8591,4.9615
p41-plant-0004/004,brics-odroid-024_cam1,120,2,0,good|good,2,5.1368,5.1368,6.9008,7.1213,7.3418
p41-plant-0004/004,brics-odroid-024_cam1,128,2,0,good|good,2,6.1364,6.1364,7.6068,7.7906,7.9744
p41-plant-0004/004,brics-odroid-024_cam1,136,2,0,good|good,2,5.2843,5.2843,5.9277,6.0082,6.0886
p41-plant-0004/004,brics-odroid-024_cam1,144,2,0,good|good,2,5.2983,5.2983,5.9311,6.0102,6.0893
p41-plant-0004/004,brics-odroid-024_cam1,152,2,0,good|good,2,4.6492,4.6492,5.6447,5.7692,5.8936
p41-plant-0004/004,brics-odroid-024_cam1,16,2,0,good|good,2,6.2963,6.2963,8.8562,9.1762,9.4962
p41-plant-0004/004,brics-odroid-024_cam1,24,2,0,good|good,2,5.9303,5.9303,6.9131,7.036,7.1588
p41-plant-0004/004,brics-odroid-024_cam1,32,2,0,good|good,2,5.8871,5.8871,7.3913,7.5793,7.7673
p41-plant-0004/004,brics-odroid-024_cam1,40,2,0,good|good,2,3.9096,3.9096,4.288,4.3353,4.3826
p41-plant-0004/004,brics-odroid-024_cam1,48,2,0,good|good,2,7.2479,7.2479,8.9065,9.1139,9.3212
p41-plant-0004/004,brics-odroid-024_cam1,56,2,0,good|medium,2,9.1883,9.1883,10.3278,10.4703,10.6127
p41-plant-0004/004,brics-odroid-024_cam1,64,2,0,good|good,2,6.5661,6.5661,6.8607,6.8975,6.9343
p41-plant-0004/004,brics-odroid-024_cam1,72,2,0,good|medium,2,7.9021,7.9021,9.7409,9.9707,10.2006
p41-plant-0004/004,brics-odroid-024_cam1,8,2,0,good|good,2,7.0008,7.0008,8.4079,8.5838,8.7597
p41-plant-0004/004,brics-odroid-024_cam1,80,2,0,good|medium,2,9.2304,9.2304,9.8577,9.9361,10.0145
p41-plant-0004/004,brics-odroid-024_cam1,88,2,0,good|good,2,5.4327,5.4327,5.5908,5.6105,5.6303
p41-plant-0004/004,brics-odroid-024_cam1,96,2,0,good|medium,2,8.6253,8.6253,10.8243,11.0991,11.374
p41-plant-0004/004,brics-odroid-025_cam0,0,2,0,good|medium,2,12.397,12.397,15.875,16.3097,16.7445
p41-plant-0004/004,brics-odroid-025_cam0,104,2,0,good|medium,2,9.8015,9.8015,10.027,10.0552,10.0834
p41-plant-0004/004,brics-odroid-025_cam0,112,2,0,good|medium,2,9.7219,9.7219,11.1149,11.289,11.4631
p41-plant-0004/004,brics-odroid-025_cam0,120,2,0,medium|medium,2,10.9509,10.9509,11.5831,11.6622,11.7412
p41-plant-0004/004,brics-odroid-025_cam0,128,2,0,good|medium,2,12.6875,12.6875,15.1733,15.484,15.7947
p41-plant-0004/004,brics-odroid-025_cam0,136,2,0,medium|medium,2,13.2754,13.2754,14.8388,15.0343,15.2297
p41-plant-0004/004,brics-odroid-025_cam0,144,2,0,medium|medium,2,11.7693,11.7693,12.9433,13.0901,13.2368
p41-plant-0004/004,brics-odroid-025_cam0,152,2,0,medium|medium,2,12.9407,12.9407,14.6649,14.8805,15.096
p41-plant-0004/004,brics-odroid-025_cam0,16,2,0,medium|medium,2,14.1411,14.1411,16.8981,17.2427,17.5873
p41-plant-0004/004,brics-odroid-025_cam0,24,2,0,good|medium,2,12.0243,12.0243,15.3664,15.7841,16.2019
p41-plant-0004/004,brics-odroid-025_cam0,32,2,0,medium|medium,2,14.7477,14.7477,15.7836,15.9131,16.0426
p41-plant-0004/004,brics-odroid-025_cam0,40,2,0,medium|medium,2,14.5416,14.5416,15.3307,15.4294,15.528
p41-plant-0004/004,brics-odroid-025_cam0,48,2,0,good|medium,2,14.5343,14.5343,18.8978,19.4433,19.9887
p41-plant-0004/004,brics-odroid-025_cam0,56,2,0,good|medium,2,9.5391,9.5391,13.0345,13.4714,13.9083
p41-plant-0004/004,brics-odroid-025_cam0,64,2,0,good|medium,2,10.303,10.303,12.5638,12.8464,13.129
p41-plant-0004/004,brics-odroid-025_cam0,72,2,0,good|good,2,8.2039,8.2039,9.3941,9.5429,9.6917
p41-plant-0004/004,brics-odroid-025_cam0,8,2,0,good|medium,2,12.7559,12.7559,15.9889,16.393,16.7971
p41-plant-0004/004,brics-odroid-025_cam0,80,2,0,good|good,2,8.219,8.219,9.3046,9.4403,9.576
p41-plant-0004/004,brics-odroid-025_cam0,88,2,0,good|medium,2,12.0065,12.0065,16.2959,16.8321,17.3683
p41-plant-0004/004,brics-odroid-025_cam0,96,2,0,good|good,2,9.2577,9.2577,9.6345,9.6816,9.7287
p41-plant-0004/004,brics-odroid-025_cam1,0,2,0,good|good,2,8.5161,8.5161,9.6,9.7354,9.8709
p41-plant-0004/004,brics-odroid-025_cam1,104,2,0,good|good,2,5.4331,5.4331,6.7709,6.9381,7.1053
p41-plant-0004/004,brics-odroid-025_cam1,112,2,0,good|good,2,6.6173,6.6173,8.8415,9.1196,9.3976
p41-plant-0004/004,brics-odroid-025_cam1,120,2,0,good|good,2,4.9739,4.9739,6.1888,6.3406,6.4925
p41-plant-0004/004,brics-odroid-025_cam1,128,2,0,good|good,2,6.6601,6.6601,7.538,7.6478,7.7575
p41-plant-0004/004,brics-odroid-025_cam1,136,2,0,good|good,2,5.6531,5.6531,7.4525,7.6775,7.9024
p41-plant-0004/004,brics-odroid-025_cam1,144,2,0,good|good,2,6.3469,6.3469,8.7717,9.0748,9.3779
p41-plant-0004/004,brics-odroid-025_cam1,152,2,0,good|good,2,6.3497,6.3497,8.6291,8.914,9.1989
p41-plant-0004/004,brics-odroid-025_cam1,16,2,0,good|good,2,8.2558,8.2558,8.4512,8.4756,8.5
p41-plant-0004/004,brics-odroid-025_cam1,24,2,0,good|good,2,7.4225,7.4225,8.9541,9.1456,9.337
p41-plant-0004/004,brics-odroid-025_cam1,32,2,0,good|good,2,8.3799,8.3799,8.8426,8.9005,8.9583
p41-plant-0004/004,brics-odroid-025_cam1,40,2,0,good|good,2,8.0406,8.0406,8.9388,9.051,9.1633
p41-plant-0004/004,brics-odroid-025_cam1,48,2,0,medium|medium,2,10.525,10.525,10.842,10.8816,10.9212
p41-plant-0004/004,brics-odroid-025_cam1,56,2,0,good|good,2,8.2387,8.2387,9.1082,9.2169,9.3256
p41-plant-0004/004,brics-odroid-025_cam1,64,2,0,good|medium,2,7.3523,7.3523,9.6295,9.9142,10.1988
p41-plant-0004/004,brics-odroid-025_cam1,72,2,0,good|medium,2,8.7771,8.7771,10.5203,10.7382,10.9561
p41-plant-0004/004,brics-odroid-025_cam1,8,2,0,good|good,2,8.7954,8.7954,9.0995,9.1375,9.1755
p41-plant-0004/004,brics-odroid-025_cam1,80,2,0,good|medium,2,8.8855,8.8855,9.7952,9.9089,10.0226
p41-plant-0004/004,brics-odroid-025_cam1,88,2,0,good|medium,2,10.5497,10.5497,12.0311,12.2163,12.4015
p41-plant-0004/004,brics-odroid-025_cam1,96,2,0,good|medium,2,8.8425,8.8425,11.2661,11.5691,11.872
p41-plant-0004/004,brics-odroid-026_cam0,0,2,2,zero_sentinel|zero_sentinel,,,,,,
p41-plant-0004/004,brics-odroid-026_cam0,104,2,2,zero_sentinel|zero_sentinel,,,,,,
p41-plant-0004/004,brics-odroid-026_cam0,112,2,2,zero_sentinel|zero_sentinel,,,,,,
p41-plant-0004/004,brics-odroid-026_cam0,120,2,2,zero_sentinel|zero_sentinel,,,,,,
p41-plant-0004/004,brics-odroid-026_cam0,128,2,2,zero_sentinel|zero_sentinel,,,,,,
p41-plant-0004/004,brics-odroid-026_cam0,136,2,2,zero_sentinel|zero_sentinel,,,,,,
p41-plant-0004/004,brics-odroid-026_cam0,144,2,2,zero_sentinel|zero_sentinel,,,,,,
p41-plant-0004/004,brics-odroid-026_cam0,152,2,2,zero_sentinel|zero_sentinel,,,,,,
p41-plant-0004/004,brics-odroid-026_cam0,16,2,2,zero_sentinel|zero_sentinel,,,,,,
p41-plant-0004/004,brics-odroid-026_cam0,24,2,2,zero_sentinel|zero_sentinel,,,,,,
p41-plant-0004/004,brics-odroid-026_cam0,32,2,2,zero_sentinel|zero_sentinel,,,,,,
p41-plant-0004/004,brics-odroid-026_cam0,40,2,2,zero_sentinel|zero_sentinel,,,,,,
p41-plant-0004/004,brics-odroid-026_cam0,48,2,2,zero_sentinel|zero_sentinel,,,,,,
p41-plant-0004/004,brics-odroid-026_cam0,56,2,2,zero_sentinel|zero_sentinel,,,,,,
p41-plant-0004/004,brics-odroid-026_cam0,64,2,2,zero_sentinel|zero_sentinel,,,,,,
p41-plant-0004/004,brics-odroid-026_cam0,72,2,2,zero_sentinel|zero_sentinel,,,,,,
p41-plant-0004/004,brics-odroid-026_cam0,8,2,2,zero_sentinel|zero_sentinel,,,,,,
p41-plant-0004/004,brics-odroid-026_cam0,80,2,2,zero_sentinel|zero_sentinel,,,,,,
p41-plant-0004/004,brics-odroid-026_cam0,88,2,2,zero_sentinel|zero_sentinel,,,,,,
p41-plant-0004/004,brics-odroid-026_cam0,96,2,2,zero_sentinel|zero_sentinel,,,,,,
p41-plant-0004/004,brics-odroid-026_cam1,0,2,2,zero_sentinel|zero_sentinel,,,,,,
p41-plant-0004/004,brics-odroid-026_cam1,104,2,2,zero_sentinel|zero_sentinel,,,,,,
p41-plant-0004/004,brics-odroid-026_cam1,112,2,2,zero_sentinel|zero_sentinel,,,,,,
p41-plant-0004/004,brics-odroid-026_cam1,120,2,2,zero_sentinel|zero_sentinel,,,,,,
p41-plant-0004/004,brics-odroid-026_cam1,128,2,2,zero_sentinel|zero_sentinel,,,,,,
p41-plant-0004/004,brics-odroid-026_cam1,136,2,2,zero_sentinel|zero_sentinel,,,,,,
p41-plant-0004/004,brics-odroid-026_cam1,144,2,2,zero_sentinel|zero_sentinel,,,,,,
p41-plant-0004/004,brics-odroid-026_cam1,152,2,2,zero_sentinel|zero_sentinel,,,,,,
p41-plant-0004/004,brics-odroid-026_cam1,16,2,2,zero_sentinel|zero_sentinel,,,,,,
p41-plant-0004/004,brics-odroid-026_cam1,24,2,2,zero_sentinel|zero_sentinel,,,,,,
p41-plant-0004/004,brics-odroid-026_cam1,32,2,2,zero_sentinel|zero_sentinel,,,,,,
p41-plant-0004/004,brics-odroid-026_cam1,40,2,2,zero_sentinel|zero_sentinel,,,,,,
p41-plant-0004/004,brics-odroid-026_cam1,48,2,2,zero_sentinel|zero_sentinel,,,,,,
p41-plant-0004/004,brics-odroid-026_cam1,56,2,2,zero_sentinel|zero_sentinel,,,,,,
p41-plant-0004/004,brics-odroid-026_cam1,64,2,2,zero_sentinel|zero_sentinel,,,,,,
p41-plant-0004/004,brics-odroid-026_cam1,72,2,2,zero_sentinel|zero_sentinel,,,,,,
p41-plant-0004/004,brics-odroid-026_cam1,8,2,2,zero_sentinel|zero_sentinel,,,,,,
p41-plant-0004/004,brics-odroid-026_cam1,80,2,2,zero_sentinel|zero_sentinel,,,,,,
p41-plant-0004/004,brics-odroid-026_cam1,88,2,2,zero_sentinel|zero_sentinel,,,,,,
p41-plant-0004/004,brics-odroid-026_cam1,96,2,2,zero_sentinel|zero_sentinel,,,,,,
p41-plant-0004/004,brics-odroid-027_cam0,0,2,2,zero_sentinel|zero_sentinel,,,,,,
p41-plant-0004/004,brics-odroid-027_cam0,104,2,2,zero_sentinel|zero_sentinel,,,,,,
p41-plant-0004/004,brics-odroid-027_cam0,112,2,2,zero_sentinel|zero_sentinel,,,,,,
p41-plant-0004/004,brics-odroid-027_cam0,120,2,2,zero_sentinel|zero_sentinel,,,,,,
p41-plant-0004/004,brics-odroid-027_cam0,128,2,2,zero_sentinel|zero_sentinel,,,,,,
p41-plant-0004/004,brics-odroid-027_cam0,136,2,2,zero_sentinel|zero_sentinel,,,,,,
p41-plant-0004/004,brics-odroid-027_cam0,144,2,2,zero_sentinel|zero_sentinel,,,,,,
p41-plant-0004/004,brics-odroid-027_cam0,152,2,2,zero_sentinel|zero_sentinel,,,,,,
p41-plant-0004/004,brics-odroid-027_cam0,16,2,2,zero_sentinel|zero_sentinel,,,,,,
p41-plant-0004/004,brics-odroid-027_cam0,24,2,2,zero_sentinel|zero_sentinel,,,,,,
p41-plant-0004/004,brics-odroid-027_cam0,32,2,2,zero_sentinel|zero_sentinel,,,,,,
p41-plant-0004/004,brics-odroid-027_cam0,40,2,2,zero_sentinel|zero_sentinel,,,,,,
p41-plant-0004/004,brics-odroid-027_cam0,48,2,2,zero_sentinel|zero_sentinel,,,,,,
p41-plant-0004/004,brics-odroid-027_cam0,56,2,2,zero_sentinel|zero_sentinel,,,,,,
p41-plant-0004/004,brics-odroid-027_cam0,64,2,2,zero_sentinel|zero_sentinel,,,,,,
p41-plant-0004/004,brics-odroid-027_cam0,72,2,2,zero_sentinel|zero_sentinel,,,,,,
p41-plant-0004/004,brics-odroid-027_cam0,8,2,2,zero_sentinel|zero_sentinel,,,,,,
p41-plant-0004/004,brics-odroid-027_cam0,80,2,2,zero_sentinel|zero_sentinel,,,,,,
p41-plant-0004/004,brics-odroid-027_cam0,88,2,2,zero_sentinel|zero_sentinel,,,,,,
p41-plant-0004/004,brics-odroid-027_cam0,96,2,2,zero_sentinel|zero_sentinel,,,,,,
p41-plant-0004/004,brics-odroid-027_cam1,0,2,2,zero_sentinel|zero_sentinel,,,,,,
p41-plant-0004/004,brics-odroid-027_cam1,104,2,2,zero_sentinel|zero_sentinel,,,,,,
p41-plant-0004/004,brics-odroid-027_cam1,112,2,2,zero_sentinel|zero_sentinel,,,,,,
p41-plant-0004/004,brics-odroid-027_cam1,120,2,2,zero_sentinel|zero_sentinel,,,,,,
p41-plant-0004/004,brics-odroid-027_cam1,128,2,2,zero_sentinel|zero_sentinel,,,,,,
p41-plant-0004/004,brics-odroid-027_cam1,136,2,2,zero_sentinel|zero_sentinel,,,,,,
p41-plant-0004/004,brics-odroid-027_cam1,144,2,2,zero_sentinel|zero_sentinel,,,,,,
p41-plant-0004/004,brics-odroid-027_cam1,152,2,2,zero_sentinel|zero_sentinel,,,,,,
p41-plant-0004/004,brics-odroid-027_cam1,16,2,2,zero_sentinel|zero_sentinel,,,,,,
p41-plant-0004/004,brics-odroid-027_cam1,24,2,2,zero_sentinel|zero_sentinel,,,,,,
p41-plant-0004/004,brics-odroid-027_cam1,32,2,2,zero_sentinel|zero_sentinel,,,,,,
p41-plant-0004/004,brics-odroid-027_cam1,40,2,2,zero_sentinel|zero_sentinel,,,,,,
p41-plant-0004/004,brics-odroid-027_cam1,48,2,2,zero_sentinel|zero_sentinel,,,,,,
p41-plant-0004/004,brics-odroid-027_cam1,56,2,2,zero_sentinel|zero_sentinel,,,,,,
p41-plant-0004/004,brics-odroid-027_cam1,64,2,2,zero_sentinel|zero_sentinel,,,,,,
p41-plant-0004/004,brics-odroid-027_cam1,72,2,2,zero_sentinel|zero_sentinel,,,,,,
p41-plant-0004/004,brics-odroid-027_cam1,8,2,2,zero_sentinel|zero_sentinel,,,,,,
p41-plant-0004/004,brics-odroid-027_cam1,80,2,2,zero_sentinel|zero_sentinel,,,,,,
p41-plant-0004/004,brics-odroid-027_cam1,88,2,2,zero_sentinel|zero_sentinel,,,,,,
p41-plant-0004/004,brics-odroid-027_cam1,96,2,2,zero_sentinel|zero_sentinel,,,,,,
p41-plant-0004/004,brics-odroid-028_cam0,0,2,2,zero_sentinel|zero_sentinel,,,,,,
p41-plant-0004/004,brics-odroid-028_cam0,104,2,2,zero_sentinel|zero_sentinel,,,,,,
p41-plant-0004/004,brics-odroid-028_cam0,112,2,2,zero_sentinel|zero_sentinel,,,,,,
p41-plant-0004/004,brics-odroid-028_cam0,120,2,2,zero_sentinel|zero_sentinel,,,,,,
p41-plant-0004/004,brics-odroid-028_cam0,128,2,2,zero_sentinel|zero_sentinel,,,,,,
p41-plant-0004/004,brics-odroid-028_cam0,136,2,2,zero_sentinel|zero_sentinel,,,,,,
p41-plant-0004/004,brics-odroid-028_cam0,144,2,2,zero_sentinel|zero_sentinel,,,,,,
p41-plant-0004/004,brics-odroid-028_cam0,152,2,2,zero_sentinel|zero_sentinel,,,,,,
p41-plant-0004/004,brics-odroid-028_cam0,16,2,2,zero_sentinel|zero_sentinel,,,,,,
p41-plant-0004/004,brics-odroid-028_cam0,24,2,2,zero_sentinel|zero_sentinel,,,,,,
p41-plant-0004/004,brics-odroid-028_cam0,32,2,2,zero_sentinel|zero_sentinel,,,,,,
p41-plant-0004/004,brics-odroid-028_cam0,40,2,2,zero_sentinel|zero_sentinel,,,,,,
p41-plant-0004/004,brics-odroid-028_cam0,48,2,2,zero_sentinel|zero_sentinel,,,,,,
p41-plant-0004/004,brics-odroid-028_cam0,56,2,2,zero_sentinel|zero_sentinel,,,,,,
p41-plant-0004/004,brics-odroid-028_cam0,64,2,2,zero_sentinel|zero_sentinel,,,,,,
p41-plant-0004/004,brics-odroid-028_cam0,72,2,2,zero_sentinel|zero_sentinel,,,,,,
p41-plant-0004/004,brics-odroid-028_cam0,8,2,2,zero_sentinel|zero_sentinel,,,,,,
p41-plant-0004/004,brics-odroid-028_cam0,80,2,2,zero_sentinel|zero_sentinel,,,,,,
p41-plant-0004/004,brics-odroid-028_cam0,88,2,2,zero_sentinel|zero_sentinel,,,,,,
p41-plant-0004/004,brics-odroid-028_cam0,96,2,2,zero_sentinel|zero_sentinel,,,,,,
p41-plant-0004/004,brics-odroid-029_cam0,0,2,2,zero_sentinel|zero_sentinel,,,,,,
p41-plant-0004/004,brics-odroid-029_cam0,104,2,2,zero_sentinel|zero_sentinel,,,,,,
p41-plant-0004/004,brics-odroid-029_cam0,112,2,2,zero_sentinel|zero_sentinel,,,,,,
p41-plant-0004/004,brics-odroid-029_cam0,120,2,2,zero_sentinel|zero_sentinel,,,,,,
p41-plant-0004/004,brics-odroid-029_cam0,128,2,2,zero_sentinel|zero_sentinel,,,,,,
p41-plant-0004/004,brics-odroid-029_cam0,136,2,2,zero_sentinel|zero_sentinel,,,,,,
p41-plant-0004/004,brics-odroid-029_cam0,144,2,2,zero_sentinel|zero_sentinel,,,,,,
p41-plant-0004/004,brics-odroid-029_cam0,152,2,2,zero_sentinel|zero_sentinel,,,,,,
p41-plant-0004/004,brics-odroid-029_cam0,16,2,2,zero_sentinel|zero_sentinel,,,,,,
p41-plant-0004/004,brics-odroid-029_cam0,24,2,2,zero_sentinel|zero_sentinel,,,,,,
p41-plant-0004/004,brics-odroid-029_cam0,32,2,2,zero_sentinel|zero_sentinel,,,,,,
p41-plant-0004/004,brics-odroid-029_cam0,40,2,2,zero_sentinel|zero_sentinel,,,,,,
p41-plant-0004/004,brics-odroid-029_cam0,48,2,2,zero_sentinel|zero_sentinel,,,,,,
p41-plant-0004/004,brics-odroid-029_cam0,56,2,2,zero_sentinel|zero_sentinel,,,,,,
p41-plant-0004/004,brics-odroid-029_cam0,64,2,2,zero_sentinel|zero_sentinel,,,,,,
p41-plant-0004/004,brics-odroid-029_cam0,72,2,2,zero_sentinel|zero_sentinel,,,,,,
p41-plant-0004/004,brics-odroid-029_cam0,8,2,2,zero_sentinel|zero_sentinel,,,,,,
p41-plant-0004/004,brics-odroid-029_cam0,80,2,2,zero_sentinel|zero_sentinel,,,,,,
p41-plant-0004/004,brics-odroid-029_cam0,88,2,2,zero_sentinel|zero_sentinel,,,,,,
p41-plant-0004/004,brics-odroid-029_cam0,96,2,2,zero_sentinel|zero_sentinel,,,,,,
p41-plant-0004/004,brics-odroid-029_cam1,0,2,2,zero_sentinel|zero_sentinel,,,,,,
p41-plant-0004/004,brics-odroid-029_cam1,104,2,2,zero_sentinel|zero_sentinel,,,,,,
p41-plant-0004/004,brics-odroid-029_cam1,112,2,2,zero_sentinel|zero_sentinel,,,,,,
p41-plant-0004/004,brics-odroid-029_cam1,120,2,2,zero_sentinel|zero_sentinel,,,,,,
p41-plant-0004/004,brics-odroid-029_cam1,128,2,2,zero_sentinel|zero_sentinel,,,,,,
p41-plant-0004/004,brics-odroid-029_cam1,136,2,1,bad|zero_sentinel,1,108.2046,108.2046,108.2046,108.2046,108.2046
p41-plant-0004/004,brics-odroid-029_cam1,144,2,1,bad|zero_sentinel,1,115.9308,115.9308,115.9308,115.9308,115.9308
p41-plant-0004/004,brics-odroid-029_cam1,152,2,1,bad|zero_sentinel,1,103.3503,103.3503,103.3503,103.3503,103.3503
p41-plant-0004/004,brics-odroid-029_cam1,16,2,2,zero_sentinel|zero_sentinel,,,,,,
p41-plant-0004/004,brics-odroid-029_cam1,24,2,2,zero_sentinel|zero_sentinel,,,,,,
p41-plant-0004/004,brics-odroid-029_cam1,32,2,2,zero_sentinel|zero_sentinel,,,,,,
p41-plant-0004/004,brics-odroid-029_cam1,40,2,2,zero_sentinel|zero_sentinel,,,,,,
p41-plant-0004/004,brics-odroid-029_cam1,48,2,2,zero_sentinel|zero_sentinel,,,,,,
p41-plant-0004/004,brics-odroid-029_cam1,56,2,1,bad|zero_sentinel,1,110.5448,110.5448,110.5448,110.5448,110.5448
p41-plant-0004/004,brics-odroid-029_cam1,64,2,2,zero_sentinel|zero_sentinel,,,,,,
p41-plant-0004/004,brics-odroid-029_cam1,72,2,1,bad|zero_sentinel,1,119.4931,119.4931,119.4931,119.4931,119.4931
p41-plant-0004/004,brics-odroid-029_cam1,8,2,2,zero_sentinel|zero_sentinel,,,,,,
p41-plant-0004/004,brics-odroid-029_cam1,80,2,2,zero_sentinel|zero_sentinel,,,,,,
p41-plant-0004/004,brics-odroid-029_cam1,88,2,1,bad|zero_sentinel,1,113.173,113.173,113.173,113.173,113.173
p41-plant-0004/004,brics-odroid-029_cam1,96,2,2,zero_sentinel|zero_sentinel,,,,,,
p41-plant-0004/004,brics-odroid-030_cam0,0,2,2,zero_sentinel|zero_sentinel,,,,,,
p41-plant-0004/004,brics-odroid-030_cam0,104,2,2,zero_sentinel|zero_sentinel,,,,,,
p41-plant-0004/004,brics-odroid-030_cam0,112,2,2,zero_sentinel|zero_sentinel,,,,,,
p41-plant-0004/004,brics-odroid-030_cam0,120,2,2,zero_sentinel|zero_sentinel,,,,,,
p41-plant-0004/004,brics-odroid-030_cam0,128,2,2,zero_sentinel|zero_sentinel,,,,,,
p41-plant-0004/004,brics-odroid-030_cam0,136,2,2,zero_sentinel|zero_sentinel,,,,,,
p41-plant-0004/004,brics-odroid-030_cam0,144,2,2,zero_sentinel|zero_sentinel,,,,,,
p41-plant-0004/004,brics-odroid-030_cam0,152,2,2,zero_sentinel|zero_sentinel,,,,,,
p41-plant-0004/004,brics-odroid-030_cam0,16,2,2,zero_sentinel|zero_sentinel,,,,,,
p41-plant-0004/004,brics-odroid-030_cam0,24,2,2,zero_sentinel|zero_sentinel,,,,,,
p41-plant-0004/004,brics-odroid-030_cam0,32,2,2,zero_sentinel|zero_sentinel,,,,,,
p41-plant-0004/004,brics-odroid-030_cam0,40,2,2,zero_sentinel|zero_sentinel,,,,,,
p41-plant-0004/004,brics-odroid-030_cam0,48,2,2,zero_sentinel|zero_sentinel,,,,,,
p41-plant-0004/004,brics-odroid-030_cam0,56,2,2,zero_sentinel|zero_sentinel,,,,,,
p41-plant-0004/004,brics-odroid-030_cam0,64,2,2,zero_sentinel|zero_sentinel,,,,,,
p41-plant-0004/004,brics-odroid-030_cam0,72,2,2,zero_sentinel|zero_sentinel,,,,,,
p41-plant-0004/004,brics-odroid-030_cam0,8,2,2,zero_sentinel|zero_sentinel,,,,,,
p41-plant-0004/004,brics-odroid-030_cam0,80,2,2,zero_sentinel|zero_sentinel,,,,,,
p41-plant-0004/004,brics-odroid-030_cam0,88,2,2,zero_sentinel|zero_sentinel,,,,,,
p41-plant-0004/004,brics-odroid-030_cam0,96,2,2,zero_sentinel|zero_sentinel,,,,,,
p41-plant-0004/004,brics-odroid-030_cam1,0,2,2,zero_sentinel|zero_sentinel,,,,,,
p41-plant-0004/004,brics-odroid-030_cam1,104,2,2,zero_sentinel|zero_sentinel,,,,,,
p41-plant-0004/004,brics-odroid-030_cam1,112,2,2,zero_sentinel|zero_sentinel,,,,,,
p41-plant-0004/004,brics-odroid-030_cam1,120,2,2,zero_sentinel|zero_sentinel,,,,,,
p41-plant-0004/004,brics-odroid-030_cam1,128,2,2,zero_sentinel|zero_sentinel,,,,,,
p41-plant-0004/004,brics-odroid-030_cam1,136,2,2,zero_sentinel|zero_sentinel,,,,,,
p41-plant-0004/004,brics-odroid-030_cam1,144,2,2,zero_sentinel|zero_sentinel,,,,,,
p41-plant-0004/004,brics-odroid-030_cam1,152,2,2,zero_sentinel|zero_sentinel,,,,,,
p41-plant-0004/004,brics-odroid-030_cam1,16,2,2,zero_sentinel|zero_sentinel,,,,,,
p41-plant-0004/004,brics-odroid-030_cam1,24,2,2,zero_sentinel|zero_sentinel,,,,,,
p41-plant-0004/004,brics-odroid-030_cam1,32,2,2,zero_sentinel|zero_sentinel,,,,,,
p41-plant-0004/004,brics-odroid-030_cam1,40,2,2,zero_sentinel|zero_sentinel,,,,,,
p41-plant-0004/004,brics-odroid-030_cam1,48,2,1,bad|zero_sentinel,1,238.9915,238.9915,238.9915,238.9915,238.9915
p41-plant-0004/004,brics-odroid-030_cam1,56,2,2,zero_sentinel|zero_sentinel,,,,,,
p41-plant-0004/004,brics-odroid-030_cam1,64,2,2,zero_sentinel|zero_sentinel,,,,,,
p41-plant-0004/004,brics-odroid-030_cam1,72,2,2,zero_sentinel|zero_sentinel,,,,,,
p41-plant-0004/004,brics-odroid-030_cam1,8,2,2,zero_sentinel|zero_sentinel,,,,,,
p41-plant-0004/004,brics-odroid-030_cam1,80,2,2,zero_sentinel|zero_sentinel,,,,,,
p41-plant-0004/004,brics-odroid-030_cam1,88,2,2,zero_sentinel|zero_sentinel,,,,,,
p41-plant-0004/004,brics-odroid-030_cam1,96,2,2,zero_sentinel|zero_sentinel,,,,,,
p44-dog-0004/004,brics-odroid-001_cam0,0,2,2,zero_sentinel|zero_sentinel,,,,,,
p44-dog-0004/004,brics-odroid-001_cam0,112,2,2,zero_sentinel|zero_sentinel,,,,,,
p44-dog-0004/004,brics-odroid-001_cam0,128,2,2,zero_sentinel|zero_sentinel,,,,,,
p44-dog-0004/004,brics-odroid-001_cam0,144,2,0,medium|medium,2,42.2878,42.2878,49.4515,50.347,51.2425
p44-dog-0004/004,brics-odroid-001_cam0,16,2,2,zero_sentinel|zero_sentinel,,,,,,
p44-dog-0004/004,brics-odroid-001_cam0,160,2,0,medium|medium,2,33.581,33.581,36.1928,36.5193,36.8458
p44-dog-0004/004,brics-odroid-001_cam0,176,2,0,medium|medium,2,33.31,33.31,34.3689,34.5012,34.6336
p44-dog-0004/004,brics-odroid-001_cam0,192,2,0,medium|medium,2,25.4378,25.4378,31.1924,31.9117,32.631
p44-dog-0004/004,brics-odroid-001_cam0,208,2,0,medium|medium,2,30.8173,30.8173,35.5487,36.1402,36.7316
p44-dog-0004/004,brics-odroid-001_cam0,224,2,2,zero_sentinel|zero_sentinel,,,,,,
p44-dog-0004/004,brics-odroid-001_cam0,240,2,2,zero_sentinel|zero_sentinel,,,,,,
p44-dog-0004/004,brics-odroid-001_cam0,256,2,2,zero_sentinel|zero_sentinel,,,,,,
p44-dog-0004/004,brics-odroid-001_cam0,272,2,2,zero_sentinel|zero_sentinel,,,,,,
p44-dog-0004/004,brics-odroid-001_cam0,288,2,2,zero_sentinel|zero_sentinel,,,,,,
p44-dog-0004/004,brics-odroid-001_cam0,304,2,2,zero_sentinel|zero_sentinel,,,,,,
p44-dog-0004/004,brics-odroid-001_cam0,32,2,2,zero_sentinel|zero_sentinel,,,,,,
p44-dog-0004/004,brics-odroid-001_cam0,48,2,2,zero_sentinel|zero_sentinel,,,,,,
p44-dog-0004/004,brics-odroid-001_cam0,64,2,2,zero_sentinel|zero_sentinel,,,,,,
p44-dog-0004/004,brics-odroid-001_cam0,80,2,2,zero_sentinel|zero_sentinel,,,,,,
p44-dog-0004/004,brics-odroid-001_cam0,96,2,2,zero_sentinel|zero_sentinel,,,,,,
p44-dog-0004/004,brics-odroid-001_cam1,0,2,2,zero_sentinel|zero_sentinel,,,,,,
p44-dog-0004/004,brics-odroid-001_cam1,112,2,2,zero_sentinel|zero_sentinel,,,,,,
p44-dog-0004/004,brics-odroid-001_cam1,128,2,1,good|zero_sentinel,1,9.9927,9.9927,9.9927,9.9927,9.9927
p44-dog-0004/004,brics-odroid-001_cam1,144,2,2,zero_sentinel|zero_sentinel,,,,,,
p44-dog-0004/004,brics-odroid-001_cam1,16,2,1,medium|zero_sentinel,1,10.0714,10.0714,10.0714,10.0714,10.0714
p44-dog-0004/004,brics-odroid-001_cam1,160,2,2,zero_sentinel|zero_sentinel,,,,,,
p44-dog-0004/004,brics-odroid-001_cam1,176,2,2,zero_sentinel|zero_sentinel,,,,,,
p44-dog-0004/004,brics-odroid-001_cam1,192,2,2,zero_sentinel|zero_sentinel,,,,,,
p44-dog-0004/004,brics-odroid-001_cam1,208,2,2,zero_sentinel|zero_sentinel,,,,,,
p44-dog-0004/004,brics-odroid-001_cam1,224,2,1,medium|zero_sentinel,1,11.9563,11.9563,11.9563,11.9563,11.9563
p44-dog-0004/004,brics-odroid-001_cam1,240,2,2,zero_sentinel|zero_sentinel,,,,,,
p44-dog-0004/004,brics-odroid-001_cam1,256,2,2,zero_sentinel|zero_sentinel,,,,,,
p44-dog-0004/004,brics-odroid-001_cam1,272,2,2,zero_sentinel|zero_sentinel,,,,,,
p44-dog-0004/004,brics-odroid-001_cam1,288,2,2,zero_sentinel|zero_sentinel,,,,,,
p44-dog-0004/004,brics-odroid-001_cam1,304,2,2,zero_sentinel|zero_sentinel,,,,,,
p44-dog-0004/004,brics-odroid-001_cam1,32,2,1,medium|zero_sentinel,1,10.1566,10.1566,10.1566,10.1566,10.1566
p44-dog-0004/004,brics-odroid-001_cam1,48,2,1,good|zero_sentinel,1,7.3627,7.3627,7.3627,7.3627,7.3627
p44-dog-0004/004,brics-odroid-001_cam1,64,2,1,medium|zero_sentinel,1,13.4222,13.4222,13.4222,13.4222,13.4222
p44-dog-0004/004,brics-odroid-001_cam1,80,2,1,good|zero_sentinel,1,7.0678,7.0678,7.0678,7.0678,7.0678
p44-dog-0004/004,brics-odroid-001_cam1,96,2,1,good|zero_sentinel,1,9.3902,9.3902,9.3902,9.3902,9.3902
p44-dog-0004/004,brics-odroid-002_cam0,0,2,0,medium|medium,2,14.5541,14.5541,15.6695,15.8089,15.9483
p44-dog-0004/004,brics-odroid-002_cam0,112,2,0,good|medium,2,7.7726,7.7726,10.452,10.7869,11.1218
p44-dog-0004/004,brics-odroid-002_cam0,128,2,0,good|medium,2,7.9463,7.9463,11.7533,12.2291,12.705
p44-dog-0004/004,brics-odroid-002_cam0,144,2,2,zero_sentinel|zero_sentinel,,,,,,
p44-dog-0004/004,brics-odroid-002_cam0,16,2,2,zero_sentinel|zero_sentinel,,,,,,
p44-dog-0004/004,brics-odroid-002_cam0,160,2,0,medium|medium,2,21.4482,21.4482,25.5245,26.0341,26.5436
p44-dog-0004/004,brics-odroid-002_cam0,176,2,0,medium|medium,2,22.3783,22.3783,28.9198,29.7375,30.5552
p44-dog-0004/004,brics-odroid-002_cam0,192,2,2,zero_sentinel|zero_sentinel,,,,,,
p44-dog-0004/004,brics-odroid-002_cam0,208,2,2,zero_sentinel|zero_sentinel,,,,,,
p44-dog-0004/004,brics-odroid-002_cam0,224,2,0,good|medium,2,10.9283,10.9283,12.6714,12.8893,13.1072
p44-dog-0004/004,brics-odroid-002_cam0,240,2,2,zero_sentinel|zero_sentinel,,,,,,
p44-dog-0004/004,brics-odroid-002_cam0,256,2,2,zero_sentinel|zero_sentinel,,,,,,
p44-dog-0004/004,brics-odroid-002_cam0,272,2,2,zero_sentinel|zero_sentinel,,,,,,
p44-dog-0004/004,brics-odroid-002_cam0,288,2,2,zero_sentinel|zero_sentinel,,,,,,
p44-dog-0004/004,brics-odroid-002_cam0,304,2,2,zero_sentinel|zero_sentinel,,,,,,
p44-dog-0004/004,brics-odroid-002_cam0,32,2,0,good|good,2,8.3221,8.3221,9.4048,9.5402,9.6755
p44-dog-0004/004,brics-odroid-002_cam0,48,2,0,good|good,2,5.5304,5.5304,5.6918,5.712,5.7322
p44-dog-0004/004,brics-odroid-002_cam0,64,2,0,good|good,2,6.6869,6.6869,7.1223,7.1767,7.2311
p44-dog-0004/004,brics-odroid-002_cam0,80,2,0,good|good,2,5.9741,5.9741,6.8423,6.9508,7.0593
p44-dog-0004/004,brics-odroid-002_cam0,96,2,0,good|good,2,6.2527,6.2527,6.3329,6.3429,6.3529
p44-dog-0004/004,brics-odroid-006_cam0,0,2,0,good|good,2,6.3173,6.3173,6.3755,6.3827,6.39
p44-dog-0004/004,brics-odroid-006_cam0,112,2,0,good|good,2,6.5693,6.5693,7.2053,7.2848,7.3643
p44-dog-0004/004,brics-odroid-006_cam0,128,2,0,good|good,2,8.375,8.375,8.9268,8.9958,9.0648
p44-dog-0004/004,brics-odroid-006_cam0,144,2,0,good|medium,2,19.5264,19.5264,28.3949,29.5034,30.612
p44-dog-0004/004,brics-odroid-006_cam0,16,2,0,good|good,2,8.6335,8.6335,9.2039,9.2752,9.3465
p44-dog-0004/004,brics-odroid-006_cam0,160,2,0,good|medium,2,14.6752,14.6752,22.2265,23.1705,24.1144
p44-dog-0004/004,brics-odroid-006_cam0,176,2,0,good|medium,2,13.2524,13.2524,17.4832,18.012,18.5409
p44-dog-0004/004,brics-odroid-006_cam0,192,2,0,good|medium,2,10.9598,10.9598,13.502,13.8198,14.1376
p44-dog-0004/004,brics-odroid-006_cam0,208,2,0,good|medium,2,17.7971,17.7971,24.9526,25.8471,26.7415
p44-dog-0004/004,brics-odroid-006_cam0,224,2,0,good|good,2,8.188,8.188,8.6748,8.7356,8.7965
p44-dog-0004/004,brics-odroid-006_cam0,240,2,0,good|good,2,7.0417,7.0417,7.2475,7.2733,7.299
p44-dog-0004/004,brics-odroid-006_cam0,256,2,0,good|good,2,7.1903,7.1903,7.5497,7.5946,7.6395
p44-dog-0004/004,brics-odroid-006_cam0,272,2,0,good|good,2,7.6648,7.6648,8.9446,9.1045,9.2645
p44-dog-0004/004,brics-odroid-006_cam0,288,2,0,good|medium,2,7.9032,7.9032,10.155,10.4365,10.718
p44-dog-0004/004,brics-odroid-006_cam0,304,2,0,good|good,2,6.5189,6.5189,7.1074,7.1809,7.2545
p44-dog-0004/004,brics-odroid-006_cam0,32,2,0,good|good,2,8.9779,8.9779,9.1764,9.2012,9.226
p44-dog-0004/004,brics-odroid-006_cam0,48,2,0,good|good,2,6.9388,6.9388,8.8631,9.1037,9.3442
p44-dog-0004/004,brics-odroid-006_cam0,64,2,0,good|good,2,6.7697,6.7697,7.4078,7.4875,7.5673
p44-dog-0004/004,brics-odroid-006_cam0,80,2,0,good|good,2,7.8683,7.8683,7.9836,7.998,8.0124
p44-dog-0004/004,brics-odroid-006_cam0,96,2,0,good|good,2,7.6751,7.6751,7.9006,7.9288,7.957
p44-dog-0004/004,brics-odroid-007_cam0,0,2,1,good|zero_sentinel,1,2.1791,2.1791,2.1791,2.1791,2.1791
p44-dog-0004/004,brics-odroid-007_cam0,112,2,1,good|zero_sentinel,1,2.8107,2.8107,2.8107,2.8107,2.8107
p44-dog-0004/004,brics-odroid-007_cam0,128,2,0,bad|good,2,58.825,58.825,102.7859,108.281,113.7761
p44-dog-0004/004,brics-odroid-007_cam0,144,2,0,good|medium,2,15.4388,15.4388,25.0174,26.2147,27.412
p44-dog-0004/004,brics-odroid-007_cam0,16,2,1,good|zero_sentinel,1,2.8944,2.8944,2.8944,2.8944,2.8944
p44-dog-0004/004,brics-odroid-007_cam0,160,2,0,good|medium,2,10.8135,10.8135,16.6442,17.3731,18.1019
p44-dog-0004/004,brics-odroid-007_cam0,176,2,0,good|medium,2,14.5432,14.5432,24.203,25.4104,26.6179
p44-dog-0004/004,brics-odroid-007_cam0,192,2,0,good|medium,2,14.8921,14.8921,23.6376,24.7308,25.824
p44-dog-0004/004,brics-odroid-007_cam0,208,2,0,good|medium,2,18.586,18.586,29.9001,31.3143,32.7286
p44-dog-0004/004,brics-odroid-007_cam0,224,2,1,good|zero_sentinel,1,3.7642,3.7642,3.7642,3.7642,3.7642
p44-dog-0004/004,brics-odroid-007_cam0,240,2,0,good|medium,2,20.2649,20.2649,33.0436,34.641,36.2383
p44-dog-0004/004,brics-odroid-007_cam0,256,2,0,good|medium,2,20.2179,20.2179,33.1188,34.7314,36.344
p44-dog-0004/004,brics-odroid-007_cam0,272,2,0,good|medium,2,18.226,18.226,30.2981,31.8071,33.3161
p44-dog-0004/004,brics-odroid-007_cam0,288,2,1,good|zero_sentinel,1,3.1689,3.1689,3.1689,3.1689,3.1689
p44-dog-0004/004,brics-odroid-007_cam0,304,2,0,good|medium,2,23.3917,23.3917,38.5538,40.449,42.3443
p44-dog-0004/004,brics-odroid-007_cam0,32,2,1,good|zero_sentinel,1,3.7762,3.7762,3.7762,3.7762,3.7762
p44-dog-0004/004,brics-odroid-007_cam0,48,2,1,good|zero_sentinel,1,3.4938,3.4938,3.4938,3.4938,3.4938
p44-dog-0004/004,brics-odroid-007_cam0,64,2,1,good|zero_sentinel,1,3.3572,3.3572,3.3572,3.3572,3.3572
p44-dog-0004/004,brics-odroid-007_cam0,80,2,1,good|zero_sentinel,1,2.8666,2.8666,2.8666,2.8666,2.8666
p44-dog-0004/004,brics-odroid-007_cam0,96,2,1,good|zero_sentinel,1,3.5341,3.5341,3.5341,3.5341,3.5341
p44-dog-0004/004,brics-odroid-007_cam1,0,2,1,good|zero_sentinel,1,3.7102,3.7102,3.7102,3.7102,3.7102
p44-dog-0004/004,brics-odroid-007_cam1,112,2,0,good|medium,2,27.7299,27.7299,45.7805,48.0369,50.2932
p44-dog-0004/004,brics-odroid-007_cam1,128,2,0,good|medium,2,11.6272,11.6272,15.6074,16.1049,16.6024
p44-dog-0004/004,brics-odroid-007_cam1,144,2,0,good|medium,2,24.3195,24.3195,37.5713,39.2278,40.8843
p44-dog-0004/004,brics-odroid-007_cam1,16,2,1,good|zero_sentinel,1,6.2644,6.2644,6.2644,6.2644,6.2644
p44-dog-0004/004,brics-odroid-007_cam1,160,2,0,good|medium,2,20.5979,20.5979,31.3993,32.7494,34.0996
p44-dog-0004/004,brics-odroid-007_cam1,176,2,0,good|medium,2,24.8291,24.8291,38.7821,40.5263,42.2704
p44-dog-0004/004,brics-odroid-007_cam1,192,2,0,good|medium,2,24.4019,24.4019,40.3469,42.3401,44.3332
p44-dog-0004/004,brics-odroid-007_cam1,208,2,1,good|zero_sentinel,1,4.9306,4.9306,4.9306,4.9306,4.9306
p44-dog-0004/004,brics-odroid-007_cam1,224,2,0,good|medium,2,12.3812,12.3812,16.6252,17.1557,17.6862
p44-dog-0004/004,brics-odroid-007_cam1,240,2,0,good|good,2,6.4295,6.4295,6.7472,6.7869,6.8266
p44-dog-0004/004,brics-odroid-007_cam1,256,2,0,good|good,2,6.2785,6.2785,7.0876,7.1888,7.2899
p44-dog-0004/004,brics-odroid-007_cam1,272,2,0,good|good,2,6.3283,6.3283,7.0854,7.1801,7.2747
p44-dog-0004/004,brics-odroid-007_cam1,288,2,0,good|good,2,5.7482,5.7482,6.4019,6.4836,6.5653
p44-dog-0004/004,brics-odroid-007_cam1,304,2,0,good|good,2,5.4777,5.4777,7.1539,7.3634,7.5729
p44-dog-0004/004,brics-odroid-007_cam1,32,2,1,good|zero_sentinel,1,6.8358,6.8358,6.8358,6.8358,6.8358
p44-dog-0004/004,brics-odroid-007_cam1,48,2,0,bad|good,2,35.7017,35.7017,60.2688,63.3397,66.4106
p44-dog-0004/004,brics-odroid-007_cam1,64,2,0,bad|good,2,53.7862,53.7862,92.462,97.2964,102.1309
p44-dog-0004/004,brics-odroid-007_cam1,80,2,0,good|medium,2,28.4607,28.4607,46.9767,49.2912,51.6057
p44-dog-0004/004,brics-odroid-007_cam1,96,2,0,bad|good,2,41.6629,41.6629,70.0031,73.5456,77.0881
p44-dog-0004/004,brics-odroid-008_cam0,0,2,2,zero_sentinel|zero_sentinel,,,,,,
p44-dog-0004/004,brics-odroid-008_cam0,112,2,2,zero_sentinel|zero_sentinel,,,,,,
p44-dog-0004/004,brics-odroid-008_cam0,128,2,2,zero_sentinel|zero_sentinel,,,,,,
p44-dog-0004/004,brics-odroid-008_cam0,144,2,2,zero_sentinel|zero_sentinel,,,,,,
p44-dog-0004/004,brics-odroid-008_cam0,16,2,2,zero_sentinel|zero_sentinel,,,,,,
p44-dog-0004/004,brics-odroid-008_cam0,160,2,2,zero_sentinel|zero_sentinel,,,,,,
p44-dog-0004/004,brics-odroid-008_cam0,176,2,2,zero_sentinel|zero_sentinel,,,,,,
p44-dog-0004/004,brics-odroid-008_cam0,192,2,2,zero_sentinel|zero_sentinel,,,,,,
p44-dog-0004/004,brics-odroid-008_cam0,208,2,2,zero_sentinel|zero_sentinel,,,,,,
p44-dog-0004/004,brics-odroid-008_cam0,224,2,2,zero_sentinel|zero_sentinel,,,,,,
p44-dog-0004/004,brics-odroid-008_cam0,240,2,0,good|medium,2,15.0849,15.0849,20.3231,20.9778,21.6326
p44-dog-0004/004,brics-odroid-008_cam0,256,2,0,medium|medium,2,25.6372,25.6372,36.8178,38.2154,39.613
p44-dog-0004/004,brics-odroid-008_cam0,272,2,0,bad|medium,2,36.9116,36.9116,58.2042,60.8657,63.5273
p44-dog-0004/004,brics-odroid-008_cam0,288,2,0,bad|medium,2,41.9992,41.9992,66.5794,69.6519,72.7244
p44-dog-0004/004,brics-odroid-008_cam0,304,2,2,zero_sentinel|zero_sentinel,,,,,,
p44-dog-0004/004,brics-odroid-008_cam0,32,2,2,zero_sentinel|zero_sentinel,,,,,,
p44-dog-0004/004,brics-odroid-008_cam0,48,2,2,zero_sentinel|zero_sentinel,,,,,,
p44-dog-0004/004,brics-odroid-008_cam0,64,2,2,zero_sentinel|zero_sentinel,,,,,,
p44-dog-0004/004,brics-odroid-008_cam0,80,2,2,zero_sentinel|zero_sentinel,,,,,,
p44-dog-0004/004,brics-odroid-008_cam0,96,2,2,zero_sentinel|zero_sentinel,,,,,,
p44-dog-0004/004,brics-odroid-009_cam1,0,2,1,good|zero_sentinel,1,3.6069,3.6069,3.6069,3.6069,3.6069
p44-dog-0004/004,brics-odroid-009_cam1,112,2,0,bad|good,2,47.037,47.037,81.425,85.7235,90.022
p44-dog-0004/004,brics-odroid-009_cam1,128,2,0,bad|good,2,63.6888,63.6888,112.341,118.4225,124.504
p44-dog-0004/004,brics-odroid-009_cam1,144,2,1,good|zero_sentinel,1,3.0775,3.0775,3.0775,3.0775,3.0775
p44-dog-0004/004,brics-odroid-009_cam1,16,2,0,bad|good,2,48.8616,48.8616,86.0502,90.6987,95.3473
p44-dog-0004/004,brics-odroid-009_cam1,160,2,0,bad|good,2,58.559,58.559,101.9626,107.3881,112.8135
p44-dog-0004/004,brics-odroid-009_cam1,176,2,0,good|medium,2,24.7564,24.7564,42.2014,44.382,46.5626
p44-dog-0004/004,brics-odroid-009_cam1,192,2,0,bad|good,2,45.5125,45.5125,78.3864,82.4957,86.6049
p44-dog-0004/004,brics-odroid-009_cam1,208,2,0,good|medium,2,28.8407,28.8407,48.484,50.9394,53.3948
p44-dog-0004/004,brics-odroid-009_cam1,224,2,0,bad|good,2,61.4903,61.4903,106.9122,112.59,118.2677
p44-dog-0004/004,brics-odroid-009_cam1,240,2,0,good|medium,2,30.7447,30.7447,52.8254,55.5855,58.3456
p44-dog-0004/004,brics-odroid-009_cam1,256,2,0,good|medium,2,28.6235,28.6235,49.3143,51.9006,54.487
p44-dog-0004/004,brics-odroid-009_cam1,272,2,0,good|medium,2,30.7292,30.7292,53.0168,55.8027,58.5887
p44-dog-0004/004,brics-odroid-009_cam1,288,2,0,good|medium,2,27.5673,27.5673,47.2722,49.7353,52.1984
p44-dog-0004/004,brics-odroid-009_cam1,304,2,1,good|zero_sentinel,1,2.268,2.268,2.268,2.268,2.268
p44-dog-0004/004,brics-odroid-009_cam1,32,2,0,bad|good,2,46.951,46.951,82.9504,87.4504,91.9503
p44-dog-0004/004,brics-odroid-009_cam1,48,2,0,bad|good,2,47.6619,47.6619,83.6162,88.1105,92.6048
p44-dog-0004/004,brics-odroid-009_cam1,64,2,0,bad|good,2,46.2117,46.2117,80.472,84.7546,89.0371
p44-dog-0004/004,brics-odroid-009_cam1,80,2,0,bad|good,2,40.9361,40.9361,70.3438,74.0197,77.6957
p44-dog-0004/004,brics-odroid-009_cam1,96,2,0,bad|good,2,40.3278,40.3278,69.1579,72.7616,76.3654
p44-dog-0004/004,brics-odroid-010_cam0,0,2,0,bad|good,2,69.7843,69.7843,119.5893,125.8149,132.0405
p44-dog-0004/004,brics-odroid-010_cam0,112,2,0,bad|good,2,50.8869,50.8869,85.0943,89.3703,93.6462
p44-dog-0004/004,brics-odroid-010_cam0,128,2,0,bad|good,2,75.1076,75.1076,131.3021,138.3264,145.3507
p44-dog-0004/004,brics-odroid-010_cam0,144,2,0,bad|good,2,49.49,49.49,84.159,88.4926,92.8262
p44-dog-0004/004,brics-odroid-010_cam0,16,2,0,bad|good,2,62.7917,62.7917,107.8885,113.5256,119.1627
p44-dog-0004/004,brics-odroid-010_cam0,160,2,0,bad|good,2,55.6778,55.6778,93.7743,98.5364,103.2985
p44-dog-0004/004,brics-odroid-010_cam0,176,2,0,bad|good,2,65.5309,65.5309,112.731,118.6311,124.5311
p44-dog-0004/004,brics-odroid-010_cam0,192,2,0,bad|good,2,65.2665,65.2665,111.7674,117.58,123.3926
p44-dog-0004/004,brics-odroid-010_cam0,208,2,0,bad|good,2,34.0581,34.0581,57.2195,60.1147,63.0099
p44-dog-0004/004,brics-odroid-010_cam0,224,2,0,bad|good,2,47.4225,47.4225,80.3672,84.4853,88.6034
p44-dog-0004/004,brics-odroid-010_cam0,240,2,0,bad|good,2,46.6873,46.6873,76.7425,80.4994,84.2563
p44-dog-0004/004,brics-odroid-010_cam0,256,2,0,medium|medium,2,32.0057,32.0057,49.2819,51.4414,53.6009
p44-dog-0004/004,brics-odroid-010_cam0,272,2,0,good|medium,2,33.4366,33.4366,53.2365,55.7115,58.1865
p44-dog-0004/004,brics-odroid-010_cam0,288,2,0,good|medium,2,30.6309,30.6309,49.0783,51.3842,53.6901
p44-dog-0004/004,brics-odroid-010_cam0,304,2,0,medium|medium,2,35.1264,35.1264,53.6388,55.9529,58.2669
p44-dog-0004/004,brics-odroid-010_cam0,32,2,0,bad|good,2,62.1684,62.1684,106.9995,112.6034,118.2073
p44-dog-0004/004,brics-odroid-010_cam0,48,2,0,bad|good,2,60.455,60.455,102.5373,107.7976,113.0579
p44-dog-0004/004,brics-odroid-010_cam0,64,2,0,bad|good,2,57.4352,57.4352,96.979,101.9219,106.8649
p44-dog-0004/004,brics-odroid-010_cam0,80,2,0,bad|good,2,50.9012,50.9012,86.9586,91.4658,95.973
p44-dog-0004/004,brics-odroid-010_cam0,96,2,0,bad|good,2,53.9449,53.9449,91.5626,96.2648,100.967
p44-dog-0004/004,brics-odroid-010_cam1,0,2,0,bad|medium,2,140.4428,140.4428,225.0377,235.612,246.1864
p44-dog-0004/004,brics-odroid-010_cam1,112,2,0,bad|medium,2,62.8831,62.8831,72.6648,73.8875,75.1102
p44-dog-0004/004,brics-odroid-010_cam1,128,2,0,bad|medium,2,145.6312,145.6312,222.7106,232.3455,241.9804
p44-dog-0004/004,brics-odroid-010_cam1,144,2,0,bad|medium,2,79.823,79.823,114.9555,119.347,123.7386
p44-dog-0004/004,brics-odroid-010_cam1,16,2,0,bad|medium,2,152.7925,152.7925,240.0892,251.0013,261.9134
p44-dog-0004/004,brics-odroid-010_cam1,160,2,0,bad|medium,2,80.5935,80.5935,114.5421,118.7856,123.0292
p44-dog-0004/004,brics-odroid-010_cam1,176,2,0,bad|medium,2,67.97,67.97,93.9194,97.163,100.4067
p44-dog-0004/004,brics-odroid-010_cam1,192,2,0,bad|medium,2,61.9227,61.9227,75.9902,77.7487,79.5071
p44-dog-0004/004,brics-odroid-010_cam1,208,2,0,bad|medium,2,61.7167,61.7167,77.0152,78.9275,80.8398
p44-dog-0004/004,brics-odroid-010_cam1,224,2,0,bad|medium,2,132.2317,132.2317,197.3851,205.5293,213.6735
p44-dog-0004/004,brics-odroid-010_cam1,240,2,0,bad|medium,2,56.8728,56.8728,59.6685,60.0179,60.3674
p44-dog-0004/004,brics-odroid-010_cam1,256,2,0,bad|medium,2,54.4222,54.4222,60.9352,61.7493,62.5634
p44-dog-0004/004,brics-odroid-010_cam1,272,2,0,bad|medium,2,55.3352,55.3352,59.2683,59.76,60.2516
p44-dog-0004/004,brics-odroid-010_cam1,288,2,0,medium|medium,2,50.1064,50.1064,50.488,50.5357,50.5834
p44-dog-0004/004,brics-odroid-010_cam1,304,2,0,medium|medium,2,54.0303,54.0303,54.2264,54.2509,54.2754
p44-dog-0004/004,brics-odroid-010_cam1,32,2,0,bad|medium,2,149.7792,149.7792,233.3738,243.8231,254.2724
p44-dog-0004/004,brics-odroid-010_cam1,48,2,0,bad|medium,2,52.0814,52.0814,63.0441,64.4145,65.7848
p44-dog-0004/004,brics-odroid-010_cam1,64,2,0,bad|medium,2,70.7995,70.7995,89.8889,92.275,94.6612
p44-dog-0004/004,brics-odroid-010_cam1,80,2,0,bad|medium,2,59.9488,59.9488,70.7921,72.1475,73.5029
p44-dog-0004/004,brics-odroid-010_cam1,96,2,0,bad|medium,2,55.8561,55.8561,64.0843,65.1128,66.1413
p44-dog-0004/004,brics-odroid-011_cam0,0,2,0,bad|good,2,48.1443,48.1443,83.5969,88.0285,92.4601
p44-dog-0004/004,brics-odroid-011_cam0,112,2,0,bad|good,2,39.5769,39.5769,68.6386,72.2714,75.9041
p44-dog-0004/004,brics-odroid-011_cam0,128,2,0,good|medium,2,14.8275,14.8275,24.2231,25.3975,26.572
p44-dog-0004/004,brics-odroid-011_cam0,144,2,0,good|good,2,5.1712,5.1712,5.9817,6.083,6.1843
p44-dog-0004/004,brics-odroid-011_cam0,16,2,0,bad|good,2,53.5888,53.5888,93.2056,98.1577,103.1098
p44-dog-0004/004,brics-odroid-011_cam0,160,2,0,good|good,2,5.5742,5.5742,6.001,6.0544,6.1077
p44-dog-0004/004,brics-odroid-011_cam0,176,2,0,good|good,2,4.9508,4.9508,5.601,5.6823,5.7636
p44-dog-0004/004,brics-odroid-011_cam0,192,2,0,good|medium,2,9.8399,9.8399,15.5476,16.261,16.9745
p44-dog-0004/004,brics-odroid-011_cam0,208,2,0,good|good,2,4.9695,4.9695,6.657,6.868,7.0789
p44-dog-0004/004,brics-odroid-011_cam0,224,2,0,bad|good,2,68.6132,68.6132,121.0208,127.5718,134.1227
p44-dog-0004/004,brics-odroid-011_cam0,240,2,1,good|zero_sentinel,1,3.3217,3.3217,3.3217,3.3217,3.3217
p44-dog-0004/004,brics-odroid-011_cam0,256,2,1,good|zero_sentinel,1,3.0951,3.0951,3.0951,3.0951,3.0951
p44-dog-0004/004,brics-odroid-011_cam0,272,2,0,bad|good,2,51.384,51.384,90.0173,94.8464,99.6756
p44-dog-0004/004,brics-odroid-011_cam0,288,2,1,good|zero_sentinel,1,3.0048,3.0048,3.0048,3.0048,3.0048
p44-dog-0004/004,brics-odroid-011_cam0,304,2,0,good|medium,2,20.5172,20.5172,34.4034,36.1392,37.875
p44-dog-0004/004,brics-odroid-011_cam0,32,2,0,bad|good,2,53.9967,53.9967,93.2932,98.2052,103.1173
p44-dog-0004/004,brics-odroid-011_cam0,48,2,0,bad|good,2,40.5807,40.5807,70.7431,74.5134,78.2837
p44-dog-0004/004,brics-odroid-011_cam0,64,2,0,bad|good,2,45.3576,45.3576,79.1006,83.3184,87.5363
p44-dog-0004/004,brics-odroid-011_cam0,80,2,0,bad|good,2,52.8491,52.8491,92.2719,97.1997,102.1276
p44-dog-0004/004,brics-odroid-011_cam0,96,2,0,bad|good,2,51.907,51.907,90.5485,95.3786,100.2088
p44-dog-0004/004,brics-odroid-012_cam0,0,2,0,good|good,2,4.9322,4.9322,5.1972,5.2304,5.2635
p44-dog-0004/004,brics-odroid-012_cam0,112,2,0,good|good,2,5.2257,5.2257,5.8372,5.9136,5.99
p44-dog-0004/004,brics-odroid-012_cam0,128,2,0,good|good,2,3.782,3.782,4.8696,5.0055,5.1415
p44-dog-0004/004,brics-odroid-012_cam0,144,2,0,good|good,2,4.5978,4.5978,5.6981,5.8357,5.9732
p44-dog-0004/004,brics-odroid-012_cam0,16,2,0,good|good,2,4.282,4.282,5.2042,5.3195,5.4348
p44-dog-0004/004,brics-odroid-012_cam0,160,2,0,good|good,2,4.7732,4.7732,5.491,5.5807,5.6704
p44-dog-0004/004,brics-odroid-012_cam0,176,2,0,good|good,2,4.7837,4.7837,5.7423,5.8621,5.9819
p44-dog-0004/004,brics-odroid-012_cam0,192,2,0,good|good,2,4.0992,4.0992,4.7855,4.8713,4.9571
p44-dog-0004/004,brics-odroid-012_cam0,208,2,0,good|good,2,3.9815,3.9815,4.9718,5.0956,5.2194
p44-dog-0004/004,brics-odroid-012_cam0,224,2,0,good|good,2,4.9063,4.9063,6.3649,6.5473,6.7296
p44-dog-0004/004,brics-odroid-012_cam0,240,2,1,medium|zero_sentinel,1,10.2744,10.2744,10.2744,10.2744,10.2744
p44-dog-0004/004,brics-odroid-012_cam0,256,2,1,medium|zero_sentinel,1,17.7136,17.7136,17.7136,17.7136,17.7136
p44-dog-0004/004,brics-odroid-012_cam0,272,2,1,medium|zero_sentinel,1,14.2876,14.2876,14.2876,14.2876,14.2876
p44-dog-0004/004,brics-odroid-012_cam0,288,2,1,medium|zero_sentinel,1,10.3185,10.3185,10.3185,10.3185,10.3185
p44-dog-0004/004,brics-odroid-012_cam0,304,2,1,medium|zero_sentinel,1,19.5992,19.5992,19.5992,19.5992,19.5992
p44-dog-0004/004,brics-odroid-012_cam0,32,2,0,good|good,2,5.4596,5.4596,5.7224,5.7552,5.7881
p44-dog-0004/004,brics-odroid-012_cam0,48,2,0,good|good,2,5.3776,5.3776,5.4553,5.465,5.4747
p44-dog-0004/004,brics-odroid-012_cam0,64,2,0,good|good,2,6.4501,6.4501,7.362,7.476,7.59
p44-dog-0004/004,brics-odroid-012_cam0,80,2,0,good|good,2,6.0878,6.0878,6.5301,6.5853,6.6406
p44-dog-0004/004,brics-odroid-012_cam0,96,2,0,good|good,2,6.0546,6.0546,6.3456,6.3819,6.4183
p44-dog-0004/004,brics-odroid-012_cam1,0,2,0,good|medium,2,10.5509,10.5509,15.6103,16.2428,16.8752
p44-dog-0004/004,brics-odroid-012_cam1,112,2,0,good|good,2,4.1581,4.1581,5.3155,5.4602,5.6049
p44-dog-0004/004,brics-odroid-012_cam1,128,2,0,good|good,2,4.3054,4.3054,4.6847,4.7321,4.7795
p44-dog-0004/004,brics-odroid-012_cam1,144,2,0,good|good,2,4.4878,4.4878,4.8636,4.9105,4.9575
p44-dog-0004/004,brics-odroid-012_cam1,16,2,0,good|good,2,6.0479,6.0479,8.1297,8.39,8.6502
p44-dog-0004/004,brics-odroid-012_cam1,160,2,0,good|good,2,5.0164,5.0164,5.4814,5.5395,5.5976
p44-dog-0004/004,brics-odroid-012_cam1,176,2,0,good|good,2,4.5603,4.5603,4.6226,4.6304,4.6382
p44-dog-0004/004,brics-odroid-012_cam1,192,2,0,good|good,2,4.1242,4.1242,4.6027,4.6625,4.7223
p44-dog-0004/004,brics-odroid-012_cam1,208,2,0,good|good,2,4.0819,4.0819,4.5505,4.609,4.6676
p44-dog-0004/004,brics-odroid-012_cam1,224,2,0,good|good,2,6.1941,6.1941,8.0774,8.3128,8.5482
p44-dog-0004/004,brics-odroid-012_cam1,240,2,0,bad|good,2,35.6167,35.6167,60.6677,63.7991,66.9305
p44-dog-0004/004,brics-odroid-012_cam1,256,2,0,bad|good,2,50.6964,50.6964,87.3274,91.9063,96.4852
p44-dog-0004/004,brics-odroid-012_cam1,272,2,0,bad|good,2,34.4881,34.4881,58.1347,61.0905,64.0463
p44-dog-0004/004,brics-odroid-012_cam1,288,2,0,good|medium,2,30.1781,30.1781,49.9862,52.4622,54.9382
p44-dog-0004/004,brics-odroid-012_cam1,304,2,1,good|zero_sentinel,1,5.1655,5.1655,5.1655,5.1655,5.1655
p44-dog-0004/004,brics-odroid-012_cam1,32,2,0,good|medium,2,9.3864,9.3864,12.8769,13.3132,13.7495
p44-dog-0004/004,brics-odroid-012_cam1,48,2,0,good|good,2,5.5683,5.5683,7.3373,7.5584,7.7795
p44-dog-0004/004,brics-odroid-012_cam1,64,2,0,good|medium,2,21.9989,21.9989,35.9337,37.6756,39.4174
p44-dog-0004/004,brics-odroid-012_cam1,80,2,0,good|medium,2,11.4812,11.4812,17.832,18.6258,19.4197
p44-dog-0004/004,brics-odroid-012_cam1,96,2,0,good|medium,2,17.4563,17.4563,28.4843,29.8628,31.2413
p44-dog-0004/004,brics-odroid-014_cam1,0,2,0,bad|good,2,101.2745,101.2745,176.7423,186.1758,195.6093
p44-dog-0004/004,brics-odroid-014_cam1,112,2,0,bad|good,2,115.3266,115.3266,203.361,214.3653,225.3696
p44-dog-0004/004,brics-odroid-014_cam1,128,2,0,bad|good,2,124.0186,124.0186,217.3002,228.9604,240.6206
p44-dog-0004/004,brics-odroid-014_cam1,144,2,1,good|zero_sentinel,1,5.5755,5.5755,5.5755,5.5755,5.5755
p44-dog-0004/004,brics-odroid-014_cam1,16,2,0,bad|good,2,109.5543,109.5543,191.7195,201.9902,212.2608
p44-dog-0004/004,brics-odroid-014_cam1,160,2,0,bad|good,2,80.347,80.347,141.9302,149.6281,157.326
p44-dog-0004/004,brics-odroid-014_cam1,176,2,0,bad|good,2,76.6586,76.6586,135.4325,142.7793,150.126
p44-dog-0004/004,brics-odroid-014_cam1,192,2,0,bad|good,2,72.7495,72.7495,127.5782,134.4318,141.2854
p44-dog-0004/004,brics-odroid-014_cam1,208,2,0,bad|good,2,67.7422,67.7422,118.8069,125.1899,131.573
p44-dog-0004/004,brics-odroid-014_cam1,224,2,0,bad|good,2,115.088,115.088,202.6147,213.5556,224.4964
p44-dog-0004/004,brics-odroid-014_cam1,240,2,0,bad|medium,2,97.1542,97.1542,164.6289,173.0633,181.4976
p44-dog-0004/004,brics-odroid-014_cam1,256,2,0,bad|good,2,82.7983,82.7983,141.382,148.7049,156.0279
p44-dog-0004/004,brics-odroid-014_cam1,272,2,0,bad|good,2,80.5456,80.5456,141.2723,148.8632,156.454
p44-dog-0004/004,brics-odroid-014_cam1,288,2,0,bad|good,2,84.9386,84.9386,146.5729,154.2772,161.9815
p44-dog-0004/004,brics-odroid-014_cam1,304,2,0,bad|good,2,75.3247,75.3247,128.6486,135.3141,141.9796
p44-dog-0004/004,brics-odroid-014_cam1,32,2,0,bad|good,2,113.3067,113.3067,199.1782,209.9122,220.6461
p44-dog-0004/004,brics-odroid-014_cam1,48,2,1,bad|zero_sentinel,1,238.3611,238.3611,238.3611,238.3611,238.3611
p44-dog-0004/004,brics-odroid-014_cam1,64,2,0,bad|medium,2,109.7896,109.7896,188.8805,198.7668,208.6532
p44-dog-0004/004,brics-odroid-014_cam1,80,2,0,bad|good,2,106.8949,106.8949,186.0878,195.9869,205.886
p44-dog-0004/004,brics-odroid-014_cam1,96,2,0,bad|medium,2,109.9515,109.9515,189.7048,199.6739,209.6431
p44-dog-0004/004,brics-odroid-015_cam0,0,2,2,zero_sentinel|zero_sentinel,,,,,,
p44-dog-0004/004,brics-odroid-015_cam0,112,2,2,zero_sentinel|zero_sentinel,,,,,,
p44-dog-0004/004,brics-odroid-015_cam0,128,2,2,zero_sentinel|zero_sentinel,,,,,,
p44-dog-0004/004,brics-odroid-015_cam0,144,2,2,zero_sentinel|zero_sentinel,,,,,,
p44-dog-0004/004,brics-odroid-015_cam0,16,2,2,zero_sentinel|zero_sentinel,,,,,,
p44-dog-0004/004,brics-odroid-015_cam0,160,2,2,zero_sentinel|zero_sentinel,,,,,,
p44-dog-0004/004,brics-odroid-015_cam0,176,2,2,zero_sentinel|zero_sentinel,,,,,,
p44-dog-0004/004,brics-odroid-015_cam0,192,2,2,zero_sentinel|zero_sentinel,,,,,,
p44-dog-0004/004,brics-odroid-015_cam0,208,2,2,zero_sentinel|zero_sentinel,,,,,,
p44-dog-0004/004,brics-odroid-015_cam0,224,2,2,zero_sentinel|zero_sentinel,,,,,,
p44-dog-0004/004,brics-odroid-015_cam0,240,2,1,bad|zero_sentinel,1,129.2303,129.2303,129.2303,129.2303,129.2303
p44-dog-0004/004,brics-odroid-015_cam0,256,2,2,zero_sentinel|zero_sentinel,,,,,,
p44-dog-0004/004,brics-odroid-015_cam0,272,2,1,bad|zero_sentinel,1,135.4822,135.4822,135.4822,135.4822,135.4822
p44-dog-0004/004,brics-odroid-015_cam0,288,2,2,zero_sentinel|zero_sentinel,,,,,,
p44-dog-0004/004,brics-odroid-015_cam0,304,2,2,zero_sentinel|zero_sentinel,,,,,,
p44-dog-0004/004,brics-odroid-015_cam0,32,2,2,zero_sentinel|zero_sentinel,,,,,,
p44-dog-0004/004,brics-odroid-015_cam0,48,2,2,zero_sentinel|zero_sentinel,,,,,,
p44-dog-0004/004,brics-odroid-015_cam0,64,2,2,zero_sentinel|zero_sentinel,,,,,,
p44-dog-0004/004,brics-odroid-015_cam0,80,2,2,zero_sentinel|zero_sentinel,,,,,,
p44-dog-0004/004,brics-odroid-015_cam0,96,2,2,zero_sentinel|zero_sentinel,,,,,,
p44-dog-0004/004,brics-odroid-015_cam1,0,2,0,bad|good,2,56.5936,56.5936,97.4769,102.5873,107.6977
p44-dog-0004/004,brics-odroid-015_cam1,112,2,0,bad|good,2,69.356,69.356,121.0946,127.562,134.0293
p44-dog-0004/004,brics-odroid-015_cam1,128,2,0,bad|good,2,95.5915,95.5915,168.6047,177.7313,186.858
p44-dog-0004/004,brics-odroid-015_cam1,144,2,0,bad|good,2,33.6709,33.6709,56.111,58.916,61.721
p44-dog-0004/004,brics-odroid-015_cam1,16,2,0,bad|good,2,65.2594,65.2594,113.5029,119.5334,125.5638
p44-dog-0004/004,brics-odroid-015_cam1,160,2,0,bad|good,2,40.3275,40.3275,67.8787,71.3226,74.7665
p44-dog-0004/004,brics-odroid-015_cam1,176,2,0,bad|good,2,35.3864,35.3864,60.1582,63.2547,66.3512
p44-dog-0004/004,brics-odroid-015_cam1,192,2,0,bad|good,2,39.5237,39.5237,67.351,70.8294,74.3078
p44-dog-0004/004,brics-odroid-015_cam1,208,2,0,bad|good,2,34.4203,34.4203,58.1625,61.1303,64.0981
p44-dog-0004/004,brics-odroid-015_cam1,224,2,1,good|zero_sentinel,1,6.7865,6.7865,6.7865,6.7865,6.7865
p44-dog-0004/004,brics-odroid-015_cam1,240,2,0,good|medium,2,27.6514,27.6514,46.3519,48.6894,51.027
p44-dog-0004/004,brics-odroid-015_cam1,256,2,1,good|zero_sentinel,1,4.9063,4.9063,4.9063,4.9063,4.9063
p44-dog-0004/004,brics-odroid-015_cam1,272,2,1,good|zero_sentinel,1,3.4379,3.4379,3.4379,3.4379,3.4379
p44-dog-0004/004,brics-odroid-015_cam1,288,2,0,bad|good,2,44.6049,44.6049,76.6614,80.6684,84.6755
p44-dog-0004/004,brics-odroid-015_cam1,304,2,0,good|medium,2,31.1438,31.1438,52.8294,55.5401,58.2508
p44-dog-0004/004,brics-odroid-015_cam1,32,2,0,bad|good,2,67.546,67.546,117.9289,124.2267,130.5246
p44-dog-0004/004,brics-odroid-015_cam1,48,2,0,bad|good,2,73.1209,73.1209,127.1988,133.9586,140.7183
p44-dog-0004/004,brics-odroid-015_cam1,64,2,0,bad|good,2,58.8354,58.8354,102.6904,108.1722,113.6541
p44-dog-0004/004,brics-odroid-015_cam1,80,2,0,bad|good,2,61.4855,61.4855,106.7408,112.3977,118.0546
p44-dog-0004/004,brics-odroid-015_cam1,96,2,0,bad|good,2,59.7073,59.7073,104.0436,109.5856,115.1276
p44-dog-0004/004,brics-odroid-016_cam0,0,2,0,good|good,2,5.5723,5.5723,6.7972,6.9503,7.1034
p44-dog-0004/004,brics-odroid-016_cam0,112,2,0,good|good,2,6.3289,6.3289,6.6267,6.664,6.7012
p44-dog-0004/004,brics-odroid-016_cam0,128,2,0,good|good,2,3.7743,3.7743,4.4655,4.5519,4.6383
p44-dog-0004/004,brics-odroid-016_cam0,144,2,0,good|good,2,4.9603,4.9603,7.0499,7.3111,7.5723
p44-dog-0004/004,brics-odroid-016_cam0,16,2,0,good|good,2,5.0906,5.0906,5.2518,5.2719,5.2921
p44-dog-0004/004,brics-odroid-016_cam0,160,2,0,good|good,2,4.469,4.469,5.5365,5.67,5.8034
p44-dog-0004/004,brics-odroid-016_cam0,176,2,0,good|good,2,5.1331,5.1331,7.4215,7.7075,7.9936
p44-dog-0004/004,brics-odroid-016_cam0,192,2,0,good|good,2,5.5416,5.5416,7.4074,7.6407,7.8739
p44-dog-0004/004,brics-odroid-016_cam0,208,2,0,good|good,2,4.3792,4.3792,5.9898,6.1912,6.3925
p44-dog-0004/004,brics-odroid-016_cam0,224,2,0,good|good,2,4.2489,4.2489,4.452,4.4774,4.5028
p44-dog-0004/004,brics-odroid-016_cam0,240,2,0,bad|good,2,40.7249,40.7249,69.3529,72.9314,76.5099
p44-dog-0004/004,brics-odroid-016_cam0,256,2,0,bad|good,2,42.9395,42.9395,74.4885,78.4322,82.3758
p44-dog-0004/004,brics-odroid-016_cam0,272,2,0,bad|good,2,43.8873,43.8873,75.7932,79.7815,83.7697
p44-dog-0004/004,brics-odroid-016_cam0,288,2,0,bad|good,2,39.5847,39.5847,67.2573,70.7163,74.1754
p44-dog-0004/004,brics-odroid-016_cam0,304,2,1,good|zero_sentinel,1,5.4956,5.4956,5.4956,5.4956,5.4956
p44-dog-0004/004,brics-odroid-016_cam0,32,2,0,good|medium,2,10.6398,10.6398,14.3969,14.8666,15.3362
p44-dog-0004/004,brics-odroid-016_cam0,48,2,0,good|good,2,6.9255,6.9255,7.2742,7.3178,7.3614
p44-dog-0004/004,brics-odroid-016_cam0,64,2,0,good|good,2,5.7492,5.7492,6.1387,6.1874,6.2361
p44-dog-0004/004,brics-odroid-016_cam0,80,2,0,good|good,2,7.4306,7.4306,7.4797,7.4859,7.492
p44-dog-0004/004,brics-odroid-016_cam0,96,2,0,good|good,2,6.3386,6.3386,7.0596,7.1498,7.2399
p44-dog-0004/004,brics-odroid-017_cam0,0,2,0,good|medium,2,17.4109,17.4109,24.0957,24.9313,25.7669
p44-dog-0004/004,brics-odroid-017_cam0,112,2,0,bad|medium,2,49.9565,49.9565,80.9112,84.7806,88.6499
p44-dog-0004/004,brics-odroid-017_cam0,128,2,0,good|medium,2,12.1622,12.1622,15.5674,15.9931,16.4187
p44-dog-0004/004,brics-odroid-017_cam0,144,2,0,good|medium,2,8.9193,8.9193,10.4664,10.6598,10.8532
p44-dog-0004/004,brics-odroid-017_cam0,16,2,0,good|medium,2,10.1058,10.1058,11.4548,11.6234,11.792
p44-dog-0004/004,brics-odroid-017_cam0,160,2,0,good|good,2,6.9024,6.9024,8.0977,8.2471,8.3965
p44-dog-0004/004,brics-odroid-017_cam0,176,2,0,good|medium,2,21.6012,21.6012,34.4408,36.0457,37.6507
p44-dog-0004/004,brics-odroid-017_cam0,192,2,0,bad|good,2,57.2592,57.2592,98.051,103.1499,108.2489
p44-dog-0004/004,brics-odroid-017_cam0,208,2,0,bad|good,2,47.4192,47.4192,80.6742,84.8311,88.988
p44-dog-0004/004,brics-odroid-017_cam0,224,2,0,good|medium,2,14.5027,14.5027,21.2165,22.0557,22.8949
p44-dog-0004/004,brics-odroid-017_cam0,240,2,0,good|medium,2,9.7108,9.7108,10.7895,10.9244,11.0592
p44-dog-0004/004,brics-odroid-017_cam0,256,2,0,good|medium,2,12.7329,12.7329,17.0692,17.6113,18.1533
p44-dog-0004/004,brics-odroid-017_cam0,272,2,0,good|medium,2,9.9162,9.9162,12.1095,12.3836,12.6578
p44-dog-0004/004,brics-odroid-017_cam0,288,2,0,good|medium,2,9.419,9.419,10.6324,10.7841,10.9358
p44-dog-0004/004,brics-odroid-017_cam0,304,2,0,medium|medium,2,11.6196,11.6196,12.9069,13.0678,13.2287
p44-dog-0004/004,brics-odroid-017_cam0,32,2,0,medium|medium,2,14.0332,14.0332,14.1059,14.115,14.1241
p44-dog-0004/004,brics-odroid-017_cam0,48,2,0,good|medium,2,34.103,34.103,54.172,56.6806,59.1892
p44-dog-0004/004,brics-odroid-017_cam0,64,2,0,bad|good,2,37.8351,37.8351,60.1775,62.9703,65.7631
p44-dog-0004/004,brics-odroid-017_cam0,80,2,0,bad|good,2,43.7406,43.7406,72.9705,76.6243,80.278
p44-dog-0004/004,brics-odroid-017_cam0,96,2,0,medium|medium,2,31.2455,31.2455,44.9385,46.6501,48.3617
p44-dog-0004/004,brics-odroid-017_cam1,0,2,0,bad|good,2,39.2758,39.2758,66.526,69.9323,73.3386
p44-dog-0004/004,brics-odroid-017_cam1,112,2,0,bad|good,2,53.7876,53.7876,91.2114,95.8894,100.5674
p44-dog-0004/004,brics-odroid-017_cam1,128,2,0,good|medium,2,7.6251,7.6251,10.0921,10.4004,10.7088
p44-dog-0004/004,brics-odroid-017_cam1,144,2,0,good|medium,2,8.8344,8.8344,11.1899,11.4844,11.7788
p44-dog-0004/004,brics-odroid-017_cam1,16,2,0,bad|good,2,49.746,49.746,84.5555,88.9067,93.2579
p44-dog-0004/004,brics-odroid-017_cam1,160,2,0,good|medium,2,14.5906,14.5906,21.21,22.0375,22.8649
p44-dog-0004/004,brics-odroid-017_cam1,176,2,0,good|medium,2,11.7514,11.7514,15.0303,15.4401,15.85
p44-dog-0004/004,brics-odroid-017_cam1,192,2,0,good|medium,2,20.9424,20.9424,32.9842,34.4895,35.9947
p44-dog-0004/004,brics-odroid-017_cam1,208,2,0,good|medium,2,8.6862,8.6862,10.3796,10.5913,10.803
p44-dog-0004/004,brics-odroid-017_cam1,224,2,1,medium|zero_sentinel,1,11.4862,11.4862,11.4862,11.4862,11.4862
p44-dog-0004/004,brics-odroid-017_cam1,240,2,0,bad|good,2,56.8465,56.8465,99.5743,104.9152,110.2562
p44-dog-0004/004,brics-odroid-017_cam1,256,2,0,bad|good,2,62.4601,62.4601,108.8011,114.5937,120.3863
p44-dog-0004/004,brics-odroid-017_cam1,272,2,0,bad|good,2,44.9239,44.9239,76.9958,81.0048,85.0138
p44-dog-0004/004,brics-odroid-017_cam1,288,2,0,bad|good,2,62.8109,62.8109,109.8307,115.7082,121.5857
p44-dog-0004/004,brics-odroid-017_cam1,304,2,1,good|zero_sentinel,1,7.7702,7.7702,7.7702,7.7702,7.7702
p44-dog-0004/004,brics-odroid-017_cam1,32,2,0,bad|good,2,44.3489,44.3489,76.0043,79.9612,83.9181
p44-dog-0004/004,brics-odroid-017_cam1,48,2,1,good|zero_sentinel,1,3.0876,3.0876,3.0876,3.0876,3.0876
p44-dog-0004/004,brics-odroid-017_cam1,64,2,0,bad|good,2,58.4525,58.4525,101.9011,107.3322,112.7633
p44-dog-0004/004,brics-odroid-017_cam1,80,2,0,bad|good,2,57.4402,57.4402,99.923,105.2334,110.5437
p44-dog-0004/004,brics-odroid-017_cam1,96,2,0,bad|good,2,59.2475,59.2475,102.0471,107.3971,112.747
p44-dog-0004/004,brics-odroid-019_cam1,0,2,0,bad|medium,2,101.2934,101.2934,172.1351,180.9903,189.8455
p44-dog-0004/004,brics-odroid-019_cam1,112,2,2,zero_sentinel|zero_sentinel,,,,,,
p44-dog-0004/004,brics-odroid-019_cam1,128,2,0,bad|medium,2,85.9863,85.9863,139.9099,146.6503,153.3908
p44-dog-0004/004,brics-odroid-019_cam1,144,2,0,bad|medium,2,56.3608,56.3608,88.8161,92.873,96.9299
p44-dog-0004/004,brics-odroid-019_cam1,16,2,0,bad|medium,2,120.1621,120.1621,199.2156,209.0973,218.979
p44-dog-0004/004,brics-odroid-019_cam1,160,2,0,bad|medium,2,64.7429,64.7429,108.0845,113.5022,118.9199
p44-dog-0004/004,brics-odroid-019_cam1,176,2,0,bad|medium,2,69.1145,69.1145,112.0811,117.4519,122.8227
p44-dog-0004/004,brics-odroid-019_cam1,192,2,0,bad|medium,2,75.8582,75.8582,114.9291,119.8129,124.6968
p44-dog-0004/004,brics-odroid-019_cam1,208,2,0,bad|medium,2,55.0406,55.0406,87.6175,91.6896,95.7617
p44-dog-0004/004,brics-odroid-019_cam1,224,2,0,bad|medium,2,76.8525,76.8525,128.2322,134.6546,141.0771
p44-dog-0004/004,brics-odroid-019_cam1,240,2,0,bad|medium,2,79.6662,79.6662,129.9648,136.2521,142.5394
p44-dog-0004/004,brics-odroid-019_cam1,256,2,0,bad|medium,2,73.9413,73.9413,122.0061,128.0142,134.0223
p44-dog-0004/004,brics-odroid-019_cam1,272,2,0,bad|medium,2,99.4818,99.4818,169.7339,178.5154,187.2969
p44-dog-0004/004,brics-odroid-019_cam1,288,2,0,bad|medium,2,77.3626,77.3626,122.3237,127.9439,133.564
p44-dog-0004/004,brics-odroid-019_cam1,304,2,0,bad|medium,2,76.3109,76.3109,122.9271,128.7541,134.5811
p44-dog-0004/004,brics-odroid-019_cam1,32,2,0,bad|medium,2,117.0542,117.0542,190.8008,200.0191,209.2374
p44-dog-0004/004,brics-odroid-019_cam1,48,2,0,bad|medium,2,98.5516,98.5516,156.7364,164.0095,171.2826
p44-dog-0004/004,brics-odroid-019_cam1,64,2,0,bad|medium,2,99.2665,99.2665,166.1799,174.5441,182.9083
p44-dog-0004/004,brics-odroid-019_cam1,80,2,0,bad|medium,2,97.0373,97.0373,158.4775,166.1576,173.8376
p44-dog-0004/004,brics-odroid-019_cam1,96,2,0,bad|medium,2,103.4571,103.4571,169.333,177.5675,185.802
p44-dog-0004/004,brics-odroid-020_cam0,0,2,0,bad|good,2,109.3469,109.3469,190.5772,200.731,210.8848
p44-dog-0004/004,brics-odroid-020_cam0,112,2,0,bad|good,2,121.6387,121.6387,211.8155,223.0876,234.3597
p44-dog-0004/004,brics-odroid-020_cam0,128,2,0,bad|good,2,141.8003,141.8003,251.521,265.2361,278.9512
p44-dog-0004/004,brics-odroid-020_cam0,144,2,0,bad|good,2,94.984,94.984,164.4672,173.1526,181.838
p44-dog-0004/004,brics-odroid-020_cam0,16,2,0,bad|good,2,135.6027,135.6027,237.1119,249.8006,262.4892
p44-dog-0004/004,brics-odroid-020_cam0,160,2,0,bad|good,2,91.2784,91.2784,159.8802,168.4554,177.0306
p44-dog-0004/004,brics-odroid-020_cam0,176,2,0,bad|good,2,76.5232,76.5232,133.7698,140.9257,148.0815
p44-dog-0004/004,brics-odroid-020_cam0,192,2,0,bad|good,2,73.0275,73.0275,127.9473,134.8123,141.6773
p44-dog-0004/004,brics-odroid-020_cam0,208,2,0,bad|good,2,73.4949,73.4949,128.4442,135.3128,142.1815
p44-dog-0004/004,brics-odroid-020_cam0,224,2,0,bad|good,2,128.135,128.135,223.2512,235.1408,247.0303
p44-dog-0004/004,brics-odroid-020_cam0,240,2,0,bad|good,2,108.9813,108.9813,189.7439,199.8393,209.9346
p44-dog-0004/004,brics-odroid-020_cam0,256,2,0,bad|good,2,100.5874,100.5874,174.2715,183.482,192.6925
p44-dog-0004/004,brics-odroid-020_cam0,272,2,0,bad|good,2,97.6557,97.6557,169.8092,178.8284,187.8476
p44-dog-0004/004,brics-odroid-020_cam0,288,2,0,bad|medium,2,100.1003,100.1003,171.881,180.8536,189.8262
p44-dog-0004/004,brics-odroid-020_cam0,304,2,0,bad|good,2,100.0579,100.0579,174.2457,183.5191,192.7926
p44-dog-0004/004,brics-odroid-020_cam0,32,2,0,bad|good,2,124.811,124.811,218.4348,230.1377,241.8407
p44-dog-0004/004,brics-odroid-020_cam0,48,2,0,bad|medium,2,137.5082,137.5082,236.7312,249.134,261.5369
p44-dog-0004/004,brics-odroid-020_cam0,64,2,0,bad|good,2,109.2786,109.2786,191.7656,202.0764,212.3873
p44-dog-0004/004,brics-odroid-020_cam0,80,2,0,bad|good,2,112.0728,112.0728,195.967,206.4538,216.9406
p44-dog-0004/004,brics-odroid-020_cam0,96,2,0,bad|good,2,98.7925,98.7925,171.2439,180.3004,189.3568
p44-dog-0004/004,brics-odroid-020_cam1,0,2,1,good|zero_sentinel,1,5.6328,5.6328,5.6328,5.6328,5.6328
p44-dog-0004/004,brics-odroid-020_cam1,112,2,0,bad|good,2,96.6031,96.6031,170.5959,179.845,189.0941
p44-dog-0004/004,brics-odroid-020_cam1,128,2,1,good|zero_sentinel,1,3.3463,3.3463,3.3463,3.3463,3.3463
p44-dog-0004/004,brics-odroid-020_cam1,144,2,0,good|medium,2,8.7744,8.7744,12.5728,13.0476,13.5224
p44-dog-0004/004,brics-odroid-020_cam1,16,2,1,good|zero_sentinel,1,6.2278,6.2278,6.2278,6.2278,6.2278
p44-dog-0004/004,brics-odroid-020_cam1,160,2,0,good|medium,2,13.7121,13.7121,22.3699,23.4521,24.5343
p44-dog-0004/004,brics-odroid-020_cam1,176,2,0,good|medium,2,8.7261,8.7261,12.7568,13.2607,13.7645
p44-dog-0004/004,brics-odroid-020_cam1,192,2,1,good|zero_sentinel,1,4.0394,4.0394,4.0394,4.0394,4.0394
p44-dog-0004/004,brics-odroid-020_cam1,208,2,0,good|medium,2,17.9553,17.9553,28.4379,29.7482,31.0585
p44-dog-0004/004,brics-odroid-020_cam1,224,2,0,good|medium,2,19.8291,19.8291,31.9375,33.451,34.9646
p44-dog-0004/004,brics-odroid-020_cam1,240,2,0,bad|good,2,93.3017,93.3017,161.3079,169.8086,178.3094
p44-dog-0004/004,brics-odroid-020_cam1,256,2,0,bad|good,2,76.8106,76.8106,133.2168,140.2675,147.3183
p44-dog-0004/004,brics-odroid-020_cam1,272,2,2,zero_sentinel|zero_sentinel,,,,,,
p44-dog-0004/004,brics-odroid-020_cam1,288,2,1,good|zero_sentinel,1,7.1106,7.1106,7.1106,7.1106,7.1106
p44-dog-0004/004,brics-odroid-020_cam1,304,2,1,good|zero_sentinel,1,7.2412,7.2412,7.2412,7.2412,7.2412
p44-dog-0004/004,brics-odroid-020_cam1,32,2,1,good|zero_sentinel,1,6.4487,6.4487,6.4487,6.4487,6.4487
p44-dog-0004/004,brics-odroid-020_cam1,48,2,2,zero_sentinel|zero_sentinel,,,,,,
p44-dog-0004/004,brics-odroid-020_cam1,64,2,1,good|zero_sentinel,1,6.176,6.176,6.176,6.176,6.176
p44-dog-0004/004,brics-odroid-020_cam1,80,2,1,good|zero_sentinel,1,3.9197,3.9197,3.9197,3.9197,3.9197
p44-dog-0004/004,brics-odroid-020_cam1,96,2,1,good|zero_sentinel,1,4.6183,4.6183,4.6183,4.6183,4.6183
p44-dog-0004/004,brics-odroid-021_cam0,0,2,0,good|good,2,8.6627,8.6627,8.974,9.0129,9.0518
p44-dog-0004/004,brics-odroid-021_cam0,112,2,0,good|good,2,7.17,7.17,7.6038,7.6581,7.7123
p44-dog-0004/004,brics-odroid-021_cam0,128,2,0,good|good,2,7.6431,7.6431,8.9869,9.1548,9.3228
p44-dog-0004/004,brics-odroid-021_cam0,144,2,0,good|good,2,6.4414,6.4414,7.3815,7.499,7.6165
p44-dog-0004/004,brics-odroid-021_cam0,16,2,0,good|good,2,6.6315,6.6315,7.2588,7.3373,7.4157
p44-dog-0004/004,brics-odroid-021_cam0,160,2,0,good|good,2,8.2614,8.2614,8.8024,8.87,8.9376
p44-dog-0004/004,brics-odroid-021_cam0,176,2,0,good|good,2,7.1633,7.1633,8.2944,8.4358,8.5772
p44-dog-0004/004,brics-odroid-021_cam0,192,2,0,good|good,2,7.9834,7.9834,8.2395,8.2715,8.3035
p44-dog-0004/004,brics-odroid-021_cam0,208,2,0,good|good,2,7.5106,7.5106,9.258,9.4764,9.6948
p44-dog-0004/004,brics-odroid-021_cam0,224,2,0,good|good,2,7.8574,7.8574,9.527,9.7357,9.9444
p44-dog-0004/004,brics-odroid-021_cam0,240,2,0,bad|good,2,43.2877,43.2877,73.9673,77.8022,81.6372
p44-dog-0004/004,brics-odroid-021_cam0,256,2,0,bad|good,2,37.6932,37.6932,64.6022,67.9659,71.3295
p44-dog-0004/004,brics-odroid-021_cam0,272,2,0,bad|good,2,39.3794,39.3794,67.392,70.8936,74.3952
p44-dog-0004/004,brics-odroid-021_cam0,288,2,0,bad|good,2,41.9971,41.9971,71.4973,75.1848,78.8723
p44-dog-0004/004,brics-odroid-021_cam0,304,2,0,bad|good,2,49.3293,49.3293,84.7341,89.1597,93.5853
p44-dog-0004/004,brics-odroid-021_cam0,32,2,0,good|good,2,6.5442,6.5442,6.8306,6.8664,6.9022
p44-dog-0004/004,brics-odroid-021_cam0,48,2,0,good|good,2,5.4467,5.4467,5.6665,5.6939,5.7214
p44-dog-0004/004,brics-odroid-021_cam0,64,2,0,good|medium,2,8.9658,8.9658,12.3605,12.7849,13.2092
p44-dog-0004/004,brics-odroid-021_cam0,80,2,0,good|good,2,6.9848,6.9848,8.3224,8.4896,8.6568
p44-dog-0004/004,brics-odroid-021_cam0,96,2,0,good|good,2,5.7034,5.7034,6.1737,6.2325,6.2913
p44-dog-0004/004,brics-odroid-021_cam1,0,2,0,good|good,2,3.6234,3.6234,3.6924,3.701,3.7096
p44-dog-0004/004,brics-odroid-021_cam1,112,2,0,good|good,2,4.7089,4.7089,6.2141,6.4022,6.5904
p44-dog-0004/004,brics-odroid-021_cam1,128,2,0,good|good,2,4.6824,4.6824,5.4079,5.4986,5.5893
p44-dog-0004/004,brics-odroid-021_cam1,144,2,0,good|good,2,4.2374,4.2374,4.7612,4.8266,4.8921
p44-dog-0004/004,brics-odroid-021_cam1,16,2,0,good|good,2,4.8004,4.8004,5.9002,6.0377,6.1752
p44-dog-0004/004,brics-odroid-021_cam1,160,2,0,good|good,2,4.9397,4.9397,5.1445,5.1701,5.1957
p44-dog-0004/004,brics-odroid-021_cam1,176,2,0,good|good,2,4.0312,4.0312,4.1074,4.1169,4.1264
p44-dog-0004/004,brics-odroid-021_cam1,192,2,0,good|good,2,3.7135,3.7135,3.7508,3.7554,3.7601
p44-dog-0004/004,brics-odroid-021_cam1,208,2,0,good|good,2,3.8402,3.8402,3.914,3.9232,3.9324
p44-dog-0004/004,brics-odroid-021_cam1,224,2,0,good|good,2,4.4034,4.4034,5.1549,5.2489,5.3428
p44-dog-0004/004,brics-odroid-021_cam1,240,2,0,good|medium,2,24.5787,24.5787,40.2857,42.2491,44.2125
p44-dog-0004/004,brics-odroid-021_cam1,256,2,1,good|zero_sentinel,1,9.4674,9.4674,9.4674,9.4674,9.4674
p44-dog-0004/004,brics-odroid-021_cam1,272,2,1,good|zero_sentinel,1,9.0143,9.0143,9.0143,9.0143,9.0143
p44-dog-0004/004,brics-odroid-021_cam1,288,2,1,good|zero_sentinel,1,8.4639,8.4639,8.4639,8.4639,8.4639
p44-dog-0004/004,brics-odroid-021_cam1,304,2,1,medium|zero_sentinel,1,18.9667,18.9667,18.9667,18.9667,18.9667
p44-dog-0004/004,brics-odroid-021_cam1,32,2,0,good|good,2,4.4721,4.4721,5.0775,5.1531,5.2288
p44-dog-0004/004,brics-odroid-021_cam1,48,2,0,good|good,2,5.1272,5.1272,5.1526,5.1557,5.1589
p44-dog-0004/004,brics-odroid-021_cam1,64,2,0,good|good,2,6.3283,6.3283,6.6445,6.6841,6.7236
p44-dog-0004/004,brics-odroid-021_cam1,80,2,0,good|good,2,4.775,4.775,6.2331,6.4153,6.5976
p44-dog-0004/004,brics-odroid-021_cam1,96,2,0,good|good,2,5.6704,5.6704,6.2802,6.3565,6.4327
p44-dog-0004/004,brics-odroid-022_cam0,0,2,0,bad|good,2,45.5172,45.5172,79.9966,84.3065,88.6164
p44-dog-0004/004,brics-odroid-022_cam0,112,2,0,bad|good,2,65.0637,65.0637,113.9451,120.0552,126.1654
p44-dog-0004/004,brics-odroid-022_cam0,128,2,2,zero_sentinel|zero_sentinel,,,,,,
p44-dog-0004/004,brics-odroid-022_cam0,144,2,2,zero_sentinel|zero_sentinel,,,,,,
p44-dog-0004/004,brics-odroid-022_cam0,16,2,0,bad|good,2,53.3926,53.3926,93.4332,98.4382,103.4433
p44-dog-0004/004,brics-odroid-022_cam0,160,2,2,zero_sentinel|zero_sentinel,,,,,,
p44-dog-0004/004,brics-odroid-022_cam0,176,2,2,zero_sentinel|zero_sentinel,,,,,,
p44-dog-0004/004,brics-odroid-022_cam0,192,2,2,zero_sentinel|zero_sentinel,,,,,,
p44-dog-0004/004,brics-odroid-022_cam0,208,2,2,zero_sentinel|zero_sentinel,,,,,,
p44-dog-0004/004,brics-odroid-022_cam0,224,2,2,zero_sentinel|zero_sentinel,,,,,,
p44-dog-0004/004,brics-odroid-022_cam0,240,2,2,zero_sentinel|zero_sentinel,,,,,,
p44-dog-0004/004,brics-odroid-022_cam0,256,2,2,zero_sentinel|zero_sentinel,,,,,,
p44-dog-0004/004,brics-odroid-022_cam0,272,2,2,zero_sentinel|zero_sentinel,,,,,,
p44-dog-0004/004,brics-odroid-022_cam0,288,2,2,zero_sentinel|zero_sentinel,,,,,,
p44-dog-0004/004,brics-odroid-022_cam0,304,2,2,zero_sentinel|zero_sentinel,,,,,,
p44-dog-0004/004,brics-odroid-022_cam0,32,2,0,bad|good,2,56.5737,56.5737,99.1894,104.5163,109.8433
p44-dog-0004/004,brics-odroid-022_cam0,48,2,0,bad|good,2,62.5311,62.5311,109.4035,115.2625,121.1216
p44-dog-0004/004,brics-odroid-022_cam0,64,2,0,bad|good,2,49.9507,49.9507,87.2972,91.9655,96.6338
p44-dog-0004/004,brics-odroid-022_cam0,80,2,0,bad|good,2,56.6546,56.6546,98.7128,103.97,109.2273
p44-dog-0004/004,brics-odroid-022_cam0,96,2,0,bad|good,2,59.8588,59.8588,104.6897,110.2935,115.8974
p44-dog-0004/004,brics-odroid-022_cam1,0,2,0,good|medium,2,8.6263,8.6263,12.4194,12.8936,13.3677
p44-dog-0004/004,brics-odroid-022_cam1,112,2,0,good|medium,2,9.2169,9.2169,12.6958,13.1306,13.5655
p44-dog-0004/004,brics-odroid-022_cam1,128,2,0,good|good,2,4.4797,4.4797,4.8424,4.8878,4.9331
p44-dog-0004/004,brics-odroid-022_cam1,144,2,0,good|good,2,5.0351,5.0351,5.2068,5.2282,5.2497
p44-dog-0004/004,brics-odroid-022_cam1,16,2,0,good|good,2,7.3714,7.3714,8.8589,9.0449,9.2308
p44-dog-0004/004,brics-odroid-022_cam1,160,2,0,good|good,2,6.1088,6.1088,6.7027,6.777,6.8512
p44-dog-0004/004,brics-odroid-022_cam1,176,2,2,zero_sentinel|zero_sentinel,,,,,,
p44-dog-0004/004,brics-odroid-022_cam1,192,2,0,good|good,2,4.4596,4.4596,4.9647,5.0278,5.0909
p44-dog-0004/004,brics-odroid-022_cam1,208,2,0,good|good,2,5.2488,5.2488,5.5746,5.6153,5.656
p44-dog-0004/004,brics-odroid-022_cam1,224,2,0,good|good,2,4.5449,4.5449,4.6164,4.6254,4.6343
p44-dog-0004/004,brics-odroid-022_cam1,240,2,0,good|medium,2,10.4745,10.4745,15.6201,16.2633,16.9065
p44-dog-0004/004,brics-odroid-022_cam1,256,2,0,bad|good,2,46.1633,46.1633,80.1211,84.3658,88.6105
p44-dog-0004/004,brics-odroid-022_cam1,272,2,0,bad|good,2,41.0832,41.0832,70.6946,74.3961,78.0975
p44-dog-0004/004,brics-odroid-022_cam1,288,2,0,good|medium,2,11.4752,11.4752,17.4178,18.1607,18.9035
p44-dog-0004/004,brics-odroid-022_cam1,304,2,0,bad|good,2,39.4584,39.4584,66.9446,70.3803,73.8161
p44-dog-0004/004,brics-odroid-022_cam1,32,2,0,good|medium,2,9.8765,9.8765,13.4275,13.8713,14.3152
p44-dog-0004/004,brics-odroid-022_cam1,48,2,0,good|medium,2,8.1524,8.1524,10.7414,11.065,11.3886
p44-dog-0004/004,brics-odroid-022_cam1,64,2,0,good|medium,2,22.5399,22.5399,36.5941,38.3508,40.1076
p44-dog-0004/004,brics-odroid-022_cam1,80,2,0,good|medium,2,13.7098,13.7098,19.9402,20.719,21.4978
p44-dog-0004/004,brics-odroid-022_cam1,96,2,0,good|medium,2,11.7228,11.7228,16.9287,17.5795,18.2302
p44-dog-0004/004,brics-odroid-023_cam0,0,2,0,medium|medium,2,34.4571,34.4571,34.7312,34.7654,34.7997
p44-dog-0004/004,brics-odroid-023_cam0,112,2,0,medium|medium,2,28.4006,28.4006,29.4199,29.5473,29.6747
p44-dog-0004/004,brics-odroid-023_cam0,128,2,0,medium|medium,2,25.4336,25.4336,31.5213,32.2822,33.0432
p44-dog-0004/004,brics-odroid-023_cam0,144,2,0,medium|medium,2,25.4727,25.4727,29.3812,29.8697,30.3583
p44-dog-0004/004,brics-odroid-023_cam0,16,2,0,medium|medium,2,25.5326,25.5326,30.0115,30.5713,31.1312
p44-dog-0004/004,brics-odroid-023_cam0,160,2,0,medium|medium,2,24.7984,24.7984,31.3674,32.1885,33.0096
p44-dog-0004/004,brics-odroid-023_cam0,176,2,0,medium|medium,2,27.4623,27.4623,32.1978,32.7898,33.3817
p44-dog-0004/004,brics-odroid-023_cam0,192,2,0,medium|medium,2,32.8441,32.8441,34.5435,34.7559,34.9683
p44-dog-0004/004,brics-odroid-023_cam0,208,2,0,medium|medium,2,31.8617,31.8617,34.366,34.6791,34.9921
p44-dog-0004/004,brics-odroid-023_cam0,224,2,0,medium|medium,2,30.2119,30.2119,30.7359,30.8014,30.8669
p44-dog-0004/004,brics-odroid-023_cam0,240,2,0,medium|medium,2,23.8964,23.8964,29.014,29.6537,30.2934
p44-dog-0004/004,brics-odroid-023_cam0,256,2,0,medium|medium,2,19.1569,19.1569,20.525,20.696,20.867
p44-dog-0004/004,brics-odroid-023_cam0,272,2,0,medium|medium,2,19.3489,19.3489,19.9275,19.9999,20.0722
p44-dog-0004/004,brics-odroid-023_cam0,288,2,0,medium|medium,2,24.1928,24.1928,27.8862,28.3479,28.8096
p44-dog-0004/004,brics-odroid-023_cam0,304,2,0,medium|medium,2,21.767,21.767,24.5395,24.886,25.2326
p44-dog-0004/004,brics-odroid-023_cam0,32,2,0,medium|medium,2,27.2529,27.2529,30.0322,30.3796,30.727
p44-dog-0004/004,brics-odroid-023_cam0,48,2,0,medium|medium,2,27.4807,27.4807,31.0755,31.5249,31.9742
p44-dog-0004/004,brics-odroid-023_cam0,64,2,0,medium|medium,2,30.633,30.633,34.184,34.6279,35.0718
p44-dog-0004/004,brics-odroid-023_cam0,80,2,0,medium|medium,2,27.9853,27.9853,29.4791,29.6659,29.8526
p44-dog-0004/004,brics-odroid-023_cam0,96,2,0,medium|medium,2,29.1671,29.1671,31.9694,32.3197,32.67
p44-dog-0004/004,brics-odroid-024_cam0,0,2,0,good|good,2,8.086,8.086,8.4008,8.4401,8.4795
p44-dog-0004/004,brics-odroid-024_cam0,112,2,0,good|good,2,5.676,5.676,6.1026,6.156,6.2093
p44-dog-0004/004,brics-odroid-024_cam0,128,2,0,good|medium,2,9.2606,9.2606,12.6453,13.0684,13.4915
p44-dog-0004/004,brics-odroid-024_cam0,144,2,0,good|good,2,6.8781,6.8781,7.4863,7.5624,7.6384
p44-dog-0004/004,brics-odroid-024_cam0,16,2,0,good|good,2,7.2139,7.2139,8.4669,8.6236,8.7802
p44-dog-0004/004,brics-odroid-024_cam0,160,2,0,good|good,2,8.1572,8.1572,8.6026,8.6583,8.714
p44-dog-0004/004,brics-odroid-024_cam0,176,2,0,good|medium,2,8.3987,8.3987,10.7083,10.997,11.2857
p44-dog-0004/004,brics-odroid-024_cam0,192,2,0,good|medium,2,9.7895,9.7895,12.3127,12.6281,12.9435
p44-dog-0004/004,brics-odroid-024_cam0,208,2,0,good|medium,2,10.279,10.279,12.0515,12.273,12.4946
p44-dog-0004/004,brics-odroid-024_cam0,224,2,0,good|medium,2,11.0538,11.0538,12.395,12.5626,12.7303
p44-dog-0004/004,brics-odroid-024_cam0,240,2,0,good|medium,2,7.9957,7.9957,10.3007,10.5889,10.877
p44-dog-0004/004,brics-odroid-024_cam0,256,2,0,good|good,2,6.978,6.978,8.3578,8.5302,8.7027
p44-dog-0004/004,brics-odroid-024_cam0,272,2,0,good|good,2,5.8811,5.8811,6.7035,6.8063,6.9091
p44-dog-0004/004,brics-odroid-024_cam0,288,2,0,good|medium,2,10.0975,10.0975,14.1031,14.6038,15.1045
p44-dog-0004/004,brics-odroid-024_cam0,304,2,0,good|good,2,5.3522,5.3522,5.4822,5.4985,5.5147
p44-dog-0004/004,brics-odroid-024_cam0,32,2,0,good|good,2,6.1758,6.1758,6.2204,6.226,6.2316
p44-dog-0004/004,brics-odroid-024_cam0,48,2,0,good|good,2,5.0667,5.0667,5.5843,5.649,5.7137
p44-dog-0004/004,brics-odroid-024_cam0,64,2,0,good|good,2,6.6833,6.6833,7.4933,7.5946,7.6958
p44-dog-0004/004,brics-odroid-024_cam0,80,2,0,good|medium,2,8.8635,8.8635,10.2836,10.4611,10.6386
p44-dog-0004/004,brics-odroid-024_cam0,96,2,0,good|good,2,5.2561,5.2561,6.0085,6.1025,6.1966
p44-dog-0004/004,brics-odroid-024_cam1,0,2,0,good|medium,2,19.3562,19.3562,31.9101,33.4794,35.0486
p44-dog-0004/004,brics-odroid-024_cam1,112,2,0,good|medium,2,16.574,16.574,25.934,27.104,28.274
p44-dog-0004/004,brics-odroid-024_cam1,128,2,0,good|medium,2,13.1345,13.1345,16.5997,17.0328,17.466
p44-dog-0004/004,brics-odroid-024_cam1,144,2,0,good|medium,2,12.2377,12.2377,14.3448,14.6082,14.8716
p44-dog-0004/004,brics-odroid-024_cam1,16,2,0,good|medium,2,10.7553,10.7553,15.2108,15.7678,16.3247
p44-dog-0004/004,brics-odroid-024_cam1,160,2,0,good|medium,2,11.153,11.153,14.1116,14.4815,14.8513
p44-dog-0004/004,brics-odroid-024_cam1,176,2,0,good|medium,2,8.7678,8.7678,11.1078,11.4003,11.6928
p44-dog-0004/004,brics-odroid-024_cam1,192,2,0,good|good,2,6.8249,6.8249,7.8523,7.9808,8.1092
p44-dog-0004/004,brics-odroid-024_cam1,208,2,0,good|good,2,5.9341,5.9341,6.1779,6.2084,6.2389
p44-dog-0004/004,brics-odroid-024_cam1,224,2,0,good|medium,2,11.1319,11.1319,14.7165,15.1645,15.6126
p44-dog-0004/004,brics-odroid-024_cam1,240,2,0,good|good,2,5.5301,5.5301,6.3963,6.5046,6.6129
p44-dog-0004/004,brics-odroid-024_cam1,256,2,0,good|good,2,4.8844,4.8844,4.9175,4.9217,4.9258
p44-dog-0004/004,brics-odroid-024_cam1,272,2,0,good|good,2,4.9076,4.9076,5.3139,5.3647,5.4155
p44-dog-0004/004,brics-odroid-024_cam1,288,2,0,good|good,2,5.6594,5.6594,6.6168,6.7364,6.8561
p44-dog-0004/004,brics-odroid-024_cam1,304,2,0,good|good,2,5.5869,5.5869,6.976,7.1496,7.3232
p44-dog-0004/004,brics-odroid-024_cam1,32,2,0,good|medium,2,11.1996,11.1996,15.2008,15.701,16.2011
p44-dog-0004/004,brics-odroid-024_cam1,48,2,0,good|medium,2,14.3969,14.3969,22.0478,23.0041,23.9605
p44-dog-0004/004,brics-odroid-024_cam1,64,2,0,good|medium,2,10.6222,10.6222,15.9858,16.6562,17.3267
p44-dog-0004/004,brics-odroid-024_cam1,80,2,0,good|medium,2,8.7971,8.7971,11.8921,12.279,12.6659
p44-dog-0004/004,brics-odroid-024_cam1,96,2,0,good|medium,2,17.1622,17.1622,26.6936,27.8851,29.0765
p44-dog-0004/004,brics-odroid-025_cam0,0,2,0,medium|medium,2,13.4262,13.4262,14.048,14.1257,14.2034
p44-dog-0004/004,brics-odroid-025_cam0,112,2,0,good|medium,2,11.9573,11.9573,16.2268,16.7605,17.2942
p44-dog-0004/004,brics-odroid-025_cam0,128,2,0,good|medium,2,9.0425,9.0425,10.2933,10.4497,10.606
p44-dog-0004/004,brics-odroid-025_cam0,144,2,0,medium|medium,2,12.7128,12.7128,12.8182,12.8313,12.8445
p44-dog-0004/004,brics-odroid-025_cam0,16,2,2,zero_sentinel|zero_sentinel,,,,,,
p44-dog-0004/004,brics-odroid-025_cam0,160,2,0,good|medium,2,10.6716,10.6716,12.3812,12.5949,12.8086
p44-dog-0004/004,brics-odroid-025_cam0,176,2,0,good|medium,2,10.3459,10.3459,12.0863,12.3038,12.5214
p44-dog-0004/004,brics-odroid-025_cam0,192,2,0,good|medium,2,10.3643,10.3643,12.6157,12.8972,13.1786
p44-dog-0004/004,brics-odroid-025_cam0,208,2,0,good|medium,2,12.787,12.787,16.1029,16.5174,16.9319
p44-dog-0004/004,brics-odroid-025_cam0,224,2,0,good|medium,2,11.4618,11.4618,13.4384,13.6854,13.9325
p44-dog-0004/004,brics-odroid-025_cam0,240,2,0,medium|medium,2,11.4062,11.4062,12.0556,12.1367,12.2179
p44-dog-0004/004,brics-odroid-025_cam0,256,2,0,good|medium,2,11.2649,11.2649,12.7414,12.9259,13.1105
p44-dog-0004/004,brics-odroid-025_cam0,272,2,0,good|medium,2,10.6446,10.6446,12.0318,12.2052,12.3786
p44-dog-0004/004,brics-odroid-025_cam0,288,2,0,medium|medium,2,13.3445,13.3445,14.2799,14.3968,14.5137
p44-dog-0004/004,brics-odroid-025_cam0,304,2,0,good|good,2,8.829,8.829,9.0208,9.0447,9.0687
p44-dog-0004/004,brics-odroid-025_cam0,32,2,0,good|medium,2,11.4373,11.4373,14.0337,14.3582,14.6828
p44-dog-0004/004,brics-odroid-025_cam0,48,2,0,medium|medium,2,13.5496,13.5496,15.7268,15.999,16.2711
p44-dog-0004/004,brics-odroid-025_cam0,64,2,0,medium|medium,2,15.1749,15.1749,16.7336,16.9285,17.1233
p44-dog-0004/004,brics-odroid-025_cam0,80,2,0,good|medium,2,12.1989,12.1989,15.3918,15.7909,16.19
p44-dog-0004/004,brics-odroid-025_cam0,96,2,0,good|medium,2,11.9663,11.9663,15.4493,15.8847,16.3201
p44-dog-0004/004,brics-odroid-025_cam1,0,2,0,good|medium,2,9.784,9.784,11.2539,11.4377,11.6214
p44-dog-0004/004,brics-odroid-025_cam1,112,2,0,good|medium,2,10.1008,10.1008,11.9354,12.1647,12.394
p44-dog-0004/004,brics-odroid-025_cam1,128,2,0,good|good,2,7.062,7.062,7.8406,7.9379,8.0352
p44-dog-0004/004,brics-odroid-025_cam1,144,2,0,good|good,2,7.0486,7.0486,7.7026,7.7843,7.8661
p44-dog-0004/004,brics-odroid-025_cam1,16,2,0,good|medium,2,10.8935,10.8935,12.4621,12.6582,12.8543
p44-dog-0004/004,brics-odroid-025_cam1,160,2,0,good|good,2,7.3433,7.3433,7.3708,7.3743,7.3777
p44-dog-0004/004,brics-odroid-025_cam1,176,2,0,good|good,2,7.5763,7.5763,7.6449,7.6534,7.662
p44-dog-0004/004,brics-odroid-025_cam1,192,2,0,good|good,2,6.6768,6.6768,8.1189,8.2991,8.4794
p44-dog-0004/004,brics-odroid-025_cam1,208,2,0,good|good,2,7.923,7.923,8.6094,8.6952,8.781
p44-dog-0004/004,brics-odroid-025_cam1,224,2,0,good|medium,2,8.1786,8.1786,11.0085,11.3623,11.716
p44-dog-0004/004,brics-odroid-025_cam1,240,2,0,good|medium,2,9.5371,9.5371,12.3652,12.7187,13.0722
p44-dog-0004/004,brics-odroid-025_cam1,256,2,0,good|good,2,7.8215,7.8215,8.9851,9.1305,9.276
p44-dog-0004/004,brics-odroid-025_cam1,272,2,0,good|medium,2,10.3015,10.3015,12.4406,12.708,12.9754
p44-dog-0004/004,brics-odroid-025_cam1,288,2,0,good|medium,2,9.699,9.699,11.7081,11.9593,12.2104
p44-dog-0004/004,brics-odroid-025_cam1,304,2,0,good|good,2,7.3645,7.3645,8.3328,8.4539,8.5749
p44-dog-0004/004,brics-odroid-025_cam1,32,2,0,good|medium,2,12.1653,12.1653,14.8543,15.1904,15.5265
p44-dog-0004/004,brics-odroid-025_cam1,48,2,0,good|good,2,9.1833,9.1833,9.3126,9.3287,9.3449
p44-dog-0004/004,brics-odroid-025_cam1,64,2,0,good|medium,2,11.0525,11.0525,13.7715,14.1113,14.4512
p44-dog-0004/004,brics-odroid-025_cam1,80,2,0,good|medium,2,16.9474,16.9474,23.3712,24.1742,24.9772
p44-dog-0004/004,brics-odroid-025_cam1,96,2,0,good|medium,2,12.0483,12.0483,14.4675,14.7699,15.0723
p44-dog-0004/004,brics-odroid-026_cam0,0,2,0,bad|good,2,233.0439,233.0439,411.7756,434.117,456.4585
p44-dog-0004/004,brics-odroid-026_cam0,112,2,0,bad|good,2,101.8302,101.8302,177.7824,187.2765,196.7705
p44-dog-0004/004,brics-odroid-026_cam0,128,2,0,bad|good,2,96.9887,96.9887,166.9741,175.7222,184.4704
p44-dog-0004/004,brics-odroid-026_cam0,144,2,0,bad|medium,2,84.5409,84.5409,137.8397,144.502,151.1644
p44-dog-0004/004,brics-odroid-026_cam0,16,2,0,bad|good,2,235.246,235.246,419.5639,442.6037,465.6434
p44-dog-0004/004,brics-odroid-026_cam0,160,2,0,bad|medium,2,83.7142,83.7142,140.02,147.0583,154.0965
p44-dog-0004/004,brics-odroid-026_cam0,176,2,0,bad|medium,2,82.9051,82.9051,135.4624,142.032,148.6017
p44-dog-0004/004,brics-odroid-026_cam0,192,2,1,medium|zero_sentinel,1,29.1745,29.1745,29.1745,29.1745,29.1745
p44-dog-0004/004,brics-odroid-026_cam0,208,2,0,bad|medium,2,83.4212,83.4212,127.7448,133.2852,138.8257
p44-dog-0004/004,brics-odroid-026_cam0,224,2,0,bad|good,2,237.7713,237.7713,420.1313,442.9263,465.7213
p44-dog-0004/004,brics-odroid-026_cam0,240,2,0,bad|medium,2,236.3907,236.3907,417.378,440.0014,462.6248
p44-dog-0004/004,brics-odroid-026_cam0,256,2,1,good|zero_sentinel,1,8.7471,8.7471,8.7471,8.7471,8.7471
p44-dog-0004/004,brics-odroid-026_cam0,272,2,0,bad|good,2,231.2005,231.2005,408.8971,431.1091,453.3212
p44-dog-0004/004,brics-odroid-026_cam0,288,2,1,good|zero_sentinel,1,9.0687,9.0687,9.0687,9.0687,9.0687
p44-dog-0004/004,brics-odroid-026_cam0,304,2,0,bad|good,2,231.88,231.88,410.8783,433.2531,455.6279
p44-dog-0004/004,brics-odroid-026_cam0,32,2,0,bad|good,2,242.7772,242.7772,433.1798,456.9801,480.7804
p44-dog-0004/004,brics-odroid-026_cam0,48,2,0,bad|good,2,249.6838,249.6838,444.3859,468.7236,493.0614
p44-dog-0004/004,brics-odroid-026_cam0,64,2,0,bad|good,2,78.7722,78.7722,134.7608,141.7593,148.7579
p44-dog-0004/004,brics-odroid-026_cam0,80,2,0,bad|good,2,77.364,77.364,133.1329,140.104,147.0751
p44-dog-0004/004,brics-odroid-026_cam0,96,2,0,bad|good,2,72.912,72.912,124.6562,131.1242,137.5922
p44-dog-0004/004,brics-odroid-026_cam1,0,2,1,bad|zero_sentinel,1,287.3749,287.3749,287.3749,287.3749,287.3749
p44-dog-0004/004,brics-odroid-026_cam1,112,2,0,bad|good,2,135.7286,135.7286,236.3192,248.893,261.4668
p44-dog-0004/004,brics-odroid-026_cam1,128,2,0,bad|bad,2,338.646,338.646,350.7926,352.3109,353.8292
p44-dog-0004/004,brics-odroid-026_cam1,144,2,1,bad|zero_sentinel,1,199.2384,199.2384,199.2384,199.2384,199.2384
p44-dog-0004/004,brics-odroid-026_cam1,16,2,0,bad|bad,2,314.2151,314.2151,333.8342,336.2866,338.739
p44-dog-0004/004,brics-odroid-026_cam1,160,2,1,bad|zero_sentinel,1,203.1936,203.1936,203.1936,203.1936,203.1936
p44-dog-0004/004,brics-odroid-026_cam1,176,2,1,bad|zero_sentinel,1,180.4299,180.4299,180.4299,180.4299,180.4299
p44-dog-0004/004,brics-odroid-026_cam1,192,2,1,bad|zero_sentinel,1,185.9168,185.9168,185.9168,185.9168,185.9168
p44-dog-0004/004,brics-odroid-026_cam1,208,2,2,zero_sentinel|zero_sentinel,,,,,,
p44-dog-0004/004,brics-odroid-026_cam1,224,2,0,bad|bad,2,306.5432,306.5432,316.4977,317.742,318.9863
p44-dog-0004/004,brics-odroid-026_cam1,240,2,1,medium|zero_sentinel,1,10.2898,10.2898,10.2898,10.2898,10.2898
p44-dog-0004/004,brics-odroid-026_cam1,256,2,0,bad|good,2,80.8884,80.8884,139.1453,146.4274,153.7095
p44-dog-0004/004,brics-odroid-026_cam1,272,2,0,bad|good,2,82.6757,82.6757,145.4035,153.2445,161.0855
p44-dog-0004/004,brics-odroid-026_cam1,288,2,1,bad|zero_sentinel,1,156.7603,156.7603,156.7603,156.7603,156.7603
p44-dog-0004/004,brics-odroid-026_cam1,304,2,1,medium|zero_sentinel,1,12.9038,12.9038,12.9038,12.9038,12.9038
p44-dog-0004/004,brics-odroid-026_cam1,32,2,1,bad|zero_sentinel,1,289.6299,289.6299,289.6299,289.6299,289.6299
p44-dog-0004/004,brics-odroid-026_cam1,48,2,1,medium|zero_sentinel,1,18.1992,18.1992,18.1992,18.1992,18.1992
p44-dog-0004/004,brics-odroid-026_cam1,64,2,0,bad|medium,2,137.0055,137.0055,229.8677,241.4755,253.0833
p44-dog-0004/004,brics-odroid-026_cam1,80,2,0,bad|medium,2,129.115,129.115,224.1293,236.0061,247.8829
p44-dog-0004/004,brics-odroid-026_cam1,96,2,1,medium|zero_sentinel,1,11.7318,11.7318,11.7318,11.7318,11.7318
p44-dog-0004/004,brics-odroid-027_cam0,0,2,2,zero_sentinel|zero_sentinel,,,,,,
p44-dog-0004/004,brics-odroid-027_cam0,112,2,2,zero_sentinel|zero_sentinel,,,,,,
p44-dog-0004/004,brics-odroid-027_cam0,128,2,2,zero_sentinel|zero_sentinel,,,,,,
p44-dog-0004/004,brics-odroid-027_cam0,144,2,0,bad|medium,2,82.4848,82.4848,139.5045,146.632,153.7595
p44-dog-0004/004,brics-odroid-027_cam0,16,2,2,zero_sentinel|zero_sentinel,,,,,,
p44-dog-0004/004,brics-odroid-027_cam0,160,2,2,zero_sentinel|zero_sentinel,,,,,,
p44-dog-0004/004,brics-odroid-027_cam0,176,2,1,bad|zero_sentinel,1,141.6096,141.6096,141.6096,141.6096,141.6096
p44-dog-0004/004,brics-odroid-027_cam0,192,2,0,bad|good,2,70.3549,70.3549,119.9635,126.1645,132.3656
p44-dog-0004/004,brics-odroid-027_cam0,208,2,2,zero_sentinel|zero_sentinel,,,,,,
p44-dog-0004/004,brics-odroid-027_cam0,224,2,2,zero_sentinel|zero_sentinel,,,,,,
p44-dog-0004/004,brics-odroid-027_cam0,240,2,2,zero_sentinel|zero_sentinel,,,,,,
p44-dog-0004/004,brics-odroid-027_cam0,256,2,2,zero_sentinel|zero_sentinel,,,,,,
p44-dog-0004/004,brics-odroid-027_cam0,272,2,1,bad|zero_sentinel,1,167.5138,167.5138,167.5138,167.5138,167.5138
p44-dog-0004/004,brics-odroid-027_cam0,288,2,2,zero_sentinel|zero_sentinel,,,,,,
p44-dog-0004/004,brics-odroid-027_cam0,304,2,2,zero_sentinel|zero_sentinel,,,,,,
p44-dog-0004/004,brics-odroid-027_cam0,32,2,2,zero_sentinel|zero_sentinel,,,,,,
p44-dog-0004/004,brics-odroid-027_cam0,48,2,2,zero_sentinel|zero_sentinel,,,,,,
p44-dog-0004/004,brics-odroid-027_cam0,64,2,2,zero_sentinel|zero_sentinel,,,,,,
p44-dog-0004/004,brics-odroid-027_cam0,80,2,2,zero_sentinel|zero_sentinel,,,,,,
p44-dog-0004/004,brics-odroid-027_cam0,96,2,2,zero_sentinel|zero_sentinel,,,,,,
p44-dog-0004/004,brics-odroid-027_cam1,0,2,2,zero_sentinel|zero_sentinel,,,,,,
p44-dog-0004/004,brics-odroid-027_cam1,112,2,2,zero_sentinel|zero_sentinel,,,,,,
p44-dog-0004/004,brics-odroid-027_cam1,128,2,2,zero_sentinel|zero_sentinel,,,,,,
p44-dog-0004/004,brics-odroid-027_cam1,144,2,0,bad|bad,2,152.8592,152.8592,218.505,226.7107,234.9164
p44-dog-0004/004,brics-odroid-027_cam1,16,2,2,zero_sentinel|zero_sentinel,,,,,,
p44-dog-0004/004,brics-odroid-027_cam1,160,2,2,zero_sentinel|zero_sentinel,,,,,,
p44-dog-0004/004,brics-odroid-027_cam1,176,2,2,zero_sentinel|zero_sentinel,,,,,,
p44-dog-0004/004,brics-odroid-027_cam1,192,2,2,zero_sentinel|zero_sentinel,,,,,,
p44-dog-0004/004,brics-odroid-027_cam1,208,2,2,zero_sentinel|zero_sentinel,,,,,,
p44-dog-0004/004,brics-odroid-027_cam1,224,2,2,zero_sentinel|zero_sentinel,,,,,,
p44-dog-0004/004,brics-odroid-027_cam1,240,2,2,zero_sentinel|zero_sentinel,,,,,,
p44-dog-0004/004,brics-odroid-027_cam1,256,2,2,zero_sentinel|zero_sentinel,,,,,,
p44-dog-0004/004,brics-odroid-027_cam1,272,2,2,zero_sentinel|zero_sentinel,,,,,,
p44-dog-0004/004,brics-odroid-027_cam1,288,2,2,zero_sentinel|zero_sentinel,,,,,,
p44-dog-0004/004,brics-odroid-027_cam1,304,2,2,zero_sentinel|zero_sentinel,,,,,,
p44-dog-0004/004,brics-odroid-027_cam1,32,2,2,zero_sentinel|zero_sentinel,,,,,,
p44-dog-0004/004,brics-odroid-027_cam1,48,2,2,zero_sentinel|zero_sentinel,,,,,,
p44-dog-0004/004,brics-odroid-027_cam1,64,2,2,zero_sentinel|zero_sentinel,,,,,,
p44-dog-0004/004,brics-odroid-027_cam1,80,2,2,zero_sentinel|zero_sentinel,,,,,,
p44-dog-0004/004,brics-odroid-027_cam1,96,2,2,zero_sentinel|zero_sentinel,,,,,,
p44-dog-0004/004,brics-odroid-028_cam0,0,2,0,bad|medium,2,87.3199,87.3199,116.6796,120.3495,124.0195
p44-dog-0004/004,brics-odroid-028_cam0,112,2,0,bad|bad,2,89.6107,89.6107,111.7932,114.566,117.3388
p44-dog-0004/004,brics-odroid-028_cam0,128,2,1,bad|zero_sentinel,1,89.1823,89.1823,89.1823,89.1823,89.1823
p44-dog-0004/004,brics-odroid-028_cam0,144,2,0,bad|medium,2,74.3216,74.3216,99.8691,103.0626,106.256
p44-dog-0004/004,brics-odroid-028_cam0,16,2,0,bad|medium,2,80.0862,80.0862,100.1739,102.6848,105.1958
p44-dog-0004/004,brics-odroid-028_cam0,160,2,0,bad|medium,2,83.2836,83.2836,114.4079,118.2984,122.1889
p44-dog-0004/004,brics-odroid-028_cam0,176,2,0,bad|medium,2,73.3324,73.3324,92.9468,95.3986,97.8504
p44-dog-0004/004,brics-odroid-028_cam0,192,2,1,medium|zero_sentinel,1,52.2663,52.2663,52.2663,52.2663,52.2663
p44-dog-0004/004,brics-odroid-028_cam0,208,2,1,medium|zero_sentinel,1,52.3113,52.3113,52.3113,52.3113,52.3113
p44-dog-0004/004,brics-odroid-028_cam0,224,2,0,bad|bad,2,336.3519,336.3519,384.5253,390.547,396.5687
p44-dog-0004/004,brics-odroid-028_cam0,240,2,0,bad|bad,2,262.5038,262.5038,326.4032,334.3906,342.378
p44-dog-0004/004,brics-odroid-028_cam0,256,2,0,bad|bad,2,121.6968,121.6968,145.8494,148.8684,151.8875
p44-dog-0004/004,brics-odroid-028_cam0,272,2,0,bad|bad,2,124.3897,124.3897,151.6387,155.0449,158.451
p44-dog-0004/004,brics-odroid-028_cam0,288,2,0,bad|bad,2,113.5611,113.5611,132.2334,134.5674,136.9014
p44-dog-0004/004,brics-odroid-028_cam0,304,2,0,bad|bad,2,226.3471,226.3471,276.5018,282.7712,289.0405
p44-dog-0004/004,brics-odroid-028_cam0,32,2,0,bad|medium,2,85.7158,85.7158,110.0403,113.0808,116.1214
p44-dog-0004/004,brics-odroid-028_cam0,48,2,0,bad|bad,2,88.1987,88.1987,108.5507,111.0947,113.6387
p44-dog-0004/004,brics-odroid-028_cam0,64,2,0,bad|bad,2,95.0189,95.0189,121.5652,124.8835,128.2018
p44-dog-0004/004,brics-odroid-028_cam0,80,2,0,bad|bad,2,97.2608,97.2608,125.1798,128.6696,132.1595
p44-dog-0004/004,brics-odroid-028_cam0,96,2,0,bad|bad,2,97.8621,97.8621,124.8169,128.1863,131.5556
p44-dog-0004/004,brics-odroid-029_cam0,0,2,1,bad|zero_sentinel,1,255.4161,255.4161,255.4161,255.4161,255.4161
p44-dog-0004/004,brics-odroid-029_cam0,112,2,1,medium|zero_sentinel,1,10.2493,10.2493,10.2493,10.2493,10.2493
p44-dog-0004/004,brics-odroid-029_cam0,128,2,1,good|zero_sentinel,1,9.7001,9.7001,9.7001,9.7001,9.7001
p44-dog-0004/004,brics-odroid-029_cam0,144,2,1,bad|zero_sentinel,1,183.5301,183.5301,183.5301,183.5301,183.5301
p44-dog-0004/004,brics-odroid-029_cam0,16,2,1,bad|zero_sentinel,1,260.2534,260.2534,260.2534,260.2534,260.2534
p44-dog-0004/004,brics-odroid-029_cam0,160,2,0,bad|medium,2,94.4669,94.4669,160.8755,169.1765,177.4776
p44-dog-0004/004,brics-odroid-029_cam0,176,2,0,bad|good,2,90.8962,90.8962,155.9122,164.0392,172.1662
p44-dog-0004/004,brics-odroid-029_cam0,192,2,1,bad|zero_sentinel,1,145.9594,145.9594,145.9594,145.9594,145.9594
p44-dog-0004/004,brics-odroid-029_cam0,208,2,1,bad|zero_sentinel,1,136.8473,136.8473,136.8473,136.8473,136.8473
p44-dog-0004/004,brics-odroid-029_cam0,224,2,1,bad|zero_sentinel,1,269.5594,269.5594,269.5594,269.5594,269.5594
p44-dog-0004/004,brics-odroid-029_cam0,240,2,1,bad|zero_sentinel,1,233.6437,233.6437,233.6437,233.6437,233.6437
p44-dog-0004/004,brics-odroid-029_cam0,256,2,1,bad|zero_sentinel,1,215.0686,215.0686,215.0686,215.0686,215.0686
p44-dog-0004/004,brics-odroid-029_cam0,272,2,1,bad|zero_sentinel,1,224.5937,224.5937,224.5937,224.5937,224.5937
p44-dog-0004/004,brics-odroid-029_cam0,288,2,1,bad|zero_sentinel,1,211.1989,211.1989,211.1989,211.1989,211.1989
p44-dog-0004/004,brics-odroid-029_cam0,304,2,0,bad|good,2,108.4448,108.4448,190.1469,200.3596,210.5724
p44-dog-0004/004,brics-odroid-029_cam0,32,2,0,bad|medium,2,144.9742,144.9742,250.3559,263.5286,276.7013
p44-dog-0004/004,brics-odroid-029_cam0,48,2,0,bad|good,2,153.2617,153.2617,271.6253,286.4207,301.2162
p44-dog-0004/004,brics-odroid-029_cam0,64,2,1,bad|zero_sentinel,1,273.7318,273.7318,273.7318,273.7318,273.7318
p44-dog-0004/004,brics-odroid-029_cam0,80,2,0,bad|medium,2,145.3131,145.3131,251.6235,264.9123,278.2011
p44-dog-0004/004,brics-odroid-029_cam0,96,2,0,bad|good,2,148.242,148.242,260.8884,274.9692,289.05
p44-dog-0004/004,brics-odroid-029_cam1,0,2,0,bad|medium,2,97.0143,97.0143,162.3649,170.5337,178.7025
p44-dog-0004/004,brics-odroid-029_cam1,112,2,0,bad|medium,2,143.1395,143.1395,245.3517,258.1282,270.9047
p44-dog-0004/004,brics-odroid-029_cam1,128,2,0,bad|bad,2,193.7219,193.7219,208.0585,209.8505,211.6426
p44-dog-0004/004,brics-odroid-029_cam1,144,2,1,bad|zero_sentinel,1,149.4818,149.4818,149.4818,149.4818,149.4818
p44-dog-0004/004,brics-odroid-029_cam1,16,2,0,bad|medium,2,120.8834,120.8834,202.2949,212.4714,222.6478
p44-dog-0004/004,brics-odroid-029_cam1,160,2,1,bad|zero_sentinel,1,144.6166,144.6166,144.6166,144.6166,144.6166
p44-dog-0004/004,brics-odroid-029_cam1,176,2,2,zero_sentinel|zero_sentinel,,,,,,
p44-dog-0004/004,brics-odroid-029_cam1,192,2,1,bad|zero_sentinel,1,114.6027,114.6027,114.6027,114.6027,114.6027
p44-dog-0004/004,brics-odroid-029_cam1,208,2,1,bad|zero_sentinel,1,108.9099,108.9099,108.9099,108.9099,108.9099
p44-dog-0004/004,brics-odroid-029_cam1,224,2,0,bad|bad,2,173.8224,173.8224,201.3592,204.8013,208.2434
p44-dog-0004/004,brics-odroid-029_cam1,240,2,0,bad|medium,2,123.7627,123.7627,207.4665,217.9294,228.3924
p44-dog-0004/004,brics-odroid-029_cam1,256,2,0,bad|medium,2,110.9075,110.9075,186.8009,196.2876,205.7743
p44-dog-0004/004,brics-odroid-029_cam1,272,2,0,bad|bad,2,205.1496,205.1496,212.3162,213.2121,214.1079
p44-dog-0004/004,brics-odroid-029_cam1,288,2,0,bad|bad,2,197.1636,197.1636,205.7161,206.7851,207.8542
p44-dog-0004/004,brics-odroid-029_cam1,304,2,0,bad|bad,2,190.8858,190.8858,207.2377,209.2817,211.3257
p44-dog-0004/004,brics-odroid-029_cam1,32,2,0,bad|medium,2,128.3507,128.3507,219.2503,230.6127,241.9752
p44-dog-0004/004,brics-odroid-029_cam1,48,2,1,bad|zero_sentinel,1,271.6065,271.6065,271.6065,271.6065,271.6065
p44-dog-0004/004,brics-odroid-029_cam1,64,2,2,zero_sentinel|zero_sentinel,,,,,,
p44-dog-0004/004,brics-odroid-029_cam1,80,2,0,bad|medium,2,139.1764,139.1764,237.1306,249.3749,261.6192
p44-dog-0004/004,brics-odroid-029_cam1,96,2,2,zero_sentinel|zero_sentinel,,,,,,
p44-dog-0004/004,brics-odroid-030_cam0,0,2,1,medium|zero_sentinel,1,24.4648,24.4648,24.4648,24.4648,24.4648
p44-dog-0004/004,brics-odroid-030_cam0,112,2,0,bad|medium,2,54.6957,54.6957,86.512,90.4891,94.4661
p44-dog-0004/004,brics-odroid-030_cam0,128,2,0,bad|medium,2,115.1666,115.1666,198.0827,208.4472,218.8117
p44-dog-0004/004,brics-odroid-030_cam0,144,2,2,zero_sentinel|zero_sentinel,,,,,,
p44-dog-0004/004,brics-odroid-030_cam0,16,2,0,bad|medium,2,118.6215,118.6215,196.0326,205.709,215.3854
p44-dog-0004/004,brics-odroid-030_cam0,160,2,1,bad|zero_sentinel,1,410.9141,410.9141,410.9141,410.9141,410.9141
p44-dog-0004/004,brics-odroid-030_cam0,176,2,2,zero_sentinel|zero_sentinel,,,,,,
p44-dog-0004/004,brics-odroid-030_cam0,192,2,2,zero_sentinel|zero_sentinel,,,,,,
p44-dog-0004/004,brics-odroid-030_cam0,208,2,2,zero_sentinel|zero_sentinel,,,,,,
p44-dog-0004/004,brics-odroid-030_cam0,224,2,0,bad|medium,2,103.6485,103.6485,172.7443,181.3812,190.0182
p44-dog-0004/004,brics-odroid-030_cam0,240,2,0,bad|medium,2,145.2773,145.2773,250.2969,263.4244,276.5518
p44-dog-0004/004,brics-odroid-030_cam0,256,2,1,bad|zero_sentinel,1,277.7699,277.7699,277.7699,277.7699,277.7699
p44-dog-0004/004,brics-odroid-030_cam0,272,2,0,bad|bad,2,294.3125,294.3125,295.3934,295.5285,295.6636
p44-dog-0004/004,brics-odroid-030_cam0,288,2,0,bad|bad,2,292.8469,292.8469,297.45,298.0254,298.6008
p44-dog-0004/004,brics-odroid-030_cam0,304,2,0,bad|bad,2,282.961,282.961,286.8987,287.3909,287.8831
p44-dog-0004/004,brics-odroid-030_cam0,32,2,1,bad|zero_sentinel,1,397.363,397.363,397.363,397.363,397.363
p44-dog-0004/004,brics-odroid-030_cam0,48,2,0,bad|medium,2,99.5606,99.5606,170.3508,179.1995,188.0483
p44-dog-0004/004,brics-odroid-030_cam0,64,2,2,zero_sentinel|zero_sentinel,,,,,,
p44-dog-0004/004,brics-odroid-030_cam0,80,2,2,zero_sentinel|zero_sentinel,,,,,,
p44-dog-0004/004,brics-odroid-030_cam0,96,2,2,zero_sentinel|zero_sentinel,,,,,,
p44-dog-0004/004,brics-odroid-030_cam1,0,2,2,zero_sentinel|zero_sentinel,,,,,,
p44-dog-0004/004,brics-odroid-030_cam1,112,2,0,bad|medium,2,240.7743,240.7743,418.7169,440.9598,463.2026
p44-dog-0004/004,brics-odroid-030_cam1,128,2,1,medium|zero_sentinel,1,16.8203,16.8203,16.8203,16.8203,16.8203
p44-dog-0004/004,brics-odroid-030_cam1,144,2,2,zero_sentinel|zero_sentinel,,,,,,
p44-dog-0004/004,brics-odroid-030_cam1,16,2,0,bad|bad,2,390.1296,390.1296,401.8085,403.2683,404.7282
p44-dog-0004/004,brics-odroid-030_cam1,160,2,1,bad|zero_sentinel,1,317.8647,317.8647,317.8647,317.8647,317.8647
p44-dog-0004/004,brics-odroid-030_cam1,176,2,2,zero_sentinel|zero_sentinel,,,,,,
p44-dog-0004/004,brics-odroid-030_cam1,192,2,2,zero_sentinel|zero_sentinel,,,,,,
p44-dog-0004/004,brics-odroid-030_cam1,208,2,2,zero_sentinel|zero_sentinel,,,,,,
p44-dog-0004/004,brics-odroid-030_cam1,224,2,2,zero_sentinel|zero_sentinel,,,,,,
p44-dog-0004/004,brics-odroid-030_cam1,240,2,0,bad|bad,2,374.2475,374.2475,374.5034,374.5354,374.5674
p44-dog-0004/004,brics-odroid-030_cam1,256,2,0,bad|bad,2,335.3671,335.3671,337.3249,337.5696,337.8143
p44-dog-0004/004,brics-odroid-030_cam1,272,2,0,bad|bad,2,364.4114,364.4114,364.7915,364.839,364.8865
p44-dog-0004/004,brics-odroid-030_cam1,288,2,0,bad|bad,2,343.4284,343.4284,346.0048,346.3269,346.6489
p44-dog-0004/004,brics-odroid-030_cam1,304,2,0,bad|bad,2,336.8118,336.8118,341.6974,342.3081,342.9188
p44-dog-0004/004,brics-odroid-030_cam1,32,2,0,bad|bad,2,414.4279,414.4279,418.2011,418.6727,419.1444
p44-dog-0004/004,brics-odroid-030_cam1,48,2,1,medium|zero_sentinel,1,15.4478,15.4478,15.4478,15.4478,15.4478
p44-dog-0004/004,brics-odroid-030_cam1,64,2,1,bad|zero_sentinel,1,410.9376,410.9376,410.9376,410.9376,410.9376
p44-dog-0004/004,brics-odroid-030_cam1,80,2,1,bad|zero_sentinel,1,419.9759,419.9759,419.9759,419.9759,419.9759
p44-dog-0004/004,brics-odroid-030_cam1,96,2,0,bad|bad,2,438.9453,438.9453,447.2566,448.2955,449.3344
p52-instrument-0034/034,brics-odroid-001_cam0,0,2,0,good|medium,2,14.605,14.605,20.4786,21.2128,21.947
p52-instrument-0034/034,brics-odroid-001_cam0,102,2,0,good|good,2,8.0631,8.0631,8.4322,8.4784,8.5245
p52-instrument-0034/034,brics-odroid-001_cam0,108,2,0,good|good,2,7.7932,7.7932,8.7218,8.8379,8.954
p52-instrument-0034/034,brics-odroid-001_cam0,114,2,0,good|good,2,8.7005,8.7005,9.521,9.6235,9.7261
p52-instrument-0034/034,brics-odroid-001_cam0,12,2,0,medium|medium,2,12.2591,12.2591,13.8192,14.0142,14.2092
p52-instrument-0034/034,brics-odroid-001_cam0,18,2,0,good|medium,2,12.9036,12.9036,15.9391,16.3186,16.698
p52-instrument-0034/034,brics-odroid-001_cam0,24,2,0,good|medium,2,17.9911,17.9911,25.9206,26.9118,27.903
p52-instrument-0034/034,brics-odroid-001_cam0,30,2,0,good|medium,2,13.7781,13.7781,17.5212,17.9891,18.457
p52-instrument-0034/034,brics-odroid-001_cam0,36,2,0,good|medium,2,10.5883,10.5883,13.1684,13.4909,13.8134
p52-instrument-0034/034,brics-odroid-001_cam0,42,2,0,good|medium,2,9.841,9.841,11.4078,11.6037,11.7995
p52-instrument-0034/034,brics-odroid-001_cam0,48,2,0,good|good,2,7.8134,7.8134,8.7629,8.8816,9.0003
p52-instrument-0034/034,brics-odroid-001_cam0,54,2,0,good|medium,2,10.2342,10.2342,11.159,11.2746,11.3902
p52-instrument-0034/034,brics-odroid-001_cam0,6,2,0,good|medium,2,15.3626,15.3626,20.483,21.123,21.7631
p52-instrument-0034/034,brics-odroid-001_cam0,60,2,0,good|medium,2,10.983,10.983,14.5606,15.0078,15.455
p52-instrument-0034/034,brics-odroid-001_cam0,66,2,0,good|medium,2,15.7306,15.7306,21.952,22.7296,23.5073
p52-instrument-0034/034,brics-odroid-001_cam0,72,2,0,good|medium,2,9.8876,9.8876,12.5847,12.9219,13.259
p52-instrument-0034/034,brics-odroid-001_cam0,78,2,0,good|medium,2,9.511,9.511,11.682,11.9534,12.2248
p52-instrument-0034/034,brics-odroid-001_cam0,84,2,0,good|good,2,7.6055,7.6055,8.2063,8.2814,8.3565
p52-instrument-0034/034,brics-odroid-001_cam0,90,2,0,good|good,2,8.7174,8.7174,9.6216,9.7346,9.8476
p52-instrument-0034/034,brics-odroid-001_cam0,96,2,0,good|medium,2,10.2125,10.2125,11.3248,11.4639,11.6029
p52-instrument-0034/034,brics-odroid-001_cam1,0,2,0,good|medium,2,10.0523,10.0523,11.1989,11.3423,11.4856
p52-instrument-0034/034,brics-odroid-001_cam1,102,2,0,good|medium,2,8.1794,8.1794,9.7555,9.9525,10.1495
p52-instrument-0034/034,brics-odroid-001_cam1,108,2,0,good|medium,2,9.2672,9.2672,11.2048,11.447,11.6892
p52-instrument-0034/034,brics-odroid-001_cam1,114,2,0,good|medium,2,8.3285,8.3285,10.3371,10.5882,10.8393
p52-instrument-0034/034,brics-odroid-001_cam1,12,2,0,medium|medium,2,12.9125,12.9125,15.1859,15.4701,15.7543
p52-instrument-0034/034,brics-odroid-001_cam1,18,2,0,medium|medium,2,10.9135,10.9135,11.2633,11.307,11.3507
p52-instrument-0034/034,brics-odroid-001_cam1,24,2,0,good|medium,2,11.3578,11.3578,13.1489,13.3728,13.5967
p52-instrument-0034/034,brics-odroid-001_cam1,30,2,0,medium|medium,2,13.6891,13.6891,14.7733,14.9088,15.0443
p52-instrument-0034/034,brics-odroid-001_cam1,36,2,0,good|medium,2,11.006,11.006,12.4379,12.6169,12.7959
p52-instrument-0034/034,brics-odroid-001_cam1,42,2,0,good|medium,2,7.7622,7.7622,9.9234,10.1935,10.4637
p52-instrument-0034/034,brics-odroid-001_cam1,48,2,0,good|medium,2,10.646,10.646,12.047,12.2221,12.3972
p52-instrument-0034/034,brics-odroid-001_cam1,54,2,0,good|medium,2,11.1523,11.1523,12.6,12.7809,12.9619
p52-instrument-0034/034,brics-odroid-001_cam1,6,2,0,good|medium,2,9.487,9.487,10.2857,10.3856,10.4854
p52-instrument-0034/034,brics-odroid-001_cam1,60,2,0,good|medium,2,9.9575,9.9575,11.6492,11.8606,12.0721
p52-instrument-0034/034,brics-odroid-001_cam1,66,2,0,good|medium,2,11.5787,11.5787,14.7488,15.145,15.5413
p52-instrument-0034/034,brics-odroid-001_cam1,72,2,0,good|medium,2,11.5909,11.5909,13.0627,13.2467,13.4307
p52-instrument-0034/034,brics-odroid-001_cam1,78,2,0,medium|medium,2,12.9581,12.9581,14.5495,14.7484,14.9473
p52-instrument-0034/034,brics-odroid-001_cam1,84,2,0,good|medium,2,10.7611,10.7611,13.0434,13.3287,13.614
p52-instrument-0034/034,brics-odroid-001_cam1,90,2,0,good|medium,2,10.9651,10.9651,12.0621,12.1992,12.3363
p52-instrument-0034/034,brics-odroid-001_cam1,96,2,0,good|good,2,7.8246,7.8246,8.6799,8.7869,8.8938
p52-instrument-0034/034,brics-odroid-002_cam0,0,2,0,good|medium,2,9.7813,9.7813,12.9258,13.3188,13.7119
p52-instrument-0034/034,brics-odroid-002_cam0,102,2,0,good|medium,2,8.9888,8.9888,11.3011,11.5902,11.8792
p52-instrument-0034/034,brics-odroid-002_cam0,108,2,0,good|medium,2,9.2946,9.2946,10.8461,11.0401,11.234
p52-instrument-0034/034,brics-odroid-002_cam0,114,2,0,good|good,2,7.7368,7.7368,9.3887,9.5952,9.8017
p52-instrument-0034/034,brics-odroid-002_cam0,12,2,0,good|medium,2,11.1482,11.1482,13.2143,13.4725,13.7308
p52-instrument-0034/034,brics-odroid-002_cam0,18,2,0,medium|medium,2,12.2368,12.2368,13.8754,14.0803,14.2851
p52-instrument-0034/034,brics-odroid-002_cam0,24,2,0,good|medium,2,9.4384,9.4384,12.3322,12.6939,13.0556
p52-instrument-0034/034,brics-odroid-002_cam0,30,2,0,good|medium,2,10.1678,10.1678,12.876,13.2146,13.5531
p52-instrument-0034/034,brics-odroid-002_cam0,36,2,0,good|medium,2,10.5283,10.5283,12.8705,13.1633,13.4561
p52-instrument-0034/034,brics-odroid-002_cam0,42,2,0,medium|medium,2,11.5617,11.5617,11.893,11.9344,11.9758
p52-instrument-0034/034,brics-odroid-002_cam0,48,2,0,good|medium,2,9.4332,9.4332,12.3179,12.6785,13.0391
p52-instrument-0034/034,brics-odroid-002_cam0,54,2,0,good|medium,2,8.3979,8.3979,10.1401,10.3579,10.5757
p52-instrument-0034/034,brics-odroid-002_cam0,6,2,0,good|medium,2,9.9926,9.9926,12.5204,12.8364,13.1524
p52-instrument-0034/034,brics-odroid-002_cam0,60,2,0,good|medium,2,9.5407,9.5407,11.4641,11.7045,11.9449
p52-instrument-0034/034,brics-odroid-002_cam0,66,2,0,medium|medium,2,10.8996,10.8996,11.1569,11.189,11.2212
p52-instrument-0034/034,brics-odroid-002_cam0,72,2,0,good|medium,2,10.4416,10.4416,11.6764,11.8307,11.9851
p52-instrument-0034/034,brics-odroid-002_cam0,78,2,0,good|medium,2,10.1298,10.1298,11.8936,12.1141,12.3346
p52-instrument-0034/034,brics-odroid-002_cam0,84,2,0,good|medium,2,9.4561,9.4561,11.2684,11.495,11.7215
p52-instrument-0034/034,brics-odroid-002_cam0,90,2,0,good|medium,2,9.4677,9.4677,11.4815,11.7332,11.9849
p52-instrument-0034/034,brics-odroid-002_cam0,96,2,0,good|medium,2,9.6618,9.6618,11.032,11.2033,11.3746
p52-instrument-0034/034,brics-odroid-006_cam0,0,2,0,good|good,2,7.0964,7.0964,7.3066,7.3329,7.3592
p52-instrument-0034/034,brics-odroid-006_cam0,102,2,0,good|good,2,5.8404,5.8404,6.7269,6.8377,6.9485
p52-instrument-0034/034,brics-odroid-006_cam0,108,2,0,good|good,2,6.4168,6.4168,7.2555,7.3604,7.4652
p52-instrument-0034/034,brics-odroid-006_cam0,114,2,0,good|good,2,6.2793,6.2793,7.2467,7.3676,7.4885
p52-instrument-0034/034,brics-odroid-006_cam0,12,2,0,good|good,2,7.2993,7.2993,7.9633,8.0463,8.1293
p52-instrument-0034/034,brics-odroid-006_cam0,18,2,0,good|good,2,7.2589,7.2589,7.6636,7.7142,7.7648
p52-instrument-0034/034,brics-odroid-006_cam0,24,2,0,good|good,2,7.237,7.237,7.4392,7.4645,7.4898
p52-instrument-0034/034,brics-odroid-006_cam0,30,2,0,good|good,2,7.3947,7.3947,7.8717,7.9314,7.991
p52-instrument-0034/034,brics-odroid-006_cam0,36,2,0,good|good,2,6.4588,6.4588,6.5501,6.5615,6.5729
p52-instrument-0034/034,brics-odroid-006_cam0,42,2,0,good|good,2,6.937,6.937,7.468,7.5343,7.6007
p52-instrument-0034/034,brics-odroid-006_cam0,48,2,0,good|good,2,4.8424,4.8424,5.0911,5.1221,5.1532
p52-instrument-0034/034,brics-odroid-006_cam0,54,2,0,good|good,2,7.1275,7.1275,7.2026,7.212,7.2214
p52-instrument-0034/034,brics-odroid-006_cam0,6,2,0,good|good,2,8.3269,8.3269,9.1276,9.2277,9.3278
p52-instrument-0034/034,brics-odroid-006_cam0,60,2,0,good|good,2,6.5124,6.5124,7.1502,7.23,7.3097
p52-instrument-0034/034,brics-odroid-006_cam0,66,2,0,good|good,2,6.7065,6.7065,6.7425,6.747,6.7515
p52-instrument-0034/034,brics-odroid-006_cam0,72,2,0,good|good,2,7.0039,7.0039,7.1895,7.2127,7.2359
p52-instrument-0034/034,brics-odroid-006_cam0,78,2,0,good|good,2,6.9764,6.9764,7.035,7.0424,7.0497
p52-instrument-0034/034,brics-odroid-006_cam0,84,2,0,good|good,2,6.8564,6.8564,6.9772,6.9923,7.0074
p52-instrument-0034/034,brics-odroid-006_cam0,90,2,0,good|good,2,7.0596,7.0596,7.4586,7.5085,7.5584
p52-instrument-0034/034,brics-odroid-006_cam0,96,2,0,good|good,2,7.1,7.1,7.265,7.2856,7.3062
p52-instrument-0034/034,brics-odroid-007_cam0,0,2,0,good|good,2,3.4656,3.4656,4.1498,4.2353,4.3208
p52-instrument-0034/034,brics-odroid-007_cam0,102,2,0,good|good,2,4.0952,4.0952,4.4924,4.5421,4.5917
p52-instrument-0034/034,brics-odroid-007_cam0,108,2,0,good|good,2,4.3958,4.3958,4.8733,4.933,4.9927
p52-instrument-0034/034,brics-odroid-007_cam0,114,2,0,good|good,2,4.1582,4.1582,4.5896,4.6435,4.6974
p52-instrument-0034/034,brics-odroid-007_cam0,12,2,0,good|good,2,5.1448,5.1448,6.0694,6.1849,6.3005
p52-instrument-0034/034,brics-odroid-007_cam0,18,2,0,good|good,2,4.553,4.553,5.646,5.7827,5.9193
p52-instrument-0034/034,brics-odroid-007_cam0,24,2,0,good|good,2,4.5565,4.5565,5.5063,5.625,5.7437
p52-instrument-0034/034,brics-odroid-007_cam0,30,2,0,good|good,2,4.4878,4.4878,5.1414,5.2231,5.3048
p52-instrument-0034/034,brics-odroid-007_cam0,36,2,0,good|good,2,6.7835,6.7835,8.1967,8.3734,8.55
p52-instrument-0034/034,brics-odroid-007_cam0,42,2,1,good|zero_sentinel,1,2.9366,2.9366,2.9366,2.9366,2.9366
p52-instrument-0034/034,brics-odroid-007_cam0,48,2,0,good|good,2,4.2024,4.2024,5.0411,5.146,5.2508
p52-instrument-0034/034,brics-odroid-007_cam0,54,2,0,good|good,2,3.3772,3.3772,3.9083,3.9747,4.0411
p52-instrument-0034/034,brics-odroid-007_cam0,6,2,0,good|good,2,3.2541,3.2541,4.22,4.3408,4.4615
p52-instrument-0034/034,brics-odroid-007_cam0,60,2,0,good|good,2,4.8132,4.8132,4.8667,4.8734,4.8801
p52-instrument-0034/034,brics-odroid-007_cam0,66,2,0,good|good,2,4.2231,4.2231,5.4988,5.6582,5.8177
p52-instrument-0034/034,brics-odroid-007_cam0,72,2,0,good|good,2,3.8232,3.8232,4.0198,4.0443,4.0689
p52-instrument-0034/034,brics-odroid-007_cam0,78,2,0,good|good,2,4.3675,4.3675,5.1626,5.262,5.3614
p52-instrument-0034/034,brics-odroid-007_cam0,84,2,0,good|good,2,3.785,3.785,4.3472,4.4174,4.4877
p52-instrument-0034/034,brics-odroid-007_cam0,90,2,0,good|good,2,4.3493,4.3493,4.868,4.9329,4.9977
p52-instrument-0034/034,brics-odroid-007_cam0,96,2,0,good|good,2,3.9099,3.9099,4.7792,4.8878,4.9965
p52-instrument-0034/034,brics-odroid-007_cam1,0,2,0,good|good,2,3.8603,3.8603,4.0355,4.0574,4.0793
p52-instrument-0034/034,brics-odroid-007_cam1,102,2,0,good|good,2,4.209,4.209,4.9443,5.0362,5.1281
p52-instrument-0034/034,brics-odroid-007_cam1,108,2,0,good|good,2,3.4426,3.4426,3.6318,3.6555,3.6791
p52-instrument-0034/034,brics-odroid-007_cam1,114,2,0,good|good,2,3.338,3.338,3.8698,3.9363,4.0028
p52-instrument-0034/034,brics-odroid-007_cam1,12,2,0,good|good,2,3.9018,3.9018,4.4408,4.5081,4.5755
p52-instrument-0034/034,brics-odroid-007_cam1,18,2,0,good|good,2,3.9592,3.9592,4.1935,4.2228,4.2521
p52-instrument-0034/034,brics-odroid-007_cam1,24,2,0,good|good,2,3.2752,3.2752,3.4236,3.4421,3.4607
p52-instrument-0034/034,brics-odroid-007_cam1,30,2,0,good|good,2,3.6296,3.6296,3.9015,3.9355,3.9695
p52-instrument-0034/034,brics-odroid-007_cam1,36,2,0,good|good,2,3.2988,3.2988,3.5472,3.5783,3.6093
p52-instrument-0034/034,brics-odroid-007_cam1,42,2,0,good|good,2,3.553,3.553,3.8486,3.8855,3.9225
p52-instrument-0034/034,brics-odroid-007_cam1,48,2,0,good|good,2,3.8038,3.8038,4.3505,4.4189,4.4872
p52-instrument-0034/034,brics-odroid-007_cam1,54,2,0,good|good,2,4.7016,4.7016,5.994,6.1555,6.3171
p52-instrument-0034/034,brics-odroid-007_cam1,6,2,0,good|good,2,3.57,3.57,3.6894,3.7044,3.7193
p52-instrument-0034/034,brics-odroid-007_cam1,60,2,0,good|good,2,3.0673,3.0673,3.2666,3.2915,3.3164
p52-instrument-0034/034,brics-odroid-007_cam1,66,2,0,good|good,2,3.7111,3.7111,3.9337,3.9615,3.9893
p52-instrument-0034/034,brics-odroid-007_cam1,72,2,0,good|good,2,3.4477,3.4477,3.5283,3.5384,3.5485
p52-instrument-0034/034,brics-odroid-007_cam1,78,2,0,good|good,2,4.3644,4.3644,5.331,5.4518,5.5726
p52-instrument-0034/034,brics-odroid-007_cam1,84,2,0,good|good,2,3.5033,3.5033,3.6566,3.6757,3.6949
p52-instrument-0034/034,brics-odroid-007_cam1,90,2,0,good|good,2,2.7286,2.7286,3.1783,3.2345,3.2907
p52-instrument-0034/034,brics-odroid-007_cam1,96,2,0,good|good,2,3.476,3.476,3.7704,3.8072,3.844
p52-instrument-0034/034,brics-odroid-008_cam0,0,2,2,zero_sentinel|zero_sentinel,,,,,,
p52-instrument-0034/034,brics-odroid-008_cam0,102,2,2,zero_sentinel|zero_sentinel,,,,,,
p52-instrument-0034/034,brics-odroid-008_cam0,108,2,2,zero_sentinel|zero_sentinel,,,,,,
p52-instrument-0034/034,brics-odroid-008_cam0,114,2,2,zero_sentinel|zero_sentinel,,,,,,
p52-instrument-0034/034,brics-odroid-008_cam0,12,2,2,zero_sentinel|zero_sentinel,,,,,,
p52-instrument-0034/034,brics-odroid-008_cam0,18,2,2,zero_sentinel|zero_sentinel,,,,,,
p52-instrument-0034/034,brics-odroid-008_cam0,24,2,2,zero_sentinel|zero_sentinel,,,,,,
p52-instrument-0034/034,brics-odroid-008_cam0,30,2,2,zero_sentinel|zero_sentinel,,,,,,
p52-instrument-0034/034,brics-odroid-008_cam0,36,2,2,zero_sentinel|zero_sentinel,,,,,,
p52-instrument-0034/034,brics-odroid-008_cam0,42,2,2,zero_sentinel|zero_sentinel,,,,,,
p52-instrument-0034/034,brics-odroid-008_cam0,48,2,2,zero_sentinel|zero_sentinel,,,,,,
p52-instrument-0034/034,brics-odroid-008_cam0,54,2,2,zero_sentinel|zero_sentinel,,,,,,
p52-instrument-0034/034,brics-odroid-008_cam0,6,2,2,zero_sentinel|zero_sentinel,,,,,,
p52-instrument-0034/034,brics-odroid-008_cam0,60,2,2,zero_sentinel|zero_sentinel,,,,,,
p52-instrument-0034/034,brics-odroid-008_cam0,66,2,2,zero_sentinel|zero_sentinel,,,,,,
p52-instrument-0034/034,brics-odroid-008_cam0,72,2,2,zero_sentinel|zero_sentinel,,,,,,
p52-instrument-0034/034,brics-odroid-008_cam0,78,2,2,zero_sentinel|zero_sentinel,,,,,,
p52-instrument-0034/034,brics-odroid-008_cam0,84,2,2,zero_sentinel|zero_sentinel,,,,,,
p52-instrument-0034/034,brics-odroid-008_cam0,90,2,2,zero_sentinel|zero_sentinel,,,,,,
p52-instrument-0034/034,brics-odroid-008_cam0,96,2,2,zero_sentinel|zero_sentinel,,,,,,
p52-instrument-0034/034,brics-odroid-009_cam1,0,2,0,good|good,2,3.8377,3.8377,4.1595,4.1998,4.24
p52-instrument-0034/034,brics-odroid-009_cam1,102,2,0,good|good,2,4.415,4.415,4.6489,4.6781,4.7073
p52-instrument-0034/034,brics-odroid-009_cam1,108,2,0,good|good,2,4.285,4.285,4.892,4.9679,5.0438
p52-instrument-0034/034,brics-odroid-009_cam1,114,2,0,good|good,2,4.0972,4.0972,4.9222,5.0253,5.1284
p52-instrument-0034/034,brics-odroid-009_cam1,12,2,0,good|good,2,4.0957,4.0957,5.114,5.2413,5.3686
p52-instrument-0034/034,brics-odroid-009_cam1,18,2,0,good|good,2,4.5274,4.5274,5.2016,5.2859,5.3702
p52-instrument-0034/034,brics-odroid-009_cam1,24,2,0,good|good,2,4.0972,4.0972,4.7044,4.7803,4.8562
p52-instrument-0034/034,brics-odroid-009_cam1,30,2,0,good|good,2,4.5968,4.5968,4.8341,4.8637,4.8934
p52-instrument-0034/034,brics-odroid-009_cam1,36,2,0,good|medium,2,7.6946,7.6946,9.8383,10.1062,10.3742
p52-instrument-0034/034,brics-odroid-009_cam1,42,2,0,good|good,2,5.0038,5.0038,5.5471,5.615,5.6829
p52-instrument-0034/034,brics-odroid-009_cam1,48,2,0,good|good,2,5.0577,5.0577,5.2743,5.3014,5.3285
p52-instrument-0034/034,brics-odroid-009_cam1,54,2,0,good|good,2,4.4381,4.4381,4.9279,4.9891,5.0503
p52-instrument-0034/034,brics-odroid-009_cam1,6,2,0,good|good,2,4.2328,4.2328,4.7619,4.8281,4.8942
p52-instrument-0034/034,brics-odroid-009_cam1,60,2,0,good|good,2,4.9855,4.9855,5.2311,5.2618,5.2925
p52-instrument-0034/034,brics-odroid-009_cam1,66,2,0,good|good,2,4.3216,4.3216,4.542,4.5696,4.5971
p52-instrument-0034/034,brics-odroid-009_cam1,72,2,0,good|good,2,3.8833,3.8833,4.5704,4.6563,4.7422
p52-instrument-0034/034,brics-odroid-009_cam1,78,2,0,good|good,2,4.8677,4.8677,5.1457,5.1804,5.2152
p52-instrument-0034/034,brics-odroid-009_cam1,84,2,0,good|good,2,4.2049,4.2049,4.4211,4.4482,4.4752
p52-instrument-0034/034,brics-odroid-009_cam1,90,2,0,good|good,2,5.1332,5.1332,5.2805,5.2989,5.3173
p52-instrument-0034/034,brics-odroid-009_cam1,96,2,0,good|good,2,4.514,4.514,4.9703,5.0274,5.0844
p52-instrument-0034/034,brics-odroid-010_cam0,0,2,0,good|medium,2,9.952,9.952,11.2783,11.4441,11.6099
p52-instrument-0034/034,brics-odroid-010_cam0,102,2,0,good|good,2,8.5274,8.5274,9.1715,9.252,9.3325
p52-instrument-0034/034,brics-odroid-010_cam0,108,2,0,good|good,2,7.5613,7.5613,8.3204,8.4153,8.5102
p52-instrument-0034/034,brics-odroid-010_cam0,114,2,0,good|good,2,7.3033,7.3033,7.8874,7.9604,8.0334
p52-instrument-0034/034,brics-odroid-010_cam0,12,2,0,good|medium,2,8.6989,8.6989,10.4493,10.6681,10.8869
p52-instrument-0034/034,brics-odroid-010_cam0,18,2,0,good|medium,2,9.0537,9.0537,9.8535,9.9535,10.0535
p52-instrument-0034/034,brics-odroid-010_cam0,24,2,0,good|good,2,8.2632,8.2632,8.7052,8.7605,8.8157
p52-instrument-0034/034,brics-odroid-010_cam0,30,2,0,good|medium,2,8.9072,8.9072,10.2366,10.4027,10.5689
p52-instrument-0034/034,brics-odroid-010_cam0,36,2,0,medium|medium,2,12.9893,12.9893,13.358,13.4041,13.4502
p52-instrument-0034/034,brics-odroid-010_cam0,42,2,0,good|medium,2,9.6792,9.6792,11.3786,11.591,11.8034
p52-instrument-0034/034,brics-odroid-010_cam0,48,2,0,good|medium,2,9.6256,9.6256,10.0342,10.0853,10.1364
p52-instrument-0034/034,brics-odroid-010_cam0,54,2,0,good|medium,2,8.5021,8.5021,10.5365,10.7908,11.0451
p52-instrument-0034/034,brics-odroid-010_cam0,6,2,0,good|medium,2,8.6463,8.6463,10.2973,10.5036,10.71
p52-instrument-0034/034,brics-odroid-010_cam0,60,2,0,good|medium,2,8.603,8.603,9.9941,10.168,10.3419
p52-instrument-0034/034,brics-odroid-010_cam0,66,2,0,good|medium,2,9.2872,9.2872,11.762,12.0713,12.3807
p52-instrument-0034/034,brics-odroid-010_cam0,72,2,0,good|good,2,8.1974,8.1974,9.579,9.7517,9.9244
p52-instrument-0034/034,brics-odroid-010_cam0,78,2,0,good|good,2,7.9417,7.9417,9.5215,9.7189,9.9164
p52-instrument-0034/034,brics-odroid-010_cam0,84,2,0,good|medium,2,9.839,9.839,10.9455,11.0838,11.2221
p52-instrument-0034/034,brics-odroid-010_cam0,90,2,0,good|medium,2,10.1791,10.1791,11.9752,12.1997,12.4242
p52-instrument-0034/034,brics-odroid-010_cam0,96,2,0,good|good,2,9.0012,9.0012,9.7353,9.827,9.9188
p52-instrument-0034/034,brics-odroid-010_cam1,0,2,0,bad|good,2,80.9112,80.9112,138.6125,145.8251,153.0378
p52-instrument-0034/034,brics-odroid-010_cam1,102,2,0,bad|good,2,96.475,96.475,166.6792,175.4548,184.2303
p52-instrument-0034/034,brics-odroid-010_cam1,108,2,0,bad|good,2,101.4561,101.4561,175.1042,184.3102,193.5162
p52-instrument-0034/034,brics-odroid-010_cam1,114,2,0,bad|good,2,99.7131,99.7131,172.8566,181.9996,191.1425
p52-instrument-0034/034,brics-odroid-010_cam1,12,2,0,bad|medium,2,61.5376,61.5376,99.3806,104.1109,108.8413
p52-instrument-0034/034,brics-odroid-010_cam1,18,2,0,bad|medium,2,60.859,60.859,97.963,102.601,107.239
p52-instrument-0034/034,brics-odroid-010_cam1,24,2,0,bad|medium,2,74.3901,74.3901,120.416,126.1693,131.9225
p52-instrument-0034/034,brics-odroid-010_cam1,30,2,0,bad|medium,2,89.0381,89.0381,149.8549,157.457,165.0591
p52-instrument-0034/034,brics-odroid-010_cam1,36,2,0,bad|medium,2,103.8909,103.8909,176.927,186.0565,195.186
p52-instrument-0034/034,brics-odroid-010_cam1,42,2,0,bad|medium,2,83.3898,83.3898,137.9228,144.7395,151.5561
p52-instrument-0034/034,brics-odroid-010_cam1,48,2,0,bad|medium,2,79.0245,79.0245,132.9306,139.6688,146.4071
p52-instrument-0034/034,brics-odroid-010_cam1,54,2,0,bad|medium,2,95.7556,95.7556,161.5658,169.7921,178.0184
p52-instrument-0034/034,brics-odroid-010_cam1,6,2,0,bad|medium,2,74.8511,74.8511,126.4877,132.9423,139.3969
p52-instrument-0034/034,brics-odroid-010_cam1,60,2,0,bad|medium,2,72.8982,72.8982,115.7548,121.1118,126.4689
p52-instrument-0034/034,brics-odroid-010_cam1,66,2,0,bad|medium,2,64.2802,64.2802,105.4283,110.5718,115.7153
p52-instrument-0034/034,brics-odroid-010_cam1,72,2,0,bad|medium,2,80.9723,80.9723,134.9549,141.7028,148.4506
p52-instrument-0034/034,brics-odroid-010_cam1,78,2,0,bad|medium,2,95.7695,95.7695,163.3106,171.7533,180.1959
p52-instrument-0034/034,brics-odroid-010_cam1,84,2,0,bad|good,2,93.4524,93.4524,160.3941,168.7618,177.1295
p52-instrument-0034/034,brics-odroid-010_cam1,90,2,0,bad|good,2,99.0588,99.0588,171.5055,180.5614,189.6172
p52-instrument-0034/034,brics-odroid-010_cam1,96,2,0,bad|good,2,97.9492,97.9492,169.2514,178.1641,187.0769
p52-instrument-0034/034,brics-odroid-011_cam0,0,2,0,good|good,2,3.37,3.37,3.5732,3.5986,3.624
p52-instrument-0034/034,brics-odroid-011_cam0,102,2,0,good|good,2,2.5736,2.5736,2.6773,2.6902,2.7032
p52-instrument-0034/034,brics-odroid-011_cam0,108,2,0,good|good,2,2.6634,2.6634,2.8435,2.866,2.8885
p52-instrument-0034/034,brics-odroid-011_cam0,114,2,0,good|good,2,2.9152,2.9152,3.0528,3.07,3.0872
p52-instrument-0034/034,brics-odroid-011_cam0,12,2,0,good|good,2,3.0732,3.0732,3.0915,3.0937,3.096
p52-instrument-0034/034,brics-odroid-011_cam0,18,2,0,good|good,2,3.0164,3.0164,3.4725,3.5295,3.5865
p52-instrument-0034/034,brics-odroid-011_cam0,24,2,0,good|good,2,2.4799,2.4799,2.7662,2.8019,2.8377
p52-instrument-0034/034,brics-odroid-011_cam0,30,2,0,good|good,2,3.0393,3.0393,3.2134,3.2351,3.2569
p52-instrument-0034/034,brics-odroid-011_cam0,36,2,0,good|good,2,3.5574,3.5574,3.5972,3.6022,3.6072
p52-instrument-0034/034,brics-odroid-011_cam0,42,2,0,good|good,2,3.0399,3.0399,3.4101,3.4563,3.5026
p52-instrument-0034/034,brics-odroid-011_cam0,48,2,0,good|good,2,2.6944,2.6944,3.1716,3.2313,3.2909
p52-instrument-0034/034,brics-odroid-011_cam0,54,2,0,good|good,2,2.7014,2.7014,2.7491,2.755,2.761
p52-instrument-0034/034,brics-odroid-011_cam0,6,2,0,good|good,2,2.9683,2.9683,3.1456,3.1677,3.1899
p52-instrument-0034/034,brics-odroid-011_cam0,60,2,0,good|good,2,2.8218,2.8218,2.8233,2.8235,2.8237
p52-instrument-0034/034,brics-odroid-011_cam0,66,2,0,good|good,2,2.8553,2.8553,3.133,3.1677,3.2024
p52-instrument-0034/034,brics-odroid-011_cam0,72,2,0,good|good,2,2.9289,2.9289,3.0744,3.0926,3.1108
p52-instrument-0034/034,brics-odroid-011_cam0,78,2,0,good|good,2,3.3077,3.3077,3.6346,3.6754,3.7163
p52-instrument-0034/034,brics-odroid-011_cam0,84,2,0,good|good,2,3.0162,3.0162,3.3412,3.3818,3.4224
p52-instrument-0034/034,brics-odroid-011_cam0,90,2,0,good|good,2,2.7864,2.7864,2.97,2.993,3.0159
p52-instrument-0034/034,brics-odroid-011_cam0,96,2,0,good|good,2,3.01,3.01,3.1586,3.1771,3.1957
p52-instrument-0034/034,brics-odroid-012_cam0,0,2,0,good|good,2,3.1768,3.1768,3.8165,3.8964,3.9764
p52-instrument-0034/034,brics-odroid-012_cam0,102,2,0,good|good,2,3.1421,3.1421,3.3144,3.336,3.3575
p52-instrument-0034/034,brics-odroid-012_cam0,108,2,0,good|good,2,2.8997,2.8997,3.0838,3.1069,3.1299
p52-instrument-0034/034,brics-odroid-012_cam0,114,2,0,good|good,2,3.0946,3.0946,3.2968,3.322,3.3473
p52-instrument-0034/034,brics-odroid-012_cam0,12,2,0,good|good,2,3.6325,3.6325,3.9086,3.9431,3.9776
p52-instrument-0034/034,brics-odroid-012_cam0,18,2,0,good|good,2,2.5323,2.5323,2.7669,2.7963,2.8256
p52-instrument-0034/034,brics-odroid-012_cam0,24,2,0,good|good,2,2.5472,2.5472,2.5982,2.6045,2.6109
p52-instrument-0034/034,brics-odroid-012_cam0,30,2,0,good|good,2,2.8923,2.8923,2.8959,2.8963,2.8968
p52-instrument-0034/034,brics-odroid-012_cam0,36,2,0,good|good,2,3.1963,3.1963,3.5877,3.6367,3.6856
p52-instrument-0034/034,brics-odroid-012_cam0,42,2,0,good|good,2,3.5337,3.5337,3.9234,3.9721,4.0208
p52-instrument-0034/034,brics-odroid-012_cam0,48,2,0,good|good,2,2.207,2.207,2.5052,2.5425,2.5798
p52-instrument-0034/034,brics-odroid-012_cam0,54,2,0,good|good,2,2.6612,2.6612,2.671,2.6722,2.6734
p52-instrument-0034/034,brics-odroid-012_cam0,6,2,1,good|zero_sentinel,1,3.1524,3.1524,3.1524,3.1524,3.1524
p52-instrument-0034/034,brics-odroid-012_cam0,60,2,0,good|good,2,3.3659,3.3659,3.8144,3.8704,3.9265
p52-instrument-0034/034,brics-odroid-012_cam0,66,2,0,good|good,2,2.6458,2.6458,3.241,3.3154,3.3898
p52-instrument-0034/034,brics-odroid-012_cam0,72,2,0,good|good,2,2.5091,2.5091,2.5105,2.5107,2.5109
p52-instrument-0034/034,brics-odroid-012_cam0,78,2,0,good|good,2,3.527,3.527,4.2941,4.39,4.4859
p52-instrument-0034/034,brics-odroid-012_cam0,84,2,0,good|good,2,3.4913,3.4913,3.7148,3.7428,3.7707
p52-instrument-0034/034,brics-odroid-012_cam0,90,2,0,good|good,2,2.7882,2.7882,2.9042,2.9187,2.9332
p52-instrument-0034/034,brics-odroid-012_cam0,96,2,0,good|good,2,3.1107,3.1107,3.1868,3.1963,3.2058
p52-instrument-0034/034,brics-odroid-012_cam1,0,2,0,good|good,2,4.2038,4.2038,4.4904,4.5262,4.562
p52-instrument-0034/034,brics-odroid-012_cam1,102,2,0,good|good,2,3.7751,3.7751,3.9422,3.9631,3.984
p52-instrument-0034/034,brics-odroid-012_cam1,108,2,0,good|good,2,3.9457,3.9457,4.2139,4.2475,4.281
p52-instrument-0034/034,brics-odroid-012_cam1,114,2,0,good|good,2,4.5394,4.5394,5.1018,5.1721,5.2424
p52-instrument-0034/034,brics-odroid-012_cam1,12,2,0,good|good,2,5.1727,5.1727,5.2054,5.2095,5.2136
p52-instrument-0034/034,brics-odroid-012_cam1,18,2,0,good|good,2,4.2901,4.2901,4.6023,4.6413,4.6803
p52-instrument-0034/034,brics-odroid-012_cam1,24,2,0,good|good,2,3.5032,3.5032,3.5624,3.5698,3.5772
p52-instrument-0034/034,brics-odroid-012_cam1,30,2,0,good|good,2,4.5602,4.5602,5.8008,5.9559,6.111
p52-instrument-0034/034,brics-odroid-012_cam1,36,2,0,good|good,2,7.2778,7.2778,9.3234,9.5791,9.8348
p52-instrument-0034/034,brics-odroid-012_cam1,42,2,0,good|good,2,4.2817,4.2817,4.8448,4.9152,4.9856
p52-instrument-0034/034,brics-odroid-012_cam1,48,2,0,good|good,2,4.7866,4.7866,5.8633,5.9979,6.1325
p52-instrument-0034/034,brics-odroid-012_cam1,54,2,0,good|good,2,3.9146,3.9146,4.1012,4.1246,4.1479
p52-instrument-0034/034,brics-odroid-012_cam1,6,2,0,good|good,2,4.8159,4.8159,5.3261,5.3898,5.4536
p52-instrument-0034/034,brics-odroid-012_cam1,60,2,0,good|good,2,6.1007,6.1007,6.7313,6.8102,6.889
p52-instrument-0034/034,brics-odroid-012_cam1,66,2,0,good|good,2,4.1432,4.1432,4.9076,5.0031,5.0987
p52-instrument-0034/034,brics-odroid-012_cam1,72,2,0,good|good,2,5.3995,5.3995,6.1202,6.2103,6.3004
p52-instrument-0034/034,brics-odroid-012_cam1,78,2,0,good|good,2,4.6089,4.6089,5.3563,5.4498,5.5432
p52-instrument-0034/034,brics-odroid-012_cam1,84,2,0,good|good,2,5.8424,5.8424,6.3131,6.372,6.4308
p52-instrument-0034/034,brics-odroid-012_cam1,90,2,0,good|good,2,5.0559,5.0559,5.9695,6.0837,6.1979
p52-instrument-0034/034,brics-odroid-012_cam1,96,2,0,good|good,2,3.8012,3.8012,4.0076,4.0334,4.0592
p52-instrument-0034/034,brics-odroid-014_cam1,0,2,0,bad|bad,2,338.0017,338.0017,341.9961,342.4954,342.9947
p52-instrument-0034/034,brics-odroid-014_cam1,102,2,1,bad|zero_sentinel,1,338.179,338.179,338.179,338.179,338.179
p52-instrument-0034/034,brics-odroid-014_cam1,108,2,0,bad|bad,2,355.2668,355.2668,359.2252,359.72,360.2148
p52-instrument-0034/034,brics-odroid-014_cam1,114,2,0,bad|bad,2,352.3846,352.3846,355.9451,356.3901,356.8352
p52-instrument-0034/034,brics-odroid-014_cam1,12,2,0,good|good,2,3.4432,3.4432,4.1246,4.2098,4.295
p52-instrument-0034/034,brics-odroid-014_cam1,18,2,0,good|good,2,3.6486,3.6486,3.9092,3.9417,3.9743
p52-instrument-0034/034,brics-odroid-014_cam1,24,2,1,good|zero_sentinel,1,4.3803,4.3803,4.3803,4.3803,4.3803
p52-instrument-0034/034,brics-odroid-014_cam1,30,2,0,good|good,2,4.5027,4.5027,4.8832,4.9308,4.9784
p52-instrument-0034/034,brics-odroid-014_cam1,36,2,0,bad|good,2,184.9214,184.9214,329.2416,347.2817,365.3217
p52-instrument-0034/034,brics-odroid-014_cam1,42,2,1,bad|zero_sentinel,1,313.6809,313.6809,313.6809,313.6809,313.6809
p52-instrument-0034/034,brics-odroid-014_cam1,48,2,1,bad|zero_sentinel,1,309.7633,309.7633,309.7633,309.7633,309.7633
p52-instrument-0034/034,brics-odroid-014_cam1,54,2,0,good|good,2,5.0177,5.0177,5.2927,5.327,5.3614
p52-instrument-0034/034,brics-odroid-014_cam1,6,2,0,bad|bad,2,319.7831,319.7831,321.7334,321.9772,322.221
p52-instrument-0034/034,brics-odroid-014_cam1,60,2,1,good|zero_sentinel,1,5.5315,5.5315,5.5315,5.5315,5.5315
p52-instrument-0034/034,brics-odroid-014_cam1,66,2,1,bad|zero_sentinel,1,290.3198,290.3198,290.3198,290.3198,290.3198
p52-instrument-0034/034,brics-odroid-014_cam1,72,2,1,good|zero_sentinel,1,3.8539,3.8539,3.8539,3.8539,3.8539
p52-instrument-0034/034,brics-odroid-014_cam1,78,2,0,good|medium,2,10.7338,10.7338,16.6296,17.3665,18.1035
p52-instrument-0034/034,brics-odroid-014_cam1,84,2,1,good|zero_sentinel,1,4.7447,4.7447,4.7447,4.7447,4.7447
p52-instrument-0034/034,brics-odroid-014_cam1,90,2,0,bad|good,2,177.0175,177.0175,315.0457,332.2993,349.5528
p52-instrument-0034/034,brics-odroid-014_cam1,96,2,1,bad|zero_sentinel,1,349.8659,349.8659,349.8659,349.8659,349.8659
p52-instrument-0034/034,brics-odroid-015_cam0,0,2,0,good|good,2,4.1007,4.1007,4.6955,4.7699,4.8442
p52-instrument-0034/034,brics-odroid-015_cam0,102,2,0,good|good,2,5.6341,5.6341,6.4873,6.5939,6.7006
p52-instrument-0034/034,brics-odroid-015_cam0,108,2,0,good|good,2,4.6952,4.6952,5.1879,5.2495,5.3111
p52-instrument-0034/034,brics-odroid-015_cam0,114,2,0,good|good,2,4.9876,4.9876,5.2634,5.2979,5.3324
p52-instrument-0034/034,brics-odroid-015_cam0,12,2,0,good|good,2,3.803,3.803,4.0999,4.137,4.1741
p52-instrument-0034/034,brics-odroid-015_cam0,18,2,0,good|good,2,3.7618,3.7618,4.074,4.1131,4.1521
p52-instrument-0034/034,brics-odroid-015_cam0,24,2,0,good|good,2,3.8256,3.8256,4.3147,4.3759,4.437
p52-instrument-0034/034,brics-odroid-015_cam0,30,2,0,good|good,2,4.2717,4.2717,4.5387,4.572,4.6054
p52-instrument-0034/034,brics-odroid-015_cam0,36,2,0,good|medium,2,7.6325,7.6325,10.0703,10.375,10.6797
p52-instrument-0034/034,brics-odroid-015_cam0,42,2,0,good|good,2,4.3156,4.3156,4.8584,4.9263,4.9941
p52-instrument-0034/034,brics-odroid-015_cam0,48,2,0,good|good,2,4.7877,4.7877,4.9668,4.9891,5.0115
p52-instrument-0034/034,brics-odroid-015_cam0,54,2,0,good|good,2,3.9857,3.9857,4.217,4.2459,4.2748
p52-instrument-0034/034,brics-odroid-015_cam0,6,2,0,good|good,2,4.0396,4.0396,4.8014,4.8967,4.9919
p52-instrument-0034/034,brics-odroid-015_cam0,60,2,0,good|good,2,4.7484,4.7484,4.8387,4.85,4.8613
p52-instrument-0034/034,brics-odroid-015_cam0,66,2,0,good|good,2,3.2265,3.2265,3.6599,3.7141,3.7683
p52-instrument-0034/034,brics-odroid-015_cam0,72,2,0,good|good,2,4.4762,4.4762,4.8963,4.9488,5.0013
p52-instrument-0034/034,brics-odroid-015_cam0,78,2,0,good|good,2,5.153,5.153,6.3969,6.5524,6.7079
p52-instrument-0034/034,brics-odroid-015_cam0,84,2,0,good|good,2,4.9975,4.9975,6.075,6.2097,6.3444
p52-instrument-0034/034,brics-odroid-015_cam0,90,2,0,good|good,2,4.3282,4.3282,5.1964,5.3049,5.4134
p52-instrument-0034/034,brics-odroid-015_cam0,96,2,0,good|good,2,4.9321,4.9321,5.8218,5.933,6.0442
p52-instrument-0034/034,brics-odroid-015_cam1,0,2,0,good|good,2,3.1821,3.1821,4.0276,4.1333,4.239
p52-instrument-0034/034,brics-odroid-015_cam1,102,2,0,good|good,2,4.0054,4.0054,4.5145,4.5781,4.6417
p52-instrument-0034/034,brics-odroid-015_cam1,108,2,0,good|good,2,4.0008,4.0008,5.1167,5.2562,5.3957
p52-instrument-0034/034,brics-odroid-015_cam1,114,2,0,good|good,2,4.0995,4.0995,5.1127,5.2393,5.366
p52-instrument-0034/034,brics-odroid-015_cam1,12,2,0,good|good,2,4.1319,4.1319,4.7235,4.7975,4.8714
p52-instrument-0034/034,brics-odroid-015_cam1,18,2,0,good|good,2,4.5182,4.5182,4.537,4.5393,4.5417
p52-instrument-0034/034,brics-odroid-015_cam1,24,2,0,good|good,2,4.2794,4.2794,4.7348,4.7918,4.8487
p52-instrument-0034/034,brics-odroid-015_cam1,30,2,0,good|good,2,3.7842,3.7842,4.3443,4.4143,4.4843
p52-instrument-0034/034,brics-odroid-015_cam1,36,2,0,good|good,2,5.1573,5.1573,5.6016,5.6572,5.7127
p52-instrument-0034/034,brics-odroid-015_cam1,42,2,0,good|good,2,4.2694,4.2694,5.2691,5.394,5.519
p52-instrument-0034/034,brics-odroid-015_cam1,48,2,0,good|good,2,4.2623,4.2623,5.1403,5.2501,5.3598
p52-instrument-0034/034,brics-odroid-015_cam1,54,2,0,good|good,2,4.3647,4.3647,5.1385,5.2352,5.3319
p52-instrument-0034/034,brics-odroid-015_cam1,6,2,0,good|good,2,4.013,4.013,4.3663,4.4105,4.4547
p52-instrument-0034/034,brics-odroid-015_cam1,60,2,0,good|good,2,4.3924,4.3924,5.5306,5.6728,5.8151
p52-instrument-0034/034,brics-odroid-015_cam1,66,2,0,good|good,2,4.6925,4.6925,5.1338,5.1889,5.2441
p52-instrument-0034/034,brics-odroid-015_cam1,72,2,0,good|good,2,4.024,4.024,4.0704,4.0762,4.082
p52-instrument-0034/034,brics-odroid-015_cam1,78,2,0,good|good,2,4.3688,4.3688,5.3844,5.5114,5.6383
p52-instrument-0034/034,brics-odroid-015_cam1,84,2,0,good|good,2,3.9236,3.9236,4.5464,4.6242,4.7021
p52-instrument-0034/034,brics-odroid-015_cam1,90,2,0,good|good,2,4.0517,4.0517,4.4535,4.5038,4.554
p52-instrument-0034/034,brics-odroid-015_cam1,96,2,0,good|good,2,3.9455,3.9455,4.3593,4.411,4.4627
p52-instrument-0034/034,brics-odroid-016_cam0,0,2,0,good|good,2,4.242,4.242,4.4708,4.4994,4.528
p52-instrument-0034/034,brics-odroid-016_cam0,102,2,0,good|good,2,5.722,5.722,8.0866,8.3821,8.6777
p52-instrument-0034/034,brics-odroid-016_cam0,108,2,0,good|good,2,4.4974,4.4974,6.3346,6.5642,6.7939
p52-instrument-0034/034,brics-odroid-016_cam0,114,2,0,good|good,2,3.4949,3.4949,4.8638,5.0349,5.206
p52-instrument-0034/034,brics-odroid-016_cam0,12,2,0,good|good,2,4.5845,4.5845,5.4017,5.5038,5.606
p52-instrument-0034/034,brics-odroid-016_cam0,18,2,0,good|good,2,3.5614,3.5614,4.6632,4.801,4.9387
p52-instrument-0034/034,brics-odroid-016_cam0,24,2,0,good|good,2,4.9941,4.9941,6.2716,6.4313,6.591
p52-instrument-0034/034,brics-odroid-016_cam0,30,2,0,good|good,2,5.1219,5.1219,6.3975,6.5569,6.7164
p52-instrument-0034/034,brics-odroid-016_cam0,36,2,0,good|good,2,6.6242,6.6242,8.227,8.4274,8.6277
p52-instrument-0034/034,brics-odroid-016_cam0,42,2,0,good|medium,2,8.1523,8.1523,11.4183,11.8265,12.2348
p52-instrument-0034/034,brics-odroid-016_cam0,48,2,0,good|good,2,4.0105,4.0105,4.7603,4.854,4.9477
p52-instrument-0034/034,brics-odroid-016_cam0,54,2,0,good|good,2,5.2219,5.2219,6.8843,7.0921,7.2999
p52-instrument-0034/034,brics-odroid-016_cam0,6,2,0,good|good,2,4.2114,4.2114,4.2115,4.2115,4.2115
p52-instrument-0034/034,brics-odroid-016_cam0,60,2,0,good|good,2,5.5746,5.5746,6.4705,6.5825,6.6945
p52-instrument-0034/034,brics-odroid-016_cam0,66,2,0,good|good,2,4.0503,4.0503,5.5369,5.7227,5.9085
p52-instrument-0034/034,brics-odroid-016_cam0,72,2,0,good|good,2,6.4604,6.4604,8.481,8.7335,8.9861
p52-instrument-0034/034,brics-odroid-016_cam0,78,2,0,good|good,2,5.8832,5.8832,7.5332,7.7395,7.9457
p52-instrument-0034/034,brics-odroid-016_cam0,84,2,0,good|good,2,5.2767,5.2767,6.0085,6.1,6.1915
p52-instrument-0034/034,brics-odroid-016_cam0,90,2,0,good|good,2,4.6937,4.6937,6.1107,6.2878,6.4649
p52-instrument-0034/034,brics-odroid-016_cam0,96,2,0,good|good,2,5.7561,5.7561,7.3481,7.5471,7.7461
p52-instrument-0034/034,brics-odroid-017_cam0,0,2,0,good|medium,2,11.4344,11.4344,15.4974,16.0053,16.5132
p52-instrument-0034/034,brics-odroid-017_cam0,102,2,0,good|medium,2,10.6678,10.6678,16.5779,17.3166,18.0554
p52-instrument-0034/034,brics-odroid-017_cam0,108,2,0,good|medium,2,9.3645,9.3645,14.4287,15.0618,15.6948
p52-instrument-0034/034,brics-odroid-017_cam0,114,2,0,good|medium,2,8.8801,8.8801,13.5353,14.1172,14.6991
p52-instrument-0034/034,brics-odroid-017_cam0,12,2,0,good|medium,2,9.5266,9.5266,14.8918,15.5625,16.2331
p52-instrument-0034/034,brics-odroid-017_cam0,18,2,0,good|medium,2,9.7614,9.7614,14.7638,15.3891,16.0144
p52-instrument-0034/034,brics-odroid-017_cam0,24,2,0,good|medium,2,9.8099,9.8099,14.4679,15.0501,15.6324
p52-instrument-0034/034,brics-odroid-017_cam0,30,2,0,good|medium,2,10.4313,10.4313,14.3861,14.8804,15.3748
p52-instrument-0034/034,brics-odroid-017_cam0,36,2,0,good|medium,2,9.9686,9.9686,14.8559,15.4668,16.0777
p52-instrument-0034/034,brics-odroid-017_cam0,42,2,0,good|medium,2,9.3046,9.3046,12.4809,12.878,13.275
p52-instrument-0034/034,brics-odroid-017_cam0,48,2,0,good|medium,2,11.1236,11.1236,16.549,17.2271,17.9053
p52-instrument-0034/034,brics-odroid-017_cam0,54,2,0,good|medium,2,9.0501,9.0501,11.711,12.0436,12.3762
p52-instrument-0034/034,brics-odroid-017_cam0,6,2,0,good|medium,2,11.3392,11.3392,16.377,17.0068,17.6365
p52-instrument-0034/034,brics-odroid-017_cam0,60,2,0,good|medium,2,10.0473,10.0473,13.3579,13.7718,14.1856
p52-instrument-0034/034,brics-odroid-017_cam0,66,2,2,zero_sentinel|zero_sentinel,,,,,,
p52-instrument-0034/034,brics-odroid-017_cam0,72,2,0,good|medium,2,10.9344,10.9344,14.0617,14.4526,14.8435
p52-instrument-0034/034,brics-odroid-017_cam0,78,2,0,good|medium,2,10.492,10.492,15.2379,15.8312,16.4244
p52-instrument-0034/034,brics-odroid-017_cam0,84,2,0,good|medium,2,10.3946,10.3946,15.4859,16.1223,16.7587
p52-instrument-0034/034,brics-odroid-017_cam0,90,2,0,good|medium,2,10.399,10.399,15.0114,15.5879,16.1645
p52-instrument-0034/034,brics-odroid-017_cam0,96,2,0,good|medium,2,9.2318,9.2318,13.3,13.8086,14.3171
p52-instrument-0034/034,brics-odroid-017_cam1,0,2,0,good|good,2,3.682,3.682,4.6541,4.7756,4.8971
p52-instrument-0034/034,brics-odroid-017_cam1,102,2,0,good|good,2,4.2152,4.2152,5.6617,5.8425,6.0233
p52-instrument-0034/034,brics-odroid-017_cam1,108,2,0,good|good,2,4.5933,4.5933,5.3842,5.483,5.5819
p52-instrument-0034/034,brics-odroid-017_cam1,114,2,0,good|good,2,4.5943,4.5943,5.0289,5.0833,5.1376
p52-instrument-0034/034,brics-odroid-017_cam1,12,2,0,good|good,2,5.8463,5.8463,6.5424,6.6294,6.7164
p52-instrument-0034/034,brics-odroid-017_cam1,18,2,0,good|good,2,5.15,5.15,6.2805,6.4219,6.5632
p52-instrument-0034/034,brics-odroid-017_cam1,24,2,0,good|good,2,4.4763,4.4763,5.4041,5.5201,5.6361
p52-instrument-0034/034,brics-odroid-017_cam1,30,2,0,good|good,2,3.9664,3.9664,5.4549,5.6409,5.827
p52-instrument-0034/034,brics-odroid-017_cam1,36,2,0,good|good,2,6.2974,6.2974,6.7438,6.7996,6.8554
p52-instrument-0034/034,brics-odroid-017_cam1,42,2,0,good|good,2,5.8316,5.8316,6.111,6.1459,6.1808
p52-instrument-0034/034,brics-odroid-017_cam1,48,2,0,good|good,2,6.2553,6.2553,6.6154,6.6604,6.7054
p52-instrument-0034/034,brics-odroid-017_cam1,54,2,0,good|good,2,4.3201,4.3201,5.0299,5.1187,5.2074
p52-instrument-0034/034,brics-odroid-017_cam1,6,2,0,good|good,2,4.9019,4.9019,5.6617,5.7567,5.8517
p52-instrument-0034/034,brics-odroid-017_cam1,60,2,0,good|good,2,6.0443,6.0443,6.2533,6.2795,6.3056
p52-instrument-0034/034,brics-odroid-017_cam1,66,2,0,good|good,2,5.1603,5.1603,6.4821,6.6474,6.8126
p52-instrument-0034/034,brics-odroid-017_cam1,72,2,0,good|good,2,5.0436,5.0436,6.4546,6.631,6.8074
p52-instrument-0034/034,brics-odroid-017_cam1,78,2,0,good|good,2,5.324,5.324,5.5786,5.6104,5.6422
p52-instrument-0034/034,brics-odroid-017_cam1,84,2,0,good|good,2,4.692,4.692,6.3309,6.5357,6.7406
p52-instrument-0034/034,brics-odroid-017_cam1,90,2,0,good|good,2,4.3739,4.3739,5.5473,5.694,5.8407
p52-instrument-0034/034,brics-odroid-017_cam1,96,2,0,good|good,2,4.5379,4.5379,5.1252,5.1986,5.272
p52-instrument-0034/034,brics-odroid-019_cam1,0,2,2,zero_sentinel|zero_sentinel,,,,,,
p52-instrument-0034/034,brics-odroid-019_cam1,102,2,2,zero_sentinel|zero_sentinel,,,,,,
p52-instrument-0034/034,brics-odroid-019_cam1,108,2,2,zero_sentinel|zero_sentinel,,,,,,
p52-instrument-0034/034,brics-odroid-019_cam1,114,2,2,zero_sentinel|zero_sentinel,,,,,,
p52-instrument-0034/034,brics-odroid-019_cam1,12,2,2,zero_sentinel|zero_sentinel,,,,,,
p52-instrument-0034/034,brics-odroid-019_cam1,18,2,2,zero_sentinel|zero_sentinel,,,,,,
p52-instrument-0034/034,brics-odroid-019_cam1,24,2,2,zero_sentinel|zero_sentinel,,,,,,
p52-instrument-0034/034,brics-odroid-019_cam1,30,2,2,zero_sentinel|zero_sentinel,,,,,,
p52-instrument-0034/034,brics-odroid-019_cam1,36,2,2,zero_sentinel|zero_sentinel,,,,,,
p52-instrument-0034/034,brics-odroid-019_cam1,42,2,2,zero_sentinel|zero_sentinel,,,,,,
p52-instrument-0034/034,brics-odroid-019_cam1,48,2,2,zero_sentinel|zero_sentinel,,,,,,
p52-instrument-0034/034,brics-odroid-019_cam1,54,2,2,zero_sentinel|zero_sentinel,,,,,,
p52-instrument-0034/034,brics-odroid-019_cam1,6,2,2,zero_sentinel|zero_sentinel,,,,,,
p52-instrument-0034/034,brics-odroid-019_cam1,60,2,2,zero_sentinel|zero_sentinel,,,,,,
p52-instrument-0034/034,brics-odroid-019_cam1,66,2,2,zero_sentinel|zero_sentinel,,,,,,
p52-instrument-0034/034,brics-odroid-019_cam1,72,2,2,zero_sentinel|zero_sentinel,,,,,,
p52-instrument-0034/034,brics-odroid-019_cam1,78,2,2,zero_sentinel|zero_sentinel,,,,,,
p52-instrument-0034/034,brics-odroid-019_cam1,84,2,2,zero_sentinel|zero_sentinel,,,,,,
p52-instrument-0034/034,brics-odroid-019_cam1,90,2,2,zero_sentinel|zero_sentinel,,,,,,
p52-instrument-0034/034,brics-odroid-019_cam1,96,2,2,zero_sentinel|zero_sentinel,,,,,,
p52-instrument-0034/034,brics-odroid-020_cam0,0,2,0,good|medium,2,9.95,9.95,10.0575,10.071,10.0844
p52-instrument-0034/034,brics-odroid-020_cam0,102,2,0,good|medium,2,10.3151,10.3151,10.711,10.7605,10.81
p52-instrument-0034/034,brics-odroid-020_cam0,108,2,0,medium|medium,2,11.361,11.361,12.2292,12.3377,12.4462
p52-instrument-0034/034,brics-odroid-020_cam0,114,2,0,good|medium,2,10.6027,10.6027,11.1495,11.2178,11.2862
p52-instrument-0034/034,brics-odroid-020_cam0,12,2,0,medium|medium,2,13.1649,13.1649,13.2089,13.2144,13.2199
p52-instrument-0034/034,brics-odroid-020_cam0,18,2,0,good|medium,2,9.9363,9.9363,11.126,11.2747,11.4234
p52-instrument-0034/034,brics-odroid-020_cam0,24,2,0,good|medium,2,9.7527,9.7527,11.1585,11.3342,11.5099
p52-instrument-0034/034,brics-odroid-020_cam0,30,2,0,medium|medium,2,10.3811,10.3811,10.4579,10.4675,10.4771
p52-instrument-0034/034,brics-odroid-020_cam0,36,2,0,good|medium,2,16.2675,16.2675,22.0403,22.7619,23.4835
p52-instrument-0034/034,brics-odroid-020_cam0,42,2,0,good|good,2,7.2846,7.2846,9.2188,9.4606,9.7024
p52-instrument-0034/034,brics-odroid-020_cam0,48,2,0,good|good,2,7.5945,7.5945,8.3995,8.5002,8.6008
p52-instrument-0034/034,brics-odroid-020_cam0,54,2,0,good|medium,2,9.9609,9.9609,10.8491,10.9601,11.0711
p52-instrument-0034/034,brics-odroid-020_cam0,6,2,0,good|medium,2,10.7711,10.7711,12.5824,12.8088,13.0352
p52-instrument-0034/034,brics-odroid-020_cam0,60,2,0,medium|medium,2,13.694,13.694,16.2186,16.5341,16.8497
p52-instrument-0034/034,brics-odroid-020_cam0,66,2,0,good|good,2,8.544,8.544,9.0314,9.0924,9.1533
p52-instrument-0034/034,brics-odroid-020_cam0,72,2,0,good|good,2,9.7525,9.7525,9.8277,9.8371,9.8465
p52-instrument-0034/034,brics-odroid-020_cam0,78,2,0,medium|medium,2,11.8469,11.8469,12.1188,12.1527,12.1867
p52-instrument-0034/034,brics-odroid-020_cam0,84,2,0,medium|medium,2,10.8635,10.8635,11.3226,11.38,11.4374
p52-instrument-0034/034,brics-odroid-020_cam0,90,2,0,good|medium,2,8.6289,8.6289,9.7583,9.8994,10.0406
p52-instrument-0034/034,brics-odroid-020_cam0,96,2,0,good|good,2,9.4085,9.4085,9.5131,9.5262,9.5393
p52-instrument-0034/034,brics-odroid-020_cam1,0,2,1,good|zero_sentinel,1,7.5283,7.5283,7.5283,7.5283,7.5283
p52-instrument-0034/034,brics-odroid-020_cam1,102,2,1,good|zero_sentinel,1,6.6372,6.6372,6.6372,6.6372,6.6372
p52-instrument-0034/034,brics-odroid-020_cam1,108,2,0,bad|good,2,181.4162,181.4162,320.2301,337.5819,354.9336
p52-instrument-0034/034,brics-odroid-020_cam1,114,2,0,bad|good,2,188.401,188.401,331.9932,349.9423,367.8913
p52-instrument-0034/034,brics-odroid-020_cam1,12,2,0,good|good,2,4.7903,4.7903,5.9553,6.101,6.2466
p52-instrument-0034/034,brics-odroid-020_cam1,18,2,0,good|good,2,5.661,5.661,7.0108,7.1796,7.3483
p52-instrument-0034/034,brics-odroid-020_cam1,24,2,0,good|good,2,5.7717,5.7717,6.8243,6.9559,7.0875
p52-instrument-0034/034,brics-odroid-020_cam1,30,2,2,zero_sentinel|zero_sentinel,,,,,,
p52-instrument-0034/034,brics-odroid-020_cam1,36,2,0,good|medium,2,8.9926,8.9926,9.7998,9.9007,10.0016
p52-instrument-0034/034,brics-odroid-020_cam1,42,2,0,good|good,2,5.88,5.88,7.8794,8.1293,8.3792
p52-instrument-0034/034,brics-odroid-020_cam1,48,2,0,bad|good,2,150.7969,150.7969,265.4067,279.7329,294.0591
p52-instrument-0034/034,brics-odroid-020_cam1,54,2,0,good|good,2,6.9415,6.9415,8.1371,8.2866,8.436
p52-instrument-0034/034,brics-odroid-020_cam1,6,2,1,medium|zero_sentinel,1,12.2081,12.2081,12.2081,12.2081,12.2081
p52-instrument-0034/034,brics-odroid-020_cam1,60,2,0,good|good,2,7.1869,7.1869,8.6699,8.8552,9.0406
p52-instrument-0034/034,brics-odroid-020_cam1,66,2,0,good|good,2,5.6214,5.6214,7.6935,7.9525,8.2115
p52-instrument-0034/034,brics-odroid-020_cam1,72,2,1,medium|zero_sentinel,1,14.9732,14.9732,14.9732,14.9732,14.9732
p52-instrument-0034/034,brics-odroid-020_cam1,78,2,0,bad|good,2,167.8539,167.8539,294.9045,310.7859,326.6672
p52-instrument-0034/034,brics-odroid-020_cam1,84,2,0,bad|medium,2,171.6164,171.6164,298.8634,314.7693,330.6752
p52-instrument-0034/034,brics-odroid-020_cam1,90,2,0,bad|good,2,184.2827,184.2827,326.0356,343.7547,361.4738
p52-instrument-0034/034,brics-odroid-020_cam1,96,2,0,bad|good,2,175.2606,175.2606,310.0288,326.8748,343.7208
p52-instrument-0034/034,brics-odroid-021_cam0,0,2,0,good|good,2,5.1806,5.1806,6.5251,6.6931,6.8612
p52-instrument-0034/034,brics-odroid-021_cam0,102,2,0,good|good,2,6.4663,6.4663,8.2377,8.4592,8.6806
p52-instrument-0034/034,brics-odroid-021_cam0,108,2,0,good|good,2,4.6278,4.6278,5.0285,5.0786,5.1287
p52-instrument-0034/034,brics-odroid-021_cam0,114,2,0,good|good,2,4.9104,4.9104,5.5589,5.6399,5.721
p52-instrument-0034/034,brics-odroid-021_cam0,12,2,0,good|good,2,4.9635,4.9635,6.4494,6.6352,6.8209
p52-instrument-0034/034,brics-odroid-021_cam0,18,2,0,good|good,2,6.2043,6.2043,7.8757,8.0846,8.2935
p52-instrument-0034/034,brics-odroid-021_cam0,24,2,0,good|good,2,6.0324,6.0324,7.7504,7.9651,8.1799
p52-instrument-0034/034,brics-odroid-021_cam0,30,2,0,good|good,2,6.4965,6.4965,6.9531,7.0102,7.0673
p52-instrument-0034/034,brics-odroid-021_cam0,36,2,0,good|good,2,4.8572,4.8572,4.953,4.965,4.977
p52-instrument-0034/034,brics-odroid-021_cam0,42,2,0,good|good,2,6.2599,6.2599,6.2949,6.2992,6.3036
p52-instrument-0034/034,brics-odroid-021_cam0,48,2,0,good|good,2,5.0785,5.0785,5.7872,5.8758,5.9644
p52-instrument-0034/034,brics-odroid-021_cam0,54,2,0,good|good,2,5.2443,5.2443,5.8674,5.9453,6.0232
p52-instrument-0034/034,brics-odroid-021_cam0,6,2,0,good|good,2,5.143,5.143,6.3488,6.4996,6.6503
p52-instrument-0034/034,brics-odroid-021_cam0,60,2,0,good|good,2,6.1582,6.1582,7.9549,8.1794,8.404
p52-instrument-0034/034,brics-odroid-021_cam0,66,2,0,good|good,2,5.2485,5.2485,5.9838,6.0757,6.1676
p52-instrument-0034/034,brics-odroid-021_cam0,72,2,0,good|good,2,5.167,5.167,5.2457,5.2555,5.2653
p52-instrument-0034/034,brics-odroid-021_cam0,78,2,0,good|good,2,4.7529,4.7529,5.1728,5.2253,5.2778
p52-instrument-0034/034,brics-odroid-021_cam0,84,2,0,good|good,2,4.9825,4.9825,6.0899,6.2283,6.3667
p52-instrument-0034/034,brics-odroid-021_cam0,90,2,0,good|good,2,5.6296,5.6296,6.193,6.2635,6.3339
p52-instrument-0034/034,brics-odroid-021_cam0,96,2,0,good|good,2,5.4418,5.4418,5.7624,5.8025,5.8426
p52-instrument-0034/034,brics-odroid-021_cam1,0,2,0,good|good,2,4.5595,4.5595,5.2153,5.2973,5.3793
p52-instrument-0034/034,brics-odroid-021_cam1,102,2,0,good|good,2,4.1083,4.1083,4.5159,4.5669,4.6178
p52-instrument-0034/034,brics-odroid-021_cam1,108,2,0,good|good,2,3.281,3.281,3.9313,4.0126,4.0939
p52-instrument-0034/034,brics-odroid-021_cam1,114,2,0,good|good,2,3.6669,3.6669,4.5447,4.6545,4.7642
p52-instrument-0034/034,brics-odroid-021_cam1,12,2,0,good|good,2,3.6439,3.6439,3.9863,4.0291,4.0719
p52-instrument-0034/034,brics-odroid-021_cam1,18,2,0,good|good,2,3.6479,3.6479,4.8773,5.0309,5.1846
p52-instrument-0034/034,brics-odroid-021_cam1,24,2,0,good|good,2,4.04,4.04,5.3532,5.5174,5.6815
p52-instrument-0034/034,brics-odroid-021_cam1,30,2,0,good|good,2,3.9345,3.9345,5.2743,5.4418,5.6093
p52-instrument-0034/034,brics-odroid-021_cam1,36,2,0,good|good,2,3.5406,3.5406,3.544,3.5444,3.5448
p52-instrument-0034/034,brics-odroid-021_cam1,42,2,0,good|good,2,3.3727,3.3727,3.4261,3.4327,3.4394
p52-instrument-0034/034,brics-odroid-021_cam1,48,2,0,good|good,2,4.2041,4.2041,5.4703,5.6285,5.7868
p52-instrument-0034/034,brics-odroid-021_cam1,54,2,0,good|good,2,3.2854,3.2854,3.9769,4.0634,4.1498
p52-instrument-0034/034,brics-odroid-021_cam1,6,2,0,good|good,2,3.4897,3.4897,3.7944,3.8325,3.8706
p52-instrument-0034/034,brics-odroid-021_cam1,60,2,0,good|good,2,4.2113,4.2113,4.9183,5.0066,5.095
p52-instrument-0034/034,brics-odroid-021_cam1,66,2,0,good|good,2,4.7649,4.7649,6.6354,6.8692,7.103
p52-instrument-0034/034,brics-odroid-021_cam1,72,2,0,good|good,2,4.3506,4.3506,4.8606,4.9244,4.9881
p52-instrument-0034/034,brics-odroid-021_cam1,78,2,0,good|good,2,3.9004,3.9004,4.7062,4.8069,4.9076
p52-instrument-0034/034,brics-odroid-021_cam1,84,2,1,good|zero_sentinel,1,3.7736,3.7736,3.7736,3.7736,3.7736
p52-instrument-0034/034,brics-odroid-021_cam1,90,2,0,good|good,2,3.5764,3.5764,4.6899,4.8291,4.9683
p52-instrument-0034/034,brics-odroid-021_cam1,96,2,0,good|good,2,3.501,3.501,3.9904,4.0515,4.1127
p52-instrument-0034/034,brics-odroid-022_cam0,0,2,0,medium|medium,2,53.0262,53.0262,53.9383,54.0524,54.1664
p52-instrument-0034/034,brics-odroid-022_cam0,102,2,0,medium|medium,2,53.0202,53.0202,55.3627,55.6556,55.9484
p52-instrument-0034/034,brics-odroid-022_cam0,108,2,0,medium|medium,2,52.3221,52.3221,54.3624,54.6175,54.8725
p52-instrument-0034/034,brics-odroid-022_cam0,114,2,0,medium|medium,2,52.4378,52.4378,55.6118,56.0086,56.4053
p52-instrument-0034/034,brics-odroid-022_cam0,12,2,0,medium|medium,2,56.0618,56.0618,58.2829,58.5606,58.8382
p52-instrument-0034/034,brics-odroid-022_cam0,18,2,0,medium|medium,2,54.389,54.389,55.7014,55.8654,56.0295
p52-instrument-0034/034,brics-odroid-022_cam0,24,2,0,medium|medium,2,52.7391,52.7391,54.7716,55.0256,55.2797
p52-instrument-0034/034,brics-odroid-022_cam0,30,2,0,medium|medium,2,52.1962,52.1962,53.2541,53.3864,53.5186
p52-instrument-0034/034,brics-odroid-022_cam0,36,2,0,medium|medium,2,55.2317,55.2317,57.0162,57.2393,57.4624
p52-instrument-0034/034,brics-odroid-022_cam0,42,2,0,medium|medium,2,50.7512,50.7512,54.6826,55.174,55.6654
p52-instrument-0034/034,brics-odroid-022_cam0,48,2,0,medium|medium,2,53.1883,53.1883,55.5696,55.8672,56.1649
p52-instrument-0034/034,brics-odroid-022_cam0,54,2,0,medium|medium,2,52.5408,52.5408,55.285,55.6281,55.9711
p52-instrument-0034/034,brics-odroid-022_cam0,6,2,0,medium|medium,2,54.5659,54.5659,57.5265,57.8965,58.2666
p52-instrument-0034/034,brics-odroid-022_cam0,60,2,0,medium|medium,2,54.8594,54.8594,56.2196,56.3896,56.5596
p52-instrument-0034/034,brics-odroid-022_cam0,66,2,0,medium|medium,2,53.2747,53.2747,56.0698,56.4192,56.7686
p52-instrument-0034/034,brics-odroid-022_cam0,72,2,0,medium|medium,2,54.2783,54.2783,57.765,58.2009,58.6367
p52-instrument-0034/034,brics-odroid-022_cam0,78,2,0,medium|medium,2,51.1227,51.1227,54.1139,54.4878,54.8617
p52-instrument-0034/034,brics-odroid-022_cam0,84,2,0,medium|medium,2,52.0608,52.0608,53.9146,54.1464,54.3781
p52-instrument-0034/034,brics-odroid-022_cam0,90,2,0,medium|medium,2,53.0686,53.0686,55.7159,56.0468,56.3777
p52-instrument-0034/034,brics-odroid-022_cam0,96,2,0,medium|medium,2,51.6471,51.6471,53.4617,53.6885,53.9153
p52-instrument-0034/034,brics-odroid-022_cam1,0,2,0,good|good,2,4.4281,4.4281,4.5683,4.5859,4.6034
p52-instrument-0034/034,brics-odroid-022_cam1,102,2,0,good|good,2,3.6225,3.6225,3.975,4.019,4.0631
p52-instrument-0034/034,brics-odroid-022_cam1,108,2,0,good|medium,2,11.2872,11.2872,17.8525,18.6731,19.4938
p52-instrument-0034/034,brics-odroid-022_cam1,114,2,0,good|medium,2,11.8612,11.8612,18.0795,18.8568,19.6341
p52-instrument-0034/034,brics-odroid-022_cam1,12,2,0,good|good,2,4.4867,4.4867,4.5014,4.5033,4.5051
p52-instrument-0034/034,brics-odroid-022_cam1,18,2,0,good|good,2,3.6257,3.6257,3.7245,3.7368,3.7492
p52-instrument-0034/034,brics-odroid-022_cam1,24,2,0,good|good,2,3.63,3.63,4.0997,4.1584,4.2171
p52-instrument-0034/034,brics-odroid-022_cam1,30,2,0,good|good,2,4.2877,4.2877,4.6669,4.7143,4.7617
p52-instrument-0034/034,brics-odroid-022_cam1,36,2,0,good|good,2,3.7012,3.7012,3.7383,3.743,3.7476
p52-instrument-0034/034,brics-odroid-022_cam1,42,2,0,good|good,2,4.5068,4.5068,5.2304,5.3209,5.4113
p52-instrument-0034/034,brics-odroid-022_cam1,48,2,0,good|good,2,3.9592,3.9592,4.6299,4.7138,4.7976
p52-instrument-0034/034,brics-odroid-022_cam1,54,2,0,good|good,2,4.4236,4.4236,4.847,4.8999,4.9528
p52-instrument-0034/034,brics-odroid-022_cam1,6,2,0,good|good,2,4.0006,4.0006,4.382,4.4296,4.4773
p52-instrument-0034/034,brics-odroid-022_cam1,60,2,0,good|good,2,3.4911,3.4911,3.7657,3.8001,3.8344
p52-instrument-0034/034,brics-odroid-022_cam1,66,2,0,good|good,2,3.8699,3.8699,3.8831,3.8847,3.8864
p52-instrument-0034/034,brics-odroid-022_cam1,72,2,0,good|good,2,4.5707,4.5707,4.7466,4.7686,4.7906
p52-instrument-0034/034,brics-odroid-022_cam1,78,2,0,good|good,2,4.0115,4.0115,4.3469,4.3889,4.4308
p52-instrument-0034/034,brics-odroid-022_cam1,84,2,0,good|good,2,4.2003,4.2003,4.2247,4.2277,4.2308
p52-instrument-0034/034,brics-odroid-022_cam1,90,2,0,good|good,2,3.8769,3.8769,4.0519,4.0737,4.0956
p52-instrument-0034/034,brics-odroid-022_cam1,96,2,0,good|good,2,3.7595,3.7595,4.0885,4.1296,4.1707
p52-instrument-0034/034,brics-odroid-023_cam0,0,2,0,good|medium,2,10.151,10.151,10.5363,10.5844,10.6326
p52-instrument-0034/034,brics-odroid-023_cam0,102,2,0,good|good,2,9.0724,9.0724,9.4558,9.5038,9.5517
p52-instrument-0034/034,brics-odroid-023_cam0,108,2,0,good|good,2,7.384,7.384,7.7515,7.7975,7.8434
p52-instrument-0034/034,brics-odroid-023_cam0,114,2,0,good|good,2,8.4139,8.4139,9.267,9.3737,9.4803
p52-instrument-0034/034,brics-odroid-023_cam0,12,2,0,good|good,2,6.5846,6.5846,8.4244,8.6543,8.8843
p52-instrument-0034/034,brics-odroid-023_cam0,18,2,0,good|good,2,8.7707,8.7707,9.4593,9.5454,9.6315
p52-instrument-0034/034,brics-odroid-023_cam0,24,2,0,good|good,2,8.4736,8.4736,8.8658,8.9149,8.9639
p52-instrument-0034/034,brics-odroid-023_cam0,30,2,0,good|good,2,8.409,8.409,8.5587,8.5774,8.5961
p52-instrument-0034/034,brics-odroid-023_cam0,36,2,0,good|good,2,8.0174,8.0174,9.3116,9.4734,9.6352
p52-instrument-0034/034,brics-odroid-023_cam0,42,2,0,good|good,2,8.8018,8.8018,9.1147,9.1538,9.1929
p52-instrument-0034/034,brics-odroid-023_cam0,48,2,0,good|medium,2,8.3795,8.3795,9.7193,9.8867,10.0542
p52-instrument-0034/034,brics-odroid-023_cam0,54,2,0,good|medium,2,10.4214,10.4214,11.0244,11.0998,11.1752
p52-instrument-0034/034,brics-odroid-023_cam0,6,2,0,good|good,2,7.3591,7.3591,7.4504,7.4618,7.4732
p52-instrument-0034/034,brics-odroid-023_cam0,60,2,0,good|medium,2,7.2588,7.2588,10.1544,10.5164,10.8783
p52-instrument-0034/034,brics-odroid-023_cam0,66,2,0,good|good,2,8.6439,8.6439,9.6353,9.7593,9.8832
p52-instrument-0034/034,brics-odroid-023_cam0,72,2,0,good|medium,2,11.1131,11.1131,12.1632,12.2944,12.4257
p52-instrument-0034/034,brics-odroid-023_cam0,78,2,0,good|medium,2,9.1539,9.1539,10.3235,10.4697,10.6159
p52-instrument-0034/034,brics-odroid-023_cam0,84,2,0,good|good,2,8.725,8.725,9.2747,9.3434,9.4121
p52-instrument-0034/034,brics-odroid-023_cam0,90,2,0,good|medium,2,10.1076,10.1076,10.2246,10.2393,10.2539
p52-instrument-0034/034,brics-odroid-023_cam0,96,2,0,good|good,2,9.4939,9.4939,9.6795,9.7027,9.7259
p52-instrument-0034/034,brics-odroid-024_cam0,0,2,0,good|good,2,6.995,6.995,7.3511,7.3956,7.4401
p52-instrument-0034/034,brics-odroid-024_cam0,102,2,0,good|good,2,6.1439,6.1439,6.343,6.3679,6.3928
p52-instrument-0034/034,brics-odroid-024_cam0,108,2,0,good|good,2,5.7392,5.7392,6.0143,6.0487,6.0831
p52-instrument-0034/034,brics-odroid-024_cam0,114,2,0,good|good,2,5.2875,5.2875,5.3732,5.3839,5.3946
p52-instrument-0034/034,brics-odroid-024_cam0,12,2,0,good|good,2,7.7276,7.7276,7.8001,7.8091,7.8182
p52-instrument-0034/034,brics-odroid-024_cam0,18,2,0,good|good,2,7.2959,7.2959,7.5961,7.6337,7.6712
p52-instrument-0034/034,brics-odroid-024_cam0,24,2,0,good|good,2,5.8305,5.8305,6.3138,6.3742,6.4346
p52-instrument-0034/034,brics-odroid-024_cam0,30,2,0,good|good,2,6.146,6.146,6.68,6.7467,6.8135
p52-instrument-0034/034,brics-odroid-024_cam0,36,2,0,good|medium,2,9.2362,9.2362,12.3071,12.6909,13.0748
p52-instrument-0034/034,brics-odroid-024_cam0,42,2,0,good|good,2,6.4941,6.4941,6.7664,6.8004,6.8344
p52-instrument-0034/034,brics-odroid-024_cam0,48,2,0,good|good,2,5.3267,5.3267,6.1668,6.2718,6.3768
p52-instrument-0034/034,brics-odroid-024_cam0,54,2,0,good|good,2,5.6741,5.6741,6.2511,6.3233,6.3954
p52-instrument-0034/034,brics-odroid-024_cam0,6,2,0,good|good,2,6.6208,6.6208,7.1908,7.262,7.3333
p52-instrument-0034/034,brics-odroid-024_cam0,60,2,0,good|medium,2,10.1329,10.1329,12.1401,12.391,12.6419
p52-instrument-0034/034,brics-odroid-024_cam0,66,2,0,good|good,2,5.8365,5.8365,6.2585,6.3113,6.364
p52-instrument-0034/034,brics-odroid-024_cam0,72,2,0,good|good,2,6.1261,6.1261,6.4659,6.5084,6.5509
p52-instrument-0034/034,brics-odroid-024_cam0,78,2,0,good|good,2,5.8238,5.8238,5.9861,6.0064,6.0267
p52-instrument-0034/034,brics-odroid-024_cam0,84,2,0,good|good,2,5.6117,5.6117,5.9003,5.9364,5.9725
p52-instrument-0034/034,brics-odroid-024_cam0,90,2,0,good|good,2,6.7259,6.7259,6.9601,6.9894,7.0187
p52-instrument-0034/034,brics-odroid-024_cam0,96,2,0,good|good,2,5.5721,5.5721,5.8251,5.8568,5.8884
p52-instrument-0034/034,brics-odroid-024_cam1,0,2,0,good|good,2,3.6768,3.6768,4.2287,4.2977,4.3667
p52-instrument-0034/034,brics-odroid-024_cam1,102,2,0,good|good,2,3.729,3.729,4.6537,4.7693,4.8849
p52-instrument-0034/034,brics-odroid-024_cam1,108,2,0,good|good,2,4.2295,4.2295,4.6736,4.7291,4.7846
p52-instrument-0034/034,brics-odroid-024_cam1,114,2,0,good|good,2,4.5228,4.5228,4.9294,4.9803,5.0311
p52-instrument-0034/034,brics-odroid-024_cam1,12,2,0,good|good,2,3.6414,3.6414,4.2711,4.3498,4.4285
p52-instrument-0034/034,brics-odroid-024_cam1,18,2,0,good|good,2,3.639,3.639,3.8544,3.8814,3.9083
p52-instrument-0034/034,brics-odroid-024_cam1,24,2,0,good|good,2,4.0458,4.0458,4.651,4.7267,4.8023
p52-instrument-0034/034,brics-odroid-024_cam1,30,2,0,good|good,2,4.2849,4.2849,4.4635,4.4859,4.5082
p52-instrument-0034/034,brics-odroid-024_cam1,36,2,0,good|good,2,6.5081,6.5081,7.4808,7.6024,7.724
p52-instrument-0034/034,brics-odroid-024_cam1,42,2,0,good|good,2,3.6904,3.6904,4.1858,4.2478,4.3097
p52-instrument-0034/034,brics-odroid-024_cam1,48,2,0,good|good,2,4.3279,4.3279,5.2946,5.4155,5.5363
p52-instrument-0034/034,brics-odroid-024_cam1,54,2,0,good|good,2,4.4828,4.4828,4.7395,4.7716,4.8037
p52-instrument-0034/034,brics-odroid-024_cam1,6,2,0,good|good,2,3.9891,3.9891,4.6198,4.6987,4.7775
p52-instrument-0034/034,brics-odroid-024_cam1,60,2,0,good|good,2,4.7153,4.7153,4.7872,4.7962,4.8052
p52-instrument-0034/034,brics-odroid-024_cam1,66,2,0,good|good,2,4.0942,4.0942,4.1519,4.1591,4.1663
p52-instrument-0034/034,brics-odroid-024_cam1,72,2,0,good|good,2,3.9672,3.9672,3.9877,3.9902,3.9928
p52-instrument-0034/034,brics-odroid-024_cam1,78,2,0,good|good,2,3.9038,3.9038,4.0651,4.0852,4.1054
p52-instrument-0034/034,brics-odroid-024_cam1,84,2,0,good|good,2,4.0873,4.0873,5.0811,5.2054,5.3296
p52-instrument-0034/034,brics-odroid-024_cam1,90,2,0,good|good,2,4.1216,4.1216,4.5498,4.6033,4.6568
p52-instrument-0034/034,brics-odroid-024_cam1,96,2,0,good|good,2,5.0144,5.0144,6.2135,6.3634,6.5133
p52-instrument-0034/034,brics-odroid-025_cam0,0,2,0,good|good,2,6.4418,6.4418,6.4935,6.4999,6.5064
p52-instrument-0034/034,brics-odroid-025_cam0,102,2,0,good|good,2,8.7682,8.7682,9.6843,9.7988,9.9133
p52-instrument-0034/034,brics-odroid-025_cam0,108,2,0,good|medium,2,8.5737,8.5737,9.747,9.8936,10.0403
p52-instrument-0034/034,brics-odroid-025_cam0,114,2,0,good|good,2,7.9547,7.9547,9.4491,9.6359,9.8227
p52-instrument-0034/034,brics-odroid-025_cam0,12,2,0,good|good,2,7.8613,7.8613,8.9053,9.0358,9.1663
p52-instrument-0034/034,brics-odroid-025_cam0,18,2,0,good|good,2,8.9295,8.9295,9.3797,9.436,9.4923
p52-instrument-0034/034,brics-odroid-025_cam0,24,2,0,good|good,2,7.4833,7.4833,7.7925,7.8312,7.8698
p52-instrument-0034/034,brics-odroid-025_cam0,30,2,0,good|good,2,6.5572,6.5572,7.3176,7.4127,7.5077
p52-instrument-0034/034,brics-odroid-025_cam0,36,2,0,good|good,2,6.1496,6.1496,6.8482,6.9356,7.0229
p52-instrument-0034/034,brics-odroid-025_cam0,42,2,0,good|good,2,7.4916,7.4916,8.0684,8.1405,8.2126
p52-instrument-0034/034,brics-odroid-025_cam0,48,2,0,good|good,2,7.7432,7.7432,8.4862,8.579,8.6719
p52-instrument-0034/034,brics-odroid-025_cam0,54,2,0,good|good,2,5.9303,5.9303,6.3216,6.3705,6.4194
p52-instrument-0034/034,brics-odroid-025_cam0,6,2,0,good|good,2,7.3449,7.3449,8.313,8.434,8.555
p52-instrument-0034/034,brics-odroid-025_cam0,60,2,0,good|good,2,7.715,7.715,8.4697,8.5641,8.6584
p52-instrument-0034/034,brics-odroid-025_cam0,66,2,0,good|good,2,7.3829,7.3829,7.8171,7.8714,7.9257
p52-instrument-0034/034,brics-odroid-025_cam0,72,2,0,good|good,2,7.272,7.272,7.7273,7.7842,7.8411
p52-instrument-0034/034,brics-odroid-025_cam0,78,2,0,good|good,2,8.5251,8.5251,9.1745,9.2557,9.3369
p52-instrument-0034/034,brics-odroid-025_cam0,84,2,0,good|medium,2,9.1096,9.1096,10.0602,10.179,10.2978
p52-instrument-0034/034,brics-odroid-025_cam0,90,2,0,good|good,2,6.7901,6.7901,7.3762,7.4494,7.5227
p52-instrument-0034/034,brics-odroid-025_cam0,96,2,0,good|good,2,7.0649,7.0649,7.2442,7.2666,7.289
p52-instrument-0034/034,brics-odroid-025_cam1,0,2,0,good|good,2,4.7973,4.7973,5.9637,6.1095,6.2553
p52-instrument-0034/034,brics-odroid-025_cam1,102,2,0,good|good,2,4.2517,4.2517,5.0224,5.1188,5.2151
p52-instrument-0034/034,brics-odroid-025_cam1,108,2,0,good|good,2,5.5133,5.5133,6.285,6.3814,6.4779
p52-instrument-0034/034,brics-odroid-025_cam1,114,2,0,good|good,2,4.6769,4.6769,5.7503,5.8845,6.0187
p52-instrument-0034/034,brics-odroid-025_cam1,12,2,0,good|good,2,4.8343,4.8343,5.7162,5.8265,5.9367
p52-instrument-0034/034,brics-odroid-025_cam1,18,2,0,good|good,2,4.7014,4.7014,5.523,5.6257,5.7284
p52-instrument-0034/034,brics-odroid-025_cam1,24,2,0,good|good,2,4.7363,4.7363,5.9525,6.1045,6.2565
p52-instrument-0034/034,brics-odroid-025_cam1,30,2,0,good|good,2,5.0303,5.0303,6.5626,6.7542,6.9457
p52-instrument-0034/034,brics-odroid-025_cam1,36,2,0,good|good,2,5.6571,5.6571,6.9958,7.1631,7.3304
p52-instrument-0034/034,brics-odroid-025_cam1,42,2,0,good|good,2,3.8906,3.8906,3.9345,3.9399,3.9454
p52-instrument-0034/034,brics-odroid-025_cam1,48,2,0,good|good,2,4.6507,4.6507,6.0013,6.1702,6.339
p52-instrument-0034/034,brics-odroid-025_cam1,54,2,0,good|good,2,4.7173,4.7173,5.448,5.5393,5.6306
p52-instrument-0034/034,brics-odroid-025_cam1,6,2,0,good|good,2,4.2466,4.2466,5.1396,5.2513,5.3629
p52-instrument-0034/034,brics-odroid-025_cam1,60,2,0,good|good,2,5.0478,5.0478,6.3604,6.5244,6.6885
p52-instrument-0034/034,brics-odroid-025_cam1,66,2,0,good|good,2,4.4059,4.4059,5.287,5.3971,5.5072
p52-instrument-0034/034,brics-odroid-025_cam1,72,2,0,good|good,2,5.1545,5.1545,6.0473,6.1589,6.2705
p52-instrument-0034/034,brics-odroid-025_cam1,78,2,0,good|good,2,5.0084,5.0084,6.0915,6.2269,6.3623
p52-instrument-0034/034,brics-odroid-025_cam1,84,2,0,good|good,2,5.2835,5.2835,6.415,6.5565,6.6979
p52-instrument-0034/034,brics-odroid-025_cam1,90,2,0,good|good,2,4.4787,4.4787,5.2505,5.347,5.4435
p52-instrument-0034/034,brics-odroid-025_cam1,96,2,0,good|good,2,4.2559,4.2559,5.1129,5.22,5.3271
p52-instrument-0034/034,brics-odroid-026_cam0,0,2,0,good|good,2,6.142,6.142,6.8842,6.9769,7.0697
p52-instrument-0034/034,brics-odroid-026_cam0,102,2,2,zero_sentinel|zero_sentinel,,,,,,
p52-instrument-0034/034,brics-odroid-026_cam0,108,2,0,bad|bad,2,312.9235,312.9235,322.7914,324.0249,325.2584
p52-instrument-0034/034,brics-odroid-026_cam0,114,2,1,bad|zero_sentinel,1,300.9317,300.9317,300.9317,300.9317,300.9317
p52-instrument-0034/034,brics-odroid-026_cam0,12,2,1,bad|zero_sentinel,1,290.1152,290.1152,290.1152,290.1152,290.1152
p52-instrument-0034/034,brics-odroid-026_cam0,18,2,0,bad|bad,2,284.029,284.029,284.4182,284.4668,284.5155
p52-instrument-0034/034,brics-odroid-026_cam0,24,2,0,bad|bad,2,277.9551,277.9551,278.9359,279.0585,279.1811
p52-instrument-0034/034,brics-odroid-026_cam0,30,2,0,bad|bad,2,290.4045,290.4045,297.3478,298.2157,299.0836
p52-instrument-0034/034,brics-odroid-026_cam0,36,2,0,bad|bad,2,329.1552,329.1552,330.8557,331.0682,331.2808
p52-instrument-0034/034,brics-odroid-026_cam0,42,2,0,medium|medium,2,32.2525,32.2525,43.0497,44.3993,45.749
p52-instrument-0034/034,brics-odroid-026_cam0,48,2,0,bad|bad,2,284.5924,284.5924,285.8347,285.9899,286.1452
p52-instrument-0034/034,brics-odroid-026_cam0,54,2,1,good|zero_sentinel,1,8.415,8.415,8.415,8.415,8.415
p52-instrument-0034/034,brics-odroid-026_cam0,6,2,0,bad|good,2,149.8751,149.8751,264.6302,278.9745,293.3189
p52-instrument-0034/034,brics-odroid-026_cam0,60,2,1,bad|zero_sentinel,1,289.4218,289.4218,289.4218,289.4218,289.4218
p52-instrument-0034/034,brics-odroid-026_cam0,66,2,0,bad|bad,2,275.0436,275.0436,275.9881,276.1061,276.2242
p52-instrument-0034/034,brics-odroid-026_cam0,72,2,0,bad|medium,2,152.4303,152.4303,265.8307,280.0057,294.1808
p52-instrument-0034/034,brics-odroid-026_cam0,78,2,0,bad|bad,2,289.6381,289.6381,290.0429,290.0935,290.1441
p52-instrument-0034/034,brics-odroid-026_cam0,84,2,0,good|good,2,7.4642,7.4642,7.5093,7.515,7.5206
p52-instrument-0034/034,brics-odroid-026_cam0,90,2,1,good|zero_sentinel,1,8.0194,8.0194,8.0194,8.0194,8.0194
p52-instrument-0034/034,brics-odroid-026_cam0,96,2,1,good|zero_sentinel,1,5.2722,5.2722,5.2722,5.2722,5.2722
p52-instrument-0034/034,brics-odroid-026_cam1,0,2,0,bad|bad,2,349.447,349.447,360.4409,361.8152,363.1894
p52-instrument-0034/034,brics-odroid-026_cam1,102,2,0,bad|bad,2,356.3865,356.3865,358.4571,358.7159,358.9747
p52-instrument-0034/034,brics-odroid-026_cam1,108,2,0,bad|bad,2,368.2052,368.2052,369.4018,369.5514,369.701
p52-instrument-0034/034,brics-odroid-026_cam1,114,2,0,bad|bad,2,365.7085,365.7085,365.961,365.9925,366.0241
p52-instrument-0034/034,brics-odroid-026_cam1,12,2,0,bad|good,2,73.6463,73.6463,127.2799,133.9841,140.6883
p52-instrument-0034/034,brics-odroid-026_cam1,18,2,2,zero_sentinel|zero_sentinel,,,,,,
p52-instrument-0034/034,brics-odroid-026_cam1,24,2,0,bad|bad,2,322.1993,322.1993,337.983,339.9559,341.9289
p52-instrument-0034/034,brics-odroid-026_cam1,30,2,0,good|medium,2,16.0844,16.0844,23.0269,23.8947,24.7625
p52-instrument-0034/034,brics-odroid-026_cam1,36,2,0,bad|bad,2,389.3899,389.3899,396.9112,397.8514,398.7916
p52-instrument-0034/034,brics-odroid-026_cam1,42,2,0,bad|bad,2,351.3047,351.3047,351.6959,351.7448,351.7937
p52-instrument-0034/034,brics-odroid-026_cam1,48,2,2,zero_sentinel|zero_sentinel,,,,,,
p52-instrument-0034/034,brics-odroid-026_cam1,54,2,0,bad|bad,2,351.7051,351.7051,363.4157,364.8796,366.3434
p52-instrument-0034/034,brics-odroid-026_cam1,6,2,0,bad|bad,2,335.1137,335.1137,337.3764,337.6593,337.9421
p52-instrument-0034/034,brics-odroid-026_cam1,60,2,0,good|medium,2,18.4257,18.4257,26.9313,27.9945,29.0577
p52-instrument-0034/034,brics-odroid-026_cam1,66,2,1,good|zero_sentinel,1,8.0695,8.0695,8.0695,8.0695,8.0695
p52-instrument-0034/034,brics-odroid-026_cam1,72,2,2,zero_sentinel|zero_sentinel,,,,,,
p52-instrument-0034/034,brics-odroid-026_cam1,78,2,1,bad|zero_sentinel,1,317.5292,317.5292,317.5292,317.5292,317.5292
p52-instrument-0034/034,brics-odroid-026_cam1,84,2,0,bad|bad,2,349.8601,349.8601,357.355,358.2918,359.2287
p52-instrument-0034/034,brics-odroid-026_cam1,90,2,0,bad|bad,2,360.4022,360.4022,362.7634,363.0585,363.3537
p52-instrument-0034/034,brics-odroid-026_cam1,96,2,0,bad|bad,2,359.9159,359.9159,365.5345,366.2368,366.9391
p52-instrument-0034/034,brics-odroid-027_cam0,0,2,0,bad|bad,2,321.7533,321.7533,328.8165,329.6994,330.5823
p52-instrument-0034/034,brics-odroid-027_cam0,102,2,0,bad|bad,2,332.4599,332.4599,334.108,334.3141,334.5201
p52-instrument-0034/034,brics-odroid-027_cam0,108,2,0,bad|bad,2,222.3692,222.3692,311.1218,322.2158,333.3099
p52-instrument-0034/034,brics-odroid-027_cam0,114,2,0,bad|good,2,168.345,168.345,297.4488,313.5867,329.7247
p52-instrument-0034/034,brics-odroid-027_cam0,12,2,0,good|medium,2,29.9709,29.9709,47.6039,49.8081,52.0122
p52-instrument-0034/034,brics-odroid-027_cam0,18,2,0,good|medium,2,20.9288,20.9288,32.8326,34.3206,35.8086
p52-instrument-0034/034,brics-odroid-027_cam0,24,2,0,good|medium,2,13.0929,13.0929,17.4824,18.0311,18.5798
p52-instrument-0034/034,brics-odroid-027_cam0,30,2,0,good|medium,2,24.7182,24.7182,37.6684,39.2872,40.906
p52-instrument-0034/034,brics-odroid-027_cam0,36,2,0,bad|bad,2,347.2292,347.2292,351.936,352.5244,353.1127
p52-instrument-0034/034,brics-odroid-027_cam0,42,2,1,bad|zero_sentinel,1,313.3107,313.3107,313.3107,313.3107,313.3107
p52-instrument-0034/034,brics-odroid-027_cam0,48,2,1,medium|zero_sentinel,1,26.2989,26.2989,26.2989,26.2989,26.2989
p52-instrument-0034/034,brics-odroid-027_cam0,54,2,0,bad|good,2,174.1107,174.1107,307.5464,324.2258,340.9053
p52-instrument-0034/034,brics-odroid-027_cam0,6,2,0,bad|good,2,159.7865,159.7865,281.6027,296.8298,312.0568
p52-instrument-0034/034,brics-odroid-027_cam0,60,2,0,bad|bad,2,307.4247,307.4247,309.0659,309.2711,309.4762
p52-instrument-0034/034,brics-odroid-027_cam0,66,2,0,bad|bad,2,305.7483,305.7483,312.6097,313.4674,314.3251
p52-instrument-0034/034,brics-odroid-027_cam0,72,2,0,bad|good,2,170.1099,170.1099,299.9484,316.1782,332.408
p52-instrument-0034/034,brics-odroid-027_cam0,78,2,0,bad|bad,2,343.7401,343.7401,346.5246,346.8726,347.2207
p52-instrument-0034/034,brics-odroid-027_cam0,84,2,1,bad|zero_sentinel,1,337.0318,337.0318,337.0318,337.0318,337.0318
p52-instrument-0034/034,brics-odroid-027_cam0,90,2,1,bad|zero_sentinel,1,111.5498,111.5498,111.5498,111.5498,111.5498
p52-instrument-0034/034,brics-odroid-027_cam0,96,2,1,good|zero_sentinel,1,7.5744,7.5744,7.5744,7.5744,7.5744
p52-instrument-0034/034,brics-odroid-027_cam1,0,2,0,bad|bad,2,381.7754,381.7754,393.4282,394.8848,396.3414
p52-instrument-0034/034,brics-odroid-027_cam1,102,2,0,bad|bad,2,391.9758,391.9758,395.532,395.9766,396.4211
p52-instrument-0034/034,brics-odroid-027_cam1,108,2,0,bad|bad,2,403.7952,403.7952,412.4967,413.5844,414.6721
p52-instrument-0034/034,brics-odroid-027_cam1,114,2,0,bad|bad,2,394.5028,394.5028,398.4178,398.9072,399.3966
p52-instrument-0034/034,brics-odroid-027_cam1,12,2,0,bad|bad,2,370.3237,370.3237,372.8898,373.2105,373.5313
p52-instrument-0034/034,brics-odroid-027_cam1,18,2,0,bad|bad,2,357.577,357.577,357.9327,357.9771,358.0216
p52-instrument-0034/034,brics-odroid-027_cam1,24,2,0,bad|bad,2,371.0439,371.0439,371.5917,371.6601,371.7286
p52-instrument-0034/034,brics-odroid-027_cam1,30,2,0,bad|bad,2,384.2368,384.2368,391.0683,391.9223,392.7762
p52-instrument-0034/034,brics-odroid-027_cam1,36,2,0,bad|bad,2,416.7557,416.7557,422.7012,423.4444,424.1876
p52-instrument-0034/034,brics-odroid-027_cam1,42,2,0,bad|bad,2,377.6016,377.6016,379.7162,379.9806,380.2449
p52-instrument-0034/034,brics-odroid-027_cam1,48,2,0,bad|bad,2,365.5937,365.5937,369.5379,370.031,370.524
p52-instrument-0034/034,brics-odroid-027_cam1,54,2,1,bad|zero_sentinel,1,410.0601,410.0601,410.0601,410.0601,410.0601
p52-instrument-0034/034,brics-odroid-027_cam1,6,2,0,bad|bad,2,377.0584,377.0584,387.3442,388.6299,389.9156
p52-instrument-0034/034,brics-odroid-027_cam1,60,2,1,bad|zero_sentinel,1,390.8543,390.8543,390.8543,390.8543,390.8543
p52-instrument-0034/034,brics-odroid-027_cam1,66,2,0,bad|bad,2,368.7114,368.7114,370.9265,371.2034,371.4803
p52-instrument-0034/034,brics-odroid-027_cam1,72,2,0,bad|bad,2,383.307,383.307,391.4813,392.5031,393.5249
p52-instrument-0034/034,brics-odroid-027_cam1,78,2,0,bad|bad,2,399.4701,399.4701,401.9593,402.2704,402.5816
p52-instrument-0034/034,brics-odroid-027_cam1,84,2,0,bad|bad,2,397.4295,397.4295,402.6064,403.2535,403.9006
p52-instrument-0034/034,brics-odroid-027_cam1,90,2,0,bad|bad,2,401.5486,401.5486,405.6936,406.2117,406.7298
p52-instrument-0034/034,brics-odroid-027_cam1,96,2,0,bad|bad,2,407.7985,407.7985,411.1655,411.5864,412.0073
p52-instrument-0034/034,brics-odroid-028_cam0,0,2,2,zero_sentinel|zero_sentinel,,,,,,
p52-instrument-0034/034,brics-odroid-028_cam0,102,2,0,bad|bad,2,369.6135,369.6135,374.3958,374.9936,375.5914
p52-instrument-0034/034,brics-odroid-028_cam0,108,2,0,bad|bad,2,383.9286,383.9286,388.7245,389.324,389.9235
p52-instrument-0034/034,brics-odroid-028_cam0,114,2,0,bad|bad,2,381.2031,381.2031,385.771,386.342,386.913
p52-instrument-0034/034,brics-odroid-028_cam0,12,2,2,zero_sentinel|zero_sentinel,,,,,,
p52-instrument-0034/034,brics-odroid-028_cam0,18,2,2,zero_sentinel|zero_sentinel,,,,,,
p52-instrument-0034/034,brics-odroid-028_cam0,24,2,1,bad|zero_sentinel,1,312.5618,312.5618,312.5618,312.5618,312.5618
p52-instrument-0034/034,brics-odroid-028_cam0,30,2,2,zero_sentinel|zero_sentinel,,,,,,
p52-instrument-0034/034,brics-odroid-028_cam0,36,2,0,bad|bad,2,405.861,405.861,410.6896,411.2932,411.8968
p52-instrument-0034/034,brics-odroid-028_cam0,42,2,0,bad|bad,2,362.6284,362.6284,366.3313,366.7941,367.257
p52-instrument-0034/034,brics-odroid-028_cam0,48,2,2,zero_sentinel|zero_sentinel,,,,,,
p52-instrument-0034/034,brics-odroid-028_cam0,54,2,0,bad|bad,2,364.5368,364.5368,364.5844,364.5904,364.5963
p52-instrument-0034/034,brics-odroid-028_cam0,6,2,2,zero_sentinel|zero_sentinel,,,,,,
p52-instrument-0034/034,brics-odroid-028_cam0,60,2,2,zero_sentinel|zero_sentinel,,,,,,
p52-instrument-0034/034,brics-odroid-028_cam0,66,2,2,zero_sentinel|zero_sentinel,,,,,,
p52-instrument-0034/034,brics-odroid-028_cam0,72,2,2,zero_sentinel|zero_sentinel,,,,,,
p52-instrument-0034/034,brics-odroid-028_cam0,78,2,2,zero_sentinel|zero_sentinel,,,,,,
p52-instrument-0034/034,brics-odroid-028_cam0,84,2,2,zero_sentinel|zero_sentinel,,,,,,
p52-instrument-0034/034,brics-odroid-028_cam0,90,2,0,bad|bad,2,377.9982,377.9982,380.7834,381.1315,381.4797
p52-instrument-0034/034,brics-odroid-028_cam0,96,2,0,bad|bad,2,369.2856,369.2856,370.9982,371.2122,371.4263
p52-instrument-0034/034,brics-odroid-029_cam0,0,2,0,bad|bad,2,417.0324,417.0324,418.9634,419.2047,419.4461
p52-instrument-0034/034,brics-odroid-029_cam0,102,2,0,bad|bad,2,425.0765,425.0765,441.2495,443.2711,445.2927
p52-instrument-0034/034,brics-odroid-029_cam0,108,2,0,bad|bad,2,430.0118,430.0118,442.9866,444.6084,446.2303
p52-instrument-0034/034,brics-odroid-029_cam0,114,2,0,bad|bad,2,417.8105,417.8105,418.4075,418.4822,418.5568
p52-instrument-0034/034,brics-odroid-029_cam0,12,2,1,bad|zero_sentinel,1,400.3396,400.3396,400.3396,400.3396,400.3396
p52-instrument-0034/034,brics-odroid-029_cam0,18,2,1,bad|zero_sentinel,1,365.3021,365.3021,365.3021,365.3021,365.3021
p52-instrument-0034/034,brics-odroid-029_cam0,24,2,0,bad|bad,2,426.41,426.41,438.0119,439.4622,440.9124
p52-instrument-0034/034,brics-odroid-029_cam0,30,2,0,bad|bad,2,437.477,437.477,444.2484,445.0948,445.9412
p52-instrument-0034/034,brics-odroid-029_cam0,36,2,0,bad|bad,2,427.4625,427.4625,428.3978,428.5147,428.6316
p52-instrument-0034/034,brics-odroid-029_cam0,42,2,0,bad|bad,2,402.351,402.351,411.1186,412.2145,413.3105
p52-instrument-0034/034,brics-odroid-029_cam0,48,2,0,bad|bad,2,406.5394,406.5394,411.1571,411.7343,412.3115
p52-instrument-0034/034,brics-odroid-029_cam0,54,2,0,bad|bad,2,463.5375,463.5375,465.8,466.0829,466.3657
p52-instrument-0034/034,brics-odroid-029_cam0,6,2,0,bad|bad,2,417.7736,417.7736,421.7148,422.2075,422.7001
p52-instrument-0034/034,brics-odroid-029_cam0,60,2,0,bad|bad,2,435.7822,435.7822,461.1755,464.3496,467.5238
p52-instrument-0034/034,brics-odroid-029_cam0,66,2,0,bad|bad,2,417.0753,417.0753,427.3267,428.6081,429.8895
p52-instrument-0034/034,brics-odroid-029_cam0,72,2,0,bad|bad,2,307.2339,307.2339,417.5381,431.3261,445.1141
p52-instrument-0034/034,brics-odroid-029_cam0,78,2,0,bad|bad,2,447.1142,447.1142,458.0817,459.4527,460.8236
p52-instrument-0034/034,brics-odroid-029_cam0,84,2,0,bad|bad,2,443.1894,443.1894,444.4674,444.6272,444.7869
p52-instrument-0034/034,brics-odroid-029_cam0,90,2,0,bad|bad,2,437.9371,437.9371,443.4493,444.1383,444.8273
p52-instrument-0034/034,brics-odroid-029_cam0,96,2,0,bad|bad,2,436.0546,436.0546,442.6895,443.5188,444.3482
p52-instrument-0034/034,brics-odroid-029_cam1,0,2,2,zero_sentinel|zero_sentinel,,,,,,
p52-instrument-0034/034,brics-odroid-029_cam1,102,2,2,zero_sentinel|zero_sentinel,,,,,,
p52-instrument-0034/034,brics-odroid-029_cam1,108,2,2,zero_sentinel|zero_sentinel,,,,,,
p52-instrument-0034/034,brics-odroid-029_cam1,114,2,2,zero_sentinel|zero_sentinel,,,,,,
p52-instrument-0034/034,brics-odroid-029_cam1,12,2,2,zero_sentinel|zero_sentinel,,,,,,
p52-instrument-0034/034,brics-odroid-029_cam1,18,2,2,zero_sentinel|zero_sentinel,,,,,,
p52-instrument-0034/034,brics-odroid-029_cam1,24,2,2,zero_sentinel|zero_sentinel,,,,,,
p52-instrument-0034/034,brics-odroid-029_cam1,30,2,2,zero_sentinel|zero_sentinel,,,,,,
p52-instrument-0034/034,brics-odroid-029_cam1,36,2,2,zero_sentinel|zero_sentinel,,,,,,
p52-instrument-0034/034,brics-odroid-029_cam1,42,2,2,zero_sentinel|zero_sentinel,,,,,,
p52-instrument-0034/034,brics-odroid-029_cam1,48,2,2,zero_sentinel|zero_sentinel,,,,,,
p52-instrument-0034/034,brics-odroid-029_cam1,54,2,2,zero_sentinel|zero_sentinel,,,,,,
p52-instrument-0034/034,brics-odroid-029_cam1,6,2,2,zero_sentinel|zero_sentinel,,,,,,
p52-instrument-0034/034,brics-odroid-029_cam1,60,2,2,zero_sentinel|zero_sentinel,,,,,,
p52-instrument-0034/034,brics-odroid-029_cam1,66,2,2,zero_sentinel|zero_sentinel,,,,,,
p52-instrument-0034/034,brics-odroid-029_cam1,72,2,2,zero_sentinel|zero_sentinel,,,,,,
p52-instrument-0034/034,brics-odroid-029_cam1,78,2,2,zero_sentinel|zero_sentinel,,,,,,
p52-instrument-0034/034,brics-odroid-029_cam1,84,2,2,zero_sentinel|zero_sentinel,,,,,,
p52-instrument-0034/034,brics-odroid-029_cam1,90,2,2,zero_sentinel|zero_sentinel,,,,,,
p52-instrument-0034/034,brics-odroid-029_cam1,96,2,2,zero_sentinel|zero_sentinel,,,,,,
p52-instrument-0034/034,brics-odroid-030_cam0,0,2,0,medium|medium,2,27.2276,27.2276,40.618,42.2918,43.9656
p52-instrument-0034/034,brics-odroid-030_cam0,102,2,1,good|zero_sentinel,1,9.9766,9.9766,9.9766,9.9766,9.9766
p52-instrument-0034/034,brics-odroid-030_cam0,108,2,0,good|medium,2,33.3498,33.3498,53.8051,56.3621,58.919
p52-instrument-0034/034,brics-odroid-030_cam0,114,2,0,good|medium,2,28.8161,28.8161,44.3203,46.2583,48.1963
p52-instrument-0034/034,brics-odroid-030_cam0,12,2,0,bad|medium,2,40.2803,40.2803,62.9147,65.744,68.5733
p52-instrument-0034/034,brics-odroid-030_cam0,18,2,1,good|zero_sentinel,1,9.7443,9.7443,9.7443,9.7443,9.7443
p52-instrument-0034/034,brics-odroid-030_cam0,24,2,0,bad|medium,2,36.1184,36.1184,56.1308,58.6324,61.1339
p52-instrument-0034/034,brics-odroid-030_cam0,30,2,0,bad|medium,2,55.2424,55.2424,91.1458,95.6338,100.1217
p52-instrument-0034/034,brics-odroid-030_cam0,36,2,0,medium|medium,2,33.8766,33.8766,51.9343,54.1915,56.4487
p52-instrument-0034/034,brics-odroid-030_cam0,42,2,0,medium|medium,2,31.3815,31.3815,47.9523,50.0236,52.095
p52-instrument-0034/034,brics-odroid-030_cam0,48,2,0,good|medium,2,33.2821,33.2821,51.9303,54.2614,56.5924
p52-instrument-0034/034,brics-odroid-030_cam0,54,2,0,good|medium,2,17.0145,17.0145,23.3758,24.171,24.9662
p52-instrument-0034/034,brics-odroid-030_cam0,6,2,0,medium|medium,2,33.0661,33.0661,49.3811,51.4204,53.4598
p52-instrument-0034/034,brics-odroid-030_cam0,60,2,1,medium|zero_sentinel,1,10.6074,10.6074,10.6074,10.6074,10.6074
p52-instrument-0034/034,brics-odroid-030_cam0,66,2,0,medium|medium,2,33.8167,33.8167,52.6221,54.9728,57.3235
p52-instrument-0034/034,brics-odroid-030_cam0,72,2,0,medium|medium,2,28.4354,28.4354,41.4527,43.0798,44.707
p52-instrument-0034/034,brics-odroid-030_cam0,78,2,0,medium|medium,2,22.1234,22.1234,31.1971,32.3313,33.4655
p52-instrument-0034/034,brics-odroid-030_cam0,84,2,1,medium|zero_sentinel,1,11.7785,11.7785,11.7785,11.7785,11.7785
p52-instrument-0034/034,brics-odroid-030_cam0,90,2,0,good|medium,2,22.4266,22.4266,33.0271,34.3521,35.6772
p52-instrument-0034/034,brics-odroid-030_cam0,96,2,0,medium|medium,2,29.4404,29.4404,44.9015,46.8342,48.7668
p52-instrument-0034/034,brics-odroid-030_cam1,0,2,0,bad|good,2,270.5681,270.5681,479.0232,505.0801,531.137
p52-instrument-0034/034,brics-odroid-030_cam1,102,2,2,zero_sentinel|zero_sentinel,,,,,,
p52-instrument-0034/034,brics-odroid-030_cam1,108,2,2,zero_sentinel|zero_sentinel,,,,,,
p52-instrument-0034/034,brics-odroid-030_cam1,114,2,2,zero_sentinel|zero_sentinel,,,,,,
p52-instrument-0034/034,brics-odroid-030_cam1,12,2,0,bad|medium,2,250.5467,250.5467,442.2266,466.1866,490.1466
p52-instrument-0034/034,brics-odroid-030_cam1,18,2,2,zero_sentinel|zero_sentinel,,,,,,
p52-instrument-0034/034,brics-odroid-030_cam1,24,2,2,zero_sentinel|zero_sentinel,,,,,,
p52-instrument-0034/034,brics-odroid-030_cam1,30,2,2,zero_sentinel|zero_sentinel,,,,,,
p52-instrument-0034/034,brics-odroid-030_cam1,36,2,0,bad|good,2,290.2233,290.2233,514.8203,542.895,570.9696
p52-instrument-0034/034,brics-odroid-030_cam1,42,2,2,zero_sentinel|zero_sentinel,,,,,,
p52-instrument-0034/034,brics-odroid-030_cam1,48,2,2,zero_sentinel|zero_sentinel,,,,,,
p52-instrument-0034/034,brics-odroid-030_cam1,54,2,2,zero_sentinel|zero_sentinel,,,,,,
p52-instrument-0034/034,brics-odroid-030_cam1,6,2,0,bad|medium,2,264.5996,264.5996,466.3226,491.5379,516.7533
p52-instrument-0034/034,brics-odroid-030_cam1,60,2,2,zero_sentinel|zero_sentinel,,,,,,
p52-instrument-0034/034,brics-odroid-030_cam1,66,2,2,zero_sentinel|zero_sentinel,,,,,,
p52-instrument-0034/034,brics-odroid-030_cam1,72,2,2,zero_sentinel|zero_sentinel,,,,,,
p52-instrument-0034/034,brics-odroid-030_cam1,78,2,2,zero_sentinel|zero_sentinel,,,,,,
p52-instrument-0034/034,brics-odroid-030_cam1,84,2,2,zero_sentinel|zero_sentinel,,,,,,
p52-instrument-0034/034,brics-odroid-030_cam1,90,2,2,zero_sentinel|zero_sentinel,,,,,,
p52-instrument-0034/034,brics-odroid-030_cam1,96,2,0,bad|medium,2,281.2142,281.2142,496.3116,523.1988,550.086
