path,size_bytes,modified_utc,extension
experiments/datasets/gigahands/demo_all/raw/hand_pose/p36-tea-0010/bboxes/left/010/brics-odroid-001_cam0_1727030430682715.jsonl,24257,2025-03-18T10:34:26+00:00,jsonl
experiments/datasets/gigahands/demo_all/raw/hand_pose/p36-tea-0010/bboxes/left/010/brics-odroid-001_cam1_1727030430696341.jsonl,21428,2025-03-18T10:34:27+00:00,jsonl
experiments/datasets/gigahands/demo_all/raw/hand_pose/p36-tea-0010/bboxes/left/010/brics-odroid-002_cam0_1727030430696724.jsonl,25564,2025-03-18T10:34:26+00:00,jsonl
experiments/datasets/gigahands/demo_all/raw/hand_pose/p36-tea-0010/bboxes/left/010/brics-odroid-006_cam0_1727030430696675.jsonl,25381,2025-03-18T10:34:26+00:00,jsonl
experiments/datasets/gigahands/demo_all/raw/hand_pose/p36-tea-0010/bboxes/left/010/brics-odroid-007_cam0_1727030430684556.jsonl,27181,2025-03-18T10:34:26+00:00,jsonl
experiments/datasets/gigahands/demo_all/raw/hand_pose/p36-tea-0010/bboxes/left/010/brics-odroid-007_cam1_1727030430685699.jsonl,22730,2025-03-18T10:34:26+00:00,jsonl
experiments/datasets/gigahands/demo_all/raw/hand_pose/p36-tea-0010/bboxes/left/010/brics-odroid-008_cam0_1727030430696985.jsonl,14105,2025-03-18T10:34:26+00:00,jsonl
experiments/datasets/gigahands/demo_all/raw/hand_pose/p36-tea-0010/bboxes/left/010/brics-odroid-009_cam1_1727030430696771.jsonl,24390,2025-03-18T10:34:26+00:00,jsonl
experiments/datasets/gigahands/demo_all/raw/hand_pose/p36-tea-0010/bboxes/left/010/brics-odroid-010_cam0_1727030430697198.jsonl,16071,2025-03-18T10:34:27+00:00,jsonl
experiments/datasets/gigahands/demo_all/raw/hand_pose/p36-tea-0010/bboxes/left/010/brics-odroid-010_cam1_1727030430696645.jsonl,17716,2025-03-18T10:34:27+00:00,jsonl
experiments/datasets/gigahands/demo_all/raw/hand_pose/p36-tea-0010/bboxes/left/010/brics-odroid-011_cam0_1727030430698200.jsonl,25619,2025-03-18T10:34:27+00:00,jsonl
experiments/datasets/gigahands/demo_all/raw/hand_pose/p36-tea-0010/bboxes/left/010/brics-odroid-012_cam0_1727030430697565.jsonl,21678,2025-03-18T10:34:26+00:00,jsonl
experiments/datasets/gigahands/demo_all/raw/hand_pose/p36-tea-0010/bboxes/left/010/brics-odroid-012_cam1_1727030430699260.jsonl,22557,2025-03-18T10:34:26+00:00,jsonl
experiments/datasets/gigahands/demo_all/raw/hand_pose/p36-tea-0010/bboxes/left/010/brics-odroid-014_cam1_1727030430697557.jsonl,15452,2025-03-18T10:34:27+00:00,jsonl
experiments/datasets/gigahands/demo_all/raw/hand_pose/p36-tea-0010/bboxes/left/010/brics-odroid-015_cam0_1727030430683306.jsonl,18749,2025-03-18T10:34:26+00:00,jsonl
experiments/datasets/gigahands/demo_all/raw/hand_pose/p36-tea-0010/bboxes/left/010/brics-odroid-015_cam1_1727030430707818.jsonl,25049,2025-03-18T10:34:26+00:00,jsonl
experiments/datasets/gigahands/demo_all/raw/hand_pose/p36-tea-0010/bboxes/left/010/brics-odroid-016_cam0_1727030430697566.jsonl,24212,2025-03-18T10:34:26+00:00,jsonl
experiments/datasets/gigahands/demo_all/raw/hand_pose/p36-tea-0010/bboxes/left/010/brics-odroid-017_cam0_1727030430684830.jsonl,22997,2025-03-18T10:34:27+00:00,jsonl
experiments/datasets/gigahands/demo_all/raw/hand_pose/p36-tea-0010/bboxes/left/010/brics-odroid-017_cam1_1727030430720961.jsonl,21750,2025-03-18T10:34:26+00:00,jsonl
experiments/datasets/gigahands/demo_all/raw/hand_pose/p36-tea-0010/bboxes/left/010/brics-odroid-019_cam1_1727030430684014.jsonl,16435,2025-03-18T10:34:27+00:00,jsonl
experiments/datasets/gigahands/demo_all/raw/hand_pose/p36-tea-0010/bboxes/left/010/brics-odroid-020_cam0_1727030430696777.jsonl,9025,2025-03-18T10:34:27+00:00,jsonl
experiments/datasets/gigahands/demo_all/raw/hand_pose/p36-tea-0010/bboxes/left/010/brics-odroid-020_cam1_1727030430696192.jsonl,22652,2025-03-18T10:34:26+00:00,jsonl
experiments/datasets/gigahands/demo_all/raw/hand_pose/p36-tea-0010/bboxes/left/010/brics-odroid-021_cam0_1727030430707850.jsonl,20196,2025-03-18T10:34:26+00:00,jsonl
experiments/datasets/gigahands/demo_all/raw/hand_pose/p36-tea-0010/bboxes/left/010/brics-odroid-021_cam1_1727030430708952.jsonl,19893,2025-03-18T10:34:26+00:00,jsonl
experiments/datasets/gigahands/demo_all/raw/hand_pose/p36-tea-0010/bboxes/left/010/brics-odroid-022_cam0_1727030430720946.jsonl,13071,2025-03-18T10:34:27+00:00,jsonl
experiments/datasets/gigahands/demo_all/raw/hand_pose/p36-tea-0010/bboxes/left/010/brics-odroid-022_cam1_1727030430697308.jsonl,17765,2025-03-18T10:34:26+00:00,jsonl
experiments/datasets/gigahands/demo_all/raw/hand_pose/p36-tea-0010/bboxes/left/010/brics-odroid-023_cam0_1727030430699458.jsonl,23701,2025-03-18T10:34:26+00:00,jsonl
experiments/datasets/gigahands/demo_all/raw/hand_pose/p36-tea-0010/bboxes/left/010/brics-odroid-024_cam0_1727030430696732.jsonl,25847,2025-03-18T10:34:26+00:00,jsonl
experiments/datasets/gigahands/demo_all/raw/hand_pose/p36-tea-0010/bboxes/left/010/brics-odroid-024_cam1_1727030430684210.jsonl,22186,2025-03-18T10:34:26+00:00,jsonl
experiments/datasets/gigahands/demo_all/raw/hand_pose/p36-tea-0010/bboxes/left/010/brics-odroid-025_cam0_1727030430696938.jsonl,24955,2025-03-18T10:34:26+00:00,jsonl
experiments/datasets/gigahands/demo_all/raw/hand_pose/p36-tea-0010/bboxes/left/010/brics-odroid-025_cam1_1727030430696514.jsonl,24322,2025-03-18T10:34:26+00:00,jsonl
experiments/datasets/gigahands/demo_all/raw/hand_pose/p36-tea-0010/bboxes/left/010/brics-odroid-026_cam0_1727030430684564.jsonl,24554,2025-03-18T10:34:26+00:00,jsonl
experiments/datasets/gigahands/demo_all/raw/hand_pose/p36-tea-0010/bboxes/left/010/brics-odroid-026_cam1_1727030430697518.jsonl,19824,2025-03-18T10:34:26+00:00,jsonl
experiments/datasets/gigahands/demo_all/raw/hand_pose/p36-tea-0010/bboxes/left/010/brics-odroid-027_cam0_1727030430702484.jsonl,16895,2025-03-18T10:34:26+00:00,jsonl
experiments/datasets/gigahands/demo_all/raw/hand_pose/p36-tea-0010/bboxes/left/010/brics-odroid-027_cam1_1727030430701319.jsonl,17572,2025-03-18T10:34:27+00:00,jsonl
experiments/datasets/gigahands/demo_all/raw/hand_pose/p36-tea-0010/bboxes/left/010/brics-odroid-028_cam0_1727030430681881.jsonl,18586,2025-03-18T10:34:26+00:00,jsonl
experiments/datasets/gigahands/demo_all/raw/hand_pose/p36-tea-0010/bboxes/left/010/brics-odroid-029_cam0_1727030430696895.jsonl,11941,2025-03-18T10:34:26+00:00,jsonl
experiments/datasets/gigahands/demo_all/raw/hand_pose/p36-tea-0010/bboxes/left/010/brics-odroid-029_cam1_1727030430697774.jsonl,17482,2025-03-18T10:34:26+00:00,jsonl
experiments/datasets/gigahands/demo_all/raw/hand_pose/p36-tea-0010/bboxes/left/010/brics-odroid-030_cam0_1727030430684613.jsonl,24425,2025-03-18T10:34:26+00:00,jsonl
experiments/datasets/gigahands/demo_all/raw/hand_pose/p36-tea-0010/bboxes/left/010/brics-odroid-030_cam1_1727030430686153.jsonl,23274,2025-03-18T10:34:26+00:00,jsonl
experiments/datasets/gigahands/demo_all/raw/hand_pose/p36-tea-0010/bboxes/right/010/brics-odroid-001_cam0_1727030430682715.jsonl,25340,2025-03-18T10:34:55+00:00,jsonl
experiments/datasets/gigahands/demo_all/raw/hand_pose/p36-tea-0010/bboxes/right/010/brics-odroid-001_cam1_1727030430696341.jsonl,21210,2025-03-18T10:34:55+00:00,jsonl
experiments/datasets/gigahands/demo_all/raw/hand_pose/p36-tea-0010/bboxes/right/010/brics-odroid-002_cam0_1727030430696724.jsonl,25731,2025-03-18T10:34:55+00:00,jsonl
experiments/datasets/gigahands/demo_all/raw/hand_pose/p36-tea-0010/bboxes/right/010/brics-odroid-006_cam0_1727030430696675.jsonl,25948,2025-03-18T10:34:55+00:00,jsonl
experiments/datasets/gigahands/demo_all/raw/hand_pose/p36-tea-0010/bboxes/right/010/brics-odroid-007_cam0_1727030430684556.jsonl,27173,2025-03-18T10:34:55+00:00,jsonl
experiments/datasets/gigahands/demo_all/raw/hand_pose/p36-tea-0010/bboxes/right/010/brics-odroid-007_cam1_1727030430685699.jsonl,26619,2025-03-18T10:34:55+00:00,jsonl
experiments/datasets/gigahands/demo_all/raw/hand_pose/p36-tea-0010/bboxes/right/010/brics-odroid-008_cam0_1727030430696985.jsonl,9677,2025-03-18T10:34:55+00:00,jsonl
experiments/datasets/gigahands/demo_all/raw/hand_pose/p36-tea-0010/bboxes/right/010/brics-odroid-009_cam1_1727030430696771.jsonl,26787,2025-03-18T10:34:55+00:00,jsonl
experiments/datasets/gigahands/demo_all/raw/hand_pose/p36-tea-0010/bboxes/right/010/brics-odroid-010_cam0_1727030430697198.jsonl,16402,2025-03-18T10:34:55+00:00,jsonl
experiments/datasets/gigahands/demo_all/raw/hand_pose/p36-tea-0010/bboxes/right/010/brics-odroid-010_cam1_1727030430696645.jsonl,17134,2025-03-18T10:34:55+00:00,jsonl
experiments/datasets/gigahands/demo_all/raw/hand_pose/p36-tea-0010/bboxes/right/010/brics-odroid-011_cam0_1727030430698200.jsonl,25735,2025-03-18T10:34:55+00:00,jsonl
experiments/datasets/gigahands/demo_all/raw/hand_pose/p36-tea-0010/bboxes/right/010/brics-odroid-012_cam0_1727030430697565.jsonl,20048,2025-03-18T10:34:55+00:00,jsonl
experiments/datasets/gigahands/demo_all/raw/hand_pose/p36-tea-0010/bboxes/right/010/brics-odroid-012_cam1_1727030430699260.jsonl,22371,2025-03-18T10:34:55+00:00,jsonl
experiments/datasets/gigahands/demo_all/raw/hand_pose/p36-tea-0010/bboxes/right/010/brics-odroid-014_cam1_1727030430697557.jsonl,14833,2025-03-18T10:34:55+00:00,jsonl
experiments/datasets/gigahands/demo_all/raw/hand_pose/p36-tea-0010/bboxes/right/010/brics-odroid-015_cam0_1727030430683306.jsonl,22855,2025-03-18T10:34:55+00:00,jsonl
experiments/datasets/gigahands/demo_all/raw/hand_pose/p36-tea-0010/bboxes/right/010/brics-odroid-015_cam1_1727030430707818.jsonl,25456,2025-03-18T10:34:55+00:00,jsonl
experiments/datasets/gigahands/demo_all/raw/hand_pose/p36-tea-0010/bboxes/right/010/brics-odroid-016_cam0_1727030430697566.jsonl,23271,2025-03-18T10:34:55+00:00,jsonl
experiments/datasets/gigahands/demo_all/raw/hand_pose/p36-tea-0010/bboxes/right/010/brics-odroid-017_cam0_1727030430684830.jsonl,23780,2025-03-18T10:34:55+00:00,jsonl
experiments/datasets/gigahands/demo_all/raw/hand_pose/p36-tea-0010/bboxes/right/010/brics-odroid-017_cam1_1727030430720961.jsonl,21821,2025-03-18T10:34:55+00:00,jsonl
experiments/datasets/gigahands/demo_all/raw/hand_pose/p36-tea-0010/bboxes/right/010/brics-odroid-019_cam1_1727030430684014.jsonl,16290,2025-03-18T10:34:55+00:00,jsonl
experiments/datasets/gigahands/demo_all/raw/hand_pose/p36-tea-0010/bboxes/right/010/brics-odroid-020_cam0_1727030430696777.jsonl,16659,2025-03-18T10:34:55+00:00,jsonl
experiments/datasets/gigahands/demo_all/raw/hand_pose/p36-tea-0010/bboxes/right/010/brics-odroid-020_cam1_1727030430696192.jsonl,20981,2025-03-18T10:34:55+00:00,jsonl
experiments/datasets/gigahands/demo_all/raw/hand_pose/p36-tea-0010/bboxes/right/010/brics-odroid-021_cam0_1727030430707850.jsonl,19931,2025-03-18T10:34:55+00:00,jsonl
experiments/datasets/gigahands/demo_all/raw/hand_pose/p36-tea-0010/bboxes/right/010/brics-odroid-021_cam1_1727030430708952.jsonl,17677,2025-03-18T10:34:55+00:00,jsonl
experiments/datasets/gigahands/demo_all/raw/hand_pose/p36-tea-0010/bboxes/right/010/brics-odroid-022_cam0_1727030430720946.jsonl,13062,2025-03-18T10:34:55+00:00,jsonl
experiments/datasets/gigahands/demo_all/raw/hand_pose/p36-tea-0010/bboxes/right/010/brics-odroid-022_cam1_1727030430697308.jsonl,17746,2025-03-18T10:34:55+00:00,jsonl
experiments/datasets/gigahands/demo_all/raw/hand_pose/p36-tea-0010/bboxes/right/010/brics-odroid-023_cam0_1727030430699458.jsonl,23223,2025-03-18T10:34:55+00:00,jsonl
experiments/datasets/gigahands/demo_all/raw/hand_pose/p36-tea-0010/bboxes/right/010/brics-odroid-024_cam0_1727030430696732.jsonl,25832,2025-03-18T10:34:55+00:00,jsonl
experiments/datasets/gigahands/demo_all/raw/hand_pose/p36-tea-0010/bboxes/right/010/brics-odroid-024_cam1_1727030430684210.jsonl,26688,2025-03-18T10:34:55+00:00,jsonl
experiments/datasets/gigahands/demo_all/raw/hand_pose/p36-tea-0010/bboxes/right/010/brics-odroid-025_cam0_1727030430696938.jsonl,24924,2025-03-18T10:34:55+00:00,jsonl
experiments/datasets/gigahands/demo_all/raw/hand_pose/p36-tea-0010/bboxes/right/010/brics-odroid-025_cam1_1727030430696514.jsonl,24995,2025-03-18T10:34:55+00:00,jsonl
experiments/datasets/gigahands/demo_all/raw/hand_pose/p36-tea-0010/bboxes/right/010/brics-odroid-026_cam0_1727030430684564.jsonl,19991,2025-03-18T10:34:55+00:00,jsonl
experiments/datasets/gigahands/demo_all/raw/hand_pose/p36-tea-0010/bboxes/right/010/brics-odroid-026_cam1_1727030430697518.jsonl,23623,2025-03-18T10:34:55+00:00,jsonl
experiments/datasets/gigahands/demo_all/raw/hand_pose/p36-tea-0010/bboxes/right/010/brics-odroid-027_cam0_1727030430702484.jsonl,15983,2025-03-18T10:34:55+00:00,jsonl
experiments/datasets/gigahands/demo_all/raw/hand_pose/p36-tea-0010/bboxes/right/010/brics-odroid-027_cam1_1727030430701319.jsonl,17341,2025-03-18T10:34:55+00:00,jsonl
experiments/datasets/gigahands/demo_all/raw/hand_pose/p36-tea-0010/bboxes/right/010/brics-odroid-028_cam0_1727030430681881.jsonl,10052,2025-03-18T10:34:55+00:00,jsonl
experiments/datasets/gigahands/demo_all/raw/hand_pose/p36-tea-0010/bboxes/right/010/brics-odroid-029_cam0_1727030430696895.jsonl,11259,2025-03-18T10:34:55+00:00,jsonl
experiments/datasets/gigahands/demo_all/raw/hand_pose/p36-tea-0010/bboxes/right/010/brics-odroid-029_cam1_1727030430697774.jsonl,19666,2025-03-18T10:34:55+00:00,jsonl
experiments/datasets/gigahands/demo_all/raw/hand_pose/p36-tea-0010/bboxes/right/010/brics-odroid-030_cam0_1727030430684613.jsonl,21169,2025-03-18T10:34:55+00:00,jsonl
experiments/datasets/gigahands/demo_all/raw/hand_pose/p36-tea-0010/bboxes/right/010/brics-odroid-030_cam1_1727030430686153.jsonl,23824,2025-03-18T10:34:55+00:00,jsonl
experiments/datasets/gigahands/demo_all/raw/hand_pose/p36-tea-0010/keypoints_2d/left/010/brics-odroid-001_cam0_1727030430682715.jsonl,307335,2025-03-18T10:36:40+00:00,jsonl
experiments/datasets/gigahands/demo_all/raw/hand_pose/p36-tea-0010/keypoints_2d/left/010/brics-odroid-001_cam1_1727030430696341.jsonl,275872,2025-03-18T10:36:41+00:00,jsonl
experiments/datasets/gigahands/demo_all/raw/hand_pose/p36-tea-0010/keypoints_2d/left/010/brics-odroid-002_cam0_1727030430696724.jsonl,313367,2025-03-18T10:36:40+00:00,jsonl
experiments/datasets/gigahands/demo_all/raw/hand_pose/p36-tea-0010/keypoints_2d/left/010/brics-odroid-006_cam0_1727030430696675.jsonl,318532,2025-03-18T10:36:41+00:00,jsonl
experiments/datasets/gigahands/demo_all/raw/hand_pose/p36-tea-0010/keypoints_2d/left/010/brics-odroid-007_cam0_1727030430684556.jsonl,323761,2025-03-18T10:36:40+00:00,jsonl
experiments/datasets/gigahands/demo_all/raw/hand_pose/p36-tea-0010/keypoints_2d/left/010/brics-odroid-007_cam1_1727030430685699.jsonl,278905,2025-03-18T10:36:40+00:00,jsonl
experiments/datasets/gigahands/demo_all/raw/hand_pose/p36-tea-0010/keypoints_2d/left/010/brics-odroid-008_cam0_1727030430696985.jsonl,182076,2025-03-18T10:36:40+00:00,jsonl
experiments/datasets/gigahands/demo_all/raw/hand_pose/p36-tea-0010/keypoints_2d/left/010/brics-odroid-009_cam1_1727030430696771.jsonl,302746,2025-03-18T10:36:40+00:00,jsonl
experiments/datasets/gigahands/demo_all/raw/hand_pose/p36-tea-0010/keypoints_2d/left/010/brics-odroid-010_cam0_1727030430697198.jsonl,208259,2025-03-18T10:36:40+00:00,jsonl
experiments/datasets/gigahands/demo_all/raw/hand_pose/p36-tea-0010/keypoints_2d/left/010/brics-odroid-010_cam1_1727030430696645.jsonl,221738,2025-03-18T10:36:40+00:00,jsonl
experiments/datasets/gigahands/demo_all/raw/hand_pose/p36-tea-0010/keypoints_2d/left/010/brics-odroid-011_cam0_1727030430698200.jsonl,317023,2025-03-18T10:36:40+00:00,jsonl
experiments/datasets/gigahands/demo_all/raw/hand_pose/p36-tea-0010/keypoints_2d/left/010/brics-odroid-012_cam0_1727030430697565.jsonl,276925,2025-03-18T10:36:40+00:00,jsonl
experiments/datasets/gigahands/demo_all/raw/hand_pose/p36-tea-0010/keypoints_2d/left/010/brics-odroid-012_cam1_1727030430699260.jsonl,288579,2025-03-18T10:36:40+00:00,jsonl
experiments/datasets/gigahands/demo_all/raw/hand_pose/p36-tea-0010/keypoints_2d/left/010/brics-odroid-014_cam1_1727030430697557.jsonl,207186,2025-03-18T10:36:40+00:00,jsonl
experiments/datasets/gigahands/demo_all/raw/hand_pose/p36-tea-0010/keypoints_2d/left/010/brics-odroid-015_cam0_1727030430683306.jsonl,239328,2025-03-18T10:36:40+00:00,jsonl
experiments/datasets/gigahands/demo_all/raw/hand_pose/p36-tea-0010/keypoints_2d/left/010/brics-odroid-015_cam1_1727030430707818.jsonl,312091,2025-03-18T10:36:40+00:00,jsonl
experiments/datasets/gigahands/demo_all/raw/hand_pose/p36-tea-0010/keypoints_2d/left/010/brics-odroid-016_cam0_1727030430697566.jsonl,311065,2025-03-18T10:36:40+00:00,jsonl
experiments/datasets/gigahands/demo_all/raw/hand_pose/p36-tea-0010/keypoints_2d/left/010/brics-odroid-017_cam0_1727030430684830.jsonl,306475,2025-03-18T10:36:41+00:00,jsonl
experiments/datasets/gigahands/demo_all/raw/hand_pose/p36-tea-0010/keypoints_2d/left/010/brics-odroid-017_cam1_1727030430720961.jsonl,288149,2025-03-18T10:36:40+00:00,jsonl
experiments/datasets/gigahands/demo_all/raw/hand_pose/p36-tea-0010/keypoints_2d/left/010/brics-odroid-019_cam1_1727030430684014.jsonl,218165,2025-03-18T10:36:40+00:00,jsonl
experiments/datasets/gigahands/demo_all/raw/hand_pose/p36-tea-0010/keypoints_2d/left/010/brics-odroid-020_cam0_1727030430696777.jsonl,124381,2025-03-18T10:36:40+00:00,jsonl
experiments/datasets/gigahands/demo_all/raw/hand_pose/p36-tea-0010/keypoints_2d/left/010/brics-odroid-020_cam1_1727030430696192.jsonl,290452,2025-03-18T10:36:40+00:00,jsonl
experiments/datasets/gigahands/demo_all/raw/hand_pose/p36-tea-0010/keypoints_2d/left/010/brics-odroid-021_cam0_1727030430707850.jsonl,263829,2025-03-18T10:36:40+00:00,jsonl
experiments/datasets/gigahands/demo_all/raw/hand_pose/p36-tea-0010/keypoints_2d/left/010/brics-odroid-021_cam1_1727030430708952.jsonl,259182,2025-03-18T10:36:40+00:00,jsonl
experiments/datasets/gigahands/demo_all/raw/hand_pose/p36-tea-0010/keypoints_2d/left/010/brics-odroid-022_cam0_1727030430720946.jsonl,172673,2025-03-18T10:36:40+00:00,jsonl
experiments/datasets/gigahands/demo_all/raw/hand_pose/p36-tea-0010/keypoints_2d/left/010/brics-odroid-022_cam1_1727030430697308.jsonl,225547,2025-03-18T10:36:40+00:00,jsonl
experiments/datasets/gigahands/demo_all/raw/hand_pose/p36-tea-0010/keypoints_2d/left/010/brics-odroid-023_cam0_1727030430699458.jsonl,317901,2025-03-18T10:36:41+00:00,jsonl
experiments/datasets/gigahands/demo_all/raw/hand_pose/p36-tea-0010/keypoints_2d/left/010/brics-odroid-024_cam0_1727030430696732.jsonl,323529,2025-03-18T10:36:40+00:00,jsonl
experiments/datasets/gigahands/demo_all/raw/hand_pose/p36-tea-0010/keypoints_2d/left/010/brics-odroid-024_cam1_1727030430684210.jsonl,273671,2025-03-18T10:36:40+00:00,jsonl
experiments/datasets/gigahands/demo_all/raw/hand_pose/p36-tea-0010/keypoints_2d/left/010/brics-odroid-025_cam0_1727030430696938.jsonl,322341,2025-03-18T10:36:40+00:00,jsonl
experiments/datasets/gigahands/demo_all/raw/hand_pose/p36-tea-0010/keypoints_2d/left/010/brics-odroid-025_cam1_1727030430696514.jsonl,313965,2025-03-18T10:36:40+00:00,jsonl
experiments/datasets/gigahands/demo_all/raw/hand_pose/p36-tea-0010/keypoints_2d/left/010/brics-odroid-026_cam0_1727030430684564.jsonl,299442,2025-03-18T10:36:40+00:00,jsonl
experiments/datasets/gigahands/demo_all/raw/hand_pose/p36-tea-0010/keypoints_2d/left/010/brics-odroid-026_cam1_1727030430697518.jsonl,251860,2025-03-18T10:36:40+00:00,jsonl
experiments/datasets/gigahands/demo_all/raw/hand_pose/p36-tea-0010/keypoints_2d/left/010/brics-odroid-027_cam0_1727030430702484.jsonl,208053,2025-03-18T10:36:40+00:00,jsonl
experiments/datasets/gigahands/demo_all/raw/hand_pose/p36-tea-0010/keypoints_2d/left/010/brics-odroid-027_cam1_1727030430701319.jsonl,218650,2025-03-18T10:36:40+00:00,jsonl
experiments/datasets/gigahands/demo_all/raw/hand_pose/p36-tea-0010/keypoints_2d/left/010/brics-odroid-028_cam0_1727030430681881.jsonl,226759,2025-03-18T10:36:40+00:00,jsonl
experiments/datasets/gigahands/demo_all/raw/hand_pose/p36-tea-0010/keypoints_2d/left/010/brics-odroid-029_cam0_1727030430696895.jsonl,157399,2025-03-18T10:36:40+00:00,jsonl
experiments/datasets/gigahands/demo_all/raw/hand_pose/p36-tea-0010/keypoints_2d/left/010/brics-odroid-029_cam1_1727030430697774.jsonl,225000,2025-03-18T10:36:40+00:00,jsonl
experiments/datasets/gigahands/demo_all/raw/hand_pose/p36-tea-0010/keypoints_2d/left/010/brics-odroid-030_cam0_1727030430684613.jsonl,315281,2025-03-18T10:36:40+00:00,jsonl
experiments/datasets/gigahands/demo_all/raw/hand_pose/p36-tea-0010/keypoints_2d/left/010/brics-odroid-030_cam1_1727030430686153.jsonl,292831,2025-03-18T10:36:40+00:00,jsonl
experiments/datasets/gigahands/demo_all/raw/hand_pose/p36-tea-0010/keypoints_2d/right/010/brics-odroid-001_cam0_1727030430682715.jsonl,316803,2025-03-18T10:36:51+00:00,jsonl
experiments/datasets/gigahands/demo_all/raw/hand_pose/p36-tea-0010/keypoints_2d/right/010/brics-odroid-001_cam1_1727030430696341.jsonl,274330,2025-03-18T10:36:51+00:00,jsonl
experiments/datasets/gigahands/demo_all/raw/hand_pose/p36-tea-0010/keypoints_2d/right/010/brics-odroid-002_cam0_1727030430696724.jsonl,310652,2025-03-18T10:36:51+00:00,jsonl
experiments/datasets/gigahands/demo_all/raw/hand_pose/p36-tea-0010/keypoints_2d/right/010/brics-odroid-006_cam0_1727030430696675.jsonl,318034,2025-03-18T10:36:51+00:00,jsonl
experiments/datasets/gigahands/demo_all/raw/hand_pose/p36-tea-0010/keypoints_2d/right/010/brics-odroid-007_cam0_1727030430684556.jsonl,322701,2025-03-18T10:36:51+00:00,jsonl
experiments/datasets/gigahands/demo_all/raw/hand_pose/p36-tea-0010/keypoints_2d/right/010/brics-odroid-007_cam1_1727030430685699.jsonl,323821,2025-03-18T10:36:51+00:00,jsonl
experiments/datasets/gigahands/demo_all/raw/hand_pose/p36-tea-0010/keypoints_2d/right/010/brics-odroid-008_cam0_1727030430696985.jsonl,129965,2025-03-18T10:36:51+00:00,jsonl
experiments/datasets/gigahands/demo_all/raw/hand_pose/p36-tea-0010/keypoints_2d/right/010/brics-odroid-009_cam1_1727030430696771.jsonl,323448,2025-03-18T10:36:51+00:00,jsonl
experiments/datasets/gigahands/demo_all/raw/hand_pose/p36-tea-0010/keypoints_2d/right/010/brics-odroid-010_cam0_1727030430697198.jsonl,213036,2025-03-18T10:36:51+00:00,jsonl
experiments/datasets/gigahands/demo_all/raw/hand_pose/p36-tea-0010/keypoints_2d/right/010/brics-odroid-010_cam1_1727030430696645.jsonl,217693,2025-03-18T10:36:51+00:00,jsonl
experiments/datasets/gigahands/demo_all/raw/hand_pose/p36-tea-0010/keypoints_2d/right/010/brics-odroid-011_cam0_1727030430698200.jsonl,319634,2025-03-18T10:36:51+00:00,jsonl
experiments/datasets/gigahands/demo_all/raw/hand_pose/p36-tea-0010/keypoints_2d/right/010/brics-odroid-012_cam0_1727030430697565.jsonl,259494,2025-03-18T10:36:51+00:00,jsonl
experiments/datasets/gigahands/demo_all/raw/hand_pose/p36-tea-0010/keypoints_2d/right/010/brics-odroid-012_cam1_1727030430699260.jsonl,288399,2025-03-18T10:36:51+00:00,jsonl
experiments/datasets/gigahands/demo_all/raw/hand_pose/p36-tea-0010/keypoints_2d/right/010/brics-odroid-014_cam1_1727030430697557.jsonl,196854,2025-03-18T10:36:51+00:00,jsonl
experiments/datasets/gigahands/demo_all/raw/hand_pose/p36-tea-0010/keypoints_2d/right/010/brics-odroid-015_cam0_1727030430683306.jsonl,291107,2025-03-18T10:36:51+00:00,jsonl
experiments/datasets/gigahands/demo_all/raw/hand_pose/p36-tea-0010/keypoints_2d/right/010/brics-odroid-015_cam1_1727030430707818.jsonl,316774,2025-03-18T10:36:51+00:00,jsonl
experiments/datasets/gigahands/demo_all/raw/hand_pose/p36-tea-0010/keypoints_2d/right/010/brics-odroid-016_cam0_1727030430697566.jsonl,306154,2025-03-18T10:36:51+00:00,jsonl
experiments/datasets/gigahands/demo_all/raw/hand_pose/p36-tea-0010/keypoints_2d/right/010/brics-odroid-017_cam0_1727030430684830.jsonl,312024,2025-03-18T10:36:51+00:00,jsonl
experiments/datasets/gigahands/demo_all/raw/hand_pose/p36-tea-0010/keypoints_2d/right/010/brics-odroid-017_cam1_1727030430720961.jsonl,290378,2025-03-18T10:36:51+00:00,jsonl
experiments/datasets/gigahands/demo_all/raw/hand_pose/p36-tea-0010/keypoints_2d/right/010/brics-odroid-019_cam1_1727030430684014.jsonl,218598,2025-03-18T10:36:51+00:00,jsonl
experiments/datasets/gigahands/demo_all/raw/hand_pose/p36-tea-0010/keypoints_2d/right/010/brics-odroid-020_cam0_1727030430696777.jsonl,221173,2025-03-18T10:36:51+00:00,jsonl
experiments/datasets/gigahands/demo_all/raw/hand_pose/p36-tea-0010/keypoints_2d/right/010/brics-odroid-020_cam1_1727030430696192.jsonl,269510,2025-03-18T10:36:51+00:00,jsonl
experiments/datasets/gigahands/demo_all/raw/hand_pose/p36-tea-0010/keypoints_2d/right/010/brics-odroid-021_cam0_1727030430707850.jsonl,267021,2025-03-18T10:36:51+00:00,jsonl
experiments/datasets/gigahands/demo_all/raw/hand_pose/p36-tea-0010/keypoints_2d/right/010/brics-odroid-021_cam1_1727030430708952.jsonl,232204,2025-03-18T10:36:51+00:00,jsonl
experiments/datasets/gigahands/demo_all/raw/hand_pose/p36-tea-0010/keypoints_2d/right/010/brics-odroid-022_cam0_1727030430720946.jsonl,172458,2025-03-18T10:36:51+00:00,jsonl
experiments/datasets/gigahands/demo_all/raw/hand_pose/p36-tea-0010/keypoints_2d/right/010/brics-odroid-022_cam1_1727030430697308.jsonl,229292,2025-03-18T10:36:51+00:00,jsonl
experiments/datasets/gigahands/demo_all/raw/hand_pose/p36-tea-0010/keypoints_2d/right/010/brics-odroid-023_cam0_1727030430699458.jsonl,317638,2025-03-18T10:36:51+00:00,jsonl
experiments/datasets/gigahands/demo_all/raw/hand_pose/p36-tea-0010/keypoints_2d/right/010/brics-odroid-024_cam0_1727030430696732.jsonl,314167,2025-03-18T10:36:51+00:00,jsonl
experiments/datasets/gigahands/demo_all/raw/hand_pose/p36-tea-0010/keypoints_2d/right/010/brics-odroid-024_cam1_1727030430684210.jsonl,321394,2025-03-18T10:36:51+00:00,jsonl
experiments/datasets/gigahands/demo_all/raw/hand_pose/p36-tea-0010/keypoints_2d/right/010/brics-odroid-025_cam0_1727030430696938.jsonl,319675,2025-03-18T10:36:51+00:00,jsonl
experiments/datasets/gigahands/demo_all/raw/hand_pose/p36-tea-0010/keypoints_2d/right/010/brics-odroid-025_cam1_1727030430696514.jsonl,319130,2025-03-18T10:36:51+00:00,jsonl
experiments/datasets/gigahands/demo_all/raw/hand_pose/p36-tea-0010/keypoints_2d/right/010/brics-odroid-026_cam0_1727030430684564.jsonl,246746,2025-03-18T10:36:51+00:00,jsonl
experiments/datasets/gigahands/demo_all/raw/hand_pose/p36-tea-0010/keypoints_2d/right/010/brics-odroid-026_cam1_1727030430697518.jsonl,296559,2025-03-18T10:36:51+00:00,jsonl
experiments/datasets/gigahands/demo_all/raw/hand_pose/p36-tea-0010/keypoints_2d/right/010/brics-odroid-027_cam0_1727030430702484.jsonl,198555,2025-03-18T10:36:51+00:00,jsonl
experiments/datasets/gigahands/demo_all/raw/hand_pose/p36-tea-0010/keypoints_2d/right/010/brics-odroid-027_cam1_1727030430701319.jsonl,216869,2025-03-18T10:36:51+00:00,jsonl
experiments/datasets/gigahands/demo_all/raw/hand_pose/p36-tea-0010/keypoints_2d/right/010/brics-odroid-028_cam0_1727030430681881.jsonl,133665,2025-03-18T10:36:51+00:00,jsonl
experiments/datasets/gigahands/demo_all/raw/hand_pose/p36-tea-0010/keypoints_2d/right/010/brics-odroid-029_cam0_1727030430696895.jsonl,149187,2025-03-18T10:36:51+00:00,jsonl
experiments/datasets/gigahands/demo_all/raw/hand_pose/p36-tea-0010/keypoints_2d/right/010/brics-odroid-029_cam1_1727030430697774.jsonl,246319,2025-03-18T10:36:51+00:00,jsonl
experiments/datasets/gigahands/demo_all/raw/hand_pose/p36-tea-0010/keypoints_2d/right/010/brics-odroid-030_cam0_1727030430684613.jsonl,275635,2025-03-18T10:36:51+00:00,jsonl
experiments/datasets/gigahands/demo_all/raw/hand_pose/p36-tea-0010/keypoints_2d/right/010/brics-odroid-030_cam1_1727030430686153.jsonl,301012,2025-03-18T10:36:51+00:00,jsonl
experiments/datasets/gigahands/demo_all/raw/hand_pose/p36-tea-0010/keypoints_3d/010/chosen_frames_left.json,2405,2025-03-18T10:37:49+00:00,json
experiments/datasets/gigahands/demo_all/raw/hand_pose/p36-tea-0010/keypoints_3d/010/chosen_frames_right.json,2300,2025-03-18T10:37:49+00:00,json
experiments/datasets/gigahands/demo_all/raw/hand_pose/p36-tea-0010/keypoints_3d/010/left.jsonl,486973,2025-03-18T10:37:49+00:00,jsonl
experiments/datasets/gigahands/demo_all/raw/hand_pose/p36-tea-0010/keypoints_3d/010/right.jsonl,474595,2025-03-18T10:37:49+00:00,jsonl
experiments/datasets/gigahands/demo_all/raw/hand_pose/p36-tea-0010/keypoints_3d_mano/010.json,985408,2025-04-17T16:15:51+00:00,json
experiments/datasets/gigahands/demo_all/raw/hand_pose/p36-tea-0010/mano_vid/010.mp4,9566212,2025-03-18T10:38:40+00:00,mp4
experiments/datasets/gigahands/demo_all/raw/hand_pose/p36-tea-0010/optim_params.txt,16155,2025-03-18T10:31:43+00:00,txt
experiments/datasets/gigahands/demo_all/raw/hand_pose/p36-tea-0010/params/010.json,750200,2025-03-18T10:38:26+00:00,json
experiments/datasets/gigahands/demo_all/raw/hand_pose/p36-tea-0010/repro_2d_vid/010.mp4,11703365,2025-03-18T10:38:56+00:00,mp4
experiments/datasets/gigahands/demo_all/raw/hand_pose/p36-tea-0010/repro_3d_vid/010.mp4,11895089,2025-03-18T10:39:04+00:00,mp4
experiments/datasets/gigahands/demo_all/raw/hand_pose/p36-tea-0010/rgb_vid/brics-odroid-001_cam0/brics-odroid-001_cam0_1727030430682715.mp4,2712361,2024-09-25T20:01:24+00:00,mp4
experiments/datasets/gigahands/demo_all/raw/hand_pose/p36-tea-0010/rgb_vid/brics-odroid-001_cam0/brics-odroid-001_cam0_1727030430682715.txt,13716,2024-09-22T18:40:43+00:00,txt
experiments/datasets/gigahands/demo_all/raw/hand_pose/p36-tea-0010/rgb_vid/brics-odroid-001_cam1/brics-odroid-001_cam1_1727030430696341.mp4,2181183,2024-09-25T20:03:17+00:00,mp4
experiments/datasets/gigahands/demo_all/raw/hand_pose/p36-tea-0010/rgb_vid/brics-odroid-001_cam1/brics-odroid-001_cam1_1727030430696341.txt,13716,2024-09-22T18:40:43+00:00,txt
experiments/datasets/gigahands/demo_all/raw/hand_pose/p36-tea-0010/rgb_vid/brics-odroid-002_cam0/brics-odroid-002_cam0_1727030430696724.mp4,2296917,2024-09-25T20:05:06+00:00,mp4
experiments/datasets/gigahands/demo_all/raw/hand_pose/p36-tea-0010/rgb_vid/brics-odroid-002_cam0/brics-odroid-002_cam0_1727030430696724.txt,13716,2024-09-22T18:40:43+00:00,txt
experiments/datasets/gigahands/demo_all/raw/hand_pose/p36-tea-0010/rgb_vid/brics-odroid-004_cam0/brics-odroid-004_cam0_1727030430696195.mp4,1589403,2024-09-25T20:06:52+00:00,mp4
experiments/datasets/gigahands/demo_all/raw/hand_pose/p36-tea-0010/rgb_vid/brics-odroid-004_cam0/brics-odroid-004_cam0_1727030430696195.txt,13716,2024-09-22T18:40:43+00:00,txt
experiments/datasets/gigahands/demo_all/raw/hand_pose/p36-tea-0010/rgb_vid/brics-odroid-006_cam0/brics-odroid-006_cam0_1727030430696675.mp4,3312473,2024-09-25T20:08:44+00:00,mp4
experiments/datasets/gigahands/demo_all/raw/hand_pose/p36-tea-0010/rgb_vid/brics-odroid-006_cam0/brics-odroid-006_cam0_1727030430696675.txt,13716,2024-09-22T18:40:43+00:00,txt
experiments/datasets/gigahands/demo_all/raw/hand_pose/p36-tea-0010/rgb_vid/brics-odroid-007_cam0/brics-odroid-007_cam0_1727030430684556.mp4,2714204,2024-09-25T20:10:42+00:00,mp4
experiments/datasets/gigahands/demo_all/raw/hand_pose/p36-tea-0010/rgb_vid/brics-odroid-007_cam0/brics-odroid-007_cam0_1727030430684556.txt,13716,2024-09-22T18:40:43+00:00,txt
experiments/datasets/gigahands/demo_all/raw/hand_pose/p36-tea-0010/rgb_vid/brics-odroid-007_cam1/brics-odroid-007_cam1_1727030430685699.mp4,2827368,2024-09-25T20:12:39+00:00,mp4
experiments/datasets/gigahands/demo_all/raw/hand_pose/p36-tea-0010/rgb_vid/brics-odroid-007_cam1/brics-odroid-007_cam1_1727030430685699.txt,13716,2024-09-22T18:40:43+00:00,txt
experiments/datasets/gigahands/demo_all/raw/hand_pose/p36-tea-0010/rgb_vid/brics-odroid-008_cam0/brics-odroid-008_cam0_1727030430696985.mp4,2068833,2024-09-25T20:14:33+00:00,mp4
experiments/datasets/gigahands/demo_all/raw/hand_pose/p36-tea-0010/rgb_vid/brics-odroid-008_cam0/brics-odroid-008_cam0_1727030430696985.txt,13716,2024-09-22T18:40:43+00:00,txt
experiments/datasets/gigahands/demo_all/raw/hand_pose/p36-tea-0010/rgb_vid/brics-odroid-008_cam1/brics-odroid-008_cam1_1727030430696276.mp4,2491800,2024-09-25T20:16:27+00:00,mp4
experiments/datasets/gigahands/demo_all/raw/hand_pose/p36-tea-0010/rgb_vid/brics-odroid-008_cam1/brics-odroid-008_cam1_1727030430696276.txt,13716,2024-09-22T18:40:43+00:00,txt
experiments/datasets/gigahands/demo_all/raw/hand_pose/p36-tea-0010/rgb_vid/brics-odroid-009_cam0/brics-odroid-009_cam0_1727030430684908.mp4,1993244,2024-09-25T20:18:26+00:00,mp4
experiments/datasets/gigahands/demo_all/raw/hand_pose/p36-tea-0010/rgb_vid/brics-odroid-009_cam0/brics-odroid-009_cam0_1727030430684908.txt,13716,2024-09-22T18:40:43+00:00,txt
experiments/datasets/gigahands/demo_all/raw/hand_pose/p36-tea-0010/rgb_vid/brics-odroid-009_cam1/brics-odroid-009_cam1_1727030430696771.mp4,2943772,2024-09-25T20:20:23+00:00,mp4
experiments/datasets/gigahands/demo_all/raw/hand_pose/p36-tea-0010/rgb_vid/brics-odroid-009_cam1/brics-odroid-009_cam1_1727030430696771.txt,13716,2024-09-22T18:40:43+00:00,txt
experiments/datasets/gigahands/demo_all/raw/hand_pose/p36-tea-0010/rgb_vid/brics-odroid-010_cam0/brics-odroid-010_cam0_1727030430697198.mp4,2941450,2024-09-25T20:22:25+00:00,mp4
experiments/datasets/gigahands/demo_all/raw/hand_pose/p36-tea-0010/rgb_vid/brics-odroid-010_cam0/brics-odroid-010_cam0_1727030430697198.txt,13680,2024-09-22T18:40:43+00:00,txt
experiments/datasets/gigahands/demo_all/raw/hand_pose/p36-tea-0010/rgb_vid/brics-odroid-010_cam1/brics-odroid-010_cam1_1727030430696645.mp4,2962352,2024-09-25T20:24:30+00:00,mp4
experiments/datasets/gigahands/demo_all/raw/hand_pose/p36-tea-0010/rgb_vid/brics-odroid-010_cam1/brics-odroid-010_cam1_1727030430696645.txt,13716,2024-09-22T18:40:43+00:00,txt
experiments/datasets/gigahands/demo_all/raw/hand_pose/p36-tea-0010/rgb_vid/brics-odroid-011_cam0/brics-odroid-011_cam0_1727030430698200.mp4,2953151,2024-09-25T20:26:33+00:00,mp4
experiments/datasets/gigahands/demo_all/raw/hand_pose/p36-tea-0010/rgb_vid/brics-odroid-011_cam0/brics-odroid-011_cam0_1727030430698200.txt,13680,2024-09-22T18:40:43+00:00,txt
experiments/datasets/gigahands/demo_all/raw/hand_pose/p36-tea-0010/rgb_vid/brics-odroid-012_cam0/brics-odroid-012_cam0_1727030430697565.mp4,2955084,2024-09-25T20:28:36+00:00,mp4
experiments/datasets/gigahands/demo_all/raw/hand_pose/p36-tea-0010/rgb_vid/brics-odroid-012_cam0/brics-odroid-012_cam0_1727030430697565.txt,13680,2024-09-22T18:40:43+00:00,txt
experiments/datasets/gigahands/demo_all/raw/hand_pose/p36-tea-0010/rgb_vid/brics-odroid-012_cam1/brics-odroid-012_cam1_1727030430699260.mp4,2591944,2024-09-25T20:30:39+00:00,mp4
experiments/datasets/gigahands/demo_all/raw/hand_pose/p36-tea-0010/rgb_vid/brics-odroid-012_cam1/brics-odroid-012_cam1_1727030430699260.txt,13680,2024-09-22T18:40:43+00:00,txt
experiments/datasets/gigahands/demo_all/raw/hand_pose/p36-tea-0010/rgb_vid/brics-odroid-013_cam0/brics-odroid-013_cam0_1727030430696173.mp4,1967727,2024-09-25T20:32:39+00:00,mp4
experiments/datasets/gigahands/demo_all/raw/hand_pose/p36-tea-0010/rgb_vid/brics-odroid-013_cam0/brics-odroid-013_cam0_1727030430696173.txt,13716,2024-09-22T18:40:43+00:00,txt
experiments/datasets/gigahands/demo_all/raw/hand_pose/p36-tea-0010/rgb_vid/brics-odroid-013_cam1/brics-odroid-013_cam1_1727030430686132.mp4,2148400,2024-09-25T20:34:36+00:00,mp4
experiments/datasets/gigahands/demo_all/raw/hand_pose/p36-tea-0010/rgb_vid/brics-odroid-013_cam1/brics-odroid-013_cam1_1727030430686132.txt,13716,2024-09-22T18:40:43+00:00,txt
experiments/datasets/gigahands/demo_all/raw/hand_pose/p36-tea-0010/rgb_vid/brics-odroid-014_cam0/brics-odroid-014_cam0_1727030430697235.mp4,2233694,2024-09-25T20:36:37+00:00,mp4
experiments/datasets/gigahands/demo_all/raw/hand_pose/p36-tea-0010/rgb_vid/brics-odroid-014_cam0/brics-odroid-014_cam0_1727030430697235.txt,13680,2024-09-22T18:40:43+00:00,txt
experiments/datasets/gigahands/demo_all/raw/hand_pose/p36-tea-0010/rgb_vid/brics-odroid-014_cam1/brics-odroid-014_cam1_1727030430697557.mp4,3074134,2024-09-25T20:38:36+00:00,mp4
experiments/datasets/gigahands/demo_all/raw/hand_pose/p36-tea-0010/rgb_vid/brics-odroid-014_cam1/brics-odroid-014_cam1_1727030430697557.txt,13680,2024-09-22T18:40:43+00:00,txt
experiments/datasets/gigahands/demo_all/raw/hand_pose/p36-tea-0010/rgb_vid/brics-odroid-015_cam0/brics-odroid-015_cam0_1727030430683306.mp4,3012396,2024-09-25T20:40:40+00:00,mp4
experiments/datasets/gigahands/demo_all/raw/hand_pose/p36-tea-0010/rgb_vid/brics-odroid-015_cam0/brics-odroid-015_cam0_1727030430683306.txt,13716,2024-09-22T18:40:43+00:00,txt
experiments/datasets/gigahands/demo_all/raw/hand_pose/p36-tea-0010/rgb_vid/brics-odroid-015_cam1/brics-odroid-015_cam1_1727030430707818.mp4,2837037,2024-09-25T20:42:45+00:00,mp4
experiments/datasets/gigahands/demo_all/raw/hand_pose/p36-tea-0010/rgb_vid/brics-odroid-015_cam1/brics-odroid-015_cam1_1727030430707818.txt,13680,2024-09-22T18:40:43+00:00,txt
experiments/datasets/gigahands/demo_all/raw/hand_pose/p36-tea-0010/rgb_vid/brics-odroid-016_cam0/brics-odroid-016_cam0_1727030430697566.mp4,3146107,2024-09-25T20:44:47+00:00,mp4
experiments/datasets/gigahands/demo_all/raw/hand_pose/p36-tea-0010/rgb_vid/brics-odroid-016_cam0/brics-odroid-016_cam0_1727030430697566.txt,13680,2024-09-22T18:40:43+00:00,txt
experiments/datasets/gigahands/demo_all/raw/hand_pose/p36-tea-0010/rgb_vid/brics-odroid-017_cam0/brics-odroid-017_cam0_1727030430684830.mp4,2559860,2024-09-25T20:46:49+00:00,mp4
experiments/datasets/gigahands/demo_all/raw/hand_pose/p36-tea-0010/rgb_vid/brics-odroid-017_cam0/brics-odroid-017_cam0_1727030430684830.txt,13716,2024-09-22T18:40:43+00:00,txt
experiments/datasets/gigahands/demo_all/raw/hand_pose/p36-tea-0010/rgb_vid/brics-odroid-017_cam1/brics-odroid-017_cam1_1727030430720961.mp4,2847280,2024-09-25T20:48:49+00:00,mp4
experiments/datasets/gigahands/demo_all/raw/hand_pose/p36-tea-0010/rgb_vid/brics-odroid-017_cam1/brics-odroid-017_cam1_1727030430720961.txt,13680,2024-09-22T18:40:43+00:00,txt
experiments/datasets/gigahands/demo_all/raw/hand_pose/p36-tea-0010/rgb_vid/brics-odroid-018_cam0/brics-odroid-018_cam0_1727030430697476.mp4,3010443,2024-09-25T20:50:50+00:00,mp4
experiments/datasets/gigahands/demo_all/raw/hand_pose/p36-tea-0010/rgb_vid/brics-odroid-018_cam0/brics-odroid-018_cam0_1727030430697476.txt,13680,2024-09-22T18:40:43+00:00,txt
experiments/datasets/gigahands/demo_all/raw/hand_pose/p36-tea-0010/rgb_vid/brics-odroid-018_cam1/brics-odroid-018_cam1_1727030430684338.mp4,2103750,2024-09-25T20:52:49+00:00,mp4
experiments/datasets/gigahands/demo_all/raw/hand_pose/p36-tea-0010/rgb_vid/brics-odroid-018_cam1/brics-odroid-018_cam1_1727030430684338.txt,13716,2024-09-22T18:40:43+00:00,txt
experiments/datasets/gigahands/demo_all/raw/hand_pose/p36-tea-0010/rgb_vid/brics-odroid-019_cam0/brics-odroid-019_cam0_1727030430685117.mp4,2057748,2024-09-25T20:54:48+00:00,mp4
experiments/datasets/gigahands/demo_all/raw/hand_pose/p36-tea-0010/rgb_vid/brics-odroid-019_cam0/brics-odroid-019_cam0_1727030430685117.txt,13716,2024-09-22T18:40:43+00:00,txt
experiments/datasets/gigahands/demo_all/raw/hand_pose/p36-tea-0010/rgb_vid/brics-odroid-019_cam1/brics-odroid-019_cam1_1727030430684014.mp4,2786451,2024-09-25T20:56:46+00:00,mp4
experiments/datasets/gigahands/demo_all/raw/hand_pose/p36-tea-0010/rgb_vid/brics-odroid-019_cam1/brics-odroid-019_cam1_1727030430684014.txt,13716,2024-09-22T18:40:43+00:00,txt
experiments/datasets/gigahands/demo_all/raw/hand_pose/p36-tea-0010/rgb_vid/brics-odroid-020_cam0/brics-odroid-020_cam0_1727030430696777.mp4,3540694,2024-09-25T20:58:47+00:00,mp4
experiments/datasets/gigahands/demo_all/raw/hand_pose/p36-tea-0010/rgb_vid/brics-odroid-020_cam0/brics-odroid-020_cam0_1727030430696777.txt,13716,2024-09-22T18:40:43+00:00,txt
experiments/datasets/gigahands/demo_all/raw/hand_pose/p36-tea-0010/rgb_vid/brics-odroid-020_cam1/brics-odroid-020_cam1_1727030430696192.mp4,3173991,2024-09-25T21:00:52+00:00,mp4
experiments/datasets/gigahands/demo_all/raw/hand_pose/p36-tea-0010/rgb_vid/brics-odroid-020_cam1/brics-odroid-020_cam1_1727030430696192.txt,13716,2024-09-22T18:40:43+00:00,txt
experiments/datasets/gigahands/demo_all/raw/hand_pose/p36-tea-0010/rgb_vid/brics-odroid-021_cam0/brics-odroid-021_cam0_1727030430707850.mp4,2623505,2024-09-25T21:02:55+00:00,mp4
experiments/datasets/gigahands/demo_all/raw/hand_pose/p36-tea-0010/rgb_vid/brics-odroid-021_cam0/brics-odroid-021_cam0_1727030430707850.txt,13680,2024-09-22T18:40:43+00:00,txt
experiments/datasets/gigahands/demo_all/raw/hand_pose/p36-tea-0010/rgb_vid/brics-odroid-021_cam1/brics-odroid-021_cam1_1727030430708952.mp4,2538263,2024-09-25T21:04:56+00:00,mp4
experiments/datasets/gigahands/demo_all/raw/hand_pose/p36-tea-0010/rgb_vid/brics-odroid-021_cam1/brics-odroid-021_cam1_1727030430708952.txt,13680,2024-09-22T18:40:43+00:00,txt
experiments/datasets/gigahands/demo_all/raw/hand_pose/p36-tea-0010/rgb_vid/brics-odroid-022_cam0/brics-odroid-022_cam0_1727030430720946.mp4,2256027,2024-09-25T21:06:56+00:00,mp4
experiments/datasets/gigahands/demo_all/raw/hand_pose/p36-tea-0010/rgb_vid/brics-odroid-022_cam0/brics-odroid-022_cam0_1727030430720946.txt,13680,2024-09-22T18:40:43+00:00,txt
experiments/datasets/gigahands/demo_all/raw/hand_pose/p36-tea-0010/rgb_vid/brics-odroid-022_cam1/brics-odroid-022_cam1_1727030430697308.mp4,2531750,2024-09-25T21:08:55+00:00,mp4
experiments/datasets/gigahands/demo_all/raw/hand_pose/p36-tea-0010/rgb_vid/brics-odroid-022_cam1/brics-odroid-022_cam1_1727030430697308.txt,13716,2024-09-22T18:40:43+00:00,txt
experiments/datasets/gigahands/demo_all/raw/hand_pose/p36-tea-0010/rgb_vid/brics-odroid-023_cam0/brics-odroid-023_cam0_1727030430699458.mp4,3179562,2024-09-25T21:10:56+00:00,mp4
experiments/datasets/gigahands/demo_all/raw/hand_pose/p36-tea-0010/rgb_vid/brics-odroid-023_cam0/brics-odroid-023_cam0_1727030430699458.txt,13680,2024-09-22T18:40:43+00:00,txt
experiments/datasets/gigahands/demo_all/raw/hand_pose/p36-tea-0010/rgb_vid/brics-odroid-024_cam0/brics-odroid-024_cam0_1727030430696732.mp4,2854562,2024-09-25T21:12:58+00:00,mp4
experiments/datasets/gigahands/demo_all/raw/hand_pose/p36-tea-0010/rgb_vid/brics-odroid-024_cam0/brics-odroid-024_cam0_1727030430696732.txt,13716,2024-09-22T18:40:43+00:00,txt
experiments/datasets/gigahands/demo_all/raw/hand_pose/p36-tea-0010/rgb_vid/brics-odroid-024_cam1/brics-odroid-024_cam1_1727030430684210.mp4,2862226,2024-09-25T21:15:00+00:00,mp4
experiments/datasets/gigahands/demo_all/raw/hand_pose/p36-tea-0010/rgb_vid/brics-odroid-024_cam1/brics-odroid-024_cam1_1727030430684210.txt,13716,2024-09-22T18:40:43+00:00,txt
experiments/datasets/gigahands/demo_all/raw/hand_pose/p36-tea-0010/rgb_vid/brics-odroid-025_cam0/brics-odroid-025_cam0_1727030430696938.mp4,3036856,2024-09-25T21:16:58+00:00,mp4
experiments/datasets/gigahands/demo_all/raw/hand_pose/p36-tea-0010/rgb_vid/brics-odroid-025_cam0/brics-odroid-025_cam0_1727030430696938.txt,13716,2024-09-22T18:40:43+00:00,txt
experiments/datasets/gigahands/demo_all/raw/hand_pose/p36-tea-0010/rgb_vid/brics-odroid-025_cam1/brics-odroid-025_cam1_1727030430696514.mp4,3106503,2024-09-25T21:19:00+00:00,mp4
experiments/datasets/gigahands/demo_all/raw/hand_pose/p36-tea-0010/rgb_vid/brics-odroid-025_cam1/brics-odroid-025_cam1_1727030430696514.txt,13716,2024-09-22T18:40:43+00:00,txt
experiments/datasets/gigahands/demo_all/raw/hand_pose/p36-tea-0010/rgb_vid/brics-odroid-026_cam0/brics-odroid-026_cam0_1727030430684564.mp4,2163172,2024-09-25T21:21:00+00:00,mp4
experiments/datasets/gigahands/demo_all/raw/hand_pose/p36-tea-0010/rgb_vid/brics-odroid-026_cam0/brics-odroid-026_cam0_1727030430684564.txt,13716,2024-09-22T18:40:43+00:00,txt
experiments/datasets/gigahands/demo_all/raw/hand_pose/p36-tea-0010/rgb_vid/brics-odroid-026_cam1/brics-odroid-026_cam1_1727030430697518.mp4,2941216,2024-09-25T21:23:04+00:00,mp4
experiments/datasets/gigahands/demo_all/raw/hand_pose/p36-tea-0010/rgb_vid/brics-odroid-026_cam1/brics-odroid-026_cam1_1727030430697518.txt,13716,2024-09-22T18:40:43+00:00,txt
experiments/datasets/gigahands/demo_all/raw/hand_pose/p36-tea-0010/rgb_vid/brics-odroid-027_cam0/brics-odroid-027_cam0_1727030430702484.mp4,2360188,2024-09-25T21:25:04+00:00,mp4
experiments/datasets/gigahands/demo_all/raw/hand_pose/p36-tea-0010/rgb_vid/brics-odroid-027_cam0/brics-odroid-027_cam0_1727030430702484.txt,13680,2024-09-22T18:40:43+00:00,txt
experiments/datasets/gigahands/demo_all/raw/hand_pose/p36-tea-0010/rgb_vid/brics-odroid-027_cam1/brics-odroid-027_cam1_1727030430701319.mp4,2441065,2024-09-25T21:26:59+00:00,mp4
experiments/datasets/gigahands/demo_all/raw/hand_pose/p36-tea-0010/rgb_vid/brics-odroid-027_cam1/brics-odroid-027_cam1_1727030430701319.txt,13680,2024-09-22T18:40:43+00:00,txt
experiments/datasets/gigahands/demo_all/raw/hand_pose/p36-tea-0010/rgb_vid/brics-odroid-028_cam0/brics-odroid-028_cam0_1727030430681881.mp4,2483740,2024-09-25T21:28:59+00:00,mp4
experiments/datasets/gigahands/demo_all/raw/hand_pose/p36-tea-0010/rgb_vid/brics-odroid-028_cam0/brics-odroid-028_cam0_1727030430681881.txt,13716,2024-09-22T18:40:43+00:00,txt
experiments/datasets/gigahands/demo_all/raw/hand_pose/p36-tea-0010/rgb_vid/brics-odroid-029_cam0/brics-odroid-029_cam0_1727030430696895.mp4,2652226,2024-09-25T21:31:03+00:00,mp4
experiments/datasets/gigahands/demo_all/raw/hand_pose/p36-tea-0010/rgb_vid/brics-odroid-029_cam0/brics-odroid-029_cam0_1727030430696895.txt,13716,2024-09-22T18:40:43+00:00,txt
experiments/datasets/gigahands/demo_all/raw/hand_pose/p36-tea-0010/rgb_vid/brics-odroid-029_cam1/brics-odroid-029_cam1_1727030430697774.mp4,2559519,2024-09-25T21:33:04+00:00,mp4
experiments/datasets/gigahands/demo_all/raw/hand_pose/p36-tea-0010/rgb_vid/brics-odroid-029_cam1/brics-odroid-029_cam1_1727030430697774.txt,13680,2024-09-22T18:40:43+00:00,txt
experiments/datasets/gigahands/demo_all/raw/hand_pose/p36-tea-0010/rgb_vid/brics-odroid-030_cam0/brics-odroid-030_cam0_1727030430684613.mp4,2845417,2024-09-25T21:35:07+00:00,mp4
experiments/datasets/gigahands/demo_all/raw/hand_pose/p36-tea-0010/rgb_vid/brics-odroid-030_cam0/brics-odroid-030_cam0_1727030430684613.txt,13716,2024-09-22T18:40:43+00:00,txt
experiments/datasets/gigahands/demo_all/raw/hand_pose/p36-tea-0010/rgb_vid/brics-odroid-030_cam1/brics-odroid-030_cam1_1727030430686153.mp4,2936956,2024-09-25T21:37:15+00:00,mp4
experiments/datasets/gigahands/demo_all/raw/hand_pose/p36-tea-0010/rgb_vid/brics-odroid-030_cam1/brics-odroid-030_cam1_1727030430686153.txt,13716,2024-09-22T18:40:43+00:00,txt
experiments/datasets/gigahands/demo_all/raw/hand_pose/p41-boxing-0021/bboxes/left/021/brics-odroid-001_cam0_1726962101790659.jsonl,11894,2025-03-18T10:45:58+00:00,jsonl
experiments/datasets/gigahands/demo_all/raw/hand_pose/p41-boxing-0021/bboxes/left/021/brics-odroid-001_cam1_1726962101749017.jsonl,14056,2025-03-18T10:45:58+00:00,jsonl
experiments/datasets/gigahands/demo_all/raw/hand_pose/p41-boxing-0021/bboxes/left/021/brics-odroid-002_cam0_1726962101790421.jsonl,15299,2025-03-18T10:45:58+00:00,jsonl
experiments/datasets/gigahands/demo_all/raw/hand_pose/p41-boxing-0021/bboxes/left/021/brics-odroid-006_cam0_1726962101790308.jsonl,23657,2025-03-18T10:45:58+00:00,jsonl
experiments/datasets/gigahands/demo_all/raw/hand_pose/p41-boxing-0021/bboxes/left/021/brics-odroid-007_cam0_1726962101746713.jsonl,26071,2025-03-18T10:45:58+00:00,jsonl
experiments/datasets/gigahands/demo_all/raw/hand_pose/p41-boxing-0021/bboxes/left/021/brics-odroid-007_cam1_1726962101749600.jsonl,24310,2025-03-18T10:45:58+00:00,jsonl
experiments/datasets/gigahands/demo_all/raw/hand_pose/p41-boxing-0021/bboxes/left/021/brics-odroid-008_cam0_1726962101792534.jsonl,16236,2025-03-18T10:45:58+00:00,jsonl
experiments/datasets/gigahands/demo_all/raw/hand_pose/p41-boxing-0021/bboxes/left/021/brics-odroid-009_cam1_1726962101791178.jsonl,26020,2025-03-18T10:45:58+00:00,jsonl
experiments/datasets/gigahands/demo_all/raw/hand_pose/p41-boxing-0021/bboxes/left/021/brics-odroid-010_cam0_1726962101794547.jsonl,22328,2025-03-18T10:45:58+00:00,jsonl
experiments/datasets/gigahands/demo_all/raw/hand_pose/p41-boxing-0021/bboxes/left/021/brics-odroid-010_cam1_1726962101794367.jsonl,16435,2025-03-18T10:45:58+00:00,jsonl
experiments/datasets/gigahands/demo_all/raw/hand_pose/p41-boxing-0021/bboxes/left/021/brics-odroid-011_cam0_1726962101794635.jsonl,21274,2025-03-18T10:45:58+00:00,jsonl
experiments/datasets/gigahands/demo_all/raw/hand_pose/p41-boxing-0021/bboxes/left/021/brics-odroid-012_cam0_1726962101794196.jsonl,23006,2025-03-18T10:45:58+00:00,jsonl
experiments/datasets/gigahands/demo_all/raw/hand_pose/p41-boxing-0021/bboxes/left/021/brics-odroid-012_cam1_1726962101794809.jsonl,13891,2025-03-18T10:45:58+00:00,jsonl
experiments/datasets/gigahands/demo_all/raw/hand_pose/p41-boxing-0021/bboxes/left/021/brics-odroid-014_cam1_1726962101795546.jsonl,21750,2025-03-18T10:45:58+00:00,jsonl
experiments/datasets/gigahands/demo_all/raw/hand_pose/p41-boxing-0021/bboxes/left/021/brics-odroid-015_cam0_1726962101794043.jsonl,21981,2025-03-18T10:45:58+00:00,jsonl
experiments/datasets/gigahands/demo_all/raw/hand_pose/p41-boxing-0021/bboxes/left/021/brics-odroid-015_cam1_1726962101794288.jsonl,23071,2025-03-18T10:45:58+00:00,jsonl
experiments/datasets/gigahands/demo_all/raw/hand_pose/p41-boxing-0021/bboxes/left/021/brics-odroid-016_cam0_1726962101792376.jsonl,23391,2025-03-18T10:45:58+00:00,jsonl
experiments/datasets/gigahands/demo_all/raw/hand_pose/p41-boxing-0021/bboxes/left/021/brics-odroid-017_cam0_1726962101791305.jsonl,23673,2025-03-18T10:45:58+00:00,jsonl
experiments/datasets/gigahands/demo_all/raw/hand_pose/p41-boxing-0021/bboxes/left/021/brics-odroid-017_cam1_1726962101794802.jsonl,23427,2025-03-18T10:45:58+00:00,jsonl
experiments/datasets/gigahands/demo_all/raw/hand_pose/p41-boxing-0021/bboxes/left/021/brics-odroid-019_cam1_1726962101792070.jsonl,21263,2025-03-18T10:45:58+00:00,jsonl
experiments/datasets/gigahands/demo_all/raw/hand_pose/p41-boxing-0021/bboxes/left/021/brics-odroid-020_cam0_1726962101790605.jsonl,20625,2025-03-18T10:45:58+00:00,jsonl
experiments/datasets/gigahands/demo_all/raw/hand_pose/p41-boxing-0021/bboxes/left/021/brics-odroid-020_cam1_1726962101790890.jsonl,23999,2025-03-18T10:45:58+00:00,jsonl
experiments/datasets/gigahands/demo_all/raw/hand_pose/p41-boxing-0021/bboxes/left/021/brics-odroid-021_cam0_1726962101795137.jsonl,23588,2025-03-18T10:45:58+00:00,jsonl
experiments/datasets/gigahands/demo_all/raw/hand_pose/p41-boxing-0021/bboxes/left/021/brics-odroid-021_cam1_1726962101795724.jsonl,21018,2025-03-18T10:45:58+00:00,jsonl
experiments/datasets/gigahands/demo_all/raw/hand_pose/p41-boxing-0021/bboxes/left/021/brics-odroid-022_cam0_1726962101791238.jsonl,6682,2025-03-18T10:45:58+00:00,jsonl
experiments/datasets/gigahands/demo_all/raw/hand_pose/p41-boxing-0021/bboxes/left/021/brics-odroid-022_cam1_1726962101791891.jsonl,6754,2025-03-18T10:45:58+00:00,jsonl
experiments/datasets/gigahands/demo_all/raw/hand_pose/p41-boxing-0021/bboxes/left/021/brics-odroid-023_cam0_1726962101752924.jsonl,23883,2025-03-18T10:45:58+00:00,jsonl
experiments/datasets/gigahands/demo_all/raw/hand_pose/p41-boxing-0021/bboxes/left/021/brics-odroid-024_cam0_1726962101790325.jsonl,25439,2025-03-18T10:45:58+00:00,jsonl
experiments/datasets/gigahands/demo_all/raw/hand_pose/p41-boxing-0021/bboxes/left/021/brics-odroid-024_cam1_1726962101794664.jsonl,24046,2025-03-18T10:45:58+00:00,jsonl
experiments/datasets/gigahands/demo_all/raw/hand_pose/p41-boxing-0021/bboxes/left/021/brics-odroid-025_cam0_1726962101792093.jsonl,23378,2025-03-18T10:45:58+00:00,jsonl
experiments/datasets/gigahands/demo_all/raw/hand_pose/p41-boxing-0021/bboxes/left/021/brics-odroid-025_cam1_1726962101791786.jsonl,16039,2025-03-18T10:45:58+00:00,jsonl
experiments/datasets/gigahands/demo_all/raw/hand_pose/p41-boxing-0021/bboxes/left/021/brics-odroid-026_cam0_1726962101795835.jsonl,23873,2025-03-18T10:45:58+00:00,jsonl
experiments/datasets/gigahands/demo_all/raw/hand_pose/p41-boxing-0021/bboxes/left/021/brics-odroid-026_cam1_1726962101793664.jsonl,24747,2025-03-18T10:45:58+00:00,jsonl
experiments/datasets/gigahands/demo_all/raw/hand_pose/p41-boxing-0021/bboxes/left/021/brics-odroid-027_cam0_1726962101751713.jsonl,19262,2025-03-18T10:45:58+00:00,jsonl
experiments/datasets/gigahands/demo_all/raw/hand_pose/p41-boxing-0021/bboxes/left/021/brics-odroid-027_cam1_1726962101794866.jsonl,6949,2025-03-18T10:45:58+00:00,jsonl
experiments/datasets/gigahands/demo_all/raw/hand_pose/p41-boxing-0021/bboxes/left/021/brics-odroid-028_cam0_1726962101794769.jsonl,21166,2025-03-18T10:45:58+00:00,jsonl
experiments/datasets/gigahands/demo_all/raw/hand_pose/p41-boxing-0021/bboxes/left/021/brics-odroid-029_cam0_1726962101793779.jsonl,23732,2025-03-18T10:45:58+00:00,jsonl
experiments/datasets/gigahands/demo_all/raw/hand_pose/p41-boxing-0021/bboxes/left/021/brics-odroid-029_cam1_1726962101792257.jsonl,23460,2025-03-18T10:45:58+00:00,jsonl
experiments/datasets/gigahands/demo_all/raw/hand_pose/p41-boxing-0021/bboxes/left/021/brics-odroid-030_cam0_1726962101794726.jsonl,20162,2025-03-18T10:45:58+00:00,jsonl
experiments/datasets/gigahands/demo_all/raw/hand_pose/p41-boxing-0021/bboxes/left/021/brics-odroid-030_cam1_1726962101794249.jsonl,22579,2025-03-18T10:45:58+00:00,jsonl
experiments/datasets/gigahands/demo_all/raw/hand_pose/p41-boxing-0021/bboxes/right/021/brics-odroid-001_cam0_1726962101790659.jsonl,10886,2025-03-18T10:46:10+00:00,jsonl
experiments/datasets/gigahands/demo_all/raw/hand_pose/p41-boxing-0021/bboxes/right/021/brics-odroid-001_cam1_1726962101749017.jsonl,13927,2025-03-18T10:46:10+00:00,jsonl
experiments/datasets/gigahands/demo_all/raw/hand_pose/p41-boxing-0021/bboxes/right/021/brics-odroid-002_cam0_1726962101790421.jsonl,9806,2025-03-18T10:46:10+00:00,jsonl
experiments/datasets/gigahands/demo_all/raw/hand_pose/p41-boxing-0021/bboxes/right/021/brics-odroid-006_cam0_1726962101790308.jsonl,25167,2025-03-18T10:46:10+00:00,jsonl
experiments/datasets/gigahands/demo_all/raw/hand_pose/p41-boxing-0021/bboxes/right/021/brics-odroid-007_cam0_1726962101746713.jsonl,26176,2025-03-18T10:46:10+00:00,jsonl
experiments/datasets/gigahands/demo_all/raw/hand_pose/p41-boxing-0021/bboxes/right/021/brics-odroid-007_cam1_1726962101749600.jsonl,25966,2025-03-18T10:46:10+00:00,jsonl
experiments/datasets/gigahands/demo_all/raw/hand_pose/p41-boxing-0021/bboxes/right/021/brics-odroid-008_cam0_1726962101792534.jsonl,9956,2025-03-18T10:46:10+00:00,jsonl
experiments/datasets/gigahands/demo_all/raw/hand_pose/p41-boxing-0021/bboxes/right/021/brics-odroid-009_cam1_1726962101791178.jsonl,26194,2025-03-18T10:46:10+00:00,jsonl
experiments/datasets/gigahands/demo_all/raw/hand_pose/p41-boxing-0021/bboxes/right/021/brics-odroid-010_cam0_1726962101794547.jsonl,22962,2025-03-18T10:46:10+00:00,jsonl
experiments/datasets/gigahands/demo_all/raw/hand_pose/p41-boxing-0021/bboxes/right/021/brics-odroid-010_cam1_1726962101794367.jsonl,23258,2025-03-18T10:46:10+00:00,jsonl
experiments/datasets/gigahands/demo_all/raw/hand_pose/p41-boxing-0021/bboxes/right/021/brics-odroid-011_cam0_1726962101794635.jsonl,24586,2025-03-18T10:46:10+00:00,jsonl
experiments/datasets/gigahands/demo_all/raw/hand_pose/p41-boxing-0021/bboxes/right/021/brics-odroid-012_cam0_1726962101794196.jsonl,18705,2025-03-18T10:46:10+00:00,jsonl
experiments/datasets/gigahands/demo_all/raw/hand_pose/p41-boxing-0021/bboxes/right/021/brics-odroid-012_cam1_1726962101794809.jsonl,15723,2025-03-18T10:46:10+00:00,jsonl
experiments/datasets/gigahands/demo_all/raw/hand_pose/p41-boxing-0021/bboxes/right/021/brics-odroid-014_cam1_1726962101795546.jsonl,20198,2025-03-18T10:46:10+00:00,jsonl
experiments/datasets/gigahands/demo_all/raw/hand_pose/p41-boxing-0021/bboxes/right/021/brics-odroid-015_cam0_1726962101794043.jsonl,23322,2025-03-18T10:46:10+00:00,jsonl
experiments/datasets/gigahands/demo_all/raw/hand_pose/p41-boxing-0021/bboxes/right/021/brics-odroid-015_cam1_1726962101794288.jsonl,23264,2025-03-18T10:46:10+00:00,jsonl
experiments/datasets/gigahands/demo_all/raw/hand_pose/p41-boxing-0021/bboxes/right/021/brics-odroid-016_cam0_1726962101792376.jsonl,20655,2025-03-18T10:46:10+00:00,jsonl
experiments/datasets/gigahands/demo_all/raw/hand_pose/p41-boxing-0021/bboxes/right/021/brics-odroid-017_cam0_1726962101791305.jsonl,23106,2025-03-18T10:46:10+00:00,jsonl
experiments/datasets/gigahands/demo_all/raw/hand_pose/p41-boxing-0021/bboxes/right/021/brics-odroid-017_cam1_1726962101794802.jsonl,22907,2025-03-18T10:46:10+00:00,jsonl
experiments/datasets/gigahands/demo_all/raw/hand_pose/p41-boxing-0021/bboxes/right/021/brics-odroid-019_cam1_1726962101792070.jsonl,22296,2025-03-18T10:46:10+00:00,jsonl
experiments/datasets/gigahands/demo_all/raw/hand_pose/p41-boxing-0021/bboxes/right/021/brics-odroid-020_cam0_1726962101790605.jsonl,21803,2025-03-18T10:46:10+00:00,jsonl
experiments/datasets/gigahands/demo_all/raw/hand_pose/p41-boxing-0021/bboxes/right/021/brics-odroid-020_cam1_1726962101790890.jsonl,24089,2025-03-18T10:46:10+00:00,jsonl
experiments/datasets/gigahands/demo_all/raw/hand_pose/p41-boxing-0021/bboxes/right/021/brics-odroid-021_cam0_1726962101795137.jsonl,23581,2025-03-18T10:46:10+00:00,jsonl
experiments/datasets/gigahands/demo_all/raw/hand_pose/p41-boxing-0021/bboxes/right/021/brics-odroid-021_cam1_1726962101795724.jsonl,17312,2025-03-18T10:46:10+00:00,jsonl
experiments/datasets/gigahands/demo_all/raw/hand_pose/p41-boxing-0021/bboxes/right/021/brics-odroid-022_cam0_1726962101791238.jsonl,6690,2025-03-18T10:46:10+00:00,jsonl
experiments/datasets/gigahands/demo_all/raw/hand_pose/p41-boxing-0021/bboxes/right/021/brics-odroid-022_cam1_1726962101791891.jsonl,6804,2025-03-18T10:46:10+00:00,jsonl
experiments/datasets/gigahands/demo_all/raw/hand_pose/p41-boxing-0021/bboxes/right/021/brics-odroid-023_cam0_1726962101752924.jsonl,23766,2025-03-18T10:46:10+00:00,jsonl
experiments/datasets/gigahands/demo_all/raw/hand_pose/p41-boxing-0021/bboxes/right/021/brics-odroid-024_cam0_1726962101790325.jsonl,25804,2025-03-18T10:46:10+00:00,jsonl
experiments/datasets/gigahands/demo_all/raw/hand_pose/p41-boxing-0021/bboxes/right/021/brics-odroid-024_cam1_1726962101794664.jsonl,25607,2025-03-18T10:46:10+00:00,jsonl
experiments/datasets/gigahands/demo_all/raw/hand_pose/p41-boxing-0021/bboxes/right/021/brics-odroid-025_cam0_1726962101792093.jsonl,22993,2025-03-18T10:46:10+00:00,jsonl
experiments/datasets/gigahands/demo_all/raw/hand_pose/p41-boxing-0021/bboxes/right/021/brics-odroid-025_cam1_1726962101791786.jsonl,15114,2025-03-18T10:46:10+00:00,jsonl
experiments/datasets/gigahands/demo_all/raw/hand_pose/p41-boxing-0021/bboxes/right/021/brics-odroid-026_cam0_1726962101795835.jsonl,20874,2025-03-18T10:46:10+00:00,jsonl
experiments/datasets/gigahands/demo_all/raw/hand_pose/p41-boxing-0021/bboxes/right/021/brics-odroid-026_cam1_1726962101793664.jsonl,24574,2025-03-18T10:46:10+00:00,jsonl
experiments/datasets/gigahands/demo_all/raw/hand_pose/p41-boxing-0021/bboxes/right/021/brics-odroid-027_cam0_1726962101751713.jsonl,19819,2025-03-18T10:46:10+00:00,jsonl
experiments/datasets/gigahands/demo_all/raw/hand_pose/p41-boxing-0021/bboxes/right/021/brics-odroid-027_cam1_1726962101794866.jsonl,7296,2025-03-18T10:46:10+00:00,jsonl
experiments/datasets/gigahands/demo_all/raw/hand_pose/p41-boxing-0021/bboxes/right/021/brics-odroid-028_cam0_1726962101794769.jsonl,17352,2025-03-18T10:46:10+00:00,jsonl
experiments/datasets/gigahands/demo_all/raw/hand_pose/p41-boxing-0021/bboxes/right/021/brics-odroid-029_cam0_1726962101793779.jsonl,24309,2025-03-18T10:46:10+00:00,jsonl
experiments/datasets/gigahands/demo_all/raw/hand_pose/p41-boxing-0021/bboxes/right/021/brics-odroid-029_cam1_1726962101792257.jsonl,24275,2025-03-18T10:46:10+00:00,jsonl
experiments/datasets/gigahands/demo_all/raw/hand_pose/p41-boxing-0021/bboxes/right/021/brics-odroid-030_cam0_1726962101794726.jsonl,21947,2025-03-18T10:46:10+00:00,jsonl
experiments/datasets/gigahands/demo_all/raw/hand_pose/p41-boxing-0021/bboxes/right/021/brics-odroid-030_cam1_1726962101794249.jsonl,23522,2025-03-18T10:46:10+00:00,jsonl
experiments/datasets/gigahands/demo_all/raw/hand_pose/p41-boxing-0021/keypoints_2d/left/021/brics-odroid-001_cam0_1726962101790659.jsonl,155004,2025-03-18T10:47:38+00:00,jsonl
experiments/datasets/gigahands/demo_all/raw/hand_pose/p41-boxing-0021/keypoints_2d/left/021/brics-odroid-001_cam1_1726962101749017.jsonl,180810,2025-03-18T10:47:38+00:00,jsonl
experiments/datasets/gigahands/demo_all/raw/hand_pose/p41-boxing-0021/keypoints_2d/left/021/brics-odroid-002_cam0_1726962101790421.jsonl,191489,2025-03-18T10:47:38+00:00,jsonl
experiments/datasets/gigahands/demo_all/raw/hand_pose/p41-boxing-0021/keypoints_2d/left/021/brics-odroid-006_cam0_1726962101790308.jsonl,292601,2025-03-18T10:47:38+00:00,jsonl
experiments/datasets/gigahands/demo_all/raw/hand_pose/p41-boxing-0021/keypoints_2d/left/021/brics-odroid-007_cam0_1726962101746713.jsonl,311286,2025-03-18T10:47:38+00:00,jsonl
experiments/datasets/gigahands/demo_all/raw/hand_pose/p41-boxing-0021/keypoints_2d/left/021/brics-odroid-007_cam1_1726962101749600.jsonl,293132,2025-03-18T10:47:38+00:00,jsonl
experiments/datasets/gigahands/demo_all/raw/hand_pose/p41-boxing-0021/keypoints_2d/left/021/brics-odroid-008_cam0_1726962101792534.jsonl,203890,2025-03-18T10:47:38+00:00,jsonl
experiments/datasets/gigahands/demo_all/raw/hand_pose/p41-boxing-0021/keypoints_2d/left/021/brics-odroid-009_cam1_1726962101791178.jsonl,308417,2025-03-18T10:47:38+00:00,jsonl
experiments/datasets/gigahands/demo_all/raw/hand_pose/p41-boxing-0021/keypoints_2d/left/021/brics-odroid-010_cam0_1726962101794547.jsonl,276497,2025-03-18T10:47:38+00:00,jsonl
experiments/datasets/gigahands/demo_all/raw/hand_pose/p41-boxing-0021/keypoints_2d/left/021/brics-odroid-010_cam1_1726962101794367.jsonl,208827,2025-03-18T10:47:38+00:00,jsonl
experiments/datasets/gigahands/demo_all/raw/hand_pose/p41-boxing-0021/keypoints_2d/left/021/brics-odroid-011_cam0_1726962101794635.jsonl,261551,2025-03-18T10:47:38+00:00,jsonl
experiments/datasets/gigahands/demo_all/raw/hand_pose/p41-boxing-0021/keypoints_2d/left/021/brics-odroid-012_cam0_1726962101794196.jsonl,294379,2025-03-18T10:47:38+00:00,jsonl
experiments/datasets/gigahands/demo_all/raw/hand_pose/p41-boxing-0021/keypoints_2d/left/021/brics-odroid-012_cam1_1726962101794809.jsonl,180187,2025-03-18T10:47:38+00:00,jsonl
experiments/datasets/gigahands/demo_all/raw/hand_pose/p41-boxing-0021/keypoints_2d/left/021/brics-odroid-014_cam1_1726962101795546.jsonl,277032,2025-03-18T10:47:38+00:00,jsonl
experiments/datasets/gigahands/demo_all/raw/hand_pose/p41-boxing-0021/keypoints_2d/left/021/brics-odroid-015_cam0_1726962101794043.jsonl,276611,2025-03-18T10:47:38+00:00,jsonl
experiments/datasets/gigahands/demo_all/raw/hand_pose/p41-boxing-0021/keypoints_2d/left/021/brics-odroid-015_cam1_1726962101794288.jsonl,302254,2025-03-18T10:47:38+00:00,jsonl
experiments/datasets/gigahands/demo_all/raw/hand_pose/p41-boxing-0021/keypoints_2d/left/021/brics-odroid-016_cam0_1726962101792376.jsonl,296541,2025-03-18T10:47:38+00:00,jsonl
experiments/datasets/gigahands/demo_all/raw/hand_pose/p41-boxing-0021/keypoints_2d/left/021/brics-odroid-017_cam0_1726962101791305.jsonl,303546,2025-03-18T10:47:38+00:00,jsonl
experiments/datasets/gigahands/demo_all/raw/hand_pose/p41-boxing-0021/keypoints_2d/left/021/brics-odroid-017_cam1_1726962101794802.jsonl,305181,2025-03-18T10:47:38+00:00,jsonl
experiments/datasets/gigahands/demo_all/raw/hand_pose/p41-boxing-0021/keypoints_2d/left/021/brics-odroid-019_cam1_1726962101792070.jsonl,270680,2025-03-18T10:47:38+00:00,jsonl
experiments/datasets/gigahands/demo_all/raw/hand_pose/p41-boxing-0021/keypoints_2d/left/021/brics-odroid-020_cam0_1726962101790605.jsonl,275355,2025-03-18T10:47:38+00:00,jsonl
experiments/datasets/gigahands/demo_all/raw/hand_pose/p41-boxing-0021/keypoints_2d/left/021/brics-odroid-020_cam1_1726962101790890.jsonl,304185,2025-03-18T10:47:38+00:00,jsonl
experiments/datasets/gigahands/demo_all/raw/hand_pose/p41-boxing-0021/keypoints_2d/left/021/brics-odroid-021_cam0_1726962101795137.jsonl,307854,2025-03-18T10:47:38+00:00,jsonl
experiments/datasets/gigahands/demo_all/raw/hand_pose/p41-boxing-0021/keypoints_2d/left/021/brics-odroid-021_cam1_1726962101795724.jsonl,272707,2025-03-18T10:47:38+00:00,jsonl
experiments/datasets/gigahands/demo_all/raw/hand_pose/p41-boxing-0021/keypoints_2d/left/021/brics-odroid-022_cam0_1726962101791238.jsonl,94150,2025-03-18T10:47:38+00:00,jsonl
experiments/datasets/gigahands/demo_all/raw/hand_pose/p41-boxing-0021/keypoints_2d/left/021/brics-odroid-022_cam1_1726962101791891.jsonl,94941,2025-03-18T10:47:38+00:00,jsonl
experiments/datasets/gigahands/demo_all/raw/hand_pose/p41-boxing-0021/keypoints_2d/left/021/brics-odroid-023_cam0_1726962101752924.jsonl,304306,2025-03-18T10:47:38+00:00,jsonl
experiments/datasets/gigahands/demo_all/raw/hand_pose/p41-boxing-0021/keypoints_2d/left/021/brics-odroid-024_cam0_1726962101790325.jsonl,306467,2025-03-18T10:47:38+00:00,jsonl
experiments/datasets/gigahands/demo_all/raw/hand_pose/p41-boxing-0021/keypoints_2d/left/021/brics-odroid-024_cam1_1726962101794664.jsonl,290975,2025-03-18T10:47:38+00:00,jsonl
experiments/datasets/gigahands/demo_all/raw/hand_pose/p41-boxing-0021/keypoints_2d/left/021/brics-odroid-025_cam0_1726962101792093.jsonl,287027,2025-03-18T10:47:38+00:00,jsonl
experiments/datasets/gigahands/demo_all/raw/hand_pose/p41-boxing-0021/keypoints_2d/left/021/brics-odroid-025_cam1_1726962101791786.jsonl,208963,2025-03-18T10:47:38+00:00,jsonl
experiments/datasets/gigahands/demo_all/raw/hand_pose/p41-boxing-0021/keypoints_2d/left/021/brics-odroid-026_cam0_1726962101795835.jsonl,294483,2025-03-18T10:47:38+00:00,jsonl
experiments/datasets/gigahands/demo_all/raw/hand_pose/p41-boxing-0021/keypoints_2d/left/021/brics-odroid-026_cam1_1726962101793664.jsonl,303682,2025-03-18T10:47:38+00:00,jsonl
experiments/datasets/gigahands/demo_all/raw/hand_pose/p41-boxing-0021/keypoints_2d/left/021/brics-odroid-027_cam0_1726962101751713.jsonl,236041,2025-03-18T10:47:38+00:00,jsonl
experiments/datasets/gigahands/demo_all/raw/hand_pose/p41-boxing-0021/keypoints_2d/left/021/brics-odroid-027_cam1_1726962101794866.jsonl,97007,2025-03-18T10:47:38+00:00,jsonl
experiments/datasets/gigahands/demo_all/raw/hand_pose/p41-boxing-0021/keypoints_2d/left/021/brics-odroid-028_cam0_1726962101794769.jsonl,258329,2025-03-18T10:47:38+00:00,jsonl
experiments/datasets/gigahands/demo_all/raw/hand_pose/p41-boxing-0021/keypoints_2d/left/021/brics-odroid-029_cam0_1726962101793779.jsonl,293420,2025-03-18T10:47:38+00:00,jsonl
experiments/datasets/gigahands/demo_all/raw/hand_pose/p41-boxing-0021/keypoints_2d/left/021/brics-odroid-029_cam1_1726962101792257.jsonl,298949,2025-03-18T10:47:38+00:00,jsonl
experiments/datasets/gigahands/demo_all/raw/hand_pose/p41-boxing-0021/keypoints_2d/left/021/brics-odroid-030_cam0_1726962101794726.jsonl,256921,2025-03-18T10:47:38+00:00,jsonl
experiments/datasets/gigahands/demo_all/raw/hand_pose/p41-boxing-0021/keypoints_2d/left/021/brics-odroid-030_cam1_1726962101794249.jsonl,288441,2025-03-18T10:47:38+00:00,jsonl
experiments/datasets/gigahands/demo_all/raw/hand_pose/p41-boxing-0021/keypoints_2d/right/021/brics-odroid-001_cam0_1726962101790659.jsonl,143118,2025-03-18T10:47:47+00:00,jsonl
experiments/datasets/gigahands/demo_all/raw/hand_pose/p41-boxing-0021/keypoints_2d/right/021/brics-odroid-001_cam1_1726962101749017.jsonl,180216,2025-03-18T10:47:47+00:00,jsonl
experiments/datasets/gigahands/demo_all/raw/hand_pose/p41-boxing-0021/keypoints_2d/right/021/brics-odroid-002_cam0_1726962101790421.jsonl,128471,2025-03-18T10:47:47+00:00,jsonl
experiments/datasets/gigahands/demo_all/raw/hand_pose/p41-boxing-0021/keypoints_2d/right/021/brics-odroid-006_cam0_1726962101790308.jsonl,307094,2025-03-18T10:47:47+00:00,jsonl
experiments/datasets/gigahands/demo_all/raw/hand_pose/p41-boxing-0021/keypoints_2d/right/021/brics-odroid-007_cam0_1726962101746713.jsonl,313051,2025-03-18T10:47:47+00:00,jsonl
experiments/datasets/gigahands/demo_all/raw/hand_pose/p41-boxing-0021/keypoints_2d/right/021/brics-odroid-007_cam1_1726962101749600.jsonl,310191,2025-03-18T10:47:47+00:00,jsonl
experiments/datasets/gigahands/demo_all/raw/hand_pose/p41-boxing-0021/keypoints_2d/right/021/brics-odroid-008_cam0_1726962101792534.jsonl,132921,2025-03-18T10:47:47+00:00,jsonl
experiments/datasets/gigahands/demo_all/raw/hand_pose/p41-boxing-0021/keypoints_2d/right/021/brics-odroid-009_cam1_1726962101791178.jsonl,312190,2025-03-18T10:47:47+00:00,jsonl
experiments/datasets/gigahands/demo_all/raw/hand_pose/p41-boxing-0021/keypoints_2d/right/021/brics-odroid-010_cam0_1726962101794547.jsonl,286594,2025-03-18T10:47:47+00:00,jsonl
experiments/datasets/gigahands/demo_all/raw/hand_pose/p41-boxing-0021/keypoints_2d/right/021/brics-odroid-010_cam1_1726962101794367.jsonl,288278,2025-03-18T10:47:47+00:00,jsonl
experiments/datasets/gigahands/demo_all/raw/hand_pose/p41-boxing-0021/keypoints_2d/right/021/brics-odroid-011_cam0_1726962101794635.jsonl,301300,2025-03-18T10:47:47+00:00,jsonl
experiments/datasets/gigahands/demo_all/raw/hand_pose/p41-boxing-0021/keypoints_2d/right/021/brics-odroid-012_cam0_1726962101794196.jsonl,241420,2025-03-18T10:47:47+00:00,jsonl
experiments/datasets/gigahands/demo_all/raw/hand_pose/p41-boxing-0021/keypoints_2d/right/021/brics-odroid-012_cam1_1726962101794809.jsonl,204838,2025-03-18T10:47:47+00:00,jsonl
experiments/datasets/gigahands/demo_all/raw/hand_pose/p41-boxing-0021/keypoints_2d/right/021/brics-odroid-014_cam1_1726962101795546.jsonl,257887,2025-03-18T10:47:47+00:00,jsonl
experiments/datasets/gigahands/demo_all/raw/hand_pose/p41-boxing-0021/keypoints_2d/right/021/brics-odroid-015_cam0_1726962101794043.jsonl,293027,2025-03-18T10:47:47+00:00,jsonl
experiments/datasets/gigahands/demo_all/raw/hand_pose/p41-boxing-0021/keypoints_2d/right/021/brics-odroid-015_cam1_1726962101794288.jsonl,304718,2025-03-18T10:47:47+00:00,jsonl
experiments/datasets/gigahands/demo_all/raw/hand_pose/p41-boxing-0021/keypoints_2d/right/021/brics-odroid-016_cam0_1726962101792376.jsonl,271665,2025-03-18T10:47:47+00:00,jsonl
experiments/datasets/gigahands/demo_all/raw/hand_pose/p41-boxing-0021/keypoints_2d/right/021/brics-odroid-017_cam0_1726962101791305.jsonl,300051,2025-03-18T10:47:47+00:00,jsonl
experiments/datasets/gigahands/demo_all/raw/hand_pose/p41-boxing-0021/keypoints_2d/right/021/brics-odroid-017_cam1_1726962101794802.jsonl,302406,2025-03-18T10:47:47+00:00,jsonl
experiments/datasets/gigahands/demo_all/raw/hand_pose/p41-boxing-0021/keypoints_2d/right/021/brics-odroid-019_cam1_1726962101792070.jsonl,285038,2025-03-18T10:47:47+00:00,jsonl
experiments/datasets/gigahands/demo_all/raw/hand_pose/p41-boxing-0021/keypoints_2d/right/021/brics-odroid-020_cam0_1726962101790605.jsonl,287693,2025-03-18T10:47:47+00:00,jsonl
experiments/datasets/gigahands/demo_all/raw/hand_pose/p41-boxing-0021/keypoints_2d/right/021/brics-odroid-020_cam1_1726962101790890.jsonl,304482,2025-03-18T10:47:47+00:00,jsonl
experiments/datasets/gigahands/demo_all/raw/hand_pose/p41-boxing-0021/keypoints_2d/right/021/brics-odroid-021_cam0_1726962101795137.jsonl,307080,2025-03-18T10:47:47+00:00,jsonl
experiments/datasets/gigahands/demo_all/raw/hand_pose/p41-boxing-0021/keypoints_2d/right/021/brics-odroid-021_cam1_1726962101795724.jsonl,224911,2025-03-18T10:47:47+00:00,jsonl
experiments/datasets/gigahands/demo_all/raw/hand_pose/p41-boxing-0021/keypoints_2d/right/021/brics-odroid-022_cam0_1726962101791238.jsonl,94110,2025-03-18T10:47:47+00:00,jsonl
experiments/datasets/gigahands/demo_all/raw/hand_pose/p41-boxing-0021/keypoints_2d/right/021/brics-odroid-022_cam1_1726962101791891.jsonl,95574,2025-03-18T10:47:47+00:00,jsonl
experiments/datasets/gigahands/demo_all/raw/hand_pose/p41-boxing-0021/keypoints_2d/right/021/brics-odroid-023_cam0_1726962101752924.jsonl,299259,2025-03-18T10:47:47+00:00,jsonl
experiments/datasets/gigahands/demo_all/raw/hand_pose/p41-boxing-0021/keypoints_2d/right/021/brics-odroid-024_cam0_1726962101790325.jsonl,306608,2025-03-18T10:47:47+00:00,jsonl
experiments/datasets/gigahands/demo_all/raw/hand_pose/p41-boxing-0021/keypoints_2d/right/021/brics-odroid-024_cam1_1726962101794664.jsonl,305766,2025-03-18T10:47:47+00:00,jsonl
experiments/datasets/gigahands/demo_all/raw/hand_pose/p41-boxing-0021/keypoints_2d/right/021/brics-odroid-025_cam0_1726962101792093.jsonl,285913,2025-03-18T10:47:47+00:00,jsonl
experiments/datasets/gigahands/demo_all/raw/hand_pose/p41-boxing-0021/keypoints_2d/right/021/brics-odroid-025_cam1_1726962101791786.jsonl,199320,2025-03-18T10:47:47+00:00,jsonl
experiments/datasets/gigahands/demo_all/raw/hand_pose/p41-boxing-0021/keypoints_2d/right/021/brics-odroid-026_cam0_1726962101795835.jsonl,257948,2025-03-18T10:47:47+00:00,jsonl
experiments/datasets/gigahands/demo_all/raw/hand_pose/p41-boxing-0021/keypoints_2d/right/021/brics-odroid-026_cam1_1726962101793664.jsonl,301313,2025-03-18T10:47:47+00:00,jsonl
experiments/datasets/gigahands/demo_all/raw/hand_pose/p41-boxing-0021/keypoints_2d/right/021/brics-odroid-027_cam0_1726962101751713.jsonl,241690,2025-03-18T10:47:47+00:00,jsonl
experiments/datasets/gigahands/demo_all/raw/hand_pose/p41-boxing-0021/keypoints_2d/right/021/brics-odroid-027_cam1_1726962101794866.jsonl,101016,2025-03-18T10:47:47+00:00,jsonl
experiments/datasets/gigahands/demo_all/raw/hand_pose/p41-boxing-0021/keypoints_2d/right/021/brics-odroid-028_cam0_1726962101794769.jsonl,217157,2025-03-18T10:47:47+00:00,jsonl
experiments/datasets/gigahands/demo_all/raw/hand_pose/p41-boxing-0021/keypoints_2d/right/021/brics-odroid-029_cam0_1726962101793779.jsonl,297760,2025-03-18T10:47:47+00:00,jsonl
experiments/datasets/gigahands/demo_all/raw/hand_pose/p41-boxing-0021/keypoints_2d/right/021/brics-odroid-029_cam1_1726962101792257.jsonl,306230,2025-03-18T10:47:47+00:00,jsonl
experiments/datasets/gigahands/demo_all/raw/hand_pose/p41-boxing-0021/keypoints_2d/right/021/brics-odroid-030_cam0_1726962101794726.jsonl,278009,2025-03-18T10:47:47+00:00,jsonl
experiments/datasets/gigahands/demo_all/raw/hand_pose/p41-boxing-0021/keypoints_2d/right/021/brics-odroid-030_cam1_1726962101794249.jsonl,301935,2025-03-18T10:47:47+00:00,jsonl
experiments/datasets/gigahands/demo_all/raw/hand_pose/p41-boxing-0021/keypoints_3d/021/chosen_frames_left.json,2419,2025-03-18T10:48:27+00:00,json
experiments/datasets/gigahands/demo_all/raw/hand_pose/p41-boxing-0021/keypoints_3d/021/chosen_frames_right.json,2419,2025-03-18T10:48:27+00:00,json
experiments/datasets/gigahands/demo_all/raw/hand_pose/p41-boxing-0021/keypoints_3d/021/left.jsonl,487010,2025-03-18T10:48:27+00:00,jsonl
experiments/datasets/gigahands/demo_all/raw/hand_pose/p41-boxing-0021/keypoints_3d/021/right.jsonl,490685,2025-03-18T10:48:27+00:00,jsonl
experiments/datasets/gigahands/demo_all/raw/hand_pose/p41-boxing-0021/keypoints_3d_mano/021.json,992335,2025-04-17T16:16:50+00:00,json
experiments/datasets/gigahands/demo_all/raw/hand_pose/p41-boxing-0021/mano_vid/021.mp4,8820099,2025-03-18T10:48:45+00:00,mp4
experiments/datasets/gigahands/demo_all/raw/hand_pose/p41-boxing-0021/optim_params.txt,16155,2025-03-18T10:45:24+00:00,txt
experiments/datasets/gigahands/demo_all/raw/hand_pose/p41-boxing-0021/params/021.json,751237,2025-03-18T10:48:36+00:00,json
experiments/datasets/gigahands/demo_all/raw/hand_pose/p41-boxing-0021/repro_2d_vid/021.mp4,12978709,2025-03-18T10:49:27+00:00,mp4
experiments/datasets/gigahands/demo_all/raw/hand_pose/p41-boxing-0021/repro_3d_vid/021.mp4,13577888,2025-03-18T10:49:40+00:00,mp4
experiments/datasets/gigahands/demo_all/raw/hand_pose/p41-boxing-0021/rgb_vid/brics-odroid-001_cam0/brics-odroid-001_cam0_1726962101790659.mp4,2718147,2024-09-24T20:44:57+00:00,mp4
experiments/datasets/gigahands/demo_all/raw/hand_pose/p41-boxing-0021/rgb_vid/brics-odroid-001_cam0/brics-odroid-001_cam0_1726962101790659.txt,13212,2024-09-21T23:41:53+00:00,txt
experiments/datasets/gigahands/demo_all/raw/hand_pose/p41-boxing-0021/rgb_vid/brics-odroid-001_cam1/brics-odroid-001_cam1_1726962101749017.mp4,2666686,2024-09-24T20:47:41+00:00,mp4
experiments/datasets/gigahands/demo_all/raw/hand_pose/p41-boxing-0021/rgb_vid/brics-odroid-001_cam1/brics-odroid-001_cam1_1726962101749017.txt,13212,2024-09-21T23:41:53+00:00,txt
experiments/datasets/gigahands/demo_all/raw/hand_pose/p41-boxing-0021/rgb_vid/brics-odroid-002_cam0/brics-odroid-002_cam0_1726962101790421.mp4,2578564,2024-09-24T20:50:20+00:00,mp4
experiments/datasets/gigahands/demo_all/raw/hand_pose/p41-boxing-0021/rgb_vid/brics-odroid-002_cam0/brics-odroid-002_cam0_1726962101790421.txt,13212,2024-09-21T23:41:53+00:00,txt
experiments/datasets/gigahands/demo_all/raw/hand_pose/p41-boxing-0021/rgb_vid/brics-odroid-004_cam0/brics-odroid-004_cam0_1726962101789973.mp4,1560571,2024-09-24T20:52:59+00:00,mp4
experiments/datasets/gigahands/demo_all/raw/hand_pose/p41-boxing-0021/rgb_vid/brics-odroid-004_cam0/brics-odroid-004_cam0_1726962101789973.txt,13212,2024-09-21T23:41:53+00:00,txt
experiments/datasets/gigahands/demo_all/raw/hand_pose/p41-boxing-0021/rgb_vid/brics-odroid-006_cam0/brics-odroid-006_cam0_1726962101790308.mp4,3404374,2024-09-24T20:55:45+00:00,mp4
experiments/datasets/gigahands/demo_all/raw/hand_pose/p41-boxing-0021/rgb_vid/brics-odroid-006_cam0/brics-odroid-006_cam0_1726962101790308.txt,13212,2024-09-21T23:41:53+00:00,txt
experiments/datasets/gigahands/demo_all/raw/hand_pose/p41-boxing-0021/rgb_vid/brics-odroid-007_cam0/brics-odroid-007_cam0_1726962101746713.mp4,2843593,2024-09-24T20:58:34+00:00,mp4
experiments/datasets/gigahands/demo_all/raw/hand_pose/p41-boxing-0021/rgb_vid/brics-odroid-007_cam0/brics-odroid-007_cam0_1726962101746713.txt,13212,2024-09-21T23:41:53+00:00,txt
experiments/datasets/gigahands/demo_all/raw/hand_pose/p41-boxing-0021/rgb_vid/brics-odroid-007_cam1/brics-odroid-007_cam1_1726962101749600.mp4,2896606,2024-09-24T21:01:11+00:00,mp4
experiments/datasets/gigahands/demo_all/raw/hand_pose/p41-boxing-0021/rgb_vid/brics-odroid-007_cam1/brics-odroid-007_cam1_1726962101749600.txt,13176,2024-09-21T23:41:53+00:00,txt
experiments/datasets/gigahands/demo_all/raw/hand_pose/p41-boxing-0021/rgb_vid/brics-odroid-008_cam0/brics-odroid-008_cam0_1726962101792534.mp4,2322291,2024-09-24T21:03:53+00:00,mp4
experiments/datasets/gigahands/demo_all/raw/hand_pose/p41-boxing-0021/rgb_vid/brics-odroid-008_cam0/brics-odroid-008_cam0_1726962101792534.txt,13176,2024-09-21T23:41:53+00:00,txt
experiments/datasets/gigahands/demo_all/raw/hand_pose/p41-boxing-0021/rgb_vid/brics-odroid-008_cam1/brics-odroid-008_cam1_1726962101793626.mp4,2950475,2024-09-24T21:06:42+00:00,mp4
experiments/datasets/gigahands/demo_all/raw/hand_pose/p41-boxing-0021/rgb_vid/brics-odroid-008_cam1/brics-odroid-008_cam1_1726962101793626.txt,13212,2024-09-21T23:41:53+00:00,txt
experiments/datasets/gigahands/demo_all/raw/hand_pose/p41-boxing-0021/rgb_vid/brics-odroid-009_cam0/brics-odroid-009_cam0_1726962101791727.mp4,2254087,2024-09-24T21:09:29+00:00,mp4
experiments/datasets/gigahands/demo_all/raw/hand_pose/p41-boxing-0021/rgb_vid/brics-odroid-009_cam0/brics-odroid-009_cam0_1726962101791727.txt,13212,2024-09-21T23:41:53+00:00,txt
experiments/datasets/gigahands/demo_all/raw/hand_pose/p41-boxing-0021/rgb_vid/brics-odroid-009_cam1/brics-odroid-009_cam1_1726962101791178.mp4,3048650,2024-09-24T21:12:12+00:00,mp4
experiments/datasets/gigahands/demo_all/raw/hand_pose/p41-boxing-0021/rgb_vid/brics-odroid-009_cam1/brics-odroid-009_cam1_1726962101791178.txt,13212,2024-09-21T23:41:53+00:00,txt
experiments/datasets/gigahands/demo_all/raw/hand_pose/p41-boxing-0021/rgb_vid/brics-odroid-010_cam0/brics-odroid-010_cam0_1726962101794547.mp4,3158359,2024-09-24T21:15:00+00:00,mp4
experiments/datasets/gigahands/demo_all/raw/hand_pose/p41-boxing-0021/rgb_vid/brics-odroid-010_cam0/brics-odroid-010_cam0_1726962101794547.txt,13176,2024-09-21T23:41:53+00:00,txt
experiments/datasets/gigahands/demo_all/raw/hand_pose/p41-boxing-0021/rgb_vid/brics-odroid-010_cam1/brics-odroid-010_cam1_1726962101794367.mp4,2930267,2024-09-24T21:17:50+00:00,mp4
experiments/datasets/gigahands/demo_all/raw/hand_pose/p41-boxing-0021/rgb_vid/brics-odroid-010_cam1/brics-odroid-010_cam1_1726962101794367.txt,13176,2024-09-21T23:41:53+00:00,txt
experiments/datasets/gigahands/demo_all/raw/hand_pose/p41-boxing-0021/rgb_vid/brics-odroid-011_cam0/brics-odroid-011_cam0_1726962101794635.mp4,2938314,2024-09-24T21:20:43+00:00,mp4
experiments/datasets/gigahands/demo_all/raw/hand_pose/p41-boxing-0021/rgb_vid/brics-odroid-011_cam0/brics-odroid-011_cam0_1726962101794635.txt,13176,2024-09-21T23:41:53+00:00,txt
experiments/datasets/gigahands/demo_all/raw/hand_pose/p41-boxing-0021/rgb_vid/brics-odroid-012_cam0/brics-odroid-012_cam0_1726962101794196.mp4,2748002,2024-09-24T21:23:34+00:00,mp4
experiments/datasets/gigahands/demo_all/raw/hand_pose/p41-boxing-0021/rgb_vid/brics-odroid-012_cam0/brics-odroid-012_cam0_1726962101794196.txt,13176,2024-09-21T23:41:53+00:00,txt
experiments/datasets/gigahands/demo_all/raw/hand_pose/p41-boxing-0021/rgb_vid/brics-odroid-012_cam1/brics-odroid-012_cam1_1726962101794809.mp4,2383154,2024-09-24T21:26:20+00:00,mp4
experiments/datasets/gigahands/demo_all/raw/hand_pose/p41-boxing-0021/rgb_vid/brics-odroid-012_cam1/brics-odroid-012_cam1_1726962101794809.txt,13176,2024-09-21T23:41:53+00:00,txt
experiments/datasets/gigahands/demo_all/raw/hand_pose/p41-boxing-0021/rgb_vid/brics-odroid-013_cam0/brics-odroid-013_cam0_1726962101752310.mp4,1989927,2024-09-24T21:29:02+00:00,mp4
experiments/datasets/gigahands/demo_all/raw/hand_pose/p41-boxing-0021/rgb_vid/brics-odroid-013_cam0/brics-odroid-013_cam0_1726962101752310.txt,13212,2024-09-21T23:41:53+00:00,txt
experiments/datasets/gigahands/demo_all/raw/hand_pose/p41-boxing-0021/rgb_vid/brics-odroid-013_cam1/brics-odroid-013_cam1_1726962101790807.mp4,2308118,2024-09-24T21:31:46+00:00,mp4
experiments/datasets/gigahands/demo_all/raw/hand_pose/p41-boxing-0021/rgb_vid/brics-odroid-013_cam1/brics-odroid-013_cam1_1726962101790807.txt,13212,2024-09-21T23:41:53+00:00,txt
experiments/datasets/gigahands/demo_all/raw/hand_pose/p41-boxing-0021/rgb_vid/brics-odroid-014_cam0/brics-odroid-014_cam0_1726962101795253.mp4,2364418,2024-09-24T21:34:31+00:00,mp4
experiments/datasets/gigahands/demo_all/raw/hand_pose/p41-boxing-0021/rgb_vid/brics-odroid-014_cam0/brics-odroid-014_cam0_1726962101795253.txt,13176,2024-09-21T23:41:53+00:00,txt
experiments/datasets/gigahands/demo_all/raw/hand_pose/p41-boxing-0021/rgb_vid/brics-odroid-014_cam1/brics-odroid-014_cam1_1726962101795546.mp4,2763603,2024-09-24T21:37:16+00:00,mp4
experiments/datasets/gigahands/demo_all/raw/hand_pose/p41-boxing-0021/rgb_vid/brics-odroid-014_cam1/brics-odroid-014_cam1_1726962101795546.txt,13176,2024-09-21T23:41:53+00:00,txt
experiments/datasets/gigahands/demo_all/raw/hand_pose/p41-boxing-0021/rgb_vid/brics-odroid-015_cam0/brics-odroid-015_cam0_1726962101794043.mp4,2699399,2024-09-24T21:40:04+00:00,mp4
experiments/datasets/gigahands/demo_all/raw/hand_pose/p41-boxing-0021/rgb_vid/brics-odroid-015_cam0/brics-odroid-015_cam0_1726962101794043.txt,13176,2024-09-21T23:41:53+00:00,txt
experiments/datasets/gigahands/demo_all/raw/hand_pose/p41-boxing-0021/rgb_vid/brics-odroid-015_cam1/brics-odroid-015_cam1_1726962101794288.mp4,2848828,2024-09-24T21:42:54+00:00,mp4
experiments/datasets/gigahands/demo_all/raw/hand_pose/p41-boxing-0021/rgb_vid/brics-odroid-015_cam1/brics-odroid-015_cam1_1726962101794288.txt,13176,2024-09-21T23:41:53+00:00,txt
experiments/datasets/gigahands/demo_all/raw/hand_pose/p41-boxing-0021/rgb_vid/brics-odroid-016_cam0/brics-odroid-016_cam0_1726962101792376.mp4,3100442,2024-09-24T21:45:43+00:00,mp4
experiments/datasets/gigahands/demo_all/raw/hand_pose/p41-boxing-0021/rgb_vid/brics-odroid-016_cam0/brics-odroid-016_cam0_1726962101792376.txt,13212,2024-09-21T23:41:53+00:00,txt
experiments/datasets/gigahands/demo_all/raw/hand_pose/p41-boxing-0021/rgb_vid/brics-odroid-017_cam0/brics-odroid-017_cam0_1726962101791305.mp4,3021431,2024-09-24T21:48:33+00:00,mp4
experiments/datasets/gigahands/demo_all/raw/hand_pose/p41-boxing-0021/rgb_vid/brics-odroid-017_cam0/brics-odroid-017_cam0_1726962101791305.txt,13212,2024-09-21T23:41:53+00:00,txt
experiments/datasets/gigahands/demo_all/raw/hand_pose/p41-boxing-0021/rgb_vid/brics-odroid-017_cam1/brics-odroid-017_cam1_1726962101794802.mp4,3181137,2024-09-24T21:51:20+00:00,mp4
experiments/datasets/gigahands/demo_all/raw/hand_pose/p41-boxing-0021/rgb_vid/brics-odroid-017_cam1/brics-odroid-017_cam1_1726962101794802.txt,13176,2024-09-21T23:41:53+00:00,txt
experiments/datasets/gigahands/demo_all/raw/hand_pose/p41-boxing-0021/rgb_vid/brics-odroid-018_cam0/brics-odroid-018_cam0_1726962101794035.mp4,2915016,2024-09-24T21:54:08+00:00,mp4
experiments/datasets/gigahands/demo_all/raw/hand_pose/p41-boxing-0021/rgb_vid/brics-odroid-018_cam0/brics-odroid-018_cam0_1726962101794035.txt,13212,2024-09-21T23:41:53+00:00,txt
experiments/datasets/gigahands/demo_all/raw/hand_pose/p41-boxing-0021/rgb_vid/brics-odroid-018_cam1/brics-odroid-018_cam1_1726962101793848.mp4,2342557,2024-09-24T21:56:58+00:00,mp4
experiments/datasets/gigahands/demo_all/raw/hand_pose/p41-boxing-0021/rgb_vid/brics-odroid-018_cam1/brics-odroid-018_cam1_1726962101793848.txt,13176,2024-09-21T23:41:53+00:00,txt
experiments/datasets/gigahands/demo_all/raw/hand_pose/p41-boxing-0021/rgb_vid/brics-odroid-019_cam0/brics-odroid-019_cam0_1726962101792590.mp4,2278742,2024-09-24T21:59:37+00:00,mp4
experiments/datasets/gigahands/demo_all/raw/hand_pose/p41-boxing-0021/rgb_vid/brics-odroid-019_cam0/brics-odroid-019_cam0_1726962101792590.txt,13176,2024-09-21T23:41:53+00:00,txt
experiments/datasets/gigahands/demo_all/raw/hand_pose/p41-boxing-0021/rgb_vid/brics-odroid-019_cam1/brics-odroid-019_cam1_1726962101792070.mp4,2621828,2024-09-24T22:02:26+00:00,mp4
experiments/datasets/gigahands/demo_all/raw/hand_pose/p41-boxing-0021/rgb_vid/brics-odroid-019_cam1/brics-odroid-019_cam1_1726962101792070.txt,13212,2024-09-21T23:41:53+00:00,txt
experiments/datasets/gigahands/demo_all/raw/hand_pose/p41-boxing-0021/rgb_vid/brics-odroid-020_cam0/brics-odroid-020_cam0_1726962101790605.mp4,3135894,2024-09-24T22:05:14+00:00,mp4
experiments/datasets/gigahands/demo_all/raw/hand_pose/p41-boxing-0021/rgb_vid/brics-odroid-020_cam0/brics-odroid-020_cam0_1726962101790605.txt,13212,2024-09-21T23:41:53+00:00,txt
experiments/datasets/gigahands/demo_all/raw/hand_pose/p41-boxing-0021/rgb_vid/brics-odroid-020_cam1/brics-odroid-020_cam1_1726962101790890.mp4,3044424,2024-09-24T22:08:03+00:00,mp4
experiments/datasets/gigahands/demo_all/raw/hand_pose/p41-boxing-0021/rgb_vid/brics-odroid-020_cam1/brics-odroid-020_cam1_1726962101790890.txt,13212,2024-09-21T23:41:53+00:00,txt
experiments/datasets/gigahands/demo_all/raw/hand_pose/p41-boxing-0021/rgb_vid/brics-odroid-021_cam0/brics-odroid-021_cam0_1726962101795137.mp4,2857905,2024-09-24T22:10:51+00:00,mp4
experiments/datasets/gigahands/demo_all/raw/hand_pose/p41-boxing-0021/rgb_vid/brics-odroid-021_cam0/brics-odroid-021_cam0_1726962101795137.txt,13176,2024-09-21T23:41:53+00:00,txt
experiments/datasets/gigahands/demo_all/raw/hand_pose/p41-boxing-0021/rgb_vid/brics-odroid-021_cam1/brics-odroid-021_cam1_1726962101795724.mp4,2434638,2024-09-24T22:13:35+00:00,mp4
experiments/datasets/gigahands/demo_all/raw/hand_pose/p41-boxing-0021/rgb_vid/brics-odroid-021_cam1/brics-odroid-021_cam1_1726962101795724.txt,13176,2024-09-21T23:41:53+00:00,txt
experiments/datasets/gigahands/demo_all/raw/hand_pose/p41-boxing-0021/rgb_vid/brics-odroid-022_cam0/brics-odroid-022_cam0_1726962101791238.mp4,2295868,2024-09-24T22:16:18+00:00,mp4
experiments/datasets/gigahands/demo_all/raw/hand_pose/p41-boxing-0021/rgb_vid/brics-odroid-022_cam0/brics-odroid-022_cam0_1726962101791238.txt,13176,2024-09-21T23:41:53+00:00,txt
experiments/datasets/gigahands/demo_all/raw/hand_pose/p41-boxing-0021/rgb_vid/brics-odroid-022_cam1/brics-odroid-022_cam1_1726962101791891.mp4,2398872,2024-09-24T22:19:02+00:00,mp4
experiments/datasets/gigahands/demo_all/raw/hand_pose/p41-boxing-0021/rgb_vid/brics-odroid-022_cam1/brics-odroid-022_cam1_1726962101791891.txt,13212,2024-09-21T23:41:53+00:00,txt
experiments/datasets/gigahands/demo_all/raw/hand_pose/p41-boxing-0021/rgb_vid/brics-odroid-023_cam0/brics-odroid-023_cam0_1726962101752924.mp4,3552980,2024-09-24T22:21:35+00:00,mp4
experiments/datasets/gigahands/demo_all/raw/hand_pose/p41-boxing-0021/rgb_vid/brics-odroid-023_cam0/brics-odroid-023_cam0_1726962101752924.txt,13212,2024-09-21T23:41:53+00:00,txt
experiments/datasets/gigahands/demo_all/raw/hand_pose/p41-boxing-0021/rgb_vid/brics-odroid-024_cam0/brics-odroid-024_cam0_1726962101790325.mp4,3204164,2024-09-24T22:24:28+00:00,mp4
experiments/datasets/gigahands/demo_all/raw/hand_pose/p41-boxing-0021/rgb_vid/brics-odroid-024_cam0/brics-odroid-024_cam0_1726962101790325.txt,13176,2024-09-21T23:41:53+00:00,txt
experiments/datasets/gigahands/demo_all/raw/hand_pose/p41-boxing-0021/rgb_vid/brics-odroid-024_cam1/brics-odroid-024_cam1_1726962101794664.mp4,2972725,2024-09-24T22:27:13+00:00,mp4
experiments/datasets/gigahands/demo_all/raw/hand_pose/p41-boxing-0021/rgb_vid/brics-odroid-024_cam1/brics-odroid-024_cam1_1726962101794664.txt,13176,2024-09-21T23:41:53+00:00,txt
experiments/datasets/gigahands/demo_all/raw/hand_pose/p41-boxing-0021/rgb_vid/brics-odroid-025_cam0/brics-odroid-025_cam0_1726962101792093.mp4,3042065,2024-09-24T22:30:02+00:00,mp4
experiments/datasets/gigahands/demo_all/raw/hand_pose/p41-boxing-0021/rgb_vid/brics-odroid-025_cam0/brics-odroid-025_cam0_1726962101792093.txt,13212,2024-09-21T23:41:53+00:00,txt
experiments/datasets/gigahands/demo_all/raw/hand_pose/p41-boxing-0021/rgb_vid/brics-odroid-025_cam1/brics-odroid-025_cam1_1726962101791786.mp4,3296915,2024-09-24T22:32:54+00:00,mp4
experiments/datasets/gigahands/demo_all/raw/hand_pose/p41-boxing-0021/rgb_vid/brics-odroid-025_cam1/brics-odroid-025_cam1_1726962101791786.txt,13212,2024-09-21T23:41:53+00:00,txt
experiments/datasets/gigahands/demo_all/raw/hand_pose/p41-boxing-0021/rgb_vid/brics-odroid-026_cam0/brics-odroid-026_cam0_1726962101795835.mp4,2442468,2024-09-24T22:35:40+00:00,mp4
experiments/datasets/gigahands/demo_all/raw/hand_pose/p41-boxing-0021/rgb_vid/brics-odroid-026_cam0/brics-odroid-026_cam0_1726962101795835.txt,13176,2024-09-21T23:41:53+00:00,txt
experiments/datasets/gigahands/demo_all/raw/hand_pose/p41-boxing-0021/rgb_vid/brics-odroid-026_cam1/brics-odroid-026_cam1_1726962101793664.mp4,3283176,2024-09-24T22:38:34+00:00,mp4
experiments/datasets/gigahands/demo_all/raw/hand_pose/p41-boxing-0021/rgb_vid/brics-odroid-026_cam1/brics-odroid-026_cam1_1726962101793664.txt,13176,2024-09-21T23:41:53+00:00,txt
experiments/datasets/gigahands/demo_all/raw/hand_pose/p41-boxing-0021/rgb_vid/brics-odroid-027_cam0/brics-odroid-027_cam0_1726962101751713.mp4,2525516,2024-09-24T22:41:20+00:00,mp4
experiments/datasets/gigahands/demo_all/raw/hand_pose/p41-boxing-0021/rgb_vid/brics-odroid-027_cam0/brics-odroid-027_cam0_1726962101751713.txt,13212,2024-09-21T23:41:53+00:00,txt
experiments/datasets/gigahands/demo_all/raw/hand_pose/p41-boxing-0021/rgb_vid/brics-odroid-027_cam1/brics-odroid-027_cam1_1726962101794866.mp4,2229955,2024-09-24T22:44:01+00:00,mp4
experiments/datasets/gigahands/demo_all/raw/hand_pose/p41-boxing-0021/rgb_vid/brics-odroid-027_cam1/brics-odroid-027_cam1_1726962101794866.txt,13176,2024-09-21T23:41:53+00:00,txt
experiments/datasets/gigahands/demo_all/raw/hand_pose/p41-boxing-0021/rgb_vid/brics-odroid-028_cam0/brics-odroid-028_cam0_1726962101794769.mp4,2712180,2024-09-24T22:46:47+00:00,mp4
experiments/datasets/gigahands/demo_all/raw/hand_pose/p41-boxing-0021/rgb_vid/brics-odroid-028_cam0/brics-odroid-028_cam0_1726962101794769.txt,13176,2024-09-21T23:41:53+00:00,txt
experiments/datasets/gigahands/demo_all/raw/hand_pose/p41-boxing-0021/rgb_vid/brics-odroid-029_cam0/brics-odroid-029_cam0_1726962101793779.mp4,3045662,2024-09-24T22:49:38+00:00,mp4
experiments/datasets/gigahands/demo_all/raw/hand_pose/p41-boxing-0021/rgb_vid/brics-odroid-029_cam0/brics-odroid-029_cam0_1726962101793779.txt,13176,2024-09-21T23:41:53+00:00,txt
experiments/datasets/gigahands/demo_all/raw/hand_pose/p41-boxing-0021/rgb_vid/brics-odroid-029_cam1/brics-odroid-029_cam1_1726962101792257.mp4,2791850,2024-09-24T22:52:28+00:00,mp4
experiments/datasets/gigahands/demo_all/raw/hand_pose/p41-boxing-0021/rgb_vid/brics-odroid-029_cam1/brics-odroid-029_cam1_1726962101792257.txt,13212,2024-09-21T23:41:53+00:00,txt
experiments/datasets/gigahands/demo_all/raw/hand_pose/p41-boxing-0021/rgb_vid/brics-odroid-030_cam0/brics-odroid-030_cam0_1726962101794726.mp4,2865949,2024-09-24T22:56:33+00:00,mp4
experiments/datasets/gigahands/demo_all/raw/hand_pose/p41-boxing-0021/rgb_vid/brics-odroid-030_cam0/brics-odroid-030_cam0_1726962101794726.txt,13176,2024-09-21T23:41:53+00:00,txt
experiments/datasets/gigahands/demo_all/raw/hand_pose/p41-boxing-0021/rgb_vid/brics-odroid-030_cam1/brics-odroid-030_cam1_1726962101794249.mp4,2994681,2024-09-24T23:00:35+00:00,mp4
experiments/datasets/gigahands/demo_all/raw/hand_pose/p41-boxing-0021/rgb_vid/brics-odroid-030_cam1/brics-odroid-030_cam1_1726962101794249.txt,13212,2024-09-21T23:41:53+00:00,txt
experiments/datasets/gigahands/demo_all/raw/hand_pose/p41-plant-0004/bboxes/left/004/brics-odroid-001_cam0_1726963265349585.jsonl,9759,2025-03-18T10:59:33+00:00,jsonl
experiments/datasets/gigahands/demo_all/raw/hand_pose/p41-plant-0004/bboxes/left/004/brics-odroid-001_cam1_1726963265354849.jsonl,11594,2025-03-18T10:59:33+00:00,jsonl
experiments/datasets/gigahands/demo_all/raw/hand_pose/p41-plant-0004/bboxes/left/004/brics-odroid-002_cam0_1726963265350194.jsonl,12359,2025-03-18T10:59:33+00:00,jsonl
experiments/datasets/gigahands/demo_all/raw/hand_pose/p41-plant-0004/bboxes/left/004/brics-odroid-006_cam0_1726963265350737.jsonl,11660,2025-03-18T10:59:33+00:00,jsonl
experiments/datasets/gigahands/demo_all/raw/hand_pose/p41-plant-0004/bboxes/left/004/brics-odroid-007_cam0_1726963265350701.jsonl,12532,2025-03-18T10:59:33+00:00,jsonl
experiments/datasets/gigahands/demo_all/raw/hand_pose/p41-plant-0004/bboxes/left/004/brics-odroid-007_cam1_1726963265352165.jsonl,12493,2025-03-18T10:59:33+00:00,jsonl
experiments/datasets/gigahands/demo_all/raw/hand_pose/p41-plant-0004/bboxes/left/004/brics-odroid-008_cam0_1726963265354026.jsonl,3132,2025-03-18T10:59:33+00:00,jsonl
experiments/datasets/gigahands/demo_all/raw/hand_pose/p41-plant-0004/bboxes/left/004/brics-odroid-009_cam1_1726963265351119.jsonl,11935,2025-03-18T10:59:33+00:00,jsonl
experiments/datasets/gigahands/demo_all/raw/hand_pose/p41-plant-0004/bboxes/left/004/brics-odroid-010_cam0_1726963265351680.jsonl,11377,2025-03-18T10:59:33+00:00,jsonl
experiments/datasets/gigahands/demo_all/raw/hand_pose/p41-plant-0004/bboxes/left/004/brics-odroid-010_cam1_1726963265351063.jsonl,11577,2025-03-18T10:59:33+00:00,jsonl
experiments/datasets/gigahands/demo_all/raw/hand_pose/p41-plant-0004/bboxes/left/004/brics-odroid-011_cam0_1726963265351014.jsonl,11392,2025-03-18T10:59:33+00:00,jsonl
experiments/datasets/gigahands/demo_all/raw/hand_pose/p41-plant-0004/bboxes/left/004/brics-odroid-012_cam0_1726963265351776.jsonl,11521,2025-03-18T10:59:33+00:00,jsonl
experiments/datasets/gigahands/demo_all/raw/hand_pose/p41-plant-0004/bboxes/left/004/brics-odroid-012_cam1_1726963265334558.jsonl,11575,2025-03-18T10:59:33+00:00,jsonl
experiments/datasets/gigahands/demo_all/raw/hand_pose/p41-plant-0004/bboxes/left/004/brics-odroid-014_cam1_1726963265350103.jsonl,9518,2025-03-18T10:59:33+00:00,jsonl
experiments/datasets/gigahands/demo_all/raw/hand_pose/p41-plant-0004/bboxes/left/004/brics-odroid-015_cam0_1726963265349207.jsonl,3821,2025-03-18T10:59:33+00:00,jsonl
experiments/datasets/gigahands/demo_all/raw/hand_pose/p41-plant-0004/bboxes/left/004/brics-odroid-015_cam1_1726963265354755.jsonl,10838,2025-03-18T10:59:33+00:00,jsonl
experiments/datasets/gigahands/demo_all/raw/hand_pose/p41-plant-0004/bboxes/left/004/brics-odroid-016_cam0_1726963265350597.jsonl,11191,2025-03-18T10:59:33+00:00,jsonl
experiments/datasets/gigahands/demo_all/raw/hand_pose/p41-plant-0004/bboxes/left/004/brics-odroid-017_cam0_1726963265348611.jsonl,11029,2025-03-18T10:59:33+00:00,jsonl
experiments/datasets/gigahands/demo_all/raw/hand_pose/p41-plant-0004/bboxes/left/004/brics-odroid-017_cam1_1726963265352996.jsonl,11187,2025-03-18T10:59:33+00:00,jsonl
experiments/datasets/gigahands/demo_all/raw/hand_pose/p41-plant-0004/bboxes/left/004/brics-odroid-019_cam1_1726963265351058.jsonl,10881,2025-03-18T10:59:33+00:00,jsonl
experiments/datasets/gigahands/demo_all/raw/hand_pose/p41-plant-0004/bboxes/left/004/brics-odroid-020_cam0_1726963265350849.jsonl,11197,2025-03-18T10:59:33+00:00,jsonl
experiments/datasets/gigahands/demo_all/raw/hand_pose/p41-plant-0004/bboxes/left/004/brics-odroid-020_cam1_1726963265349205.jsonl,8596,2025-03-18T10:59:33+00:00,jsonl
experiments/datasets/gigahands/demo_all/raw/hand_pose/p41-plant-0004/bboxes/left/004/brics-odroid-021_cam0_1726963265352356.jsonl,11163,2025-03-18T10:59:33+00:00,jsonl
experiments/datasets/gigahands/demo_all/raw/hand_pose/p41-plant-0004/bboxes/left/004/brics-odroid-021_cam1_1726963265351774.jsonl,11236,2025-03-18T10:59:33+00:00,jsonl
experiments/datasets/gigahands/demo_all/raw/hand_pose/p41-plant-0004/bboxes/left/004/brics-odroid-022_cam0_1726963265348775.jsonl,5603,2025-03-18T10:59:33+00:00,jsonl
experiments/datasets/gigahands/demo_all/raw/hand_pose/p41-plant-0004/bboxes/left/004/brics-odroid-022_cam1_1726963265351942.jsonl,10619,2025-03-18T10:59:33+00:00,jsonl
experiments/datasets/gigahands/demo_all/raw/hand_pose/p41-plant-0004/bboxes/left/004/brics-odroid-023_cam0_1726963265350610.jsonl,11411,2025-03-18T10:59:33+00:00,jsonl
experiments/datasets/gigahands/demo_all/raw/hand_pose/p41-plant-0004/bboxes/left/004/brics-odroid-024_cam0_1726963265329879.jsonl,11887,2025-03-18T10:59:33+00:00,jsonl
experiments/datasets/gigahands/demo_all/raw/hand_pose/p41-plant-0004/bboxes/left/004/brics-odroid-024_cam1_1726963265349483.jsonl,12033,2025-03-18T10:59:33+00:00,jsonl
experiments/datasets/gigahands/demo_all/raw/hand_pose/p41-plant-0004/bboxes/left/004/brics-odroid-025_cam0_1726963265350564.jsonl,11602,2025-03-18T10:59:33+00:00,jsonl
experiments/datasets/gigahands/demo_all/raw/hand_pose/p41-plant-0004/bboxes/left/004/brics-odroid-025_cam1_1726963265352144.jsonl,11500,2025-03-18T10:59:33+00:00,jsonl
experiments/datasets/gigahands/demo_all/raw/hand_pose/p41-plant-0004/bboxes/left/004/brics-odroid-026_cam0_1726963265352214.jsonl,3132,2025-03-18T10:59:33+00:00,jsonl
experiments/datasets/gigahands/demo_all/raw/hand_pose/p41-plant-0004/bboxes/left/004/brics-odroid-026_cam1_1726963265352723.jsonl,3132,2025-03-18T10:59:33+00:00,jsonl
experiments/datasets/gigahands/demo_all/raw/hand_pose/p41-plant-0004/bboxes/left/004/brics-odroid-027_cam0_1726963265349397.jsonl,3132,2025-03-18T10:59:33+00:00,jsonl
experiments/datasets/gigahands/demo_all/raw/hand_pose/p41-plant-0004/bboxes/left/004/brics-odroid-027_cam1_1726963265349565.jsonl,3132,2025-03-18T10:59:33+00:00,jsonl
experiments/datasets/gigahands/demo_all/raw/hand_pose/p41-plant-0004/bboxes/left/004/brics-odroid-028_cam0_1726963265349758.jsonl,3132,2025-03-18T10:59:33+00:00,jsonl
experiments/datasets/gigahands/demo_all/raw/hand_pose/p41-plant-0004/bboxes/left/004/brics-odroid-029_cam0_1726963265354691.jsonl,3132,2025-03-18T10:59:33+00:00,jsonl
experiments/datasets/gigahands/demo_all/raw/hand_pose/p41-plant-0004/bboxes/left/004/brics-odroid-029_cam1_1726963265353555.jsonl,3621,2025-03-18T10:59:33+00:00,jsonl
experiments/datasets/gigahands/demo_all/raw/hand_pose/p41-plant-0004/bboxes/left/004/brics-odroid-030_cam0_1726963265350565.jsonl,3327,2025-03-18T10:59:33+00:00,jsonl
experiments/datasets/gigahands/demo_all/raw/hand_pose/p41-plant-0004/bboxes/left/004/brics-odroid-030_cam1_1726963265353642.jsonl,4014,2025-03-18T10:59:33+00:00,jsonl
experiments/datasets/gigahands/demo_all/raw/hand_pose/p41-plant-0004/bboxes/right/004/brics-odroid-001_cam0_1726963265349585.jsonl,9942,2025-03-18T10:59:18+00:00,jsonl
experiments/datasets/gigahands/demo_all/raw/hand_pose/p41-plant-0004/bboxes/right/004/brics-odroid-001_cam1_1726963265354849.jsonl,11485,2025-03-18T10:59:18+00:00,jsonl
experiments/datasets/gigahands/demo_all/raw/hand_pose/p41-plant-0004/bboxes/right/004/brics-odroid-002_cam0_1726963265350194.jsonl,12451,2025-03-18T10:59:18+00:00,jsonl
experiments/datasets/gigahands/demo_all/raw/hand_pose/p41-plant-0004/bboxes/right/004/brics-odroid-006_cam0_1726963265350737.jsonl,11764,2025-03-18T10:59:18+00:00,jsonl
experiments/datasets/gigahands/demo_all/raw/hand_pose/p41-plant-0004/bboxes/right/004/brics-odroid-007_cam0_1726963265350701.jsonl,12527,2025-03-18T10:59:18+00:00,jsonl
experiments/datasets/gigahands/demo_all/raw/hand_pose/p41-plant-0004/bboxes/right/004/brics-odroid-007_cam1_1726963265352165.jsonl,12433,2025-03-18T10:59:18+00:00,jsonl
experiments/datasets/gigahands/demo_all/raw/hand_pose/p41-plant-0004/bboxes/right/004/brics-odroid-008_cam0_1726963265354026.jsonl,3132,2025-03-18T10:59:18+00:00,jsonl
experiments/datasets/gigahands/demo_all/raw/hand_pose/p41-plant-0004/bboxes/right/004/brics-odroid-009_cam1_1726963265351119.jsonl,10190,2025-03-18T10:59:18+00:00,jsonl
experiments/datasets/gigahands/demo_all/raw/hand_pose/p41-plant-0004/bboxes/right/004/brics-odroid-010_cam0_1726963265351680.jsonl,11685,2025-03-18T10:59:18+00:00,jsonl
experiments/datasets/gigahands/demo_all/raw/hand_pose/p41-plant-0004/bboxes/right/004/brics-odroid-010_cam1_1726963265351063.jsonl,11919,2025-03-18T10:59:18+00:00,jsonl
experiments/datasets/gigahands/demo_all/raw/hand_pose/p41-plant-0004/bboxes/right/004/brics-odroid-011_cam0_1726963265351014.jsonl,11544,2025-03-18T10:59:18+00:00,jsonl
experiments/datasets/gigahands/demo_all/raw/hand_pose/p41-plant-0004/bboxes/right/004/brics-odroid-012_cam0_1726963265351776.jsonl,11537,2025-03-18T10:59:18+00:00,jsonl
experiments/datasets/gigahands/demo_all/raw/hand_pose/p41-plant-0004/bboxes/right/004/brics-odroid-012_cam1_1726963265334558.jsonl,11737,2025-03-18T10:59:18+00:00,jsonl
experiments/datasets/gigahands/demo_all/raw/hand_pose/p41-plant-0004/bboxes/right/004/brics-odroid-014_cam1_1726963265350103.jsonl,9002,2025-03-18T10:59:18+00:00,jsonl
experiments/datasets/gigahands/demo_all/raw/hand_pose/p41-plant-0004/bboxes/right/004/brics-odroid-015_cam0_1726963265349207.jsonl,3846,2025-03-18T10:59:18+00:00,jsonl
experiments/datasets/gigahands/demo_all/raw/hand_pose/p41-plant-0004/bboxes/right/004/brics-odroid-015_cam1_1726963265354755.jsonl,11193,2025-03-18T10:59:18+00:00,jsonl
experiments/datasets/gigahands/demo_all/raw/hand_pose/p41-plant-0004/bboxes/right/004/brics-odroid-016_cam0_1726963265350597.jsonl,11173,2025-03-18T10:59:18+00:00,jsonl
experiments/datasets/gigahands/demo_all/raw/hand_pose/p41-plant-0004/bboxes/right/004/brics-odroid-017_cam0_1726963265348611.jsonl,11112,2025-03-18T10:59:18+00:00,jsonl
experiments/datasets/gigahands/demo_all/raw/hand_pose/p41-plant-0004/bboxes/right/004/brics-odroid-017_cam1_1726963265352996.jsonl,11251,2025-03-18T10:59:18+00:00,jsonl
experiments/datasets/gigahands/demo_all/raw/hand_pose/p41-plant-0004/bboxes/right/004/brics-odroid-019_cam1_1726963265351058.jsonl,10918,2025-03-18T10:59:18+00:00,jsonl
experiments/datasets/gigahands/demo_all/raw/hand_pose/p41-plant-0004/bboxes/right/004/brics-odroid-020_cam0_1726963265350849.jsonl,11093,2025-03-18T10:59:18+00:00,jsonl
experiments/datasets/gigahands/demo_all/raw/hand_pose/p41-plant-0004/bboxes/right/004/brics-odroid-020_cam1_1726963265349205.jsonl,10436,2025-03-18T10:59:18+00:00,jsonl
experiments/datasets/gigahands/demo_all/raw/hand_pose/p41-plant-0004/bboxes/right/004/brics-odroid-021_cam0_1726963265352356.jsonl,10963,2025-03-18T10:59:18+00:00,jsonl
experiments/datasets/gigahands/demo_all/raw/hand_pose/p41-plant-0004/bboxes/right/004/brics-odroid-021_cam1_1726963265351774.jsonl,11137,2025-03-18T10:59:18+00:00,jsonl
experiments/datasets/gigahands/demo_all/raw/hand_pose/p41-plant-0004/bboxes/right/004/brics-odroid-022_cam0_1726963265348775.jsonl,5557,2025-03-18T10:59:18+00:00,jsonl
experiments/datasets/gigahands/demo_all/raw/hand_pose/p41-plant-0004/bboxes/right/004/brics-odroid-022_cam1_1726963265351942.jsonl,10490,2025-03-18T10:59:18+00:00,jsonl
experiments/datasets/gigahands/demo_all/raw/hand_pose/p41-plant-0004/bboxes/right/004/brics-odroid-023_cam0_1726963265350610.jsonl,11394,2025-03-18T10:59:18+00:00,jsonl
experiments/datasets/gigahands/demo_all/raw/hand_pose/p41-plant-0004/bboxes/right/004/brics-odroid-024_cam0_1726963265329879.jsonl,12020,2025-03-18T10:59:18+00:00,jsonl
experiments/datasets/gigahands/demo_all/raw/hand_pose/p41-plant-0004/bboxes/right/004/brics-odroid-024_cam1_1726963265349483.jsonl,12107,2025-03-18T10:59:18+00:00,jsonl
experiments/datasets/gigahands/demo_all/raw/hand_pose/p41-plant-0004/bboxes/right/004/brics-odroid-025_cam0_1726963265350564.jsonl,11700,2025-03-18T10:59:18+00:00,jsonl
experiments/datasets/gigahands/demo_all/raw/hand_pose/p41-plant-0004/bboxes/right/004/brics-odroid-025_cam1_1726963265352144.jsonl,11631,2025-03-18T10:59:18+00:00,jsonl
experiments/datasets/gigahands/demo_all/raw/hand_pose/p41-plant-0004/bboxes/right/004/brics-odroid-026_cam0_1726963265352214.jsonl,3132,2025-03-18T10:59:18+00:00,jsonl
experiments/datasets/gigahands/demo_all/raw/hand_pose/p41-plant-0004/bboxes/right/004/brics-odroid-026_cam1_1726963265352723.jsonl,3179,2025-03-18T10:59:18+00:00,jsonl
experiments/datasets/gigahands/demo_all/raw/hand_pose/p41-plant-0004/bboxes/right/004/brics-odroid-027_cam0_1726963265349397.jsonl,3132,2025-03-18T10:59:18+00:00,jsonl
experiments/datasets/gigahands/demo_all/raw/hand_pose/p41-plant-0004/bboxes/right/004/brics-odroid-027_cam1_1726963265349565.jsonl,3132,2025-03-18T10:59:18+00:00,jsonl
experiments/datasets/gigahands/demo_all/raw/hand_pose/p41-plant-0004/bboxes/right/004/brics-odroid-028_cam0_1726963265349758.jsonl,3132,2025-03-18T10:59:18+00:00,jsonl
experiments/datasets/gigahands/demo_all/raw/hand_pose/p41-plant-0004/bboxes/right/004/brics-odroid-029_cam0_1726963265354691.jsonl,3132,2025-03-18T10:59:18+00:00,jsonl
experiments/datasets/gigahands/demo_all/raw/hand_pose/p41-plant-0004/bboxes/right/004/brics-odroid-029_cam1_1726963265353555.jsonl,5113,2025-03-18T10:59:18+00:00,jsonl
experiments/datasets/gigahands/demo_all/raw/hand_pose/p41-plant-0004/bboxes/right/004/brics-odroid-030_cam0_1726963265350565.jsonl,3188,2025-03-18T10:59:18+00:00,jsonl
experiments/datasets/gigahands/demo_all/raw/hand_pose/p41-plant-0004/bboxes/right/004/brics-odroid-030_cam1_1726963265353642.jsonl,3523,2025-03-18T10:59:18+00:00,jsonl
experiments/datasets/gigahands/demo_all/raw/hand_pose/p41-plant-0004/keypoints_2d/left/004/brics-odroid-001_cam0_1726963265349585.jsonl,122380,2025-03-18T10:57:08+00:00,jsonl
experiments/datasets/gigahands/demo_all/raw/hand_pose/p41-plant-0004/keypoints_2d/left/004/brics-odroid-001_cam1_1726963265354849.jsonl,143920,2025-03-18T10:57:08+00:00,jsonl
experiments/datasets/gigahands/demo_all/raw/hand_pose/p41-plant-0004/keypoints_2d/left/004/brics-odroid-002_cam0_1726963265350194.jsonl,145973,2025-03-18T10:57:08+00:00,jsonl
experiments/datasets/gigahands/demo_all/raw/hand_pose/p41-plant-0004/keypoints_2d/left/004/brics-odroid-006_cam0_1726963265350737.jsonl,145340,2025-03-18T10:57:08+00:00,jsonl
experiments/datasets/gigahands/demo_all/raw/hand_pose/p41-plant-0004/keypoints_2d/left/004/brics-odroid-007_cam0_1726963265350701.jsonl,146747,2025-03-18T10:57:08+00:00,jsonl
experiments/datasets/gigahands/demo_all/raw/hand_pose/p41-plant-0004/keypoints_2d/left/004/brics-odroid-007_cam1_1726963265352165.jsonl,147536,2025-03-18T10:57:08+00:00,jsonl
experiments/datasets/gigahands/demo_all/raw/hand_pose/p41-plant-0004/keypoints_2d/left/004/brics-odroid-008_cam0_1726963265354026.jsonl,44196,2025-03-18T10:57:08+00:00,jsonl
experiments/datasets/gigahands/demo_all/raw/hand_pose/p41-plant-0004/keypoints_2d/left/004/brics-odroid-009_cam1_1726963265351119.jsonl,141565,2025-03-18T10:57:08+00:00,jsonl
experiments/datasets/gigahands/demo_all/raw/hand_pose/p41-plant-0004/keypoints_2d/left/004/brics-odroid-010_cam0_1726963265351680.jsonl,142039,2025-03-18T10:57:08+00:00,jsonl
experiments/datasets/gigahands/demo_all/raw/hand_pose/p41-plant-0004/keypoints_2d/left/004/brics-odroid-010_cam1_1726963265351063.jsonl,142642,2025-03-18T10:57:08+00:00,jsonl
experiments/datasets/gigahands/demo_all/raw/hand_pose/p41-plant-0004/keypoints_2d/left/004/brics-odroid-011_cam0_1726963265351014.jsonl,144782,2025-03-18T10:57:08+00:00,jsonl
experiments/datasets/gigahands/demo_all/raw/hand_pose/p41-plant-0004/keypoints_2d/left/004/brics-odroid-012_cam0_1726963265351776.jsonl,145836,2025-03-18T10:57:08+00:00,jsonl
experiments/datasets/gigahands/demo_all/raw/hand_pose/p41-plant-0004/keypoints_2d/left/004/brics-odroid-012_cam1_1726963265334558.jsonl,146455,2025-03-18T10:57:08+00:00,jsonl
experiments/datasets/gigahands/demo_all/raw/hand_pose/p41-plant-0004/keypoints_2d/left/004/brics-odroid-014_cam1_1726963265350103.jsonl,121627,2025-03-18T10:57:08+00:00,jsonl
experiments/datasets/gigahands/demo_all/raw/hand_pose/p41-plant-0004/keypoints_2d/left/004/brics-odroid-015_cam0_1726963265349207.jsonl,52426,2025-03-18T10:57:08+00:00,jsonl
experiments/datasets/gigahands/demo_all/raw/hand_pose/p41-plant-0004/keypoints_2d/left/004/brics-odroid-015_cam1_1726963265354755.jsonl,135909,2025-03-18T10:57:08+00:00,jsonl
experiments/datasets/gigahands/demo_all/raw/hand_pose/p41-plant-0004/keypoints_2d/left/004/brics-odroid-016_cam0_1726963265350597.jsonl,143766,2025-03-18T10:57:08+00:00,jsonl
experiments/datasets/gigahands/demo_all/raw/hand_pose/p41-plant-0004/keypoints_2d/left/004/brics-odroid-017_cam0_1726963265348611.jsonl,144563,2025-03-18T10:57:08+00:00,jsonl
experiments/datasets/gigahands/demo_all/raw/hand_pose/p41-plant-0004/keypoints_2d/left/004/brics-odroid-017_cam1_1726963265352996.jsonl,144650,2025-03-18T10:57:08+00:00,jsonl
experiments/datasets/gigahands/demo_all/raw/hand_pose/p41-plant-0004/keypoints_2d/left/004/brics-odroid-019_cam1_1726963265351058.jsonl,146026,2025-03-18T10:57:08+00:00,jsonl
experiments/datasets/gigahands/demo_all/raw/hand_pose/p41-plant-0004/keypoints_2d/left/004/brics-odroid-020_cam0_1726963265350849.jsonl,146259,2025-03-18T10:57:08+00:00,jsonl
experiments/datasets/gigahands/demo_all/raw/hand_pose/p41-plant-0004/keypoints_2d/left/004/brics-odroid-020_cam1_1726963265349205.jsonl,111567,2025-03-18T10:57:08+00:00,jsonl
experiments/datasets/gigahands/demo_all/raw/hand_pose/p41-plant-0004/keypoints_2d/left/004/brics-odroid-021_cam0_1726963265352356.jsonl,145426,2025-03-18T10:57:08+00:00,jsonl
experiments/datasets/gigahands/demo_all/raw/hand_pose/p41-plant-0004/keypoints_2d/left/004/brics-odroid-021_cam1_1726963265351774.jsonl,146004,2025-03-18T10:57:08+00:00,jsonl
experiments/datasets/gigahands/demo_all/raw/hand_pose/p41-plant-0004/keypoints_2d/left/004/brics-odroid-022_cam0_1726963265348775.jsonl,74043,2025-03-18T10:57:08+00:00,jsonl
experiments/datasets/gigahands/demo_all/raw/hand_pose/p41-plant-0004/keypoints_2d/left/004/brics-odroid-022_cam1_1726963265351942.jsonl,132346,2025-03-18T10:57:08+00:00,jsonl
experiments/datasets/gigahands/demo_all/raw/hand_pose/p41-plant-0004/keypoints_2d/left/004/brics-odroid-023_cam0_1726963265350610.jsonl,145291,2025-03-18T10:57:08+00:00,jsonl
experiments/datasets/gigahands/demo_all/raw/hand_pose/p41-plant-0004/keypoints_2d/left/004/brics-odroid-024_cam0_1726963265329879.jsonl,147191,2025-03-18T10:57:08+00:00,jsonl
experiments/datasets/gigahands/demo_all/raw/hand_pose/p41-plant-0004/keypoints_2d/left/004/brics-odroid-024_cam1_1726963265349483.jsonl,147563,2025-03-18T10:57:08+00:00,jsonl
experiments/datasets/gigahands/demo_all/raw/hand_pose/p41-plant-0004/keypoints_2d/left/004/brics-odroid-025_cam0_1726963265350564.jsonl,146256,2025-03-18T10:57:08+00:00,jsonl
experiments/datasets/gigahands/demo_all/raw/hand_pose/p41-plant-0004/keypoints_2d/left/004/brics-odroid-025_cam1_1726963265352144.jsonl,144854,2025-03-18T10:57:08+00:00,jsonl
experiments/datasets/gigahands/demo_all/raw/hand_pose/p41-plant-0004/keypoints_2d/left/004/brics-odroid-026_cam0_1726963265352214.jsonl,44196,2025-03-18T10:57:08+00:00,jsonl
experiments/datasets/gigahands/demo_all/raw/hand_pose/p41-plant-0004/keypoints_2d/left/004/brics-odroid-026_cam1_1726963265352723.jsonl,44196,2025-03-18T10:57:08+00:00,jsonl
experiments/datasets/gigahands/demo_all/raw/hand_pose/p41-plant-0004/keypoints_2d/left/004/brics-odroid-027_cam0_1726963265349397.jsonl,44196,2025-03-18T10:57:08+00:00,jsonl
experiments/datasets/gigahands/demo_all/raw/hand_pose/p41-plant-0004/keypoints_2d/left/004/brics-odroid-027_cam1_1726963265349565.jsonl,44196,2025-03-18T10:57:08+00:00,jsonl
experiments/datasets/gigahands/demo_all/raw/hand_pose/p41-plant-0004/keypoints_2d/left/004/brics-odroid-028_cam0_1726963265349758.jsonl,44196,2025-03-18T10:57:08+00:00,jsonl
experiments/datasets/gigahands/demo_all/raw/hand_pose/p41-plant-0004/keypoints_2d/left/004/brics-odroid-029_cam0_1726963265354691.jsonl,44196,2025-03-18T10:57:08+00:00,jsonl
experiments/datasets/gigahands/demo_all/raw/hand_pose/p41-plant-0004/keypoints_2d/left/004/brics-odroid-029_cam1_1726963265353555.jsonl,49997,2025-03-18T10:57:08+00:00,jsonl
experiments/datasets/gigahands/demo_all/raw/hand_pose/p41-plant-0004/keypoints_2d/left/004/brics-odroid-030_cam0_1726963265350565.jsonl,46457,2025-03-18T10:57:08+00:00,jsonl
experiments/datasets/gigahands/demo_all/raw/hand_pose/p41-plant-0004/keypoints_2d/left/004/brics-odroid-030_cam1_1726963265353642.jsonl,54791,2025-03-18T10:57:08+00:00,jsonl
experiments/datasets/gigahands/demo_all/raw/hand_pose/p41-plant-0004/keypoints_2d/right/004/brics-odroid-001_cam0_1726963265349585.jsonl,124878,2025-03-18T10:57:23+00:00,jsonl
experiments/datasets/gigahands/demo_all/raw/hand_pose/p41-plant-0004/keypoints_2d/right/004/brics-odroid-001_cam1_1726963265354849.jsonl,145515,2025-03-18T10:57:24+00:00,jsonl
experiments/datasets/gigahands/demo_all/raw/hand_pose/p41-plant-0004/keypoints_2d/right/004/brics-odroid-002_cam0_1726963265350194.jsonl,145089,2025-03-18T10:57:24+00:00,jsonl
experiments/datasets/gigahands/demo_all/raw/hand_pose/p41-plant-0004/keypoints_2d/right/004/brics-odroid-006_cam0_1726963265350737.jsonl,144581,2025-03-18T10:57:23+00:00,jsonl
experiments/datasets/gigahands/demo_all/raw/hand_pose/p41-plant-0004/keypoints_2d/right/004/brics-odroid-007_cam0_1726963265350701.jsonl,147787,2025-03-18T10:57:23+00:00,jsonl
experiments/datasets/gigahands/demo_all/raw/hand_pose/p41-plant-0004/keypoints_2d/right/004/brics-odroid-007_cam1_1726963265352165.jsonl,146984,2025-03-18T10:57:24+00:00,jsonl
experiments/datasets/gigahands/demo_all/raw/hand_pose/p41-plant-0004/keypoints_2d/right/004/brics-odroid-008_cam0_1726963265354026.jsonl,44196,2025-03-18T10:57:23+00:00,jsonl
experiments/datasets/gigahands/demo_all/raw/hand_pose/p41-plant-0004/keypoints_2d/right/004/brics-odroid-009_cam1_1726963265351119.jsonl,122124,2025-03-18T10:57:24+00:00,jsonl
experiments/datasets/gigahands/demo_all/raw/hand_pose/p41-plant-0004/keypoints_2d/right/004/brics-odroid-010_cam0_1726963265351680.jsonl,146861,2025-03-18T10:57:23+00:00,jsonl
experiments/datasets/gigahands/demo_all/raw/hand_pose/p41-plant-0004/keypoints_2d/right/004/brics-odroid-010_cam1_1726963265351063.jsonl,145435,2025-03-18T10:57:23+00:00,jsonl
experiments/datasets/gigahands/demo_all/raw/hand_pose/p41-plant-0004/keypoints_2d/right/004/brics-odroid-011_cam0_1726963265351014.jsonl,145845,2025-03-18T10:57:23+00:00,jsonl
experiments/datasets/gigahands/demo_all/raw/hand_pose/p41-plant-0004/keypoints_2d/right/004/brics-odroid-012_cam0_1726963265351776.jsonl,145257,2025-03-18T10:57:23+00:00,jsonl
experiments/datasets/gigahands/demo_all/raw/hand_pose/p41-plant-0004/keypoints_2d/right/004/brics-odroid-012_cam1_1726963265334558.jsonl,148349,2025-03-18T10:57:24+00:00,jsonl
experiments/datasets/gigahands/demo_all/raw/hand_pose/p41-plant-0004/keypoints_2d/right/004/brics-odroid-014_cam1_1726963265350103.jsonl,114844,2025-03-18T10:57:23+00:00,jsonl
experiments/datasets/gigahands/demo_all/raw/hand_pose/p41-plant-0004/keypoints_2d/right/004/brics-odroid-015_cam0_1726963265349207.jsonl,52491,2025-03-18T10:57:23+00:00,jsonl
experiments/datasets/gigahands/demo_all/raw/hand_pose/p41-plant-0004/keypoints_2d/right/004/brics-odroid-015_cam1_1726963265354755.jsonl,139375,2025-03-18T10:57:24+00:00,jsonl
experiments/datasets/gigahands/demo_all/raw/hand_pose/p41-plant-0004/keypoints_2d/right/004/brics-odroid-016_cam0_1726963265350597.jsonl,144545,2025-03-18T10:57:24+00:00,jsonl
experiments/datasets/gigahands/demo_all/raw/hand_pose/p41-plant-0004/keypoints_2d/right/004/brics-odroid-017_cam0_1726963265348611.jsonl,144729,2025-03-18T10:57:24+00:00,jsonl
experiments/datasets/gigahands/demo_all/raw/hand_pose/p41-plant-0004/keypoints_2d/right/004/brics-odroid-017_cam1_1726963265352996.jsonl,144675,2025-03-18T10:57:23+00:00,jsonl
experiments/datasets/gigahands/demo_all/raw/hand_pose/p41-plant-0004/keypoints_2d/right/004/brics-odroid-019_cam1_1726963265351058.jsonl,145834,2025-03-18T10:57:24+00:00,jsonl
experiments/datasets/gigahands/demo_all/raw/hand_pose/p41-plant-0004/keypoints_2d/right/004/brics-odroid-020_cam0_1726963265350849.jsonl,146474,2025-03-18T10:57:23+00:00,jsonl
experiments/datasets/gigahands/demo_all/raw/hand_pose/p41-plant-0004/keypoints_2d/right/004/brics-odroid-020_cam1_1726963265349205.jsonl,134671,2025-03-18T10:57:24+00:00,jsonl
experiments/datasets/gigahands/demo_all/raw/hand_pose/p41-plant-0004/keypoints_2d/right/004/brics-odroid-021_cam0_1726963265352356.jsonl,146108,2025-03-18T10:57:23+00:00,jsonl
experiments/datasets/gigahands/demo_all/raw/hand_pose/p41-plant-0004/keypoints_2d/right/004/brics-odroid-021_cam1_1726963265351774.jsonl,145261,2025-03-18T10:57:24+00:00,jsonl
experiments/datasets/gigahands/demo_all/raw/hand_pose/p41-plant-0004/keypoints_2d/right/004/brics-odroid-022_cam0_1726963265348775.jsonl,73282,2025-03-18T10:57:23+00:00,jsonl
experiments/datasets/gigahands/demo_all/raw/hand_pose/p41-plant-0004/keypoints_2d/right/004/brics-odroid-022_cam1_1726963265351942.jsonl,131632,2025-03-18T10:57:23+00:00,jsonl
experiments/datasets/gigahands/demo_all/raw/hand_pose/p41-plant-0004/keypoints_2d/right/004/brics-odroid-023_cam0_1726963265350610.jsonl,145751,2025-03-18T10:57:23+00:00,jsonl
experiments/datasets/gigahands/demo_all/raw/hand_pose/p41-plant-0004/keypoints_2d/right/004/brics-odroid-024_cam0_1726963265329879.jsonl,146223,2025-03-18T10:57:23+00:00,jsonl
experiments/datasets/gigahands/demo_all/raw/hand_pose/p41-plant-0004/keypoints_2d/right/004/brics-odroid-024_cam1_1726963265349483.jsonl,146973,2025-03-18T10:57:24+00:00,jsonl
experiments/datasets/gigahands/demo_all/raw/hand_pose/p41-plant-0004/keypoints_2d/right/004/brics-odroid-025_cam0_1726963265350564.jsonl,145418,2025-03-18T10:57:23+00:00,jsonl
experiments/datasets/gigahands/demo_all/raw/hand_pose/p41-plant-0004/keypoints_2d/right/004/brics-odroid-025_cam1_1726963265352144.jsonl,145300,2025-03-18T10:57:23+00:00,jsonl
experiments/datasets/gigahands/demo_all/raw/hand_pose/p41-plant-0004/keypoints_2d/right/004/brics-odroid-026_cam0_1726963265352214.jsonl,44196,2025-03-18T10:57:23+00:00,jsonl
experiments/datasets/gigahands/demo_all/raw/hand_pose/p41-plant-0004/keypoints_2d/right/004/brics-odroid-026_cam1_1726963265352723.jsonl,44770,2025-03-18T10:57:23+00:00,jsonl
experiments/datasets/gigahands/demo_all/raw/hand_pose/p41-plant-0004/keypoints_2d/right/004/brics-odroid-027_cam0_1726963265349397.jsonl,44196,2025-03-18T10:57:24+00:00,jsonl
experiments/datasets/gigahands/demo_all/raw/hand_pose/p41-plant-0004/keypoints_2d/right/004/brics-odroid-027_cam1_1726963265349565.jsonl,44196,2025-03-18T10:57:24+00:00,jsonl
experiments/datasets/gigahands/demo_all/raw/hand_pose/p41-plant-0004/keypoints_2d/right/004/brics-odroid-028_cam0_1726963265349758.jsonl,44196,2025-03-18T10:57:23+00:00,jsonl
experiments/datasets/gigahands/demo_all/raw/hand_pose/p41-plant-0004/keypoints_2d/right/004/brics-odroid-029_cam0_1726963265354691.jsonl,44196,2025-03-18T10:57:23+00:00,jsonl
experiments/datasets/gigahands/demo_all/raw/hand_pose/p41-plant-0004/keypoints_2d/right/004/brics-odroid-029_cam1_1726963265353555.jsonl,76496,2025-03-18T10:57:24+00:00,jsonl
experiments/datasets/gigahands/demo_all/raw/hand_pose/p41-plant-0004/keypoints_2d/right/004/brics-odroid-030_cam0_1726963265350565.jsonl,44758,2025-03-18T10:57:23+00:00,jsonl
experiments/datasets/gigahands/demo_all/raw/hand_pose/p41-plant-0004/keypoints_2d/right/004/brics-odroid-030_cam1_1726963265353642.jsonl,48833,2025-03-18T10:57:24+00:00,jsonl
experiments/datasets/gigahands/demo_all/raw/hand_pose/p41-plant-0004/keypoints_3d/004/chosen_frames_left.json,1075,2025-03-18T10:59:54+00:00,json
experiments/datasets/gigahands/demo_all/raw/hand_pose/p41-plant-0004/keypoints_3d/004/chosen_frames_right.json,1075,2025-03-18T10:59:54+00:00,json
experiments/datasets/gigahands/demo_all/raw/hand_pose/p41-plant-0004/keypoints_3d/004/left.jsonl,226996,2025-03-18T10:59:54+00:00,jsonl
experiments/datasets/gigahands/demo_all/raw/hand_pose/p41-plant-0004/keypoints_3d/004/right.jsonl,228596,2025-03-18T10:59:54+00:00,jsonl
experiments/datasets/gigahands/demo_all/raw/hand_pose/p41-plant-0004/keypoints_3d_mano/004.json,469335,2025-04-17T16:17:50+00:00,json
experiments/datasets/gigahands/demo_all/raw/hand_pose/p41-plant-0004/mano_vid/004.mp4,3291450,2025-03-18T11:00:07+00:00,mp4
experiments/datasets/gigahands/demo_all/raw/hand_pose/p41-plant-0004/optim_params.txt,16155,2025-03-18T10:56:13+00:00,txt
experiments/datasets/gigahands/demo_all/raw/hand_pose/p41-plant-0004/repro_2d_vid/004.mp4,4760802,2025-03-18T11:00:18+00:00,mp4
experiments/datasets/gigahands/demo_all/raw/hand_pose/p41-plant-0004/repro_3d_vid/004.mp4,5567086,2025-03-18T11:00:36+00:00,mp4
experiments/datasets/gigahands/demo_all/raw/hand_pose/p41-plant-0004/rgb_vid/brics-odroid-001_cam0/brics-odroid-001_cam0_1726963265349585.mp4,1142216,2024-09-25T11:37:10+00:00,mp4
experiments/datasets/gigahands/demo_all/raw/hand_pose/p41-plant-0004/rgb_vid/brics-odroid-001_cam0/brics-odroid-001_cam0_1726963265349585.txt,6264,2024-09-22T00:01:11+00:00,txt
experiments/datasets/gigahands/demo_all/raw/hand_pose/p41-plant-0004/rgb_vid/brics-odroid-001_cam1/brics-odroid-001_cam1_1726963265354849.mp4,1057823,2024-09-25T11:37:52+00:00,mp4
experiments/datasets/gigahands/demo_all/raw/hand_pose/p41-plant-0004/rgb_vid/brics-odroid-001_cam1/brics-odroid-001_cam1_1726963265354849.txt,6264,2024-09-22T00:01:11+00:00,txt
experiments/datasets/gigahands/demo_all/raw/hand_pose/p41-plant-0004/rgb_vid/brics-odroid-002_cam0/brics-odroid-002_cam0_1726963265350194.mp4,1086679,2024-09-25T11:38:34+00:00,mp4
experiments/datasets/gigahands/demo_all/raw/hand_pose/p41-plant-0004/rgb_vid/brics-odroid-002_cam0/brics-odroid-002_cam0_1726963265350194.txt,6264,2024-09-22T00:01:11+00:00,txt
experiments/datasets/gigahands/demo_all/raw/hand_pose/p41-plant-0004/rgb_vid/brics-odroid-004_cam0/brics-odroid-004_cam0_1726963265350392.mp4,760692,2024-09-25T11:39:15+00:00,mp4
experiments/datasets/gigahands/demo_all/raw/hand_pose/p41-plant-0004/rgb_vid/brics-odroid-004_cam0/brics-odroid-004_cam0_1726963265350392.txt,6264,2024-09-22T00:01:11+00:00,txt
experiments/datasets/gigahands/demo_all/raw/hand_pose/p41-plant-0004/rgb_vid/brics-odroid-006_cam0/brics-odroid-006_cam0_1726963265350737.mp4,1488049,2024-09-25T11:39:57+00:00,mp4
experiments/datasets/gigahands/demo_all/raw/hand_pose/p41-plant-0004/rgb_vid/brics-odroid-006_cam0/brics-odroid-006_cam0_1726963265350737.txt,6264,2024-09-22T00:01:11+00:00,txt
experiments/datasets/gigahands/demo_all/raw/hand_pose/p41-plant-0004/rgb_vid/brics-odroid-007_cam0/brics-odroid-007_cam0_1726963265350701.mp4,1229308,2024-09-25T11:40:41+00:00,mp4
experiments/datasets/gigahands/demo_all/raw/hand_pose/p41-plant-0004/rgb_vid/brics-odroid-007_cam0/brics-odroid-007_cam0_1726963265350701.txt,6264,2024-09-22T00:01:11+00:00,txt
experiments/datasets/gigahands/demo_all/raw/hand_pose/p41-plant-0004/rgb_vid/brics-odroid-007_cam1/brics-odroid-007_cam1_1726963265352165.mp4,1388913,2024-09-25T11:41:24+00:00,mp4
experiments/datasets/gigahands/demo_all/raw/hand_pose/p41-plant-0004/rgb_vid/brics-odroid-007_cam1/brics-odroid-007_cam1_1726963265352165.txt,6264,2024-09-22T00:01:11+00:00,txt
experiments/datasets/gigahands/demo_all/raw/hand_pose/p41-plant-0004/rgb_vid/brics-odroid-008_cam0/brics-odroid-008_cam0_1726963265354026.mp4,1060012,2024-09-25T11:42:06+00:00,mp4
experiments/datasets/gigahands/demo_all/raw/hand_pose/p41-plant-0004/rgb_vid/brics-odroid-008_cam0/brics-odroid-008_cam0_1726963265354026.txt,6264,2024-09-22T00:01:11+00:00,txt
experiments/datasets/gigahands/demo_all/raw/hand_pose/p41-plant-0004/rgb_vid/brics-odroid-008_cam1/brics-odroid-008_cam1_1726963265349608.mp4,965122,2024-09-25T11:42:49+00:00,mp4
experiments/datasets/gigahands/demo_all/raw/hand_pose/p41-plant-0004/rgb_vid/brics-odroid-008_cam1/brics-odroid-008_cam1_1726963265349608.txt,6264,2024-09-22T00:01:11+00:00,txt
experiments/datasets/gigahands/demo_all/raw/hand_pose/p41-plant-0004/rgb_vid/brics-odroid-009_cam0/brics-odroid-009_cam0_1726963265349049.mp4,808414,2024-09-25T11:43:28+00:00,mp4
experiments/datasets/gigahands/demo_all/raw/hand_pose/p41-plant-0004/rgb_vid/brics-odroid-009_cam0/brics-odroid-009_cam0_1726963265349049.txt,6264,2024-09-22T00:01:11+00:00,txt
experiments/datasets/gigahands/demo_all/raw/hand_pose/p41-plant-0004/rgb_vid/brics-odroid-009_cam1/brics-odroid-009_cam1_1726963265351119.mp4,1233909,2024-09-25T11:44:08+00:00,mp4
experiments/datasets/gigahands/demo_all/raw/hand_pose/p41-plant-0004/rgb_vid/brics-odroid-009_cam1/brics-odroid-009_cam1_1726963265351119.txt,6264,2024-09-22T00:01:11+00:00,txt
experiments/datasets/gigahands/demo_all/raw/hand_pose/p41-plant-0004/rgb_vid/brics-odroid-010_cam0/brics-odroid-010_cam0_1726963265351680.mp4,1349175,2024-09-25T11:44:52+00:00,mp4
experiments/datasets/gigahands/demo_all/raw/hand_pose/p41-plant-0004/rgb_vid/brics-odroid-010_cam0/brics-odroid-010_cam0_1726963265351680.txt,6264,2024-09-22T00:01:11+00:00,txt
experiments/datasets/gigahands/demo_all/raw/hand_pose/p41-plant-0004/rgb_vid/brics-odroid-010_cam1/brics-odroid-010_cam1_1726963265351063.mp4,1280221,2024-09-25T11:45:36+00:00,mp4
experiments/datasets/gigahands/demo_all/raw/hand_pose/p41-plant-0004/rgb_vid/brics-odroid-010_cam1/brics-odroid-010_cam1_1726963265351063.txt,6264,2024-09-22T00:01:11+00:00,txt
experiments/datasets/gigahands/demo_all/raw/hand_pose/p41-plant-0004/rgb_vid/brics-odroid-011_cam0/brics-odroid-011_cam0_1726963265351014.mp4,1236113,2024-09-25T11:46:18+00:00,mp4
experiments/datasets/gigahands/demo_all/raw/hand_pose/p41-plant-0004/rgb_vid/brics-odroid-011_cam0/brics-odroid-011_cam0_1726963265351014.txt,6264,2024-09-22T00:01:11+00:00,txt
experiments/datasets/gigahands/demo_all/raw/hand_pose/p41-plant-0004/rgb_vid/brics-odroid-012_cam0/brics-odroid-012_cam0_1726963265351776.mp4,1234101,2024-09-25T11:47:02+00:00,mp4
experiments/datasets/gigahands/demo_all/raw/hand_pose/p41-plant-0004/rgb_vid/brics-odroid-012_cam0/brics-odroid-012_cam0_1726963265351776.txt,6264,2024-09-22T00:01:11+00:00,txt
experiments/datasets/gigahands/demo_all/raw/hand_pose/p41-plant-0004/rgb_vid/brics-odroid-012_cam1/brics-odroid-012_cam1_1726963265334558.mp4,1362006,2024-09-25T11:47:44+00:00,mp4
experiments/datasets/gigahands/demo_all/raw/hand_pose/p41-plant-0004/rgb_vid/brics-odroid-012_cam1/brics-odroid-012_cam1_1726963265334558.txt,6300,2024-09-22T00:01:11+00:00,txt
experiments/datasets/gigahands/demo_all/raw/hand_pose/p41-plant-0004/rgb_vid/brics-odroid-013_cam0/brics-odroid-013_cam0_1726963265351092.mp4,843372,2024-09-25T11:48:26+00:00,mp4
experiments/datasets/gigahands/demo_all/raw/hand_pose/p41-plant-0004/rgb_vid/brics-odroid-013_cam0/brics-odroid-013_cam0_1726963265351092.txt,6264,2024-09-22T00:01:11+00:00,txt
experiments/datasets/gigahands/demo_all/raw/hand_pose/p41-plant-0004/rgb_vid/brics-odroid-013_cam1/brics-odroid-013_cam1_1726963265350152.mp4,842004,2024-09-25T11:49:08+00:00,mp4
experiments/datasets/gigahands/demo_all/raw/hand_pose/p41-plant-0004/rgb_vid/brics-odroid-013_cam1/brics-odroid-013_cam1_1726963265350152.txt,6264,2024-09-22T00:01:11+00:00,txt
experiments/datasets/gigahands/demo_all/raw/hand_pose/p41-plant-0004/rgb_vid/brics-odroid-014_cam0/brics-odroid-014_cam0_1726963265354321.mp4,1015710,2024-09-25T11:49:48+00:00,mp4
experiments/datasets/gigahands/demo_all/raw/hand_pose/p41-plant-0004/rgb_vid/brics-odroid-014_cam0/brics-odroid-014_cam0_1726963265354321.txt,6264,2024-09-22T00:01:11+00:00,txt
experiments/datasets/gigahands/demo_all/raw/hand_pose/p41-plant-0004/rgb_vid/brics-odroid-014_cam1/brics-odroid-014_cam1_1726963265350103.mp4,1221618,2024-09-25T11:50:32+00:00,mp4
experiments/datasets/gigahands/demo_all/raw/hand_pose/p41-plant-0004/rgb_vid/brics-odroid-014_cam1/brics-odroid-014_cam1_1726963265350103.txt,6264,2024-09-22T00:01:11+00:00,txt
experiments/datasets/gigahands/demo_all/raw/hand_pose/p41-plant-0004/rgb_vid/brics-odroid-015_cam0/brics-odroid-015_cam0_1726963265349207.mp4,1315620,2024-09-25T11:51:14+00:00,mp4
experiments/datasets/gigahands/demo_all/raw/hand_pose/p41-plant-0004/rgb_vid/brics-odroid-015_cam0/brics-odroid-015_cam0_1726963265349207.txt,6264,2024-09-22T00:01:11+00:00,txt
experiments/datasets/gigahands/demo_all/raw/hand_pose/p41-plant-0004/rgb_vid/brics-odroid-015_cam1/brics-odroid-015_cam1_1726963265354755.mp4,1251530,2024-09-25T11:51:57+00:00,mp4
experiments/datasets/gigahands/demo_all/raw/hand_pose/p41-plant-0004/rgb_vid/brics-odroid-015_cam1/brics-odroid-015_cam1_1726963265354755.txt,6264,2024-09-22T00:01:11+00:00,txt
experiments/datasets/gigahands/demo_all/raw/hand_pose/p41-plant-0004/rgb_vid/brics-odroid-016_cam0/brics-odroid-016_cam0_1726963265350597.mp4,1254201,2024-09-25T11:52:40+00:00,mp4
experiments/datasets/gigahands/demo_all/raw/hand_pose/p41-plant-0004/rgb_vid/brics-odroid-016_cam0/brics-odroid-016_cam0_1726963265350597.txt,6264,2024-09-22T00:01:11+00:00,txt
experiments/datasets/gigahands/demo_all/raw/hand_pose/p41-plant-0004/rgb_vid/brics-odroid-017_cam0/brics-odroid-017_cam0_1726963265348611.mp4,1207561,2024-09-25T11:53:23+00:00,mp4
experiments/datasets/gigahands/demo_all/raw/hand_pose/p41-plant-0004/rgb_vid/brics-odroid-017_cam0/brics-odroid-017_cam0_1726963265348611.txt,6264,2024-09-22T00:01:11+00:00,txt
experiments/datasets/gigahands/demo_all/raw/hand_pose/p41-plant-0004/rgb_vid/brics-odroid-017_cam1/brics-odroid-017_cam1_1726963265352996.mp4,1282649,2024-09-25T11:54:06+00:00,mp4
experiments/datasets/gigahands/demo_all/raw/hand_pose/p41-plant-0004/rgb_vid/brics-odroid-017_cam1/brics-odroid-017_cam1_1726963265352996.txt,6264,2024-09-22T00:01:11+00:00,txt
experiments/datasets/gigahands/demo_all/raw/hand_pose/p41-plant-0004/rgb_vid/brics-odroid-018_cam0/brics-odroid-018_cam0_1726963265351268.mp4,962116,2024-09-25T11:54:50+00:00,mp4
experiments/datasets/gigahands/demo_all/raw/hand_pose/p41-plant-0004/rgb_vid/brics-odroid-018_cam0/brics-odroid-018_cam0_1726963265351268.txt,6264,2024-09-22T00:01:11+00:00,txt
experiments/datasets/gigahands/demo_all/raw/hand_pose/p41-plant-0004/rgb_vid/brics-odroid-018_cam1/brics-odroid-018_cam1_1726963265352416.mp4,851713,2024-09-25T11:55:31+00:00,mp4
experiments/datasets/gigahands/demo_all/raw/hand_pose/p41-plant-0004/rgb_vid/brics-odroid-018_cam1/brics-odroid-018_cam1_1726963265352416.txt,6264,2024-09-22T00:01:11+00:00,txt
experiments/datasets/gigahands/demo_all/raw/hand_pose/p41-plant-0004/rgb_vid/brics-odroid-019_cam0/brics-odroid-019_cam0_1726963265351230.mp4,894718,2024-09-25T11:56:10+00:00,mp4
experiments/datasets/gigahands/demo_all/raw/hand_pose/p41-plant-0004/rgb_vid/brics-odroid-019_cam0/brics-odroid-019_cam0_1726963265351230.txt,6264,2024-09-22T00:01:11+00:00,txt
experiments/datasets/gigahands/demo_all/raw/hand_pose/p41-plant-0004/rgb_vid/brics-odroid-019_cam1/brics-odroid-019_cam1_1726963265351058.mp4,1235636,2024-09-25T11:56:54+00:00,mp4
experiments/datasets/gigahands/demo_all/raw/hand_pose/p41-plant-0004/rgb_vid/brics-odroid-019_cam1/brics-odroid-019_cam1_1726963265351058.txt,6264,2024-09-22T00:01:11+00:00,txt
experiments/datasets/gigahands/demo_all/raw/hand_pose/p41-plant-0004/rgb_vid/brics-odroid-020_cam0/brics-odroid-020_cam0_1726963265350849.mp4,1379993,2024-09-25T11:57:39+00:00,mp4
experiments/datasets/gigahands/demo_all/raw/hand_pose/p41-plant-0004/rgb_vid/brics-odroid-020_cam0/brics-odroid-020_cam0_1726963265350849.txt,6264,2024-09-22T00:01:11+00:00,txt
experiments/datasets/gigahands/demo_all/raw/hand_pose/p41-plant-0004/rgb_vid/brics-odroid-020_cam1/brics-odroid-020_cam1_1726963265349205.mp4,1237154,2024-09-25T11:58:23+00:00,mp4
experiments/datasets/gigahands/demo_all/raw/hand_pose/p41-plant-0004/rgb_vid/brics-odroid-020_cam1/brics-odroid-020_cam1_1726963265349205.txt,6264,2024-09-22T00:01:11+00:00,txt
experiments/datasets/gigahands/demo_all/raw/hand_pose/p41-plant-0004/rgb_vid/brics-odroid-021_cam0/brics-odroid-021_cam0_1726963265352356.mp4,1195617,2024-09-25T11:59:06+00:00,mp4
experiments/datasets/gigahands/demo_all/raw/hand_pose/p41-plant-0004/rgb_vid/brics-odroid-021_cam0/brics-odroid-021_cam0_1726963265352356.txt,6264,2024-09-22T00:01:11+00:00,txt
experiments/datasets/gigahands/demo_all/raw/hand_pose/p41-plant-0004/rgb_vid/brics-odroid-021_cam1/brics-odroid-021_cam1_1726963265351774.mp4,1313550,2024-09-25T11:59:48+00:00,mp4
experiments/datasets/gigahands/demo_all/raw/hand_pose/p41-plant-0004/rgb_vid/brics-odroid-021_cam1/brics-odroid-021_cam1_1726963265351774.txt,6264,2024-09-22T00:01:11+00:00,txt
experiments/datasets/gigahands/demo_all/raw/hand_pose/p41-plant-0004/rgb_vid/brics-odroid-022_cam0/brics-odroid-022_cam0_1726963265348775.mp4,1229329,2024-09-25T12:00:32+00:00,mp4
experiments/datasets/gigahands/demo_all/raw/hand_pose/p41-plant-0004/rgb_vid/brics-odroid-022_cam0/brics-odroid-022_cam0_1726963265348775.txt,6264,2024-09-22T00:01:11+00:00,txt
experiments/datasets/gigahands/demo_all/raw/hand_pose/p41-plant-0004/rgb_vid/brics-odroid-022_cam1/brics-odroid-022_cam1_1726963265351942.mp4,1269829,2024-09-25T12:01:15+00:00,mp4
experiments/datasets/gigahands/demo_all/raw/hand_pose/p41-plant-0004/rgb_vid/brics-odroid-022_cam1/brics-odroid-022_cam1_1726963265351942.txt,6264,2024-09-22T00:01:11+00:00,txt
experiments/datasets/gigahands/demo_all/raw/hand_pose/p41-plant-0004/rgb_vid/brics-odroid-023_cam0/brics-odroid-023_cam0_1726963265350610.mp4,1451479,2024-09-25T12:01:59+00:00,mp4
experiments/datasets/gigahands/demo_all/raw/hand_pose/p41-plant-0004/rgb_vid/brics-odroid-023_cam0/brics-odroid-023_cam0_1726963265350610.txt,6264,2024-09-22T00:01:11+00:00,txt
experiments/datasets/gigahands/demo_all/raw/hand_pose/p41-plant-0004/rgb_vid/brics-odroid-024_cam0/brics-odroid-024_cam0_1726963265329879.mp4,1339346,2024-09-25T12:02:44+00:00,mp4
experiments/datasets/gigahands/demo_all/raw/hand_pose/p41-plant-0004/rgb_vid/brics-odroid-024_cam0/brics-odroid-024_cam0_1726963265329879.txt,6300,2024-09-22T00:01:11+00:00,txt
experiments/datasets/gigahands/demo_all/raw/hand_pose/p41-plant-0004/rgb_vid/brics-odroid-024_cam1/brics-odroid-024_cam1_1726963265349483.mp4,1400747,2024-09-25T12:03:27+00:00,mp4
experiments/datasets/gigahands/demo_all/raw/hand_pose/p41-plant-0004/rgb_vid/brics-odroid-024_cam1/brics-odroid-024_cam1_1726963265349483.txt,6264,2024-09-22T00:01:11+00:00,txt
experiments/datasets/gigahands/demo_all/raw/hand_pose/p41-plant-0004/rgb_vid/brics-odroid-025_cam0/brics-odroid-025_cam0_1726963265350564.mp4,1327171,2024-09-25T12:04:12+00:00,mp4
experiments/datasets/gigahands/demo_all/raw/hand_pose/p41-plant-0004/rgb_vid/brics-odroid-025_cam0/brics-odroid-025_cam0_1726963265350564.txt,6264,2024-09-22T00:01:11+00:00,txt
experiments/datasets/gigahands/demo_all/raw/hand_pose/p41-plant-0004/rgb_vid/brics-odroid-025_cam1/brics-odroid-025_cam1_1726963265352144.mp4,1362894,2024-09-25T12:04:55+00:00,mp4
experiments/datasets/gigahands/demo_all/raw/hand_pose/p41-plant-0004/rgb_vid/brics-odroid-025_cam1/brics-odroid-025_cam1_1726963265352144.txt,6264,2024-09-22T00:01:11+00:00,txt
experiments/datasets/gigahands/demo_all/raw/hand_pose/p41-plant-0004/rgb_vid/brics-odroid-026_cam0/brics-odroid-026_cam0_1726963265352214.mp4,1397188,2024-09-25T12:05:39+00:00,mp4
experiments/datasets/gigahands/demo_all/raw/hand_pose/p41-plant-0004/rgb_vid/brics-odroid-026_cam0/brics-odroid-026_cam0_1726963265352214.txt,6264,2024-09-22T00:01:11+00:00,txt
experiments/datasets/gigahands/demo_all/raw/hand_pose/p41-plant-0004/rgb_vid/brics-odroid-026_cam1/brics-odroid-026_cam1_1726963265352723.mp4,1151254,2024-09-25T12:06:23+00:00,mp4
experiments/datasets/gigahands/demo_all/raw/hand_pose/p41-plant-0004/rgb_vid/brics-odroid-026_cam1/brics-odroid-026_cam1_1726963265352723.txt,6264,2024-09-22T00:01:11+00:00,txt
experiments/datasets/gigahands/demo_all/raw/hand_pose/p41-plant-0004/rgb_vid/brics-odroid-027_cam0/brics-odroid-027_cam0_1726963265349397.mp4,1026981,2024-09-25T12:07:04+00:00,mp4
experiments/datasets/gigahands/demo_all/raw/hand_pose/p41-plant-0004/rgb_vid/brics-odroid-027_cam0/brics-odroid-027_cam0_1726963265349397.txt,6264,2024-09-22T00:01:11+00:00,txt
experiments/datasets/gigahands/demo_all/raw/hand_pose/p41-plant-0004/rgb_vid/brics-odroid-027_cam1/brics-odroid-027_cam1_1726963265349565.mp4,1209139,2024-09-25T12:07:45+00:00,mp4
experiments/datasets/gigahands/demo_all/raw/hand_pose/p41-plant-0004/rgb_vid/brics-odroid-027_cam1/brics-odroid-027_cam1_1726963265349565.txt,6264,2024-09-22T00:01:11+00:00,txt
experiments/datasets/gigahands/demo_all/raw/hand_pose/p41-plant-0004/rgb_vid/brics-odroid-028_cam0/brics-odroid-028_cam0_1726963265349758.mp4,1280237,2024-09-25T12:08:28+00:00,mp4
experiments/datasets/gigahands/demo_all/raw/hand_pose/p41-plant-0004/rgb_vid/brics-odroid-028_cam0/brics-odroid-028_cam0_1726963265349758.txt,6264,2024-09-22T00:01:11+00:00,txt
experiments/datasets/gigahands/demo_all/raw/hand_pose/p41-plant-0004/rgb_vid/brics-odroid-029_cam0/brics-odroid-029_cam0_1726963265354691.mp4,1113683,2024-09-25T12:09:10+00:00,mp4
experiments/datasets/gigahands/demo_all/raw/hand_pose/p41-plant-0004/rgb_vid/brics-odroid-029_cam0/brics-odroid-029_cam0_1726963265354691.txt,6264,2024-09-22T00:01:11+00:00,txt
experiments/datasets/gigahands/demo_all/raw/hand_pose/p41-plant-0004/rgb_vid/brics-odroid-029_cam1/brics-odroid-029_cam1_1726963265353555.mp4,1314855,2024-09-25T12:09:52+00:00,mp4
experiments/datasets/gigahands/demo_all/raw/hand_pose/p41-plant-0004/rgb_vid/brics-odroid-029_cam1/brics-odroid-029_cam1_1726963265353555.txt,6264,2024-09-22T00:01:11+00:00,txt
experiments/datasets/gigahands/demo_all/raw/hand_pose/p41-plant-0004/rgb_vid/brics-odroid-030_cam0/brics-odroid-030_cam0_1726963265350565.mp4,1322403,2024-09-25T12:10:36+00:00,mp4
experiments/datasets/gigahands/demo_all/raw/hand_pose/p41-plant-0004/rgb_vid/brics-odroid-030_cam0/brics-odroid-030_cam0_1726963265350565.txt,6264,2024-09-22T00:01:11+00:00,txt
experiments/datasets/gigahands/demo_all/raw/hand_pose/p41-plant-0004/rgb_vid/brics-odroid-030_cam1/brics-odroid-030_cam1_1726963265353642.mp4,1282103,2024-09-25T12:11:19+00:00,mp4
experiments/datasets/gigahands/demo_all/raw/hand_pose/p41-plant-0004/rgb_vid/brics-odroid-030_cam1/brics-odroid-030_cam1_1726963265353642.txt,6264,2024-09-22T00:01:11+00:00,txt
experiments/datasets/gigahands/demo_all/raw/hand_pose/p44-dog-0004/bboxes/left/004/brics-odroid-001_cam0_1725202053205270.jsonl,10434,2025-03-17T16:11:35+00:00,jsonl
experiments/datasets/gigahands/demo_all/raw/hand_pose/p44-dog-0004/bboxes/left/004/brics-odroid-001_cam1_1725202053202566.jsonl,7212,2025-03-17T16:11:35+00:00,jsonl
experiments/datasets/gigahands/demo_all/raw/hand_pose/p44-dog-0004/bboxes/left/004/brics-odroid-002_cam0_1725202053202970.jsonl,14344,2025-03-17T16:11:35+00:00,jsonl
experiments/datasets/gigahands/demo_all/raw/hand_pose/p44-dog-0004/bboxes/left/004/brics-odroid-006_cam0_1725202053205030.jsonl,23003,2025-03-17T16:11:35+00:00,jsonl
experiments/datasets/gigahands/demo_all/raw/hand_pose/p44-dog-0004/bboxes/left/004/brics-odroid-007_cam0_1725202053202823.jsonl,15753,2025-03-17T16:11:35+00:00,jsonl
experiments/datasets/gigahands/demo_all/raw/hand_pose/p44-dog-0004/bboxes/left/004/brics-odroid-007_cam1_1725202053202970.jsonl,21467,2025-03-17T16:11:35+00:00,jsonl
experiments/datasets/gigahands/demo_all/raw/hand_pose/p44-dog-0004/bboxes/left/004/brics-odroid-008_cam0_1725202053207480.jsonl,10616,2025-03-17T16:11:35+00:00,jsonl
experiments/datasets/gigahands/demo_all/raw/hand_pose/p44-dog-0004/bboxes/left/004/brics-odroid-009_cam1_1725202053203954.jsonl,18519,2025-03-17T16:11:35+00:00,jsonl
experiments/datasets/gigahands/demo_all/raw/hand_pose/p44-dog-0004/bboxes/left/004/brics-odroid-010_cam0_1725202053205432.jsonl,23014,2025-03-17T16:11:35+00:00,jsonl
experiments/datasets/gigahands/demo_all/raw/hand_pose/p44-dog-0004/bboxes/left/004/brics-odroid-010_cam1_1725202053205831.jsonl,20398,2025-03-17T16:11:35+00:00,jsonl
experiments/datasets/gigahands/demo_all/raw/hand_pose/p44-dog-0004/bboxes/left/004/brics-odroid-011_cam0_1725202053205609.jsonl,18572,2025-03-17T16:11:35+00:00,jsonl
experiments/datasets/gigahands/demo_all/raw/hand_pose/p44-dog-0004/bboxes/left/004/brics-odroid-012_cam0_1725202053207384.jsonl,21942,2025-03-17T16:11:35+00:00,jsonl
experiments/datasets/gigahands/demo_all/raw/hand_pose/p44-dog-0004/bboxes/left/004/brics-odroid-012_cam1_1725202053202233.jsonl,22006,2025-03-17T16:11:35+00:00,jsonl
experiments/datasets/gigahands/demo_all/raw/hand_pose/p44-dog-0004/bboxes/left/004/brics-odroid-014_cam1_1725202053201585.jsonl,21082,2025-03-17T16:11:35+00:00,jsonl
experiments/datasets/gigahands/demo_all/raw/hand_pose/p44-dog-0004/bboxes/left/004/brics-odroid-015_cam0_1725202053203502.jsonl,7644,2025-03-17T16:11:35+00:00,jsonl
experiments/datasets/gigahands/demo_all/raw/hand_pose/p44-dog-0004/bboxes/left/004/brics-odroid-015_cam1_1725202053204578.jsonl,20065,2025-03-17T16:11:35+00:00,jsonl
experiments/datasets/gigahands/demo_all/raw/hand_pose/p44-dog-0004/bboxes/left/004/brics-odroid-016_cam0_1725202053202956.jsonl,22325,2025-03-17T16:11:35+00:00,jsonl
experiments/datasets/gigahands/demo_all/raw/hand_pose/p44-dog-0004/bboxes/left/004/brics-odroid-017_cam0_1725202053206438.jsonl,21932,2025-03-17T16:11:35+00:00,jsonl
experiments/datasets/gigahands/demo_all/raw/hand_pose/p44-dog-0004/bboxes/left/004/brics-odroid-017_cam1_1725202053172744.jsonl,21792,2025-03-17T16:11:35+00:00,jsonl
experiments/datasets/gigahands/demo_all/raw/hand_pose/p44-dog-0004/bboxes/left/004/brics-odroid-019_cam1_1725202053205326.jsonl,19751,2025-03-17T16:11:35+00:00,jsonl
experiments/datasets/gigahands/demo_all/raw/hand_pose/p44-dog-0004/bboxes/left/004/brics-odroid-020_cam0_1725202053202151.jsonl,22006,2025-03-17T16:11:35+00:00,jsonl
experiments/datasets/gigahands/demo_all/raw/hand_pose/p44-dog-0004/bboxes/left/004/brics-odroid-020_cam1_1725202053203666.jsonl,20558,2025-03-17T16:11:35+00:00,jsonl
experiments/datasets/gigahands/demo_all/raw/hand_pose/p44-dog-0004/bboxes/left/004/brics-odroid-021_cam0_1725202053207678.jsonl,21814,2025-03-17T16:11:35+00:00,jsonl
experiments/datasets/gigahands/demo_all/raw/hand_pose/p44-dog-0004/bboxes/left/004/brics-odroid-021_cam1_1725202053206513.jsonl,22500,2025-03-17T16:11:35+00:00,jsonl
experiments/datasets/gigahands/demo_all/raw/hand_pose/p44-dog-0004/bboxes/left/004/brics-odroid-022_cam0_1725202053204377.jsonl,12168,2025-03-17T16:11:34+00:00,jsonl
experiments/datasets/gigahands/demo_all/raw/hand_pose/p44-dog-0004/bboxes/left/004/brics-odroid-022_cam1_1725202053203081.jsonl,21790,2025-03-17T16:11:35+00:00,jsonl
experiments/datasets/gigahands/demo_all/raw/hand_pose/p44-dog-0004/bboxes/left/004/brics-odroid-023_cam0_1725202053208212.jsonl,22489,2025-03-17T16:11:35+00:00,jsonl
experiments/datasets/gigahands/demo_all/raw/hand_pose/p44-dog-0004/bboxes/left/004/brics-odroid-024_cam0_1725202053207884.jsonl,23527,2025-03-17T16:11:35+00:00,jsonl
experiments/datasets/gigahands/demo_all/raw/hand_pose/p44-dog-0004/bboxes/left/004/brics-odroid-024_cam1_1725202053208288.jsonl,23743,2025-03-17T16:11:35+00:00,jsonl
experiments/datasets/gigahands/demo_all/raw/hand_pose/p44-dog-0004/bboxes/left/004/brics-odroid-025_cam0_1725202053236715.jsonl,22055,2025-03-17T16:11:35+00:00,jsonl
experiments/datasets/gigahands/demo_all/raw/hand_pose/p44-dog-0004/bboxes/left/004/brics-odroid-025_cam1_1725202053207864.jsonl,22319,2025-03-17T16:11:35+00:00,jsonl
experiments/datasets/gigahands/demo_all/raw/hand_pose/p44-dog-0004/bboxes/left/004/brics-odroid-026_cam0_1725202053202472.jsonl,21416,2025-03-17T16:11:35+00:00,jsonl
experiments/datasets/gigahands/demo_all/raw/hand_pose/p44-dog-0004/bboxes/left/004/brics-odroid-026_cam1_1725202053208122.jsonl,19589,2025-03-17T16:11:35+00:00,jsonl
experiments/datasets/gigahands/demo_all/raw/hand_pose/p44-dog-0004/bboxes/left/004/brics-odroid-027_cam0_1725202053207844.jsonl,8515,2025-03-17T16:11:35+00:00,jsonl
experiments/datasets/gigahands/demo_all/raw/hand_pose/p44-dog-0004/bboxes/left/004/brics-odroid-027_cam1_1725202053205951.jsonl,6843,2025-03-17T16:11:35+00:00,jsonl
experiments/datasets/gigahands/demo_all/raw/hand_pose/p44-dog-0004/bboxes/left/004/brics-odroid-028_cam0_1725202053202777.jsonl,21838,2025-03-17T16:11:35+00:00,jsonl
experiments/datasets/gigahands/demo_all/raw/hand_pose/p44-dog-0004/bboxes/left/004/brics-odroid-029_cam0_1725202053207935.jsonl,13695,2025-03-17T16:11:35+00:00,jsonl
experiments/datasets/gigahands/demo_all/raw/hand_pose/p44-dog-0004/bboxes/left/004/brics-odroid-029_cam1_1725202053201946.jsonl,17543,2025-03-17T16:11:35+00:00,jsonl
experiments/datasets/gigahands/demo_all/raw/hand_pose/p44-dog-0004/bboxes/left/004/brics-odroid-030_cam0_1725202053202154.jsonl,14341,2025-03-17T16:11:35+00:00,jsonl
experiments/datasets/gigahands/demo_all/raw/hand_pose/p44-dog-0004/bboxes/left/004/brics-odroid-030_cam1_1725202053170615.jsonl,14889,2025-03-17T16:11:35+00:00,jsonl
experiments/datasets/gigahands/demo_all/raw/hand_pose/p44-dog-0004/bboxes/right/004/brics-odroid-001_cam0_1725202053205270.jsonl,10795,2025-03-17T16:11:45+00:00,jsonl
experiments/datasets/gigahands/demo_all/raw/hand_pose/p44-dog-0004/bboxes/right/004/brics-odroid-001_cam1_1725202053202566.jsonl,11922,2025-03-17T16:11:45+00:00,jsonl
experiments/datasets/gigahands/demo_all/raw/hand_pose/p44-dog-0004/bboxes/right/004/brics-odroid-002_cam0_1725202053202970.jsonl,14233,2025-03-17T16:11:45+00:00,jsonl
experiments/datasets/gigahands/demo_all/raw/hand_pose/p44-dog-0004/bboxes/right/004/brics-odroid-006_cam0_1725202053205030.jsonl,22947,2025-03-17T16:11:45+00:00,jsonl
experiments/datasets/gigahands/demo_all/raw/hand_pose/p44-dog-0004/bboxes/right/004/brics-odroid-007_cam0_1725202053202823.jsonl,24307,2025-03-17T16:11:45+00:00,jsonl
experiments/datasets/gigahands/demo_all/raw/hand_pose/p44-dog-0004/bboxes/right/004/brics-odroid-007_cam1_1725202053202970.jsonl,23676,2025-03-17T16:11:45+00:00,jsonl
experiments/datasets/gigahands/demo_all/raw/hand_pose/p44-dog-0004/bboxes/right/004/brics-odroid-008_cam0_1725202053207480.jsonl,10099,2025-03-17T16:11:45+00:00,jsonl
experiments/datasets/gigahands/demo_all/raw/hand_pose/p44-dog-0004/bboxes/right/004/brics-odroid-009_cam1_1725202053203954.jsonl,24317,2025-03-17T16:11:45+00:00,jsonl
experiments/datasets/gigahands/demo_all/raw/hand_pose/p44-dog-0004/bboxes/right/004/brics-odroid-010_cam0_1725202053205432.jsonl,23207,2025-03-17T16:11:45+00:00,jsonl
experiments/datasets/gigahands/demo_all/raw/hand_pose/p44-dog-0004/bboxes/right/004/brics-odroid-010_cam1_1725202053205831.jsonl,22871,2025-03-17T16:11:45+00:00,jsonl
experiments/datasets/gigahands/demo_all/raw/hand_pose/p44-dog-0004/bboxes/right/004/brics-odroid-011_cam0_1725202053205609.jsonl,23107,2025-03-17T16:11:45+00:00,jsonl
experiments/datasets/gigahands/demo_all/raw/hand_pose/p44-dog-0004/bboxes/right/004/brics-odroid-012_cam0_1725202053207384.jsonl,18913,2025-03-17T16:11:45+00:00,jsonl
experiments/datasets/gigahands/demo_all/raw/hand_pose/p44-dog-0004/bboxes/right/004/brics-odroid-012_cam1_1725202053202233.jsonl,23052,2025-03-17T16:11:45+00:00,jsonl
experiments/datasets/gigahands/demo_all/raw/hand_pose/p44-dog-0004/bboxes/right/004/brics-odroid-014_cam1_1725202053201585.jsonl,21106,2025-03-17T16:11:45+00:00,jsonl
experiments/datasets/gigahands/demo_all/raw/hand_pose/p44-dog-0004/bboxes/right/004/brics-odroid-015_cam0_1725202053203502.jsonl,6488,2025-03-17T16:11:45+00:00,jsonl
experiments/datasets/gigahands/demo_all/raw/hand_pose/p44-dog-0004/bboxes/right/004/brics-odroid-015_cam1_1725202053204578.jsonl,22824,2025-03-17T16:11:45+00:00,jsonl
experiments/datasets/gigahands/demo_all/raw/hand_pose/p44-dog-0004/bboxes/right/004/brics-odroid-016_cam0_1725202053202956.jsonl,20227,2025-03-17T16:11:45+00:00,jsonl
experiments/datasets/gigahands/demo_all/raw/hand_pose/p44-dog-0004/bboxes/right/004/brics-odroid-017_cam0_1725202053206438.jsonl,21275,2025-03-17T16:11:45+00:00,jsonl
experiments/datasets/gigahands/demo_all/raw/hand_pose/p44-dog-0004/bboxes/right/004/brics-odroid-017_cam1_1725202053172744.jsonl,19680,2025-03-17T16:11:45+00:00,jsonl
experiments/datasets/gigahands/demo_all/raw/hand_pose/p44-dog-0004/bboxes/right/004/brics-odroid-019_cam1_1725202053205326.jsonl,20050,2025-03-17T16:11:45+00:00,jsonl
experiments/datasets/gigahands/demo_all/raw/hand_pose/p44-dog-0004/bboxes/right/004/brics-odroid-020_cam0_1725202053202151.jsonl,21072,2025-03-17T16:11:45+00:00,jsonl
experiments/datasets/gigahands/demo_all/raw/hand_pose/p44-dog-0004/bboxes/right/004/brics-odroid-020_cam1_1725202053203666.jsonl,12879,2025-03-17T16:11:45+00:00,jsonl
experiments/datasets/gigahands/demo_all/raw/hand_pose/p44-dog-0004/bboxes/right/004/brics-odroid-021_cam0_1725202053207678.jsonl,21445,2025-03-17T16:11:45+00:00,jsonl
experiments/datasets/gigahands/demo_all/raw/hand_pose/p44-dog-0004/bboxes/right/004/brics-odroid-021_cam1_1725202053206513.jsonl,18253,2025-03-17T16:11:45+00:00,jsonl
experiments/datasets/gigahands/demo_all/raw/hand_pose/p44-dog-0004/bboxes/right/004/brics-odroid-022_cam0_1725202053204377.jsonl,12411,2025-03-17T16:11:45+00:00,jsonl
experiments/datasets/gigahands/demo_all/raw/hand_pose/p44-dog-0004/bboxes/right/004/brics-odroid-022_cam1_1725202053203081.jsonl,22243,2025-03-17T16:11:45+00:00,jsonl
experiments/datasets/gigahands/demo_all/raw/hand_pose/p44-dog-0004/bboxes/right/004/brics-odroid-023_cam0_1725202053208212.jsonl,22542,2025-03-17T16:11:45+00:00,jsonl
experiments/datasets/gigahands/demo_all/raw/hand_pose/p44-dog-0004/bboxes/right/004/brics-odroid-024_cam0_1725202053207884.jsonl,23518,2025-03-17T16:11:45+00:00,jsonl
experiments/datasets/gigahands/demo_all/raw/hand_pose/p44-dog-0004/bboxes/right/004/brics-odroid-024_cam1_1725202053208288.jsonl,23637,2025-03-17T16:11:45+00:00,jsonl
experiments/datasets/gigahands/demo_all/raw/hand_pose/p44-dog-0004/bboxes/right/004/brics-odroid-025_cam0_1725202053236715.jsonl,21713,2025-03-17T16:11:45+00:00,jsonl
experiments/datasets/gigahands/demo_all/raw/hand_pose/p44-dog-0004/bboxes/right/004/brics-odroid-025_cam1_1725202053207864.jsonl,22416,2025-03-17T16:11:45+00:00,jsonl
experiments/datasets/gigahands/demo_all/raw/hand_pose/p44-dog-0004/bboxes/right/004/brics-odroid-026_cam0_1725202053202472.jsonl,22680,2025-03-17T16:11:45+00:00,jsonl
experiments/datasets/gigahands/demo_all/raw/hand_pose/p44-dog-0004/bboxes/right/004/brics-odroid-026_cam1_1725202053208122.jsonl,14935,2025-03-17T16:11:45+00:00,jsonl
experiments/datasets/gigahands/demo_all/raw/hand_pose/p44-dog-0004/bboxes/right/004/brics-odroid-027_cam0_1725202053207844.jsonl,9546,2025-03-17T16:11:45+00:00,jsonl
experiments/datasets/gigahands/demo_all/raw/hand_pose/p44-dog-0004/bboxes/right/004/brics-odroid-027_cam1_1725202053205951.jsonl,7214,2025-03-17T16:11:45+00:00,jsonl
experiments/datasets/gigahands/demo_all/raw/hand_pose/p44-dog-0004/bboxes/right/004/brics-odroid-028_cam0_1725202053202777.jsonl,22174,2025-03-17T16:11:45+00:00,jsonl
experiments/datasets/gigahands/demo_all/raw/hand_pose/p44-dog-0004/bboxes/right/004/brics-odroid-029_cam0_1725202053207935.jsonl,21588,2025-03-17T16:11:45+00:00,jsonl
experiments/datasets/gigahands/demo_all/raw/hand_pose/p44-dog-0004/bboxes/right/004/brics-odroid-029_cam1_1725202053201946.jsonl,19723,2025-03-17T16:11:45+00:00,jsonl
experiments/datasets/gigahands/demo_all/raw/hand_pose/p44-dog-0004/bboxes/right/004/brics-odroid-030_cam0_1725202053202154.jsonl,14714,2025-03-17T16:11:45+00:00,jsonl
experiments/datasets/gigahands/demo_all/raw/hand_pose/p44-dog-0004/bboxes/right/004/brics-odroid-030_cam1_1725202053170615.jsonl,16707,2025-03-17T16:11:45+00:00,jsonl
experiments/datasets/gigahands/demo_all/raw/hand_pose/p44-dog-0004/keypoints_2d/left/004/brics-odroid-001_cam0_1725202053205270.jsonl,134259,2025-03-17T16:09:52+00:00,jsonl
experiments/datasets/gigahands/demo_all/raw/hand_pose/p44-dog-0004/keypoints_2d/left/004/brics-odroid-001_cam1_1725202053202566.jsonl,98928,2025-03-17T16:09:52+00:00,jsonl
experiments/datasets/gigahands/demo_all/raw/hand_pose/p44-dog-0004/keypoints_2d/left/004/brics-odroid-002_cam0_1725202053202970.jsonl,180115,2025-03-17T16:09:52+00:00,jsonl
experiments/datasets/gigahands/demo_all/raw/hand_pose/p44-dog-0004/keypoints_2d/left/004/brics-odroid-006_cam0_1725202053205030.jsonl,282319,2025-03-17T16:09:52+00:00,jsonl
experiments/datasets/gigahands/demo_all/raw/hand_pose/p44-dog-0004/keypoints_2d/left/004/brics-odroid-007_cam0_1725202053202823.jsonl,192472,2025-03-17T16:09:52+00:00,jsonl
experiments/datasets/gigahands/demo_all/raw/hand_pose/p44-dog-0004/keypoints_2d/left/004/brics-odroid-007_cam1_1725202053202970.jsonl,260268,2025-03-17T16:09:52+00:00,jsonl
experiments/datasets/gigahands/demo_all/raw/hand_pose/p44-dog-0004/keypoints_2d/left/004/brics-odroid-008_cam0_1725202053207480.jsonl,137478,2025-03-17T16:09:52+00:00,jsonl
experiments/datasets/gigahands/demo_all/raw/hand_pose/p44-dog-0004/keypoints_2d/left/004/brics-odroid-009_cam1_1725202053203954.jsonl,222294,2025-03-17T16:09:52+00:00,jsonl
experiments/datasets/gigahands/demo_all/raw/hand_pose/p44-dog-0004/keypoints_2d/left/004/brics-odroid-010_cam0_1725202053205432.jsonl,280021,2025-03-17T16:09:51+00:00,jsonl
experiments/datasets/gigahands/demo_all/raw/hand_pose/p44-dog-0004/keypoints_2d/left/004/brics-odroid-010_cam1_1725202053205831.jsonl,251315,2025-03-17T16:09:52+00:00,jsonl
experiments/datasets/gigahands/demo_all/raw/hand_pose/p44-dog-0004/keypoints_2d/left/004/brics-odroid-011_cam0_1725202053205609.jsonl,232411,2025-03-17T16:09:52+00:00,jsonl
experiments/datasets/gigahands/demo_all/raw/hand_pose/p44-dog-0004/keypoints_2d/left/004/brics-odroid-012_cam0_1725202053207384.jsonl,278160,2025-03-17T16:09:51+00:00,jsonl
experiments/datasets/gigahands/demo_all/raw/hand_pose/p44-dog-0004/keypoints_2d/left/004/brics-odroid-012_cam1_1725202053202233.jsonl,276824,2025-03-17T16:09:52+00:00,jsonl
experiments/datasets/gigahands/demo_all/raw/hand_pose/p44-dog-0004/keypoints_2d/left/004/brics-odroid-014_cam1_1725202053201585.jsonl,260126,2025-03-17T16:09:52+00:00,jsonl
experiments/datasets/gigahands/demo_all/raw/hand_pose/p44-dog-0004/keypoints_2d/left/004/brics-odroid-015_cam0_1725202053203502.jsonl,104132,2025-03-17T16:09:52+00:00,jsonl
experiments/datasets/gigahands/demo_all/raw/hand_pose/p44-dog-0004/keypoints_2d/left/004/brics-odroid-015_cam1_1725202053204578.jsonl,249308,2025-03-17T16:09:52+00:00,jsonl
experiments/datasets/gigahands/demo_all/raw/hand_pose/p44-dog-0004/keypoints_2d/left/004/brics-odroid-016_cam0_1725202053202956.jsonl,274253,2025-03-17T16:09:52+00:00,jsonl
experiments/datasets/gigahands/demo_all/raw/hand_pose/p44-dog-0004/keypoints_2d/left/004/brics-odroid-017_cam0_1725202053206438.jsonl,276806,2025-03-17T16:09:51+00:00,jsonl
experiments/datasets/gigahands/demo_all/raw/hand_pose/p44-dog-0004/keypoints_2d/left/004/brics-odroid-017_cam1_1725202053172744.jsonl,279074,2025-03-17T16:09:52+00:00,jsonl
experiments/datasets/gigahands/demo_all/raw/hand_pose/p44-dog-0004/keypoints_2d/left/004/brics-odroid-019_cam1_1725202053205326.jsonl,256254,2025-03-17T16:09:52+00:00,jsonl
experiments/datasets/gigahands/demo_all/raw/hand_pose/p44-dog-0004/keypoints_2d/left/004/brics-odroid-020_cam0_1725202053202151.jsonl,281945,2025-03-17T16:09:52+00:00,jsonl
experiments/datasets/gigahands/demo_all/raw/hand_pose/p44-dog-0004/keypoints_2d/left/004/brics-odroid-020_cam1_1725202053203666.jsonl,260336,2025-03-17T16:09:52+00:00,jsonl
experiments/datasets/gigahands/demo_all/raw/hand_pose/p44-dog-0004/keypoints_2d/left/004/brics-odroid-021_cam0_1725202053207678.jsonl,280636,2025-03-17T16:09:52+00:00,jsonl
experiments/datasets/gigahands/demo_all/raw/hand_pose/p44-dog-0004/keypoints_2d/left/004/brics-odroid-021_cam1_1725202053206513.jsonl,283250,2025-03-17T16:09:52+00:00,jsonl
experiments/datasets/gigahands/demo_all/raw/hand_pose/p44-dog-0004/keypoints_2d/left/004/brics-odroid-022_cam0_1725202053204377.jsonl,160017,2025-03-17T16:09:52+00:00,jsonl
experiments/datasets/gigahands/demo_all/raw/hand_pose/p44-dog-0004/keypoints_2d/left/004/brics-odroid-022_cam1_1725202053203081.jsonl,272778,2025-03-17T16:09:52+00:00,jsonl
experiments/datasets/gigahands/demo_all/raw/hand_pose/p44-dog-0004/keypoints_2d/left/004/brics-odroid-023_cam0_1725202053208212.jsonl,279167,2025-03-17T16:09:52+00:00,jsonl
experiments/datasets/gigahands/demo_all/raw/hand_pose/p44-dog-0004/keypoints_2d/left/004/brics-odroid-024_cam0_1725202053207884.jsonl,285063,2025-03-17T16:09:52+00:00,jsonl
experiments/datasets/gigahands/demo_all/raw/hand_pose/p44-dog-0004/keypoints_2d/left/004/brics-odroid-024_cam1_1725202053208288.jsonl,286487,2025-03-17T16:09:52+00:00,jsonl
experiments/datasets/gigahands/demo_all/raw/hand_pose/p44-dog-0004/keypoints_2d/left/004/brics-odroid-025_cam0_1725202053236715.jsonl,272412,2025-03-17T16:09:52+00:00,jsonl
experiments/datasets/gigahands/demo_all/raw/hand_pose/p44-dog-0004/keypoints_2d/left/004/brics-odroid-025_cam1_1725202053207864.jsonl,280837,2025-03-17T16:09:52+00:00,jsonl
experiments/datasets/gigahands/demo_all/raw/hand_pose/p44-dog-0004/keypoints_2d/left/004/brics-odroid-026_cam0_1725202053202472.jsonl,262007,2025-03-17T16:09:52+00:00,jsonl
experiments/datasets/gigahands/demo_all/raw/hand_pose/p44-dog-0004/keypoints_2d/left/004/brics-odroid-026_cam1_1725202053208122.jsonl,246435,2025-03-17T16:09:52+00:00,jsonl
experiments/datasets/gigahands/demo_all/raw/hand_pose/p44-dog-0004/keypoints_2d/left/004/brics-odroid-027_cam0_1725202053207844.jsonl,113176,2025-03-17T16:09:52+00:00,jsonl
experiments/datasets/gigahands/demo_all/raw/hand_pose/p44-dog-0004/keypoints_2d/left/004/brics-odroid-027_cam1_1725202053205951.jsonl,94109,2025-03-17T16:09:51+00:00,jsonl
experiments/datasets/gigahands/demo_all/raw/hand_pose/p44-dog-0004/keypoints_2d/left/004/brics-odroid-028_cam0_1725202053202777.jsonl,271220,2025-03-17T16:09:52+00:00,jsonl
experiments/datasets/gigahands/demo_all/raw/hand_pose/p44-dog-0004/keypoints_2d/left/004/brics-odroid-029_cam0_1725202053207935.jsonl,173999,2025-03-17T16:09:52+00:00,jsonl
experiments/datasets/gigahands/demo_all/raw/hand_pose/p44-dog-0004/keypoints_2d/left/004/brics-odroid-029_cam1_1725202053201946.jsonl,225622,2025-03-17T16:09:52+00:00,jsonl
experiments/datasets/gigahands/demo_all/raw/hand_pose/p44-dog-0004/keypoints_2d/left/004/brics-odroid-030_cam0_1725202053202154.jsonl,183024,2025-03-17T16:09:52+00:00,jsonl
experiments/datasets/gigahands/demo_all/raw/hand_pose/p44-dog-0004/keypoints_2d/left/004/brics-odroid-030_cam1_1725202053170615.jsonl,189627,2025-03-17T16:09:52+00:00,jsonl
experiments/datasets/gigahands/demo_all/raw/hand_pose/p44-dog-0004/keypoints_2d/right/004/brics-odroid-001_cam0_1725202053205270.jsonl,138388,2025-03-17T16:10:06+00:00,jsonl
experiments/datasets/gigahands/demo_all/raw/hand_pose/p44-dog-0004/keypoints_2d/right/004/brics-odroid-001_cam1_1725202053202566.jsonl,156007,2025-03-17T16:10:05+00:00,jsonl
experiments/datasets/gigahands/demo_all/raw/hand_pose/p44-dog-0004/keypoints_2d/right/004/brics-odroid-002_cam0_1725202053202970.jsonl,177203,2025-03-17T16:10:05+00:00,jsonl
experiments/datasets/gigahands/demo_all/raw/hand_pose/p44-dog-0004/keypoints_2d/right/004/brics-odroid-006_cam0_1725202053205030.jsonl,280708,2025-03-17T16:10:05+00:00,jsonl
experiments/datasets/gigahands/demo_all/raw/hand_pose/p44-dog-0004/keypoints_2d/right/004/brics-odroid-007_cam0_1725202053202823.jsonl,284634,2025-03-17T16:10:05+00:00,jsonl
experiments/datasets/gigahands/demo_all/raw/hand_pose/p44-dog-0004/keypoints_2d/right/004/brics-odroid-007_cam1_1725202053202970.jsonl,285077,2025-03-17T16:10:05+00:00,jsonl
experiments/datasets/gigahands/demo_all/raw/hand_pose/p44-dog-0004/keypoints_2d/right/004/brics-odroid-008_cam0_1725202053207480.jsonl,132269,2025-03-17T16:10:05+00:00,jsonl
experiments/datasets/gigahands/demo_all/raw/hand_pose/p44-dog-0004/keypoints_2d/right/004/brics-odroid-009_cam1_1725202053203954.jsonl,284689,2025-03-17T16:10:05+00:00,jsonl
experiments/datasets/gigahands/demo_all/raw/hand_pose/p44-dog-0004/keypoints_2d/right/004/brics-odroid-010_cam0_1725202053205432.jsonl,281427,2025-03-17T16:10:05+00:00,jsonl
experiments/datasets/gigahands/demo_all/raw/hand_pose/p44-dog-0004/keypoints_2d/right/004/brics-odroid-010_cam1_1725202053205831.jsonl,279761,2025-03-17T16:10:05+00:00,jsonl
experiments/datasets/gigahands/demo_all/raw/hand_pose/p44-dog-0004/keypoints_2d/right/004/brics-odroid-011_cam0_1725202053205609.jsonl,281420,2025-03-17T16:10:05+00:00,jsonl
experiments/datasets/gigahands/demo_all/raw/hand_pose/p44-dog-0004/keypoints_2d/right/004/brics-odroid-012_cam0_1725202053207384.jsonl,238791,2025-03-17T16:10:05+00:00,jsonl
experiments/datasets/gigahands/demo_all/raw/hand_pose/p44-dog-0004/keypoints_2d/right/004/brics-odroid-012_cam1_1725202053202233.jsonl,287158,2025-03-17T16:10:05+00:00,jsonl
experiments/datasets/gigahands/demo_all/raw/hand_pose/p44-dog-0004/keypoints_2d/right/004/brics-odroid-014_cam1_1725202053201585.jsonl,259988,2025-03-17T16:10:05+00:00,jsonl
experiments/datasets/gigahands/demo_all/raw/hand_pose/p44-dog-0004/keypoints_2d/right/004/brics-odroid-015_cam0_1725202053203502.jsonl,90348,2025-03-17T16:10:05+00:00,jsonl
experiments/datasets/gigahands/demo_all/raw/hand_pose/p44-dog-0004/keypoints_2d/right/004/brics-odroid-015_cam1_1725202053204578.jsonl,282330,2025-03-17T16:10:05+00:00,jsonl
experiments/datasets/gigahands/demo_all/raw/hand_pose/p44-dog-0004/keypoints_2d/right/004/brics-odroid-016_cam0_1725202053202956.jsonl,258722,2025-03-17T16:10:05+00:00,jsonl
experiments/datasets/gigahands/demo_all/raw/hand_pose/p44-dog-0004/keypoints_2d/right/004/brics-odroid-017_cam0_1725202053206438.jsonl,279882,2025-03-17T16:10:05+00:00,jsonl
experiments/datasets/gigahands/demo_all/raw/hand_pose/p44-dog-0004/keypoints_2d/right/004/brics-odroid-017_cam1_1725202053172744.jsonl,257820,2025-03-17T16:10:05+00:00,jsonl
experiments/datasets/gigahands/demo_all/raw/hand_pose/p44-dog-0004/keypoints_2d/right/004/brics-odroid-019_cam1_1725202053205326.jsonl,255977,2025-03-17T16:10:05+00:00,jsonl
experiments/datasets/gigahands/demo_all/raw/hand_pose/p44-dog-0004/keypoints_2d/right/004/brics-odroid-020_cam0_1725202053202151.jsonl,276623,2025-03-17T16:10:05+00:00,jsonl
experiments/datasets/gigahands/demo_all/raw/hand_pose/p44-dog-0004/keypoints_2d/right/004/brics-odroid-020_cam1_1725202053203666.jsonl,168487,2025-03-17T16:10:05+00:00,jsonl
experiments/datasets/gigahands/demo_all/raw/hand_pose/p44-dog-0004/keypoints_2d/right/004/brics-odroid-021_cam0_1725202053207678.jsonl,281935,2025-03-17T16:10:05+00:00,jsonl
experiments/datasets/gigahands/demo_all/raw/hand_pose/p44-dog-0004/keypoints_2d/right/004/brics-odroid-021_cam1_1725202053206513.jsonl,233618,2025-03-17T16:10:06+00:00,jsonl
experiments/datasets/gigahands/demo_all/raw/hand_pose/p44-dog-0004/keypoints_2d/right/004/brics-odroid-022_cam0_1725202053204377.jsonl,163958,2025-03-17T16:10:05+00:00,jsonl
experiments/datasets/gigahands/demo_all/raw/hand_pose/p44-dog-0004/keypoints_2d/right/004/brics-odroid-022_cam1_1725202053203081.jsonl,276011,2025-03-17T16:10:05+00:00,jsonl
experiments/datasets/gigahands/demo_all/raw/hand_pose/p44-dog-0004/keypoints_2d/right/004/brics-odroid-023_cam0_1725202053208212.jsonl,280820,2025-03-17T16:10:05+00:00,jsonl
experiments/datasets/gigahands/demo_all/raw/hand_pose/p44-dog-0004/keypoints_2d/right/004/brics-odroid-024_cam0_1725202053207884.jsonl,280858,2025-03-17T16:10:05+00:00,jsonl
experiments/datasets/gigahands/demo_all/raw/hand_pose/p44-dog-0004/keypoints_2d/right/004/brics-odroid-024_cam1_1725202053208288.jsonl,284133,2025-03-17T16:10:05+00:00,jsonl
experiments/datasets/gigahands/demo_all/raw/hand_pose/p44-dog-0004/keypoints_2d/right/004/brics-odroid-025_cam0_1725202053236715.jsonl,271266,2025-03-17T16:10:05+00:00,jsonl
experiments/datasets/gigahands/demo_all/raw/hand_pose/p44-dog-0004/keypoints_2d/right/004/brics-odroid-025_cam1_1725202053207864.jsonl,280750,2025-03-17T16:10:05+00:00,jsonl
experiments/datasets/gigahands/demo_all/raw/hand_pose/p44-dog-0004/keypoints_2d/right/004/brics-odroid-026_cam0_1725202053202472.jsonl,268616,2025-03-17T16:10:05+00:00,jsonl
experiments/datasets/gigahands/demo_all/raw/hand_pose/p44-dog-0004/keypoints_2d/right/004/brics-odroid-026_cam1_1725202053208122.jsonl,190023,2025-03-17T16:10:05+00:00,jsonl
experiments/datasets/gigahands/demo_all/raw/hand_pose/p44-dog-0004/keypoints_2d/right/004/brics-odroid-027_cam0_1725202053207844.jsonl,124792,2025-03-17T16:10:05+00:00,jsonl
experiments/datasets/gigahands/demo_all/raw/hand_pose/p44-dog-0004/keypoints_2d/right/004/brics-odroid-027_cam1_1725202053205951.jsonl,98602,2025-03-17T16:10:06+00:00,jsonl
experiments/datasets/gigahands/demo_all/raw/hand_pose/p44-dog-0004/keypoints_2d/right/004/brics-odroid-028_cam0_1725202053202777.jsonl,275014,2025-03-17T16:10:05+00:00,jsonl
experiments/datasets/gigahands/demo_all/raw/hand_pose/p44-dog-0004/keypoints_2d/right/004/brics-odroid-029_cam0_1725202053207935.jsonl,264122,2025-03-17T16:10:05+00:00,jsonl
experiments/datasets/gigahands/demo_all/raw/hand_pose/p44-dog-0004/keypoints_2d/right/004/brics-odroid-029_cam1_1725202053201946.jsonl,251632,2025-03-17T16:10:05+00:00,jsonl
experiments/datasets/gigahands/demo_all/raw/hand_pose/p44-dog-0004/keypoints_2d/right/004/brics-odroid-030_cam0_1725202053202154.jsonl,185762,2025-03-17T16:10:05+00:00,jsonl
experiments/datasets/gigahands/demo_all/raw/hand_pose/p44-dog-0004/keypoints_2d/right/004/brics-odroid-030_cam1_1725202053170615.jsonl,213262,2025-03-17T16:10:05+00:00,jsonl
experiments/datasets/gigahands/demo_all/raw/hand_pose/p44-dog-0004/keypoints_3d/004/chosen_frames_left.json,2209,2025-03-17T16:12:31+00:00,json
experiments/datasets/gigahands/demo_all/raw/hand_pose/p44-dog-0004/keypoints_3d/004/chosen_frames_right.json,2209,2025-03-17T16:12:31+00:00,json
experiments/datasets/gigahands/demo_all/raw/hand_pose/p44-dog-0004/keypoints_3d/004/left.jsonl,445542,2025-03-17T16:12:31+00:00,jsonl
experiments/datasets/gigahands/demo_all/raw/hand_pose/p44-dog-0004/keypoints_3d/004/right.jsonl,448011,2025-03-17T16:12:31+00:00,jsonl
experiments/datasets/gigahands/demo_all/raw/hand_pose/p44-dog-0004/keypoints_3d_mano/004.json,912247,2025-04-17T16:18:23+00:00,json
experiments/datasets/gigahands/demo_all/raw/hand_pose/p44-dog-0004/mano_vid/004.mp4,6377470,2025-03-17T15:47:12+00:00,mp4
experiments/datasets/gigahands/demo_all/raw/hand_pose/p44-dog-0004/optim_params.txt,16168,2025-03-14T14:14:44+00:00,txt
experiments/datasets/gigahands/demo_all/raw/hand_pose/p44-dog-0004/params/004.json,695187,2025-03-14T14:13:53+00:00,json
experiments/datasets/gigahands/demo_all/raw/hand_pose/p44-dog-0004/repro_2d_vid/004.mp4,9020666,2025-03-17T16:13:23+00:00,mp4
experiments/datasets/gigahands/demo_all/raw/hand_pose/p44-dog-0004/repro_3d_vid/004.mp4,9399328,2025-03-17T16:14:38+00:00,mp4
experiments/datasets/gigahands/demo_all/raw/hand_pose/p44-dog-0004/rgb_vid/brics-odroid-001_cam0/brics-odroid-001_cam0_1725202053205270.mp4,1975412,2024-09-02T04:17:41+00:00,mp4
experiments/datasets/gigahands/demo_all/raw/hand_pose/p44-dog-0004/rgb_vid/brics-odroid-001_cam0/brics-odroid-001_cam0_1725202053205270.txt,12132,2024-09-01T14:47:44+00:00,txt
experiments/datasets/gigahands/demo_all/raw/hand_pose/p44-dog-0004/rgb_vid/brics-odroid-001_cam1/brics-odroid-001_cam1_1725201965164249.mp4,2286143,2024-09-02T04:20:08+00:00,mp4
experiments/datasets/gigahands/demo_all/raw/hand_pose/p44-dog-0004/rgb_vid/brics-odroid-001_cam1/brics-odroid-001_cam1_1725201965164249.txt,13608,2024-09-01T14:46:17+00:00,txt
experiments/datasets/gigahands/demo_all/raw/hand_pose/p44-dog-0004/rgb_vid/brics-odroid-001_cam1/brics-odroid-001_cam1_1725202053202566.mp4,1887092,2024-09-02T04:20:18+00:00,mp4
experiments/datasets/gigahands/demo_all/raw/hand_pose/p44-dog-0004/rgb_vid/brics-odroid-001_cam1/brics-odroid-001_cam1_1725202053202566.txt,12168,2024-09-01T14:47:44+00:00,txt
experiments/datasets/gigahands/demo_all/raw/hand_pose/p44-dog-0004/rgb_vid/brics-odroid-002_cam0/brics-odroid-002_cam0_1725201932586757.mp4,2406869,2024-09-02T04:22:36+00:00,mp4
experiments/datasets/gigahands/demo_all/raw/hand_pose/p44-dog-0004/rgb_vid/brics-odroid-002_cam0/brics-odroid-002_cam0_1725201932586757.txt,14760,2024-09-01T14:45:46+00:00,txt
experiments/datasets/gigahands/demo_all/raw/hand_pose/p44-dog-0004/rgb_vid/brics-odroid-002_cam0/brics-odroid-002_cam0_1725202053202970.mp4,1977843,2024-09-02T04:22:50+00:00,mp4
experiments/datasets/gigahands/demo_all/raw/hand_pose/p44-dog-0004/rgb_vid/brics-odroid-002_cam0/brics-odroid-002_cam0_1725202053202970.txt,12132,2024-09-01T14:47:44+00:00,txt
experiments/datasets/gigahands/demo_all/raw/hand_pose/p44-dog-0004/rgb_vid/brics-odroid-004_cam0/brics-odroid-004_cam0_1725202053204084.mp4,1429710,2024-09-02T04:25:26+00:00,mp4
experiments/datasets/gigahands/demo_all/raw/hand_pose/p44-dog-0004/rgb_vid/brics-odroid-004_cam0/brics-odroid-004_cam0_1725202053204084.txt,12132,2024-09-01T14:47:44+00:00,txt
experiments/datasets/gigahands/demo_all/raw/hand_pose/p44-dog-0004/rgb_vid/brics-odroid-006_cam0/brics-odroid-006_cam0_1725202053205030.mp4,2519836,2024-09-02T04:27:59+00:00,mp4
experiments/datasets/gigahands/demo_all/raw/hand_pose/p44-dog-0004/rgb_vid/brics-odroid-006_cam0/brics-odroid-006_cam0_1725202053205030.txt,12168,2024-09-01T14:47:44+00:00,txt
experiments/datasets/gigahands/demo_all/raw/hand_pose/p44-dog-0004/rgb_vid/brics-odroid-007_cam0/brics-odroid-007_cam0_1725202053202823.mp4,2148593,2024-09-02T04:30:38+00:00,mp4
experiments/datasets/gigahands/demo_all/raw/hand_pose/p44-dog-0004/rgb_vid/brics-odroid-007_cam0/brics-odroid-007_cam0_1725202053202823.txt,12132,2024-09-01T14:47:44+00:00,txt
experiments/datasets/gigahands/demo_all/raw/hand_pose/p44-dog-0004/rgb_vid/brics-odroid-007_cam1/brics-odroid-007_cam1_1725202053202970.mp4,2347672,2024-09-02T04:33:19+00:00,mp4
experiments/datasets/gigahands/demo_all/raw/hand_pose/p44-dog-0004/rgb_vid/brics-odroid-007_cam1/brics-odroid-007_cam1_1725202053202970.txt,12168,2024-09-01T14:47:44+00:00,txt
experiments/datasets/gigahands/demo_all/raw/hand_pose/p44-dog-0004/rgb_vid/brics-odroid-008_cam0/brics-odroid-008_cam0_1725202053207480.mp4,1776882,2024-09-02T04:36:00+00:00,mp4
experiments/datasets/gigahands/demo_all/raw/hand_pose/p44-dog-0004/rgb_vid/brics-odroid-008_cam0/brics-odroid-008_cam0_1725202053207480.txt,12096,2024-09-01T14:47:44+00:00,txt
experiments/datasets/gigahands/demo_all/raw/hand_pose/p44-dog-0004/rgb_vid/brics-odroid-008_cam1/brics-odroid-008_cam1_1725202053206178.mp4,1641531,2024-09-02T04:38:39+00:00,mp4
experiments/datasets/gigahands/demo_all/raw/hand_pose/p44-dog-0004/rgb_vid/brics-odroid-008_cam1/brics-odroid-008_cam1_1725202053206178.txt,12132,2024-09-01T14:47:44+00:00,txt
experiments/datasets/gigahands/demo_all/raw/hand_pose/p44-dog-0004/rgb_vid/brics-odroid-009_cam0/brics-odroid-009_cam0_1725202053202838.mp4,1492207,2024-09-02T04:41:16+00:00,mp4
experiments/datasets/gigahands/demo_all/raw/hand_pose/p44-dog-0004/rgb_vid/brics-odroid-009_cam0/brics-odroid-009_cam0_1725202053202838.txt,12168,2024-09-01T14:47:44+00:00,txt
experiments/datasets/gigahands/demo_all/raw/hand_pose/p44-dog-0004/rgb_vid/brics-odroid-009_cam1/brics-odroid-009_cam1_1725202053203954.mp4,2153846,2024-09-02T04:43:45+00:00,mp4
experiments/datasets/gigahands/demo_all/raw/hand_pose/p44-dog-0004/rgb_vid/brics-odroid-009_cam1/brics-odroid-009_cam1_1725202053203954.txt,12132,2024-09-01T14:47:44+00:00,txt
experiments/datasets/gigahands/demo_all/raw/hand_pose/p44-dog-0004/rgb_vid/brics-odroid-010_cam0/brics-odroid-010_cam0_1725202053205432.mp4,2071603,2024-09-02T04:46:25+00:00,mp4
experiments/datasets/gigahands/demo_all/raw/hand_pose/p44-dog-0004/rgb_vid/brics-odroid-010_cam0/brics-odroid-010_cam0_1725202053205432.txt,12132,2024-09-01T14:47:44+00:00,txt
experiments/datasets/gigahands/demo_all/raw/hand_pose/p44-dog-0004/rgb_vid/brics-odroid-010_cam1/brics-odroid-010_cam1_1725202053205831.mp4,1935624,2024-09-02T04:49:09+00:00,mp4
experiments/datasets/gigahands/demo_all/raw/hand_pose/p44-dog-0004/rgb_vid/brics-odroid-010_cam1/brics-odroid-010_cam1_1725202053205831.txt,12096,2024-09-01T14:47:44+00:00,txt
experiments/datasets/gigahands/demo_all/raw/hand_pose/p44-dog-0004/rgb_vid/brics-odroid-011_cam0/brics-odroid-011_cam0_1725201904862513.mp4,2973655,2024-09-02T04:51:24+00:00,mp4
experiments/datasets/gigahands/demo_all/raw/hand_pose/p44-dog-0004/rgb_vid/brics-odroid-011_cam0/brics-odroid-011_cam0_1725201904862513.txt,16272,2024-09-01T14:45:19+00:00,txt
experiments/datasets/gigahands/demo_all/raw/hand_pose/p44-dog-0004/rgb_vid/brics-odroid-011_cam0/brics-odroid-011_cam0_1725202053205609.mp4,2380281,2024-09-02T04:51:44+00:00,mp4
experiments/datasets/gigahands/demo_all/raw/hand_pose/p44-dog-0004/rgb_vid/brics-odroid-011_cam0/brics-odroid-011_cam0_1725202053205609.txt,12132,2024-09-01T14:47:44+00:00,txt
experiments/datasets/gigahands/demo_all/raw/hand_pose/p44-dog-0004/rgb_vid/brics-odroid-012_cam0/brics-odroid-012_cam0_1725202053207384.mp4,2283775,2024-09-02T04:54:26+00:00,mp4
experiments/datasets/gigahands/demo_all/raw/hand_pose/p44-dog-0004/rgb_vid/brics-odroid-012_cam0/brics-odroid-012_cam0_1725202053207384.txt,12132,2024-09-01T14:47:44+00:00,txt
experiments/datasets/gigahands/demo_all/raw/hand_pose/p44-dog-0004/rgb_vid/brics-odroid-012_cam1/brics-odroid-012_cam1_1725202053202233.mp4,2124122,2024-09-02T04:57:20+00:00,mp4
experiments/datasets/gigahands/demo_all/raw/hand_pose/p44-dog-0004/rgb_vid/brics-odroid-012_cam1/brics-odroid-012_cam1_1725202053202233.txt,12168,2024-09-01T14:47:44+00:00,txt
experiments/datasets/gigahands/demo_all/raw/hand_pose/p44-dog-0004/rgb_vid/brics-odroid-013_cam0/brics-odroid-013_cam0_1725202053204808.mp4,1408115,2024-09-02T05:00:16+00:00,mp4
experiments/datasets/gigahands/demo_all/raw/hand_pose/p44-dog-0004/rgb_vid/brics-odroid-013_cam0/brics-odroid-013_cam0_1725202053204808.txt,12132,2024-09-01T14:47:44+00:00,txt
experiments/datasets/gigahands/demo_all/raw/hand_pose/p44-dog-0004/rgb_vid/brics-odroid-013_cam1/brics-odroid-013_cam1_1725202053203493.mp4,1666453,2024-09-02T05:03:05+00:00,mp4
experiments/datasets/gigahands/demo_all/raw/hand_pose/p44-dog-0004/rgb_vid/brics-odroid-013_cam1/brics-odroid-013_cam1_1725202053203493.txt,12168,2024-09-01T14:47:44+00:00,txt
experiments/datasets/gigahands/demo_all/raw/hand_pose/p44-dog-0004/rgb_vid/brics-odroid-014_cam0/brics-odroid-014_cam0_1725202053205381.mp4,1624678,2024-09-02T05:05:56+00:00,mp4
experiments/datasets/gigahands/demo_all/raw/hand_pose/p44-dog-0004/rgb_vid/brics-odroid-014_cam0/brics-odroid-014_cam0_1725202053205381.txt,12132,2024-09-01T14:47:44+00:00,txt
experiments/datasets/gigahands/demo_all/raw/hand_pose/p44-dog-0004/rgb_vid/brics-odroid-014_cam1/brics-odroid-014_cam1_1725202053201585.mp4,2017725,2024-09-02T05:08:47+00:00,mp4
experiments/datasets/gigahands/demo_all/raw/hand_pose/p44-dog-0004/rgb_vid/brics-odroid-014_cam1/brics-odroid-014_cam1_1725202053201585.txt,12168,2024-09-01T14:47:44+00:00,txt
experiments/datasets/gigahands/demo_all/raw/hand_pose/p44-dog-0004/rgb_vid/brics-odroid-015_cam0/brics-odroid-015_cam0_1725202053203502.mp4,2061032,2024-09-02T05:11:44+00:00,mp4
experiments/datasets/gigahands/demo_all/raw/hand_pose/p44-dog-0004/rgb_vid/brics-odroid-015_cam0/brics-odroid-015_cam0_1725202053203502.txt,12132,2024-09-01T14:47:44+00:00,txt
experiments/datasets/gigahands/demo_all/raw/hand_pose/p44-dog-0004/rgb_vid/brics-odroid-015_cam1/brics-odroid-015_cam1_1725202053204578.mp4,2029524,2024-09-02T05:14:38+00:00,mp4
experiments/datasets/gigahands/demo_all/raw/hand_pose/p44-dog-0004/rgb_vid/brics-odroid-015_cam1/brics-odroid-015_cam1_1725202053204578.txt,12168,2024-09-01T14:47:44+00:00,txt
experiments/datasets/gigahands/demo_all/raw/hand_pose/p44-dog-0004/rgb_vid/brics-odroid-016_cam0/brics-odroid-016_cam0_1725202053202956.mp4,2274298,2024-09-02T05:17:37+00:00,mp4
experiments/datasets/gigahands/demo_all/raw/hand_pose/p44-dog-0004/rgb_vid/brics-odroid-016_cam0/brics-odroid-016_cam0_1725202053202956.txt,12168,2024-09-01T14:47:44+00:00,txt
experiments/datasets/gigahands/demo_all/raw/hand_pose/p44-dog-0004/rgb_vid/brics-odroid-017_cam0/brics-odroid-017_cam0_1725202053206438.mp4,2009751,2024-09-02T05:20:36+00:00,mp4
experiments/datasets/gigahands/demo_all/raw/hand_pose/p44-dog-0004/rgb_vid/brics-odroid-017_cam0/brics-odroid-017_cam0_1725202053206438.txt,12132,2024-09-01T14:47:44+00:00,txt
experiments/datasets/gigahands/demo_all/raw/hand_pose/p44-dog-0004/rgb_vid/brics-odroid-017_cam1/brics-odroid-017_cam1_1725202053172744.mp4,2163834,2024-09-02T05:23:30+00:00,mp4
experiments/datasets/gigahands/demo_all/raw/hand_pose/p44-dog-0004/rgb_vid/brics-odroid-017_cam1/brics-odroid-017_cam1_1725202053172744.txt,12168,2024-09-01T14:47:44+00:00,txt
experiments/datasets/gigahands/demo_all/raw/hand_pose/p44-dog-0004/rgb_vid/brics-odroid-018_cam0/brics-odroid-018_cam0_1725202053207633.mp4,1779400,2024-09-02T05:26:32+00:00,mp4
experiments/datasets/gigahands/demo_all/raw/hand_pose/p44-dog-0004/rgb_vid/brics-odroid-018_cam0/brics-odroid-018_cam0_1725202053207633.txt,12132,2024-09-01T14:47:44+00:00,txt
experiments/datasets/gigahands/demo_all/raw/hand_pose/p44-dog-0004/rgb_vid/brics-odroid-018_cam1/brics-odroid-018_cam1_1725202053206244.mp4,1517865,2024-09-02T05:29:24+00:00,mp4
experiments/datasets/gigahands/demo_all/raw/hand_pose/p44-dog-0004/rgb_vid/brics-odroid-018_cam1/brics-odroid-018_cam1_1725202053206244.txt,12096,2024-09-01T14:47:44+00:00,txt
experiments/datasets/gigahands/demo_all/raw/hand_pose/p44-dog-0004/rgb_vid/brics-odroid-019_cam0/brics-odroid-019_cam0_1725202053173298.mp4,1594816,2024-09-02T05:32:14+00:00,mp4
experiments/datasets/gigahands/demo_all/raw/hand_pose/p44-dog-0004/rgb_vid/brics-odroid-019_cam0/brics-odroid-019_cam0_1725202053173298.txt,12168,2024-09-01T14:47:44+00:00,txt
experiments/datasets/gigahands/demo_all/raw/hand_pose/p44-dog-0004/rgb_vid/brics-odroid-019_cam1/brics-odroid-019_cam1_1725202053205326.mp4,1545074,2024-09-02T05:35:04+00:00,mp4
experiments/datasets/gigahands/demo_all/raw/hand_pose/p44-dog-0004/rgb_vid/brics-odroid-019_cam1/brics-odroid-019_cam1_1725202053205326.txt,12168,2024-09-01T14:47:44+00:00,txt
experiments/datasets/gigahands/demo_all/raw/hand_pose/p44-dog-0004/rgb_vid/brics-odroid-020_cam0/brics-odroid-020_cam0_1725202053202151.mp4,2071165,2024-09-02T05:37:56+00:00,mp4
experiments/datasets/gigahands/demo_all/raw/hand_pose/p44-dog-0004/rgb_vid/brics-odroid-020_cam0/brics-odroid-020_cam0_1725202053202151.txt,12168,2024-09-01T14:47:44+00:00,txt
experiments/datasets/gigahands/demo_all/raw/hand_pose/p44-dog-0004/rgb_vid/brics-odroid-020_cam1/brics-odroid-020_cam1_1725202053203666.mp4,2082694,2024-09-02T05:40:55+00:00,mp4
experiments/datasets/gigahands/demo_all/raw/hand_pose/p44-dog-0004/rgb_vid/brics-odroid-020_cam1/brics-odroid-020_cam1_1725202053203666.txt,12132,2024-09-01T14:47:44+00:00,txt
experiments/datasets/gigahands/demo_all/raw/hand_pose/p44-dog-0004/rgb_vid/brics-odroid-021_cam0/brics-odroid-021_cam0_1725202053207678.mp4,2154483,2024-09-02T05:43:55+00:00,mp4
experiments/datasets/gigahands/demo_all/raw/hand_pose/p44-dog-0004/rgb_vid/brics-odroid-021_cam0/brics-odroid-021_cam0_1725202053207678.txt,12132,2024-09-01T14:47:44+00:00,txt
experiments/datasets/gigahands/demo_all/raw/hand_pose/p44-dog-0004/rgb_vid/brics-odroid-021_cam1/brics-odroid-021_cam1_1725202053206513.mp4,2198559,2024-09-02T05:46:53+00:00,mp4
experiments/datasets/gigahands/demo_all/raw/hand_pose/p44-dog-0004/rgb_vid/brics-odroid-021_cam1/brics-odroid-021_cam1_1725202053206513.txt,12132,2024-09-01T14:47:44+00:00,txt
experiments/datasets/gigahands/demo_all/raw/hand_pose/p44-dog-0004/rgb_vid/brics-odroid-022_cam0/brics-odroid-022_cam0_1725202053204377.mp4,2093692,2024-09-02T05:49:52+00:00,mp4
experiments/datasets/gigahands/demo_all/raw/hand_pose/p44-dog-0004/rgb_vid/brics-odroid-022_cam0/brics-odroid-022_cam0_1725202053204377.txt,12132,2024-09-01T14:47:44+00:00,txt
experiments/datasets/gigahands/demo_all/raw/hand_pose/p44-dog-0004/rgb_vid/brics-odroid-022_cam1/brics-odroid-022_cam1_1725202053203081.mp4,2289229,2024-09-02T05:52:53+00:00,mp4
experiments/datasets/gigahands/demo_all/raw/hand_pose/p44-dog-0004/rgb_vid/brics-odroid-022_cam1/brics-odroid-022_cam1_1725202053203081.txt,12168,2024-09-01T14:47:44+00:00,txt
experiments/datasets/gigahands/demo_all/raw/hand_pose/p44-dog-0004/rgb_vid/brics-odroid-023_cam0/brics-odroid-023_cam0_1725202053208212.mp4,2564609,2024-09-02T05:55:52+00:00,mp4
experiments/datasets/gigahands/demo_all/raw/hand_pose/p44-dog-0004/rgb_vid/brics-odroid-023_cam0/brics-odroid-023_cam0_1725202053208212.txt,12132,2024-09-01T14:47:44+00:00,txt
experiments/datasets/gigahands/demo_all/raw/hand_pose/p44-dog-0004/rgb_vid/brics-odroid-024_cam0/brics-odroid-024_cam0_1725202053207884.mp4,2307569,2024-09-02T05:58:58+00:00,mp4
experiments/datasets/gigahands/demo_all/raw/hand_pose/p44-dog-0004/rgb_vid/brics-odroid-024_cam0/brics-odroid-024_cam0_1725202053207884.txt,12132,2024-09-01T14:47:44+00:00,txt
experiments/datasets/gigahands/demo_all/raw/hand_pose/p44-dog-0004/rgb_vid/brics-odroid-024_cam1/brics-odroid-024_cam1_1725202053208288.mp4,2254352,2024-09-02T06:02:03+00:00,mp4
experiments/datasets/gigahands/demo_all/raw/hand_pose/p44-dog-0004/rgb_vid/brics-odroid-024_cam1/brics-odroid-024_cam1_1725202053208288.txt,12132,2024-09-01T14:47:44+00:00,txt
experiments/datasets/gigahands/demo_all/raw/hand_pose/p44-dog-0004/rgb_vid/brics-odroid-025_cam0/brics-odroid-025_cam0_1725202053236715.mp4,2596136,2024-09-02T06:05:06+00:00,mp4
experiments/datasets/gigahands/demo_all/raw/hand_pose/p44-dog-0004/rgb_vid/brics-odroid-025_cam0/brics-odroid-025_cam0_1725202053236715.txt,12132,2024-09-01T14:47:44+00:00,txt
experiments/datasets/gigahands/demo_all/raw/hand_pose/p44-dog-0004/rgb_vid/brics-odroid-025_cam1/brics-odroid-025_cam1_1725202053207864.mp4,2563044,2024-09-02T06:08:11+00:00,mp4
experiments/datasets/gigahands/demo_all/raw/hand_pose/p44-dog-0004/rgb_vid/brics-odroid-025_cam1/brics-odroid-025_cam1_1725202053207864.txt,12132,2024-09-01T14:47:44+00:00,txt
experiments/datasets/gigahands/demo_all/raw/hand_pose/p44-dog-0004/rgb_vid/brics-odroid-026_cam0/brics-odroid-026_cam0_1725202053202472.mp4,1634760,2024-09-02T06:11:01+00:00,mp4
experiments/datasets/gigahands/demo_all/raw/hand_pose/p44-dog-0004/rgb_vid/brics-odroid-026_cam0/brics-odroid-026_cam0_1725202053202472.txt,12132,2024-09-01T14:47:44+00:00,txt
experiments/datasets/gigahands/demo_all/raw/hand_pose/p44-dog-0004/rgb_vid/brics-odroid-026_cam1/brics-odroid-026_cam1_1725202053208122.mp4,2323022,2024-09-02T06:13:53+00:00,mp4
experiments/datasets/gigahands/demo_all/raw/hand_pose/p44-dog-0004/rgb_vid/brics-odroid-026_cam1/brics-odroid-026_cam1_1725202053208122.txt,12132,2024-09-01T14:47:44+00:00,txt
experiments/datasets/gigahands/demo_all/raw/hand_pose/p44-dog-0004/rgb_vid/brics-odroid-027_cam0/brics-odroid-027_cam0_1725202053207844.mp4,1710252,2024-09-02T06:16:56+00:00,mp4
experiments/datasets/gigahands/demo_all/raw/hand_pose/p44-dog-0004/rgb_vid/brics-odroid-027_cam0/brics-odroid-027_cam0_1725202053207844.txt,12132,2024-09-01T14:47:44+00:00,txt
experiments/datasets/gigahands/demo_all/raw/hand_pose/p44-dog-0004/rgb_vid/brics-odroid-027_cam1/brics-odroid-027_cam1_1725202053205951.mp4,1664009,2024-09-02T06:19:45+00:00,mp4
experiments/datasets/gigahands/demo_all/raw/hand_pose/p44-dog-0004/rgb_vid/brics-odroid-027_cam1/brics-odroid-027_cam1_1725202053205951.txt,12132,2024-09-01T14:47:44+00:00,txt
experiments/datasets/gigahands/demo_all/raw/hand_pose/p44-dog-0004/rgb_vid/brics-odroid-028_cam0/brics-odroid-028_cam0_1725202053202777.mp4,1903338,2024-09-02T06:22:35+00:00,mp4
experiments/datasets/gigahands/demo_all/raw/hand_pose/p44-dog-0004/rgb_vid/brics-odroid-028_cam0/brics-odroid-028_cam0_1725202053202777.txt,12168,2024-09-01T14:47:44+00:00,txt
experiments/datasets/gigahands/demo_all/raw/hand_pose/p44-dog-0004/rgb_vid/brics-odroid-029_cam0/brics-odroid-029_cam0_1725202053207935.mp4,1988581,2024-09-02T06:25:29+00:00,mp4
experiments/datasets/gigahands/demo_all/raw/hand_pose/p44-dog-0004/rgb_vid/brics-odroid-029_cam0/brics-odroid-029_cam0_1725202053207935.txt,12132,2024-09-01T14:47:44+00:00,txt
experiments/datasets/gigahands/demo_all/raw/hand_pose/p44-dog-0004/rgb_vid/brics-odroid-029_cam1/brics-odroid-029_cam1_1725202053201946.mp4,1993415,2024-09-02T06:28:29+00:00,mp4
experiments/datasets/gigahands/demo_all/raw/hand_pose/p44-dog-0004/rgb_vid/brics-odroid-029_cam1/brics-odroid-029_cam1_1725202053201946.txt,12168,2024-09-01T14:47:44+00:00,txt
experiments/datasets/gigahands/demo_all/raw/hand_pose/p44-dog-0004/rgb_vid/brics-odroid-030_cam0/brics-odroid-030_cam0_1725202053202154.mp4,1990195,2024-09-02T06:31:24+00:00,mp4
experiments/datasets/gigahands/demo_all/raw/hand_pose/p44-dog-0004/rgb_vid/brics-odroid-030_cam0/brics-odroid-030_cam0_1725202053202154.txt,12168,2024-09-01T14:47:44+00:00,txt
experiments/datasets/gigahands/demo_all/raw/hand_pose/p44-dog-0004/rgb_vid/brics-odroid-030_cam1/brics-odroid-030_cam1_1725202053170615.mp4,2208391,2024-09-02T06:34:25+00:00,mp4
experiments/datasets/gigahands/demo_all/raw/hand_pose/p44-dog-0004/rgb_vid/brics-odroid-030_cam1/brics-odroid-030_cam1_1725202053170615.txt,12168,2024-09-01T14:47:44+00:00,txt
experiments/datasets/gigahands/demo_all/raw/hand_pose/p52-instrument-0034/bboxes/left/034/brics-odroid-001_cam0_1726248075919692.jsonl,8965,2025-03-18T12:11:15+00:00,jsonl
experiments/datasets/gigahands/demo_all/raw/hand_pose/p52-instrument-0034/bboxes/left/034/brics-odroid-001_cam1_1726248075916703.jsonl,8932,2025-03-18T12:11:15+00:00,jsonl
experiments/datasets/gigahands/demo_all/raw/hand_pose/p52-instrument-0034/bboxes/left/034/brics-odroid-002_cam0_1726248075916486.jsonl,9892,2025-03-18T12:11:15+00:00,jsonl
experiments/datasets/gigahands/demo_all/raw/hand_pose/p52-instrument-0034/bboxes/left/034/brics-odroid-006_cam0_1726248075919070.jsonl,9185,2025-03-18T12:11:15+00:00,jsonl
experiments/datasets/gigahands/demo_all/raw/hand_pose/p52-instrument-0034/bboxes/left/034/brics-odroid-007_cam0_1726248075919485.jsonl,9460,2025-03-18T12:11:15+00:00,jsonl
experiments/datasets/gigahands/demo_all/raw/hand_pose/p52-instrument-0034/bboxes/left/034/brics-odroid-007_cam1_1726248075916352.jsonl,9621,2025-03-18T12:11:15+00:00,jsonl
experiments/datasets/gigahands/demo_all/raw/hand_pose/p52-instrument-0034/bboxes/left/034/brics-odroid-008_cam0_1726248075918988.jsonl,2502,2025-03-18T12:11:15+00:00,jsonl
experiments/datasets/gigahands/demo_all/raw/hand_pose/p52-instrument-0034/bboxes/left/034/brics-odroid-009_cam1_1726248075920402.jsonl,9437,2025-03-18T12:11:15+00:00,jsonl
experiments/datasets/gigahands/demo_all/raw/hand_pose/p52-instrument-0034/bboxes/left/034/brics-odroid-010_cam0_1726248075899849.jsonl,9350,2025-03-18T12:11:15+00:00,jsonl
experiments/datasets/gigahands/demo_all/raw/hand_pose/p52-instrument-0034/bboxes/left/034/brics-odroid-010_cam1_1726248075898237.jsonl,9363,2025-03-18T12:11:15+00:00,jsonl
experiments/datasets/gigahands/demo_all/raw/hand_pose/p52-instrument-0034/bboxes/left/034/brics-odroid-011_cam0_1726248075916375.jsonl,9324,2025-03-18T12:11:15+00:00,jsonl
experiments/datasets/gigahands/demo_all/raw/hand_pose/p52-instrument-0034/bboxes/left/034/brics-odroid-012_cam0_1726248075900543.jsonl,9124,2025-03-18T12:11:15+00:00,jsonl
experiments/datasets/gigahands/demo_all/raw/hand_pose/p52-instrument-0034/bboxes/left/034/brics-odroid-012_cam1_1726248075898880.jsonl,9470,2025-03-18T12:11:15+00:00,jsonl
experiments/datasets/gigahands/demo_all/raw/hand_pose/p52-instrument-0034/bboxes/left/034/brics-odroid-014_cam1_1726248075899038.jsonl,8153,2025-03-18T12:11:15+00:00,jsonl
experiments/datasets/gigahands/demo_all/raw/hand_pose/p52-instrument-0034/bboxes/left/034/brics-odroid-015_cam0_1726248075919717.jsonl,9365,2025-03-18T12:11:15+00:00,jsonl
experiments/datasets/gigahands/demo_all/raw/hand_pose/p52-instrument-0034/bboxes/left/034/brics-odroid-015_cam1_1726248075916814.jsonl,9291,2025-03-18T12:11:15+00:00,jsonl
experiments/datasets/gigahands/demo_all/raw/hand_pose/p52-instrument-0034/bboxes/left/034/brics-odroid-016_cam0_1726248075899055.jsonl,8735,2025-03-18T12:11:15+00:00,jsonl
experiments/datasets/gigahands/demo_all/raw/hand_pose/p52-instrument-0034/bboxes/left/034/brics-odroid-017_cam0_1726248075916389.jsonl,8739,2025-03-18T12:11:15+00:00,jsonl
experiments/datasets/gigahands/demo_all/raw/hand_pose/p52-instrument-0034/bboxes/left/034/brics-odroid-017_cam1_1726248075899604.jsonl,8857,2025-03-18T12:11:15+00:00,jsonl
experiments/datasets/gigahands/demo_all/raw/hand_pose/p52-instrument-0034/bboxes/left/034/brics-odroid-019_cam1_1726248075898088.jsonl,2520,2025-03-18T12:11:15+00:00,jsonl
experiments/datasets/gigahands/demo_all/raw/hand_pose/p52-instrument-0034/bboxes/left/034/brics-odroid-020_cam0_1726248075947597.jsonl,8615,2025-03-18T12:11:15+00:00,jsonl
experiments/datasets/gigahands/demo_all/raw/hand_pose/p52-instrument-0034/bboxes/left/034/brics-odroid-020_cam1_1726248075898428.jsonl,8476,2025-03-18T12:11:15+00:00,jsonl
experiments/datasets/gigahands/demo_all/raw/hand_pose/p52-instrument-0034/bboxes/left/034/brics-odroid-021_cam0_1726248075919118.jsonl,9233,2025-03-18T12:11:15+00:00,jsonl
experiments/datasets/gigahands/demo_all/raw/hand_pose/p52-instrument-0034/bboxes/left/034/brics-odroid-021_cam1_1726248075901750.jsonl,9446,2025-03-18T12:11:15+00:00,jsonl
experiments/datasets/gigahands/demo_all/raw/hand_pose/p52-instrument-0034/bboxes/left/034/brics-odroid-022_cam0_1726248075899735.jsonl,9160,2025-03-18T12:11:15+00:00,jsonl
experiments/datasets/gigahands/demo_all/raw/hand_pose/p52-instrument-0034/bboxes/left/034/brics-odroid-022_cam1_1726248075919476.jsonl,8877,2025-03-18T12:11:15+00:00,jsonl
experiments/datasets/gigahands/demo_all/raw/hand_pose/p52-instrument-0034/bboxes/left/034/brics-odroid-023_cam0_1726248075921458.jsonl,9621,2025-03-18T12:11:15+00:00,jsonl
experiments/datasets/gigahands/demo_all/raw/hand_pose/p52-instrument-0034/bboxes/left/034/brics-odroid-024_cam0_1726248075919808.jsonl,9074,2025-03-18T12:11:15+00:00,jsonl
experiments/datasets/gigahands/demo_all/raw/hand_pose/p52-instrument-0034/bboxes/left/034/brics-odroid-024_cam1_1726248075919633.jsonl,9193,2025-03-18T12:11:15+00:00,jsonl
experiments/datasets/gigahands/demo_all/raw/hand_pose/p52-instrument-0034/bboxes/left/034/brics-odroid-025_cam0_1726248075916777.jsonl,9639,2025-03-18T12:11:15+00:00,jsonl
experiments/datasets/gigahands/demo_all/raw/hand_pose/p52-instrument-0034/bboxes/left/034/brics-odroid-025_cam1_1726248075899060.jsonl,9250,2025-03-18T12:11:15+00:00,jsonl
experiments/datasets/gigahands/demo_all/raw/hand_pose/p52-instrument-0034/bboxes/left/034/brics-odroid-026_cam0_1726248075919858.jsonl,7289,2025-03-18T12:11:15+00:00,jsonl
experiments/datasets/gigahands/demo_all/raw/hand_pose/p52-instrument-0034/bboxes/left/034/brics-odroid-026_cam1_1726248075919046.jsonl,7212,2025-03-18T12:11:15+00:00,jsonl
experiments/datasets/gigahands/demo_all/raw/hand_pose/p52-instrument-0034/bboxes/left/034/brics-odroid-027_cam0_1726248075920761.jsonl,9111,2025-03-18T12:11:15+00:00,jsonl
experiments/datasets/gigahands/demo_all/raw/hand_pose/p52-instrument-0034/bboxes/left/034/brics-odroid-027_cam1_1726248075901290.jsonl,8824,2025-03-18T12:11:15+00:00,jsonl
experiments/datasets/gigahands/demo_all/raw/hand_pose/p52-instrument-0034/bboxes/left/034/brics-odroid-028_cam0_1726248075918916.jsonl,5773,2025-03-18T12:11:15+00:00,jsonl
experiments/datasets/gigahands/demo_all/raw/hand_pose/p52-instrument-0034/bboxes/left/034/brics-odroid-029_cam0_1726248075921759.jsonl,8853,2025-03-18T12:11:15+00:00,jsonl
experiments/datasets/gigahands/demo_all/raw/hand_pose/p52-instrument-0034/bboxes/left/034/brics-odroid-029_cam1_1726248075919410.jsonl,2502,2025-03-18T12:11:15+00:00,jsonl
experiments/datasets/gigahands/demo_all/raw/hand_pose/p52-instrument-0034/bboxes/left/034/brics-odroid-030_cam0_1726248075919248.jsonl,9093,2025-03-18T12:11:15+00:00,jsonl
experiments/datasets/gigahands/demo_all/raw/hand_pose/p52-instrument-0034/bboxes/left/034/brics-odroid-030_cam1_1726248075898349.jsonl,3742,2025-03-18T12:11:15+00:00,jsonl
experiments/datasets/gigahands/demo_all/raw/hand_pose/p52-instrument-0034/bboxes/right/034/brics-odroid-001_cam0_1726248075919692.jsonl,9058,2025-03-18T12:12:06+00:00,jsonl
experiments/datasets/gigahands/demo_all/raw/hand_pose/p52-instrument-0034/bboxes/right/034/brics-odroid-001_cam1_1726248075916703.jsonl,8906,2025-03-18T12:12:06+00:00,jsonl
experiments/datasets/gigahands/demo_all/raw/hand_pose/p52-instrument-0034/bboxes/right/034/brics-odroid-002_cam0_1726248075916486.jsonl,9902,2025-03-18T12:12:06+00:00,jsonl
experiments/datasets/gigahands/demo_all/raw/hand_pose/p52-instrument-0034/bboxes/right/034/brics-odroid-006_cam0_1726248075919070.jsonl,9505,2025-03-18T12:12:06+00:00,jsonl
experiments/datasets/gigahands/demo_all/raw/hand_pose/p52-instrument-0034/bboxes/right/034/brics-odroid-007_cam0_1726248075919485.jsonl,9684,2025-03-18T12:12:06+00:00,jsonl
experiments/datasets/gigahands/demo_all/raw/hand_pose/p52-instrument-0034/bboxes/right/034/brics-odroid-007_cam1_1726248075916352.jsonl,9681,2025-03-18T12:12:06+00:00,jsonl
experiments/datasets/gigahands/demo_all/raw/hand_pose/p52-instrument-0034/bboxes/right/034/brics-odroid-008_cam0_1726248075918988.jsonl,2502,2025-03-18T12:12:06+00:00,jsonl
experiments/datasets/gigahands/demo_all/raw/hand_pose/p52-instrument-0034/bboxes/right/034/brics-odroid-009_cam1_1726248075920402.jsonl,9422,2025-03-18T12:12:06+00:00,jsonl
experiments/datasets/gigahands/demo_all/raw/hand_pose/p52-instrument-0034/bboxes/right/034/brics-odroid-010_cam0_1726248075899849.jsonl,9398,2025-03-18T12:12:06+00:00,jsonl
experiments/datasets/gigahands/demo_all/raw/hand_pose/p52-instrument-0034/bboxes/right/034/brics-odroid-010_cam1_1726248075898237.jsonl,9417,2025-03-18T12:12:06+00:00,jsonl
experiments/datasets/gigahands/demo_all/raw/hand_pose/p52-instrument-0034/bboxes/right/034/brics-odroid-011_cam0_1726248075916375.jsonl,9339,2025-03-18T12:12:06+00:00,jsonl
experiments/datasets/gigahands/demo_all/raw/hand_pose/p52-instrument-0034/bboxes/right/034/brics-odroid-012_cam0_1726248075900543.jsonl,8581,2025-03-18T12:12:06+00:00,jsonl
experiments/datasets/gigahands/demo_all/raw/hand_pose/p52-instrument-0034/bboxes/right/034/brics-odroid-012_cam1_1726248075898880.jsonl,9535,2025-03-18T12:12:06+00:00,jsonl
experiments/datasets/gigahands/demo_all/raw/hand_pose/p52-instrument-0034/bboxes/right/034/brics-odroid-014_cam1_1726248075899038.jsonl,6168,2025-03-18T12:12:06+00:00,jsonl
experiments/datasets/gigahands/demo_all/raw/hand_pose/p52-instrument-0034/bboxes/right/034/brics-odroid-015_cam0_1726248075919717.jsonl,9421,2025-03-18T12:12:06+00:00,jsonl
experiments/datasets/gigahands/demo_all/raw/hand_pose/p52-instrument-0034/bboxes/right/034/brics-odroid-015_cam1_1726248075916814.jsonl,8989,2025-03-18T12:12:06+00:00,jsonl
experiments/datasets/gigahands/demo_all/raw/hand_pose/p52-instrument-0034/bboxes/right/034/brics-odroid-016_cam0_1726248075899055.jsonl,8733,2025-03-18T12:12:06+00:00,jsonl
experiments/datasets/gigahands/demo_all/raw/hand_pose/p52-instrument-0034/bboxes/right/034/brics-odroid-017_cam0_1726248075916389.jsonl,8774,2025-03-18T12:12:06+00:00,jsonl
experiments/datasets/gigahands/demo_all/raw/hand_pose/p52-instrument-0034/bboxes/right/034/brics-odroid-017_cam1_1726248075899604.jsonl,8865,2025-03-18T12:12:06+00:00,jsonl
experiments/datasets/gigahands/demo_all/raw/hand_pose/p52-instrument-0034/bboxes/right/034/brics-odroid-019_cam1_1726248075898088.jsonl,2520,2025-03-18T12:12:06+00:00,jsonl
experiments/datasets/gigahands/demo_all/raw/hand_pose/p52-instrument-0034/bboxes/right/034/brics-odroid-020_cam0_1726248075947597.jsonl,8539,2025-03-18T12:12:06+00:00,jsonl
experiments/datasets/gigahands/demo_all/raw/hand_pose/p52-instrument-0034/bboxes/right/034/brics-odroid-020_cam1_1726248075898428.jsonl,6994,2025-03-18T12:12:06+00:00,jsonl
experiments/datasets/gigahands/demo_all/raw/hand_pose/p52-instrument-0034/bboxes/right/034/brics-odroid-021_cam0_1726248075919118.jsonl,9284,2025-03-18T12:12:06+00:00,jsonl
experiments/datasets/gigahands/demo_all/raw/hand_pose/p52-instrument-0034/bboxes/right/034/brics-odroid-021_cam1_1726248075901750.jsonl,9177,2025-03-18T12:12:06+00:00,jsonl
experiments/datasets/gigahands/demo_all/raw/hand_pose/p52-instrument-0034/bboxes/right/034/brics-odroid-022_cam0_1726248075899735.jsonl,9051,2025-03-18T12:12:06+00:00,jsonl
experiments/datasets/gigahands/demo_all/raw/hand_pose/p52-instrument-0034/bboxes/right/034/brics-odroid-022_cam1_1726248075919476.jsonl,9226,2025-03-18T12:12:06+00:00,jsonl
experiments/datasets/gigahands/demo_all/raw/hand_pose/p52-instrument-0034/bboxes/right/034/brics-odroid-023_cam0_1726248075921458.jsonl,9032,2025-03-18T12:12:06+00:00,jsonl
experiments/datasets/gigahands/demo_all/raw/hand_pose/p52-instrument-0034/bboxes/right/034/brics-odroid-024_cam0_1726248075919808.jsonl,9489,2025-03-18T12:12:06+00:00,jsonl
experiments/datasets/gigahands/demo_all/raw/hand_pose/p52-instrument-0034/bboxes/right/034/brics-odroid-024_cam1_1726248075919633.jsonl,9532,2025-03-18T12:12:06+00:00,jsonl
experiments/datasets/gigahands/demo_all/raw/hand_pose/p52-instrument-0034/bboxes/right/034/brics-odroid-025_cam0_1726248075916777.jsonl,9243,2025-03-18T12:12:06+00:00,jsonl
experiments/datasets/gigahands/demo_all/raw/hand_pose/p52-instrument-0034/bboxes/right/034/brics-odroid-025_cam1_1726248075899060.jsonl,9037,2025-03-18T12:12:06+00:00,jsonl
experiments/datasets/gigahands/demo_all/raw/hand_pose/p52-instrument-0034/bboxes/right/034/brics-odroid-026_cam0_1726248075919858.jsonl,7328,2025-03-18T12:12:06+00:00,jsonl
experiments/datasets/gigahands/demo_all/raw/hand_pose/p52-instrument-0034/bboxes/right/034/brics-odroid-026_cam1_1726248075919046.jsonl,7587,2025-03-18T12:12:06+00:00,jsonl
experiments/datasets/gigahands/demo_all/raw/hand_pose/p52-instrument-0034/bboxes/right/034/brics-odroid-027_cam0_1726248075920761.jsonl,8442,2025-03-18T12:12:06+00:00,jsonl
experiments/datasets/gigahands/demo_all/raw/hand_pose/p52-instrument-0034/bboxes/right/034/brics-odroid-027_cam1_1726248075901290.jsonl,8925,2025-03-18T12:12:06+00:00,jsonl
experiments/datasets/gigahands/demo_all/raw/hand_pose/p52-instrument-0034/bboxes/right/034/brics-odroid-028_cam0_1726248075918916.jsonl,6135,2025-03-18T12:12:06+00:00,jsonl
experiments/datasets/gigahands/demo_all/raw/hand_pose/p52-instrument-0034/bboxes/right/034/brics-odroid-029_cam0_1726248075921759.jsonl,9260,2025-03-18T12:12:06+00:00,jsonl
experiments/datasets/gigahands/demo_all/raw/hand_pose/p52-instrument-0034/bboxes/right/034/brics-odroid-029_cam1_1726248075919410.jsonl,2502,2025-03-18T12:12:06+00:00,jsonl
experiments/datasets/gigahands/demo_all/raw/hand_pose/p52-instrument-0034/bboxes/right/034/brics-odroid-030_cam0_1726248075919248.jsonl,8120,2025-03-18T12:12:06+00:00,jsonl
experiments/datasets/gigahands/demo_all/raw/hand_pose/p52-instrument-0034/bboxes/right/034/brics-odroid-030_cam1_1726248075898349.jsonl,3736,2025-03-18T12:12:06+00:00,jsonl
experiments/datasets/gigahands/demo_all/raw/hand_pose/p52-instrument-0034/keypoints_2d/left/034/brics-odroid-001_cam0_1726248075919692.jsonl,117778,2025-03-18T12:12:34+00:00,jsonl
experiments/datasets/gigahands/demo_all/raw/hand_pose/p52-instrument-0034/keypoints_2d/left/034/brics-odroid-001_cam1_1726248075916703.jsonl,113622,2025-03-18T12:12:34+00:00,jsonl
experiments/datasets/gigahands/demo_all/raw/hand_pose/p52-instrument-0034/keypoints_2d/left/034/brics-odroid-002_cam0_1726248075916486.jsonl,117722,2025-03-18T12:12:34+00:00,jsonl
experiments/datasets/gigahands/demo_all/raw/hand_pose/p52-instrument-0034/keypoints_2d/left/034/brics-odroid-006_cam0_1726248075919070.jsonl,115808,2025-03-18T12:12:34+00:00,jsonl
experiments/datasets/gigahands/demo_all/raw/hand_pose/p52-instrument-0034/keypoints_2d/left/034/brics-odroid-007_cam0_1726248075919485.jsonl,115697,2025-03-18T12:12:34+00:00,jsonl
experiments/datasets/gigahands/demo_all/raw/hand_pose/p52-instrument-0034/keypoints_2d/left/034/brics-odroid-007_cam1_1726248075916352.jsonl,116931,2025-03-18T12:12:34+00:00,jsonl
experiments/datasets/gigahands/demo_all/raw/hand_pose/p52-instrument-0034/keypoints_2d/left/034/brics-odroid-008_cam0_1726248075918988.jsonl,35306,2025-03-18T12:12:34+00:00,jsonl
experiments/datasets/gigahands/demo_all/raw/hand_pose/p52-instrument-0034/keypoints_2d/left/034/brics-odroid-009_cam1_1726248075920402.jsonl,116465,2025-03-18T12:12:34+00:00,jsonl
experiments/datasets/gigahands/demo_all/raw/hand_pose/p52-instrument-0034/keypoints_2d/left/034/brics-odroid-010_cam0_1726248075899849.jsonl,116719,2025-03-18T12:12:34+00:00,jsonl
experiments/datasets/gigahands/demo_all/raw/hand_pose/p52-instrument-0034/keypoints_2d/left/034/brics-odroid-010_cam1_1726248075898237.jsonl,116740,2025-03-18T12:12:34+00:00,jsonl
experiments/datasets/gigahands/demo_all/raw/hand_pose/p52-instrument-0034/keypoints_2d/left/034/brics-odroid-011_cam0_1726248075916375.jsonl,116015,2025-03-18T12:12:34+00:00,jsonl
experiments/datasets/gigahands/demo_all/raw/hand_pose/p52-instrument-0034/keypoints_2d/left/034/brics-odroid-012_cam0_1726248075900543.jsonl,116337,2025-03-18T12:12:34+00:00,jsonl
experiments/datasets/gigahands/demo_all/raw/hand_pose/p52-instrument-0034/keypoints_2d/left/034/brics-odroid-012_cam1_1726248075898880.jsonl,116615,2025-03-18T12:12:34+00:00,jsonl
experiments/datasets/gigahands/demo_all/raw/hand_pose/p52-instrument-0034/keypoints_2d/left/034/brics-odroid-014_cam1_1726248075899038.jsonl,102399,2025-03-18T12:12:34+00:00,jsonl
experiments/datasets/gigahands/demo_all/raw/hand_pose/p52-instrument-0034/keypoints_2d/left/034/brics-odroid-015_cam0_1726248075919717.jsonl,116255,2025-03-18T12:12:34+00:00,jsonl
experiments/datasets/gigahands/demo_all/raw/hand_pose/p52-instrument-0034/keypoints_2d/left/034/brics-odroid-015_cam1_1726248075916814.jsonl,118447,2025-03-18T12:12:34+00:00,jsonl
experiments/datasets/gigahands/demo_all/raw/hand_pose/p52-instrument-0034/keypoints_2d/left/034/brics-odroid-016_cam0_1726248075899055.jsonl,113231,2025-03-18T12:12:34+00:00,jsonl
experiments/datasets/gigahands/demo_all/raw/hand_pose/p52-instrument-0034/keypoints_2d/left/034/brics-odroid-017_cam0_1726248075916389.jsonl,112662,2025-03-18T12:12:34+00:00,jsonl
experiments/datasets/gigahands/demo_all/raw/hand_pose/p52-instrument-0034/keypoints_2d/left/034/brics-odroid-017_cam1_1726248075899604.jsonl,113954,2025-03-18T12:12:34+00:00,jsonl
experiments/datasets/gigahands/demo_all/raw/hand_pose/p52-instrument-0034/keypoints_2d/left/034/brics-odroid-019_cam1_1726248075898088.jsonl,35560,2025-03-18T12:12:34+00:00,jsonl
experiments/datasets/gigahands/demo_all/raw/hand_pose/p52-instrument-0034/keypoints_2d/left/034/brics-odroid-020_cam0_1726248075947597.jsonl,116223,2025-03-18T12:12:34+00:00,jsonl
experiments/datasets/gigahands/demo_all/raw/hand_pose/p52-instrument-0034/keypoints_2d/left/034/brics-odroid-020_cam1_1726248075898428.jsonl,116578,2025-03-18T12:12:34+00:00,jsonl
experiments/datasets/gigahands/demo_all/raw/hand_pose/p52-instrument-0034/keypoints_2d/left/034/brics-odroid-021_cam0_1726248075919118.jsonl,114457,2025-03-18T12:12:34+00:00,jsonl
experiments/datasets/gigahands/demo_all/raw/hand_pose/p52-instrument-0034/keypoints_2d/left/034/brics-odroid-021_cam1_1726248075901750.jsonl,115249,2025-03-18T12:12:34+00:00,jsonl
experiments/datasets/gigahands/demo_all/raw/hand_pose/p52-instrument-0034/keypoints_2d/left/034/brics-odroid-022_cam0_1726248075899735.jsonl,118150,2025-03-18T12:12:34+00:00,jsonl
experiments/datasets/gigahands/demo_all/raw/hand_pose/p52-instrument-0034/keypoints_2d/left/034/brics-odroid-022_cam1_1726248075919476.jsonl,117176,2025-03-18T12:12:34+00:00,jsonl
experiments/datasets/gigahands/demo_all/raw/hand_pose/p52-instrument-0034/keypoints_2d/left/034/brics-odroid-023_cam0_1726248075921458.jsonl,115439,2025-03-18T12:12:34+00:00,jsonl
experiments/datasets/gigahands/demo_all/raw/hand_pose/p52-instrument-0034/keypoints_2d/left/034/brics-odroid-024_cam0_1726248075919808.jsonl,118526,2025-03-18T12:12:34+00:00,jsonl
experiments/datasets/gigahands/demo_all/raw/hand_pose/p52-instrument-0034/keypoints_2d/left/034/brics-odroid-024_cam1_1726248075919633.jsonl,117998,2025-03-18T12:12:34+00:00,jsonl
experiments/datasets/gigahands/demo_all/raw/hand_pose/p52-instrument-0034/keypoints_2d/left/034/brics-odroid-025_cam0_1726248075916777.jsonl,120169,2025-03-18T12:12:34+00:00,jsonl
experiments/datasets/gigahands/demo_all/raw/hand_pose/p52-instrument-0034/keypoints_2d/left/034/brics-odroid-025_cam1_1726248075899060.jsonl,117106,2025-03-18T12:12:34+00:00,jsonl
experiments/datasets/gigahands/demo_all/raw/hand_pose/p52-instrument-0034/keypoints_2d/left/034/brics-odroid-026_cam0_1726248075919858.jsonl,89973,2025-03-18T12:12:34+00:00,jsonl
experiments/datasets/gigahands/demo_all/raw/hand_pose/p52-instrument-0034/keypoints_2d/left/034/brics-odroid-026_cam1_1726248075919046.jsonl,91410,2025-03-18T12:12:34+00:00,jsonl
experiments/datasets/gigahands/demo_all/raw/hand_pose/p52-instrument-0034/keypoints_2d/left/034/brics-odroid-027_cam0_1726248075920761.jsonl,111209,2025-03-18T12:12:34+00:00,jsonl
experiments/datasets/gigahands/demo_all/raw/hand_pose/p52-instrument-0034/keypoints_2d/left/034/brics-odroid-027_cam1_1726248075901290.jsonl,111209,2025-03-18T12:12:34+00:00,jsonl
experiments/datasets/gigahands/demo_all/raw/hand_pose/p52-instrument-0034/keypoints_2d/left/034/brics-odroid-028_cam0_1726248075918916.jsonl,73416,2025-03-18T12:12:34+00:00,jsonl
experiments/datasets/gigahands/demo_all/raw/hand_pose/p52-instrument-0034/keypoints_2d/left/034/brics-odroid-029_cam0_1726248075921759.jsonl,111953,2025-03-18T12:12:34+00:00,jsonl
experiments/datasets/gigahands/demo_all/raw/hand_pose/p52-instrument-0034/keypoints_2d/left/034/brics-odroid-029_cam1_1726248075919410.jsonl,35306,2025-03-18T12:12:34+00:00,jsonl
experiments/datasets/gigahands/demo_all/raw/hand_pose/p52-instrument-0034/keypoints_2d/left/034/brics-odroid-030_cam0_1726248075919248.jsonl,117206,2025-03-18T12:12:34+00:00,jsonl
experiments/datasets/gigahands/demo_all/raw/hand_pose/p52-instrument-0034/keypoints_2d/left/034/brics-odroid-030_cam1_1726248075898349.jsonl,48931,2025-03-18T12:12:34+00:00,jsonl
experiments/datasets/gigahands/demo_all/raw/hand_pose/p52-instrument-0034/keypoints_2d/right/034/brics-odroid-001_cam0_1726248075919692.jsonl,114815,2025-03-18T12:12:21+00:00,jsonl
experiments/datasets/gigahands/demo_all/raw/hand_pose/p52-instrument-0034/keypoints_2d/right/034/brics-odroid-001_cam1_1726248075916703.jsonl,116640,2025-03-18T12:12:21+00:00,jsonl
experiments/datasets/gigahands/demo_all/raw/hand_pose/p52-instrument-0034/keypoints_2d/right/034/brics-odroid-002_cam0_1726248075916486.jsonl,116918,2025-03-18T12:12:22+00:00,jsonl
experiments/datasets/gigahands/demo_all/raw/hand_pose/p52-instrument-0034/keypoints_2d/right/034/brics-odroid-006_cam0_1726248075919070.jsonl,115826,2025-03-18T12:12:21+00:00,jsonl
experiments/datasets/gigahands/demo_all/raw/hand_pose/p52-instrument-0034/keypoints_2d/right/034/brics-odroid-007_cam0_1726248075919485.jsonl,117644,2025-03-18T12:12:22+00:00,jsonl
experiments/datasets/gigahands/demo_all/raw/hand_pose/p52-instrument-0034/keypoints_2d/right/034/brics-odroid-007_cam1_1726248075916352.jsonl,117583,2025-03-18T12:12:21+00:00,jsonl
experiments/datasets/gigahands/demo_all/raw/hand_pose/p52-instrument-0034/keypoints_2d/right/034/brics-odroid-008_cam0_1726248075918988.jsonl,35306,2025-03-18T12:12:22+00:00,jsonl
experiments/datasets/gigahands/demo_all/raw/hand_pose/p52-instrument-0034/keypoints_2d/right/034/brics-odroid-009_cam1_1726248075920402.jsonl,117974,2025-03-18T12:12:21+00:00,jsonl
experiments/datasets/gigahands/demo_all/raw/hand_pose/p52-instrument-0034/keypoints_2d/right/034/brics-odroid-010_cam0_1726248075899849.jsonl,116817,2025-03-18T12:12:21+00:00,jsonl
experiments/datasets/gigahands/demo_all/raw/hand_pose/p52-instrument-0034/keypoints_2d/right/034/brics-odroid-010_cam1_1726248075898237.jsonl,117393,2025-03-18T12:12:21+00:00,jsonl
experiments/datasets/gigahands/demo_all/raw/hand_pose/p52-instrument-0034/keypoints_2d/right/034/brics-odroid-011_cam0_1726248075916375.jsonl,116022,2025-03-18T12:12:22+00:00,jsonl
experiments/datasets/gigahands/demo_all/raw/hand_pose/p52-instrument-0034/keypoints_2d/right/034/brics-odroid-012_cam0_1726248075900543.jsonl,109848,2025-03-18T12:12:21+00:00,jsonl
experiments/datasets/gigahands/demo_all/raw/hand_pose/p52-instrument-0034/keypoints_2d/right/034/brics-odroid-012_cam1_1726248075898880.jsonl,117512,2025-03-18T12:12:21+00:00,jsonl
experiments/datasets/gigahands/demo_all/raw/hand_pose/p52-instrument-0034/keypoints_2d/right/034/brics-odroid-014_cam1_1726248075899038.jsonl,78172,2025-03-18T12:12:22+00:00,jsonl
experiments/datasets/gigahands/demo_all/raw/hand_pose/p52-instrument-0034/keypoints_2d/right/034/brics-odroid-015_cam0_1726248075919717.jsonl,117898,2025-03-18T12:12:21+00:00,jsonl
experiments/datasets/gigahands/demo_all/raw/hand_pose/p52-instrument-0034/keypoints_2d/right/034/brics-odroid-015_cam1_1726248075916814.jsonl,117114,2025-03-18T12:12:21+00:00,jsonl
experiments/datasets/gigahands/demo_all/raw/hand_pose/p52-instrument-0034/keypoints_2d/right/034/brics-odroid-016_cam0_1726248075899055.jsonl,115510,2025-03-18T12:12:21+00:00,jsonl
experiments/datasets/gigahands/demo_all/raw/hand_pose/p52-instrument-0034/keypoints_2d/right/034/brics-odroid-017_cam0_1726248075916389.jsonl,114946,2025-03-18T12:12:21+00:00,jsonl
experiments/datasets/gigahands/demo_all/raw/hand_pose/p52-instrument-0034/keypoints_2d/right/034/brics-odroid-017_cam1_1726248075899604.jsonl,115706,2025-03-18T12:12:21+00:00,jsonl
experiments/datasets/gigahands/demo_all/raw/hand_pose/p52-instrument-0034/keypoints_2d/right/034/brics-odroid-019_cam1_1726248075898088.jsonl,35560,2025-03-18T12:12:21+00:00,jsonl
experiments/datasets/gigahands/demo_all/raw/hand_pose/p52-instrument-0034/keypoints_2d/right/034/brics-odroid-020_cam0_1726248075947597.jsonl,116292,2025-03-18T12:12:21+00:00,jsonl
experiments/datasets/gigahands/demo_all/raw/hand_pose/p52-instrument-0034/keypoints_2d/right/034/brics-odroid-020_cam1_1726248075898428.jsonl,97223,2025-03-18T12:12:21+00:00,jsonl
experiments/datasets/gigahands/demo_all/raw/hand_pose/p52-instrument-0034/keypoints_2d/right/034/brics-odroid-021_cam0_1726248075919118.jsonl,116856,2025-03-18T12:12:21+00:00,jsonl
experiments/datasets/gigahands/demo_all/raw/hand_pose/p52-instrument-0034/keypoints_2d/right/034/brics-odroid-021_cam1_1726248075901750.jsonl,116266,2025-03-18T12:12:21+00:00,jsonl
experiments/datasets/gigahands/demo_all/raw/hand_pose/p52-instrument-0034/keypoints_2d/right/034/brics-odroid-022_cam0_1726248075899735.jsonl,117336,2025-03-18T12:12:22+00:00,jsonl
experiments/datasets/gigahands/demo_all/raw/hand_pose/p52-instrument-0034/keypoints_2d/right/034/brics-odroid-022_cam1_1726248075919476.jsonl,117995,2025-03-18T12:12:21+00:00,jsonl
experiments/datasets/gigahands/demo_all/raw/hand_pose/p52-instrument-0034/keypoints_2d/right/034/brics-odroid-023_cam0_1726248075921458.jsonl,117052,2025-03-18T12:12:21+00:00,jsonl
experiments/datasets/gigahands/demo_all/raw/hand_pose/p52-instrument-0034/keypoints_2d/right/034/brics-odroid-024_cam0_1726248075919808.jsonl,115914,2025-03-18T12:12:22+00:00,jsonl
experiments/datasets/gigahands/demo_all/raw/hand_pose/p52-instrument-0034/keypoints_2d/right/034/brics-odroid-024_cam1_1726248075919633.jsonl,117273,2025-03-18T12:12:21+00:00,jsonl
experiments/datasets/gigahands/demo_all/raw/hand_pose/p52-instrument-0034/keypoints_2d/right/034/brics-odroid-025_cam0_1726248075916777.jsonl,116414,2025-03-18T12:12:21+00:00,jsonl
experiments/datasets/gigahands/demo_all/raw/hand_pose/p52-instrument-0034/keypoints_2d/right/034/brics-odroid-025_cam1_1726248075899060.jsonl,116111,2025-03-18T12:12:21+00:00,jsonl
experiments/datasets/gigahands/demo_all/raw/hand_pose/p52-instrument-0034/keypoints_2d/right/034/brics-odroid-026_cam0_1726248075919858.jsonl,90071,2025-03-18T12:12:21+00:00,jsonl
experiments/datasets/gigahands/demo_all/raw/hand_pose/p52-instrument-0034/keypoints_2d/right/034/brics-odroid-026_cam1_1726248075919046.jsonl,94235,2025-03-18T12:12:21+00:00,jsonl
experiments/datasets/gigahands/demo_all/raw/hand_pose/p52-instrument-0034/keypoints_2d/right/034/brics-odroid-027_cam0_1726248075920761.jsonl,101774,2025-03-18T12:12:21+00:00,jsonl
experiments/datasets/gigahands/demo_all/raw/hand_pose/p52-instrument-0034/keypoints_2d/right/034/brics-odroid-027_cam1_1726248075901290.jsonl,114415,2025-03-18T12:12:22+00:00,jsonl
experiments/datasets/gigahands/demo_all/raw/hand_pose/p52-instrument-0034/keypoints_2d/right/034/brics-odroid-028_cam0_1726248075918916.jsonl,77086,2025-03-18T12:12:21+00:00,jsonl
experiments/datasets/gigahands/demo_all/raw/hand_pose/p52-instrument-0034/keypoints_2d/right/034/brics-odroid-029_cam0_1726248075921759.jsonl,116769,2025-03-18T12:12:21+00:00,jsonl
experiments/datasets/gigahands/demo_all/raw/hand_pose/p52-instrument-0034/keypoints_2d/right/034/brics-odroid-029_cam1_1726248075919410.jsonl,35306,2025-03-18T12:12:21+00:00,jsonl
experiments/datasets/gigahands/demo_all/raw/hand_pose/p52-instrument-0034/keypoints_2d/right/034/brics-odroid-030_cam0_1726248075919248.jsonl,107801,2025-03-18T12:12:21+00:00,jsonl
experiments/datasets/gigahands/demo_all/raw/hand_pose/p52-instrument-0034/keypoints_2d/right/034/brics-odroid-030_cam1_1726248075898349.jsonl,48954,2025-03-18T12:12:21+00:00,jsonl
experiments/datasets/gigahands/demo_all/raw/hand_pose/p52-instrument-0034/keypoints_3d/034/chosen_frames_left.json,823,2025-03-18T12:12:51+00:00,json
experiments/datasets/gigahands/demo_all/raw/hand_pose/p52-instrument-0034/keypoints_3d/034/chosen_frames_right.json,823,2025-03-18T12:12:51+00:00,json
experiments/datasets/gigahands/demo_all/raw/hand_pose/p52-instrument-0034/keypoints_3d/034/left.jsonl,177484,2025-03-18T12:12:51+00:00,jsonl
experiments/datasets/gigahands/demo_all/raw/hand_pose/p52-instrument-0034/keypoints_3d/034/right.jsonl,179106,2025-03-18T12:12:51+00:00,jsonl
experiments/datasets/gigahands/demo_all/raw/hand_pose/p52-instrument-0034/keypoints_3d_mano/034.json,365755,2025-04-17T16:18:59+00:00,json
experiments/datasets/gigahands/demo_all/raw/hand_pose/p52-instrument-0034/mano_vid/034.mp4,2680127,2025-03-18T12:13:00+00:00,mp4
experiments/datasets/gigahands/demo_all/raw/hand_pose/p52-instrument-0034/optim_params.txt,16165,2025-03-18T12:10:53+00:00,txt
experiments/datasets/gigahands/demo_all/raw/hand_pose/p52-instrument-0034/params/034.json,277703,2025-03-18T12:13:08+00:00,json
experiments/datasets/gigahands/demo_all/raw/hand_pose/p52-instrument-0034/repro_2d_vid/034.mp4,3882502,2025-03-18T12:13:20+00:00,mp4
experiments/datasets/gigahands/demo_all/raw/hand_pose/p52-instrument-0034/repro_3d_vid/034.mp4,3832792,2025-03-18T12:13:25+00:00,mp4
experiments/datasets/gigahands/demo_all/raw/hand_pose/p52-instrument-0034/rgb_vid/brics-odroid-001_cam0/brics-odroid-001_cam0_1726248089323148.mp4,1091923,2024-09-14T09:35:02+00:00,mp4
experiments/datasets/gigahands/demo_all/raw/hand_pose/p52-instrument-0034/rgb_vid/brics-odroid-001_cam0/brics-odroid-001_cam0_1726248089323148.txt,5976,2024-09-13T17:21:34+00:00,txt
experiments/datasets/gigahands/demo_all/raw/hand_pose/p52-instrument-0034/rgb_vid/brics-odroid-001_cam1/brics-odroid-001_cam1_1726248229960669.mp4,826891,2024-09-14T09:37:08+00:00,mp4
experiments/datasets/gigahands/demo_all/raw/hand_pose/p52-instrument-0034/rgb_vid/brics-odroid-001_cam1/brics-odroid-001_cam1_1726248229960669.txt,6876,2024-09-13T17:23:56+00:00,txt
experiments/datasets/gigahands/demo_all/raw/hand_pose/p52-instrument-0034/rgb_vid/brics-odroid-002_cam0/brics-odroid-002_cam0_1726248075916486.mp4,754647,2024-09-14T09:41:53+00:00,mp4
experiments/datasets/gigahands/demo_all/raw/hand_pose/p52-instrument-0034/rgb_vid/brics-odroid-002_cam0/brics-odroid-002_cam0_1726248075916486.txt,5004,2024-09-13T17:21:20+00:00,txt
experiments/datasets/gigahands/demo_all/raw/hand_pose/p52-instrument-0034/rgb_vid/brics-odroid-004_cam0/brics-odroid-004_cam0_1726248089342253.mp4,595467,2024-09-14T09:47:04+00:00,mp4
experiments/datasets/gigahands/demo_all/raw/hand_pose/p52-instrument-0034/rgb_vid/brics-odroid-004_cam0/brics-odroid-004_cam0_1726248089342253.txt,5940,2024-09-13T17:21:34+00:00,txt
experiments/datasets/gigahands/demo_all/raw/hand_pose/p52-instrument-0034/rgb_vid/brics-odroid-006_cam0/brics-odroid-006_cam0_1726248089322644.mp4,1198807,2024-09-14T09:52:10+00:00,mp4
experiments/datasets/gigahands/demo_all/raw/hand_pose/p52-instrument-0034/rgb_vid/brics-odroid-006_cam0/brics-odroid-006_cam0_1726248089322644.txt,5976,2024-09-13T17:21:34+00:00,txt
experiments/datasets/gigahands/demo_all/raw/hand_pose/p52-instrument-0034/rgb_vid/brics-odroid-007_cam0/brics-odroid-007_cam0_1726248075919485.mp4,877109,2024-09-14T09:57:37+00:00,mp4
experiments/datasets/gigahands/demo_all/raw/hand_pose/p52-instrument-0034/rgb_vid/brics-odroid-007_cam0/brics-odroid-007_cam0_1726248075919485.txt,5004,2024-09-13T17:21:20+00:00,txt
experiments/datasets/gigahands/demo_all/raw/hand_pose/p52-instrument-0034/rgb_vid/brics-odroid-007_cam1/brics-odroid-007_cam1_1726248075916352.mp4,914085,2024-09-14T10:03:03+00:00,mp4
experiments/datasets/gigahands/demo_all/raw/hand_pose/p52-instrument-0034/rgb_vid/brics-odroid-007_cam1/brics-odroid-007_cam1_1726248075916352.txt,5004,2024-09-13T17:21:20+00:00,txt
experiments/datasets/gigahands/demo_all/raw/hand_pose/p52-instrument-0034/rgb_vid/brics-odroid-008_cam0/brics-odroid-008_cam0_1726248089322543.mp4,741679,2024-09-14T10:08:23+00:00,mp4
experiments/datasets/gigahands/demo_all/raw/hand_pose/p52-instrument-0034/rgb_vid/brics-odroid-008_cam0/brics-odroid-008_cam0_1726248089322543.txt,6012,2024-09-13T17:21:34+00:00,txt
experiments/datasets/gigahands/demo_all/raw/hand_pose/p52-instrument-0034/rgb_vid/brics-odroid-008_cam1/brics-odroid-008_cam1_1726248089342386.mp4,876091,2024-09-14T10:13:38+00:00,mp4
experiments/datasets/gigahands/demo_all/raw/hand_pose/p52-instrument-0034/rgb_vid/brics-odroid-008_cam1/brics-odroid-008_cam1_1726248089342386.txt,5940,2024-09-13T17:21:34+00:00,txt
experiments/datasets/gigahands/demo_all/raw/hand_pose/p52-instrument-0034/rgb_vid/brics-odroid-009_cam0/brics-odroid-009_cam0_1726248089324678.mp4,739644,2024-09-14T10:18:43+00:00,mp4
experiments/datasets/gigahands/demo_all/raw/hand_pose/p52-instrument-0034/rgb_vid/brics-odroid-009_cam0/brics-odroid-009_cam0_1726248089324678.txt,5976,2024-09-13T17:21:34+00:00,txt
experiments/datasets/gigahands/demo_all/raw/hand_pose/p52-instrument-0034/rgb_vid/brics-odroid-009_cam1/brics-odroid-009_cam1_1726248089323255.mp4,1041906,2024-09-14T10:23:59+00:00,mp4
experiments/datasets/gigahands/demo_all/raw/hand_pose/p52-instrument-0034/rgb_vid/brics-odroid-009_cam1/brics-odroid-009_cam1_1726248089323255.txt,5976,2024-09-13T17:21:34+00:00,txt
experiments/datasets/gigahands/demo_all/raw/hand_pose/p52-instrument-0034/rgb_vid/brics-odroid-010_cam0/brics-odroid-010_cam0_1726248089342000.mp4,1033548,2024-09-14T10:29:24+00:00,mp4
experiments/datasets/gigahands/demo_all/raw/hand_pose/p52-instrument-0034/rgb_vid/brics-odroid-010_cam0/brics-odroid-010_cam0_1726248089342000.txt,5976,2024-09-13T17:21:34+00:00,txt
experiments/datasets/gigahands/demo_all/raw/hand_pose/p52-instrument-0034/rgb_vid/brics-odroid-010_cam1/brics-odroid-010_cam1_1726248089324827.mp4,869140,2024-09-14T10:34:48+00:00,mp4
experiments/datasets/gigahands/demo_all/raw/hand_pose/p52-instrument-0034/rgb_vid/brics-odroid-010_cam1/brics-odroid-010_cam1_1726248089324827.txt,5976,2024-09-13T17:21:34+00:00,txt
experiments/datasets/gigahands/demo_all/raw/hand_pose/p52-instrument-0034/rgb_vid/brics-odroid-011_cam0/brics-odroid-011_cam0_1726248089342746.mp4,1094499,2024-09-14T10:40:06+00:00,mp4
experiments/datasets/gigahands/demo_all/raw/hand_pose/p52-instrument-0034/rgb_vid/brics-odroid-011_cam0/brics-odroid-011_cam0_1726248089342746.txt,5940,2024-09-13T17:21:34+00:00,txt
experiments/datasets/gigahands/demo_all/raw/hand_pose/p52-instrument-0034/rgb_vid/brics-odroid-012_cam0/brics-odroid-012_cam0_1726248089343649.mp4,1036314,2024-09-14T10:45:28+00:00,mp4
experiments/datasets/gigahands/demo_all/raw/hand_pose/p52-instrument-0034/rgb_vid/brics-odroid-012_cam0/brics-odroid-012_cam0_1726248089343649.txt,5976,2024-09-13T17:21:34+00:00,txt
experiments/datasets/gigahands/demo_all/raw/hand_pose/p52-instrument-0034/rgb_vid/brics-odroid-012_cam1/brics-odroid-012_cam1_1726248075898880.mp4,870757,2024-09-14T10:50:52+00:00,mp4
experiments/datasets/gigahands/demo_all/raw/hand_pose/p52-instrument-0034/rgb_vid/brics-odroid-012_cam1/brics-odroid-012_cam1_1726248075898880.txt,5004,2024-09-13T17:21:20+00:00,txt
experiments/datasets/gigahands/demo_all/raw/hand_pose/p52-instrument-0034/rgb_vid/brics-odroid-013_cam0/brics-odroid-013_cam0_1726248089341861.mp4,734617,2024-09-14T10:56:11+00:00,mp4
experiments/datasets/gigahands/demo_all/raw/hand_pose/p52-instrument-0034/rgb_vid/brics-odroid-013_cam0/brics-odroid-013_cam0_1726248089341861.txt,5976,2024-09-13T17:21:34+00:00,txt
experiments/datasets/gigahands/demo_all/raw/hand_pose/p52-instrument-0034/rgb_vid/brics-odroid-013_cam1/brics-odroid-013_cam1_1726248075898083.mp4,671941,2024-09-14T11:01:20+00:00,mp4
experiments/datasets/gigahands/demo_all/raw/hand_pose/p52-instrument-0034/rgb_vid/brics-odroid-013_cam1/brics-odroid-013_cam1_1726248075898083.txt,5040,2024-09-13T17:21:20+00:00,txt
experiments/datasets/gigahands/demo_all/raw/hand_pose/p52-instrument-0034/rgb_vid/brics-odroid-014_cam0/brics-odroid-014_cam0_1726248075899859.mp4,664379,2024-09-14T11:06:34+00:00,mp4
experiments/datasets/gigahands/demo_all/raw/hand_pose/p52-instrument-0034/rgb_vid/brics-odroid-014_cam0/brics-odroid-014_cam0_1726248075899859.txt,5004,2024-09-13T17:21:20+00:00,txt
experiments/datasets/gigahands/demo_all/raw/hand_pose/p52-instrument-0034/rgb_vid/brics-odroid-014_cam1/brics-odroid-014_cam1_1726248089324979.mp4,1044091,2024-09-14T11:11:49+00:00,mp4
experiments/datasets/gigahands/demo_all/raw/hand_pose/p52-instrument-0034/rgb_vid/brics-odroid-014_cam1/brics-odroid-014_cam1_1726248089324979.txt,5976,2024-09-13T17:21:34+00:00,txt
experiments/datasets/gigahands/demo_all/raw/hand_pose/p52-instrument-0034/rgb_vid/brics-odroid-015_cam0/brics-odroid-015_cam0_1726248089324206.mp4,1105356,2024-09-14T11:17:13+00:00,mp4
experiments/datasets/gigahands/demo_all/raw/hand_pose/p52-instrument-0034/rgb_vid/brics-odroid-015_cam0/brics-odroid-015_cam0_1726248089324206.txt,5976,2024-09-13T17:21:34+00:00,txt
experiments/datasets/gigahands/demo_all/raw/hand_pose/p52-instrument-0034/rgb_vid/brics-odroid-015_cam1/brics-odroid-015_cam1_1726248075916814.mp4,879919,2024-09-14T11:22:32+00:00,mp4
experiments/datasets/gigahands/demo_all/raw/hand_pose/p52-instrument-0034/rgb_vid/brics-odroid-015_cam1/brics-odroid-015_cam1_1726248075916814.txt,5004,2024-09-13T17:21:20+00:00,txt
experiments/datasets/gigahands/demo_all/raw/hand_pose/p52-instrument-0034/rgb_vid/brics-odroid-016_cam0/brics-odroid-016_cam0_1726248075899055.mp4,921507,2024-09-14T11:27:53+00:00,mp4
experiments/datasets/gigahands/demo_all/raw/hand_pose/p52-instrument-0034/rgb_vid/brics-odroid-016_cam0/brics-odroid-016_cam0_1726248075899055.txt,5004,2024-09-13T17:21:20+00:00,txt
experiments/datasets/gigahands/demo_all/raw/hand_pose/p52-instrument-0034/rgb_vid/brics-odroid-017_cam0/brics-odroid-017_cam0_1726248089342664.mp4,1029780,2024-09-14T11:33:21+00:00,mp4
experiments/datasets/gigahands/demo_all/raw/hand_pose/p52-instrument-0034/rgb_vid/brics-odroid-017_cam0/brics-odroid-017_cam0_1726248089342664.txt,5940,2024-09-13T17:21:34+00:00,txt
experiments/datasets/gigahands/demo_all/raw/hand_pose/p52-instrument-0034/rgb_vid/brics-odroid-017_cam1/brics-odroid-017_cam1_1726248089341882.mp4,1018015,2024-09-14T11:38:32+00:00,mp4
experiments/datasets/gigahands/demo_all/raw/hand_pose/p52-instrument-0034/rgb_vid/brics-odroid-017_cam1/brics-odroid-017_cam1_1726248089341882.txt,5940,2024-09-13T17:21:34+00:00,txt
experiments/datasets/gigahands/demo_all/raw/hand_pose/p52-instrument-0034/rgb_vid/brics-odroid-018_cam0/brics-odroid-018_cam0_1726248089324364.mp4,790410,2024-09-14T11:43:55+00:00,mp4
experiments/datasets/gigahands/demo_all/raw/hand_pose/p52-instrument-0034/rgb_vid/brics-odroid-018_cam0/brics-odroid-018_cam0_1726248089324364.txt,5976,2024-09-13T17:21:34+00:00,txt
experiments/datasets/gigahands/demo_all/raw/hand_pose/p52-instrument-0034/rgb_vid/brics-odroid-018_cam1/brics-odroid-018_cam1_1726248089323054.mp4,724819,2024-09-14T11:49:10+00:00,mp4
experiments/datasets/gigahands/demo_all/raw/hand_pose/p52-instrument-0034/rgb_vid/brics-odroid-018_cam1/brics-odroid-018_cam1_1726248089323054.txt,5976,2024-09-13T17:21:34+00:00,txt
experiments/datasets/gigahands/demo_all/raw/hand_pose/p52-instrument-0034/rgb_vid/brics-odroid-019_cam0/brics-odroid-019_cam0_1726248075898577.mp4,528551,2024-09-14T11:54:17+00:00,mp4
experiments/datasets/gigahands/demo_all/raw/hand_pose/p52-instrument-0034/rgb_vid/brics-odroid-019_cam0/brics-odroid-019_cam0_1726248075898577.txt,5004,2024-09-13T17:21:20+00:00,txt
experiments/datasets/gigahands/demo_all/raw/hand_pose/p52-instrument-0034/rgb_vid/brics-odroid-019_cam1/brics-odroid-019_cam1_1726248089324327.mp4,705485,2024-09-14T11:59:22+00:00,mp4
experiments/datasets/gigahands/demo_all/raw/hand_pose/p52-instrument-0034/rgb_vid/brics-odroid-019_cam1/brics-odroid-019_cam1_1726248089324327.txt,5976,2024-09-13T17:21:34+00:00,txt
experiments/datasets/gigahands/demo_all/raw/hand_pose/p52-instrument-0034/rgb_vid/brics-odroid-020_cam0/brics-odroid-020_cam0_1726248089342118.mp4,902472,2024-09-14T12:04:38+00:00,mp4
experiments/datasets/gigahands/demo_all/raw/hand_pose/p52-instrument-0034/rgb_vid/brics-odroid-020_cam0/brics-odroid-020_cam0_1726248089342118.txt,5976,2024-09-13T17:21:34+00:00,txt
experiments/datasets/gigahands/demo_all/raw/hand_pose/p52-instrument-0034/rgb_vid/brics-odroid-020_cam1/brics-odroid-020_cam1_1726248089324791.mp4,993012,2024-09-14T12:09:58+00:00,mp4
experiments/datasets/gigahands/demo_all/raw/hand_pose/p52-instrument-0034/rgb_vid/brics-odroid-020_cam1/brics-odroid-020_cam1_1726248089324791.txt,5976,2024-09-13T17:21:34+00:00,txt
experiments/datasets/gigahands/demo_all/raw/hand_pose/p52-instrument-0034/rgb_vid/brics-odroid-021_cam0/brics-odroid-021_cam0_1726248075919118.mp4,864620,2024-09-14T12:15:19+00:00,mp4
experiments/datasets/gigahands/demo_all/raw/hand_pose/p52-instrument-0034/rgb_vid/brics-odroid-021_cam0/brics-odroid-021_cam0_1726248075919118.txt,5004,2024-09-13T17:21:20+00:00,txt
experiments/datasets/gigahands/demo_all/raw/hand_pose/p52-instrument-0034/rgb_vid/brics-odroid-021_cam1/brics-odroid-021_cam1_1726248089342510.mp4,980619,2024-09-14T12:20:32+00:00,mp4
experiments/datasets/gigahands/demo_all/raw/hand_pose/p52-instrument-0034/rgb_vid/brics-odroid-021_cam1/brics-odroid-021_cam1_1726248089342510.txt,5940,2024-09-13T17:21:34+00:00,txt
experiments/datasets/gigahands/demo_all/raw/hand_pose/p52-instrument-0034/rgb_vid/brics-odroid-022_cam0/brics-odroid-022_cam0_1726248089323915.mp4,903670,2024-09-14T12:25:50+00:00,mp4
experiments/datasets/gigahands/demo_all/raw/hand_pose/p52-instrument-0034/rgb_vid/brics-odroid-022_cam0/brics-odroid-022_cam0_1726248089323915.txt,5976,2024-09-13T17:21:34+00:00,txt
experiments/datasets/gigahands/demo_all/raw/hand_pose/p52-instrument-0034/rgb_vid/brics-odroid-022_cam1/brics-odroid-022_cam1_1726248089321960.mp4,1000111,2024-09-14T12:31:09+00:00,mp4
experiments/datasets/gigahands/demo_all/raw/hand_pose/p52-instrument-0034/rgb_vid/brics-odroid-022_cam1/brics-odroid-022_cam1_1726248089321960.txt,5976,2024-09-13T17:21:34+00:00,txt
experiments/datasets/gigahands/demo_all/raw/hand_pose/p52-instrument-0034/rgb_vid/brics-odroid-023_cam0/brics-odroid-023_cam0_1726248075921458.mp4,1012754,2024-09-14T12:36:32+00:00,mp4
experiments/datasets/gigahands/demo_all/raw/hand_pose/p52-instrument-0034/rgb_vid/brics-odroid-023_cam0/brics-odroid-023_cam0_1726248075921458.txt,5004,2024-09-13T17:21:20+00:00,txt
experiments/datasets/gigahands/demo_all/raw/hand_pose/p52-instrument-0034/rgb_vid/brics-odroid-024_cam0/brics-odroid-024_cam0_1726248075919808.mp4,920654,2024-09-14T12:42:03+00:00,mp4
experiments/datasets/gigahands/demo_all/raw/hand_pose/p52-instrument-0034/rgb_vid/brics-odroid-024_cam0/brics-odroid-024_cam0_1726248075919808.txt,5004,2024-09-13T17:21:20+00:00,txt
experiments/datasets/gigahands/demo_all/raw/hand_pose/p52-instrument-0034/rgb_vid/brics-odroid-024_cam1/brics-odroid-024_cam1_1726248089322560.mp4,1053851,2024-09-14T12:47:33+00:00,mp4
experiments/datasets/gigahands/demo_all/raw/hand_pose/p52-instrument-0034/rgb_vid/brics-odroid-024_cam1/brics-odroid-024_cam1_1726248089322560.txt,5976,2024-09-13T17:21:34+00:00,txt
experiments/datasets/gigahands/demo_all/raw/hand_pose/p52-instrument-0034/rgb_vid/brics-odroid-025_cam0/brics-odroid-025_cam0_1726248089342642.mp4,1272995,2024-09-14T12:52:57+00:00,mp4
experiments/datasets/gigahands/demo_all/raw/hand_pose/p52-instrument-0034/rgb_vid/brics-odroid-025_cam0/brics-odroid-025_cam0_1726248089342642.txt,5940,2024-09-13T17:21:34+00:00,txt
experiments/datasets/gigahands/demo_all/raw/hand_pose/p52-instrument-0034/rgb_vid/brics-odroid-025_cam1/brics-odroid-025_cam1_1726248075899060.mp4,1086433,2024-09-14T12:58:24+00:00,mp4
experiments/datasets/gigahands/demo_all/raw/hand_pose/p52-instrument-0034/rgb_vid/brics-odroid-025_cam1/brics-odroid-025_cam1_1726248075899060.txt,5004,2024-09-13T17:21:20+00:00,txt
experiments/datasets/gigahands/demo_all/raw/hand_pose/p52-instrument-0034/rgb_vid/brics-odroid-026_cam0/brics-odroid-026_cam0_1726248089323527.mp4,811342,2024-09-14T13:03:52+00:00,mp4
experiments/datasets/gigahands/demo_all/raw/hand_pose/p52-instrument-0034/rgb_vid/brics-odroid-026_cam0/brics-odroid-026_cam0_1726248089323527.txt,5976,2024-09-13T17:21:34+00:00,txt
experiments/datasets/gigahands/demo_all/raw/hand_pose/p52-instrument-0034/rgb_vid/brics-odroid-026_cam1/brics-odroid-026_cam1_1726248089342819.mp4,1012276,2024-09-14T13:09:11+00:00,mp4
experiments/datasets/gigahands/demo_all/raw/hand_pose/p52-instrument-0034/rgb_vid/brics-odroid-026_cam1/brics-odroid-026_cam1_1726248089342819.txt,5940,2024-09-13T17:21:34+00:00,txt
experiments/datasets/gigahands/demo_all/raw/hand_pose/p52-instrument-0034/rgb_vid/brics-odroid-027_cam0/brics-odroid-027_cam0_1726248075920761.mp4,727011,2024-09-14T13:14:32+00:00,mp4
experiments/datasets/gigahands/demo_all/raw/hand_pose/p52-instrument-0034/rgb_vid/brics-odroid-027_cam0/brics-odroid-027_cam0_1726248075920761.txt,5004,2024-09-13T17:21:20+00:00,txt
experiments/datasets/gigahands/demo_all/raw/hand_pose/p52-instrument-0034/rgb_vid/brics-odroid-027_cam1/brics-odroid-027_cam1_1726248075901290.mp4,744621,2024-09-14T13:19:49+00:00,mp4
experiments/datasets/gigahands/demo_all/raw/hand_pose/p52-instrument-0034/rgb_vid/brics-odroid-027_cam1/brics-odroid-027_cam1_1726248075901290.txt,5004,2024-09-13T17:21:20+00:00,txt
experiments/datasets/gigahands/demo_all/raw/hand_pose/p52-instrument-0034/rgb_vid/brics-odroid-028_cam0/brics-odroid-028_cam0_1726248075918916.mp4,707015,2024-09-14T13:25:05+00:00,mp4
experiments/datasets/gigahands/demo_all/raw/hand_pose/p52-instrument-0034/rgb_vid/brics-odroid-028_cam0/brics-odroid-028_cam0_1726248075918916.txt,5004,2024-09-13T17:21:20+00:00,txt
experiments/datasets/gigahands/demo_all/raw/hand_pose/p52-instrument-0034/rgb_vid/brics-odroid-029_cam0/brics-odroid-029_cam0_1726248089324241.mp4,904773,2024-09-14T13:30:26+00:00,mp4
experiments/datasets/gigahands/demo_all/raw/hand_pose/p52-instrument-0034/rgb_vid/brics-odroid-029_cam0/brics-odroid-029_cam0_1726248089324241.txt,5976,2024-09-13T17:21:34+00:00,txt
experiments/datasets/gigahands/demo_all/raw/hand_pose/p52-instrument-0034/rgb_vid/brics-odroid-029_cam1/brics-odroid-029_cam1_1726248089322144.mp4,826627,2024-09-14T13:35:50+00:00,mp4
experiments/datasets/gigahands/demo_all/raw/hand_pose/p52-instrument-0034/rgb_vid/brics-odroid-029_cam1/brics-odroid-029_cam1_1726248089322144.txt,5976,2024-09-13T17:21:34+00:00,txt
experiments/datasets/gigahands/demo_all/raw/hand_pose/p52-instrument-0034/rgb_vid/brics-odroid-030_cam0/brics-odroid-030_cam0_1726248075919248.mp4,742261,2024-09-14T13:41:03+00:00,mp4
experiments/datasets/gigahands/demo_all/raw/hand_pose/p52-instrument-0034/rgb_vid/brics-odroid-030_cam0/brics-odroid-030_cam0_1726248075919248.txt,5004,2024-09-13T17:21:20+00:00,txt
experiments/datasets/gigahands/demo_all/raw/hand_pose/p52-instrument-0034/rgb_vid/brics-odroid-030_cam1/brics-odroid-030_cam1_1726248075898349.mp4,724932,2024-09-14T13:46:28+00:00,mp4
experiments/datasets/gigahands/demo_all/raw/hand_pose/p52-instrument-0034/rgb_vid/brics-odroid-030_cam1/brics-odroid-030_cam1_1726248075898349.txt,5004,2024-09-13T17:21:20+00:00,txt
experiments/datasets/gigahands/demo_all/raw/object_pose/p36-tea-0010/mesh/ngp_mesh/volume_raw/000000_filtered_bounded_clutered_samples.ply,75313,2025-03-18T10:20:38+00:00,ply
experiments/datasets/gigahands/demo_all/raw/object_pose/p36-tea-0010/mesh/ngp_mesh/volume_raw/000000_filtered_bounded_samples.ply,82273,2025-03-18T10:20:38+00:00,ply
experiments/datasets/gigahands/demo_all/raw/object_pose/p36-tea-0010/mesh/ngp_mesh/volume_raw/000000_filtered_samples.ply,97217,2025-03-18T10:20:38+00:00,ply
experiments/datasets/gigahands/demo_all/raw/object_pose/p36-tea-0010/mesh/ngp_mesh/volume_raw/128x128x128_0.bin,33554432,2025-03-18T10:20:38+00:00,bin
experiments/datasets/gigahands/demo_all/raw/object_pose/p36-tea-0010/pose/optimized_pose.json,46139,2025-03-18T10:20:38+00:00,json
experiments/datasets/gigahands/demo_all/raw/object_pose/p36-tea-0010/pose/transform_mesh.mtl,38,2025-03-18T10:20:38+00:00,mtl
experiments/datasets/gigahands/demo_all/raw/object_pose/p36-tea-0010/pose/transform_mesh.obj,841618,2025-03-18T10:20:38+00:00,obj
experiments/datasets/gigahands/demo_all/raw/object_pose/p36-tea-0010/pose/transform_mesh.png,3749798,2025-03-18T10:20:38+00:00,png
experiments/datasets/gigahands/demo_all/raw/object_pose/p41-boxing-0021/mesh/ngp_mesh/volume_raw/000030_filtered_bounded_clutered_samples.ply,102321,2025-03-18T10:24:24+00:00,ply
experiments/datasets/gigahands/demo_all/raw/object_pose/p41-boxing-0021/mesh/ngp_mesh/volume_raw/000030_filtered_bounded_samples.ply,105761,2025-03-18T10:24:24+00:00,ply
experiments/datasets/gigahands/demo_all/raw/object_pose/p41-boxing-0021/mesh/ngp_mesh/volume_raw/000030_filtered_samples.ply,335906,2025-03-18T10:24:24+00:00,ply
experiments/datasets/gigahands/demo_all/raw/object_pose/p41-boxing-0021/mesh/ngp_mesh/volume_raw/128x128x128_0.bin,33554432,2025-03-18T10:24:24+00:00,bin
experiments/datasets/gigahands/demo_all/raw/object_pose/p41-boxing-0021/pose/optimized_pose.json,25175,2025-03-18T10:24:24+00:00,json
experiments/datasets/gigahands/demo_all/raw/object_pose/p41-boxing-0021/pose/transform_mesh.mtl,38,2025-03-18T10:24:24+00:00,mtl
experiments/datasets/gigahands/demo_all/raw/object_pose/p41-boxing-0021/pose/transform_mesh.obj,843894,2025-03-18T10:24:24+00:00,obj
experiments/datasets/gigahands/demo_all/raw/object_pose/p41-boxing-0021/pose/transform_mesh.png,4320856,2025-03-18T10:24:24+00:00,png
experiments/datasets/gigahands/demo_all/raw/object_pose/p41-plant-0004/mesh/ngp_mesh/volume_raw/000021_filtered_bounded_clutered_samples.ply,5472,2025-03-18T10:25:21+00:00,ply
experiments/datasets/gigahands/demo_all/raw/object_pose/p41-plant-0004/mesh/ngp_mesh/volume_raw/000021_filtered_bounded_samples.ply,12928,2025-03-18T10:25:21+00:00,ply
experiments/datasets/gigahands/demo_all/raw/object_pose/p41-plant-0004/mesh/ngp_mesh/volume_raw/000021_filtered_samples.ply,63073,2025-03-18T10:25:21+00:00,ply
experiments/datasets/gigahands/demo_all/raw/object_pose/p41-plant-0004/mesh/ngp_mesh/volume_raw/128x128x128_0.bin,33554432,2025-03-18T10:25:21+00:00,bin
experiments/datasets/gigahands/demo_all/raw/object_pose/p41-plant-0004/pose/optimized_pose.json,21045,2025-03-18T10:25:21+00:00,json
experiments/datasets/gigahands/demo_all/raw/object_pose/p41-plant-0004/pose/transform_mesh.mtl,38,2025-03-18T10:25:21+00:00,mtl
experiments/datasets/gigahands/demo_all/raw/object_pose/p41-plant-0004/pose/transform_mesh.obj,413446,2025-03-18T10:25:21+00:00,obj
experiments/datasets/gigahands/demo_all/raw/object_pose/p41-plant-0004/pose/transform_mesh.png,3389723,2025-03-18T10:25:21+00:00,png
experiments/datasets/gigahands/demo_all/raw/object_pose/p44-dog-0004/mesh/ngp_mesh/volume_raw/000330_filtered_bounded_clutered_samples.ply,156497,2025-03-14T14:20:38+00:00,ply
experiments/datasets/gigahands/demo_all/raw/object_pose/p44-dog-0004/mesh/ngp_mesh/volume_raw/000330_filtered_bounded_samples.ply,163218,2025-03-14T14:20:38+00:00,ply
experiments/datasets/gigahands/demo_all/raw/object_pose/p44-dog-0004/mesh/ngp_mesh/volume_raw/000330_filtered_samples.ply,182578,2025-03-14T14:20:38+00:00,ply
experiments/datasets/gigahands/demo_all/raw/object_pose/p44-dog-0004/mesh/ngp_mesh/volume_raw/128x128x128_0.bin,33554432,2025-03-14T14:20:38+00:00,bin
experiments/datasets/gigahands/demo_all/raw/object_pose/p44-dog-0004/pose/optimized_pose.json,40988,2025-03-14T14:20:38+00:00,json
experiments/datasets/gigahands/demo_all/raw/object_pose/p44-dog-0004/pose/transform_mesh.mtl,38,2025-03-14T14:20:38+00:00,mtl
experiments/datasets/gigahands/demo_all/raw/object_pose/p44-dog-0004/pose/transform_mesh.obj,854861,2025-03-14T14:20:38+00:00,obj
experiments/datasets/gigahands/demo_all/raw/object_pose/p44-dog-0004/pose/transform_mesh.png,4078723,2025-03-14T14:20:38+00:00,png
experiments/datasets/gigahands/demo_all/raw/object_pose/p52-instrument-0034/mesh/ngp_mesh/volume_raw/000000_filtered_bounded_clutered_samples.ply,13488,2025-03-18T10:27:35+00:00,ply
experiments/datasets/gigahands/demo_all/raw/object_pose/p52-instrument-0034/mesh/ngp_mesh/volume_raw/000000_filtered_bounded_samples.ply,34721,2025-03-18T10:27:35+00:00,ply
experiments/datasets/gigahands/demo_all/raw/object_pose/p52-instrument-0034/mesh/ngp_mesh/volume_raw/000000_filtered_samples.ply,62001,2025-03-18T10:27:35+00:00,ply
experiments/datasets/gigahands/demo_all/raw/object_pose/p52-instrument-0034/mesh/ngp_mesh/volume_raw/128x128x128_0.bin,33554432,2025-03-18T10:27:35+00:00,bin
experiments/datasets/gigahands/demo_all/raw/object_pose/p52-instrument-0034/pose/optimized_pose.json,48908,2025-03-18T10:27:35+00:00,json
experiments/datasets/gigahands/demo_all/raw/object_pose/p52-instrument-0034/pose/transform_mesh.mtl,38,2025-03-18T10:27:36+00:00,mtl
experiments/datasets/gigahands/demo_all/raw/object_pose/p52-instrument-0034/pose/transform_mesh.obj,854819,2025-03-18T10:27:35+00:00,obj
experiments/datasets/gigahands/demo_all/raw/object_pose/p52-instrument-0034/pose/transform_mesh.png,4398370,2025-03-18T10:27:36+00:00,png
