key,sequence,camera,frame,status,n_hands,image_width,image_height,pipeline_focal,cache_file
p36-tea-0010__brics-odroid-001_cam1__000021,p36-tea-0010,brics-odroid-001_cam1,21,ok,2,1280,720,5000.0,experiments/runs/CAM-EXP-002_camera_focal_sensitivity/cache/hand_inference/p36-tea-0010__brics-odroid-001_cam1__000021.npz
p36-tea-0010__brics-odroid-001_cam1__000022,p36-tea-0010,brics-odroid-001_cam1,22,ok,2,1280,720,5000.0,experiments/runs/CAM-EXP-002_camera_focal_sensitivity/cache/hand_inference/p36-tea-0010__brics-odroid-001_cam1__000022.npz
p36-tea-0010__brics-odroid-001_cam1__000023,p36-tea-0010,brics-odroid-001_cam1,23,ok,2,1280,720,5000.0,experiments/runs/CAM-EXP-002_camera_focal_sensitivity/cache/hand_inference/p36-tea-0010__brics-odroid-001_cam1__000023.npz
p36-tea-0010__brics-odroid-001_cam1__000024,p36-tea-0010,brics-odroid-001_cam1,24,ok,2,1280,720,5000.0,experiments/runs/CAM-EXP-002_camera_focal_sensitivity/cache/hand_inference/p36-tea-0010__brics-odroid-001_cam1__000024.npz
p36-tea-0010__brics-odroid-001_cam1__000025,p36-tea-0010,brics-odroid-001_cam1,25,ok,2,1280,720,5000.0,experiments/runs/CAM-EXP-002_camera_focal_sensitivity/cache/hand_inference/p36-tea-0010__brics-odroid-001_cam1__000025.npz
p36-tea-0010__brics-odroid-001_cam1__000026,p36-tea-0010,brics-odroid-001_cam1,26,ok,2,1280,720,5000.0,experiments/runs/CAM-EXP-002_camera_focal_sensitivity/cache/hand_inference/p36-tea-0010__brics-odroid-001_cam1__000026.npz
p36-tea-0010__brics-odroid-001_cam1__000027,p36-tea-0010,brics-odroid-001_cam1,27,ok,2,1280,720,5000.0,experiments/runs/CAM-EXP-002_camera_focal_sensitivity/cache/hand_inference/p36-tea-0010__brics-odroid-001_cam1__000027.npz
p36-tea-0010__brics-odroid-001_cam1__000028,p36-tea-0010,brics-odroid-001_cam1,28,ok,2,1280,720,5000.0,experiments/runs/CAM-EXP-002_camera_focal_sensitivity/cache/hand_inference/p36-tea-0010__brics-odroid-001_cam1__000028.npz
p36-tea-0010__brics-odroid-001_cam1__000029,p36-tea-0010,brics-odroid-001_cam1,29,ok,2,1280,720,5000.0,experiments/runs/CAM-EXP-002_camera_focal_sensitivity/cache/hand_inference/p36-tea-0010__brics-odroid-001_cam1__000029.npz
p36-tea-0010__brics-odroid-001_cam1__000030,p36-tea-0010,brics-odroid-001_cam1,30,ok,2,1280,720,5000.0,experiments/runs/CAM-EXP-002_camera_focal_sensitivity/cache/hand_inference/p36-tea-0010__brics-odroid-001_cam1__000030.npz
p36-tea-0010__brics-odroid-002_cam0__000020,p36-tea-0010,brics-odroid-002_cam0,20,ok,2,1280,720,5000.0,experiments/runs/CAM-EXP-002_camera_focal_sensitivity/cache/hand_inference/p36-tea-0010__brics-odroid-002_cam0__000020.npz
p36-tea-0010__brics-odroid-002_cam0__000024,p36-tea-0010,brics-odroid-002_cam0,24,ok,2,1280,720,5000.0,experiments/runs/CAM-EXP-002_camera_focal_sensitivity/cache/hand_inference/p36-tea-0010__brics-odroid-002_cam0__000024.npz
p36-tea-0010__brics-odroid-002_cam0__000025,p36-tea-0010,brics-odroid-002_cam0,25,ok,2,1280,720,5000.0,experiments/runs/CAM-EXP-002_camera_focal_sensitivity/cache/hand_inference/p36-tea-0010__brics-odroid-002_cam0__000025.npz
p36-tea-0010__brics-odroid-002_cam0__000026,p36-tea-0010,brics-odroid-002_cam0,26,ok,2,1280,720,5000.0,experiments/runs/CAM-EXP-002_camera_focal_sensitivity/cache/hand_inference/p36-tea-0010__brics-odroid-002_cam0__000026.npz
p36-tea-0010__brics-odroid-002_cam0__000027,p36-tea-0010,brics-odroid-002_cam0,27,ok,2,1280,720,5000.0,experiments/runs/CAM-EXP-002_camera_focal_sensitivity/cache/hand_inference/p36-tea-0010__brics-odroid-002_cam0__000027.npz
p36-tea-0010__brics-odroid-002_cam0__000028,p36-tea-0010,brics-odroid-002_cam0,28,ok,2,1280,720,5000.0,experiments/runs/CAM-EXP-002_camera_focal_sensitivity/cache/hand_inference/p36-tea-0010__brics-odroid-002_cam0__000028.npz
p36-tea-0010__brics-odroid-002_cam0__000029,p36-tea-0010,brics-odroid-002_cam0,29,ok,2,1280,720,5000.0,experiments/runs/CAM-EXP-002_camera_focal_sensitivity/cache/hand_inference/p36-tea-0010__brics-odroid-002_cam0__000029.npz
p36-tea-0010__brics-odroid-002_cam0__000030,p36-tea-0010,brics-odroid-002_cam0,30,ok,2,1280,720,5000.0,experiments/runs/CAM-EXP-002_camera_focal_sensitivity/cache/hand_inference/p36-tea-0010__brics-odroid-002_cam0__000030.npz
p36-tea-0010__brics-odroid-002_cam0__000031,p36-tea-0010,brics-odroid-002_cam0,31,ok,2,1280,720,5000.0,experiments/runs/CAM-EXP-002_camera_focal_sensitivity/cache/hand_inference/p36-tea-0010__brics-odroid-002_cam0__000031.npz
p36-tea-0010__brics-odroid-002_cam0__000032,p36-tea-0010,brics-odroid-002_cam0,32,ok,2,1280,720,5000.0,experiments/runs/CAM-EXP-002_camera_focal_sensitivity/cache/hand_inference/p36-tea-0010__brics-odroid-002_cam0__000032.npz
p36-tea-0010__brics-odroid-006_cam0__000011,p36-tea-0010,brics-odroid-006_cam0,11,ok,2,1280,720,5000.0,experiments/runs/CAM-EXP-002_camera_focal_sensitivity/cache/hand_inference/p36-tea-0010__brics-odroid-006_cam0__000011.npz
p36-tea-0010__brics-odroid-006_cam0__000012,p36-tea-0010,brics-odroid-006_cam0,12,ok,2,1280,720,5000.0,experiments/runs/CAM-EXP-002_camera_focal_sensitivity/cache/hand_inference/p36-tea-0010__brics-odroid-006_cam0__000012.npz
p36-tea-0010__brics-odroid-006_cam0__000013,p36-tea-0010,brics-odroid-006_cam0,13,ok,2,1280,720,5000.0,experiments/runs/CAM-EXP-002_camera_focal_sensitivity/cache/hand_inference/p36-tea-0010__brics-odroid-006_cam0__000013.npz
p36-tea-0010__brics-odroid-006_cam0__000014,p36-tea-0010,brics-odroid-006_cam0,14,ok,2,1280,720,5000.0,experiments/runs/CAM-EXP-002_camera_focal_sensitivity/cache/hand_inference/p36-tea-0010__brics-odroid-006_cam0__000014.npz
p36-tea-0010__brics-odroid-006_cam0__000016,p36-tea-0010,brics-odroid-006_cam0,16,ok,2,1280,720,5000.0,experiments/runs/CAM-EXP-002_camera_focal_sensitivity/cache/hand_inference/p36-tea-0010__brics-odroid-006_cam0__000016.npz
p36-tea-0010__brics-odroid-006_cam0__000021,p36-tea-0010,brics-odroid-006_cam0,21,ok,2,1280,720,5000.0,experiments/runs/CAM-EXP-002_camera_focal_sensitivity/cache/hand_inference/p36-tea-0010__brics-odroid-006_cam0__000021.npz
p36-tea-0010__brics-odroid-006_cam0__000023,p36-tea-0010,brics-odroid-006_cam0,23,ok,2,1280,720,5000.0,experiments/runs/CAM-EXP-002_camera_focal_sensitivity/cache/hand_inference/p36-tea-0010__brics-odroid-006_cam0__000023.npz
p36-tea-0010__brics-odroid-006_cam0__000025,p36-tea-0010,brics-odroid-006_cam0,25,ok,2,1280,720,5000.0,experiments/runs/CAM-EXP-002_camera_focal_sensitivity/cache/hand_inference/p36-tea-0010__brics-odroid-006_cam0__000025.npz
p36-tea-0010__brics-odroid-006_cam0__000026,p36-tea-0010,brics-odroid-006_cam0,26,ok,2,1280,720,5000.0,experiments/runs/CAM-EXP-002_camera_focal_sensitivity/cache/hand_inference/p36-tea-0010__brics-odroid-006_cam0__000026.npz
p36-tea-0010__brics-odroid-006_cam0__000027,p36-tea-0010,brics-odroid-006_cam0,27,ok,2,1280,720,5000.0,experiments/runs/CAM-EXP-002_camera_focal_sensitivity/cache/hand_inference/p36-tea-0010__brics-odroid-006_cam0__000027.npz
p36-tea-0010__brics-odroid-007_cam0__000000,p36-tea-0010,brics-odroid-007_cam0,0,ok,2,1280,720,5000.0,experiments/runs/CAM-EXP-002_camera_focal_sensitivity/cache/hand_inference/p36-tea-0010__brics-odroid-007_cam0__000000.npz
p36-tea-0010__brics-odroid-007_cam0__000001,p36-tea-0010,brics-odroid-007_cam0,1,ok,2,1280,720,5000.0,experiments/runs/CAM-EXP-002_camera_focal_sensitivity/cache/hand_inference/p36-tea-0010__brics-odroid-007_cam0__000001.npz
p36-tea-0010__brics-odroid-007_cam0__000002,p36-tea-0010,brics-odroid-007_cam0,2,ok,2,1280,720,5000.0,experiments/runs/CAM-EXP-002_camera_focal_sensitivity/cache/hand_inference/p36-tea-0010__brics-odroid-007_cam0__000002.npz
p36-tea-0010__brics-odroid-007_cam0__000003,p36-tea-0010,brics-odroid-007_cam0,3,ok,2,1280,720,5000.0,experiments/runs/CAM-EXP-002_camera_focal_sensitivity/cache/hand_inference/p36-tea-0010__brics-odroid-007_cam0__000003.npz
p36-tea-0010__brics-odroid-007_cam0__000004,p36-tea-0010,brics-odroid-007_cam0,4,ok,2,1280,720,5000.0,experiments/runs/CAM-EXP-002_camera_focal_sensitivity/cache/hand_inference/p36-tea-0010__brics-odroid-007_cam0__000004.npz
p36-tea-0010__brics-odroid-007_cam0__000005,p36-tea-0010,brics-odroid-007_cam0,5,ok,2,1280,720,5000.0,experiments/runs/CAM-EXP-002_camera_focal_sensitivity/cache/hand_inference/p36-tea-0010__brics-odroid-007_cam0__000005.npz
p36-tea-0010__brics-odroid-007_cam0__000006,p36-tea-0010,brics-odroid-007_cam0,6,ok,2,1280,720,5000.0,experiments/runs/CAM-EXP-002_camera_focal_sensitivity/cache/hand_inference/p36-tea-0010__brics-odroid-007_cam0__000006.npz
p36-tea-0010__brics-odroid-007_cam0__000007,p36-tea-0010,brics-odroid-007_cam0,7,ok,2,1280,720,5000.0,experiments/runs/CAM-EXP-002_camera_focal_sensitivity/cache/hand_inference/p36-tea-0010__brics-odroid-007_cam0__000007.npz
p36-tea-0010__brics-odroid-007_cam0__000008,p36-tea-0010,brics-odroid-007_cam0,8,ok,2,1280,720,5000.0,experiments/runs/CAM-EXP-002_camera_focal_sensitivity/cache/hand_inference/p36-tea-0010__brics-odroid-007_cam0__000008.npz
p36-tea-0010__brics-odroid-007_cam0__000009,p36-tea-0010,brics-odroid-007_cam0,9,ok,2,1280,720,5000.0,experiments/runs/CAM-EXP-002_camera_focal_sensitivity/cache/hand_inference/p36-tea-0010__brics-odroid-007_cam0__000009.npz
p36-tea-0010__brics-odroid-007_cam1__000000,p36-tea-0010,brics-odroid-007_cam1,0,ok,2,1280,720,5000.0,experiments/runs/CAM-EXP-002_camera_focal_sensitivity/cache/hand_inference/p36-tea-0010__brics-odroid-007_cam1__000000.npz
p36-tea-0010__brics-odroid-007_cam1__000001,p36-tea-0010,brics-odroid-007_cam1,1,ok,2,1280,720,5000.0,experiments/runs/CAM-EXP-002_camera_focal_sensitivity/cache/hand_inference/p36-tea-0010__brics-odroid-007_cam1__000001.npz
p36-tea-0010__brics-odroid-007_cam1__000002,p36-tea-0010,brics-odroid-007_cam1,2,ok,2,1280,720,5000.0,experiments/runs/CAM-EXP-002_camera_focal_sensitivity/cache/hand_inference/p36-tea-0010__brics-odroid-007_cam1__000002.npz
p36-tea-0010__brics-odroid-007_cam1__000003,p36-tea-0010,brics-odroid-007_cam1,3,ok,2,1280,720,5000.0,experiments/runs/CAM-EXP-002_camera_focal_sensitivity/cache/hand_inference/p36-tea-0010__brics-odroid-007_cam1__000003.npz
p36-tea-0010__brics-odroid-007_cam1__000004,p36-tea-0010,brics-odroid-007_cam1,4,ok,2,1280,720,5000.0,experiments/runs/CAM-EXP-002_camera_focal_sensitivity/cache/hand_inference/p36-tea-0010__brics-odroid-007_cam1__000004.npz
p36-tea-0010__brics-odroid-007_cam1__000005,p36-tea-0010,brics-odroid-007_cam1,5,ok,2,1280,720,5000.0,experiments/runs/CAM-EXP-002_camera_focal_sensitivity/cache/hand_inference/p36-tea-0010__brics-odroid-007_cam1__000005.npz
p36-tea-0010__brics-odroid-007_cam1__000006,p36-tea-0010,brics-odroid-007_cam1,6,ok,2,1280,720,5000.0,experiments/runs/CAM-EXP-002_camera_focal_sensitivity/cache/hand_inference/p36-tea-0010__brics-odroid-007_cam1__000006.npz
p36-tea-0010__brics-odroid-007_cam1__000007,p36-tea-0010,brics-odroid-007_cam1,7,ok,2,1280,720,5000.0,experiments/runs/CAM-EXP-002_camera_focal_sensitivity/cache/hand_inference/p36-tea-0010__brics-odroid-007_cam1__000007.npz
p36-tea-0010__brics-odroid-007_cam1__000008,p36-tea-0010,brics-odroid-007_cam1,8,ok,2,1280,720,5000.0,experiments/runs/CAM-EXP-002_camera_focal_sensitivity/cache/hand_inference/p36-tea-0010__brics-odroid-007_cam1__000008.npz
p36-tea-0010__brics-odroid-009_cam1__000000,p36-tea-0010,brics-odroid-009_cam1,0,ok,2,1280,720,5000.0,experiments/runs/CAM-EXP-002_camera_focal_sensitivity/cache/hand_inference/p36-tea-0010__brics-odroid-009_cam1__000000.npz
p36-tea-0010__brics-odroid-009_cam1__000001,p36-tea-0010,brics-odroid-009_cam1,1,ok,2,1280,720,5000.0,experiments/runs/CAM-EXP-002_camera_focal_sensitivity/cache/hand_inference/p36-tea-0010__brics-odroid-009_cam1__000001.npz
p36-tea-0010__brics-odroid-009_cam1__000002,p36-tea-0010,brics-odroid-009_cam1,2,ok,2,1280,720,5000.0,experiments/runs/CAM-EXP-002_camera_focal_sensitivity/cache/hand_inference/p36-tea-0010__brics-odroid-009_cam1__000002.npz
p36-tea-0010__brics-odroid-009_cam1__000003,p36-tea-0010,brics-odroid-009_cam1,3,ok,2,1280,720,5000.0,experiments/runs/CAM-EXP-002_camera_focal_sensitivity/cache/hand_inference/p36-tea-0010__brics-odroid-009_cam1__000003.npz
p36-tea-0010__brics-odroid-009_cam1__000004,p36-tea-0010,brics-odroid-009_cam1,4,ok,2,1280,720,5000.0,experiments/runs/CAM-EXP-002_camera_focal_sensitivity/cache/hand_inference/p36-tea-0010__brics-odroid-009_cam1__000004.npz
p36-tea-0010__brics-odroid-009_cam1__000005,p36-tea-0010,brics-odroid-009_cam1,5,ok,2,1280,720,5000.0,experiments/runs/CAM-EXP-002_camera_focal_sensitivity/cache/hand_inference/p36-tea-0010__brics-odroid-009_cam1__000005.npz
p36-tea-0010__brics-odroid-009_cam1__000006,p36-tea-0010,brics-odroid-009_cam1,6,ok,2,1280,720,5000.0,experiments/runs/CAM-EXP-002_camera_focal_sensitivity/cache/hand_inference/p36-tea-0010__brics-odroid-009_cam1__000006.npz
p36-tea-0010__brics-odroid-009_cam1__000007,p36-tea-0010,brics-odroid-009_cam1,7,ok,2,1280,720,5000.0,experiments/runs/CAM-EXP-002_camera_focal_sensitivity/cache/hand_inference/p36-tea-0010__brics-odroid-009_cam1__000007.npz
p36-tea-0010__brics-odroid-009_cam1__000008,p36-tea-0010,brics-odroid-009_cam1,8,ok,2,1280,720,5000.0,experiments/runs/CAM-EXP-002_camera_focal_sensitivity/cache/hand_inference/p36-tea-0010__brics-odroid-009_cam1__000008.npz
p36-tea-0010__brics-odroid-010_cam0__000000,p36-tea-0010,brics-odroid-010_cam0,0,ok,2,1280,720,5000.0,experiments/runs/CAM-EXP-002_camera_focal_sensitivity/cache/hand_inference/p36-tea-0010__brics-odroid-010_cam0__000000.npz
p36-tea-0010__brics-odroid-010_cam0__000001,p36-tea-0010,brics-odroid-010_cam0,1,ok,2,1280,720,5000.0,experiments/runs/CAM-EXP-002_camera_focal_sensitivity/cache/hand_inference/p36-tea-0010__brics-odroid-010_cam0__000001.npz
p36-tea-0010__brics-odroid-010_cam0__000002,p36-tea-0010,brics-odroid-010_cam0,2,ok,2,1280,720,5000.0,experiments/runs/CAM-EXP-002_camera_focal_sensitivity/cache/hand_inference/p36-tea-0010__brics-odroid-010_cam0__000002.npz
p36-tea-0010__brics-odroid-010_cam0__000003,p36-tea-0010,brics-odroid-010_cam0,3,ok,2,1280,720,5000.0,experiments/runs/CAM-EXP-002_camera_focal_sensitivity/cache/hand_inference/p36-tea-0010__brics-odroid-010_cam0__000003.npz
p36-tea-0010__brics-odroid-010_cam0__000004,p36-tea-0010,brics-odroid-010_cam0,4,ok,2,1280,720,5000.0,experiments/runs/CAM-EXP-002_camera_focal_sensitivity/cache/hand_inference/p36-tea-0010__brics-odroid-010_cam0__000004.npz
p36-tea-0010__brics-odroid-010_cam0__000005,p36-tea-0010,brics-odroid-010_cam0,5,ok,2,1280,720,5000.0,experiments/runs/CAM-EXP-002_camera_focal_sensitivity/cache/hand_inference/p36-tea-0010__brics-odroid-010_cam0__000005.npz
p36-tea-0010__brics-odroid-010_cam0__000006,p36-tea-0010,brics-odroid-010_cam0,6,ok,2,1280,720,5000.0,experiments/runs/CAM-EXP-002_camera_focal_sensitivity/cache/hand_inference/p36-tea-0010__brics-odroid-010_cam0__000006.npz
p36-tea-0010__brics-odroid-010_cam0__000007,p36-tea-0010,brics-odroid-010_cam0,7,ok,2,1280,720,5000.0,experiments/runs/CAM-EXP-002_camera_focal_sensitivity/cache/hand_inference/p36-tea-0010__brics-odroid-010_cam0__000007.npz
p36-tea-0010__brics-odroid-010_cam0__000008,p36-tea-0010,brics-odroid-010_cam0,8,ok,2,1280,720,5000.0,experiments/runs/CAM-EXP-002_camera_focal_sensitivity/cache/hand_inference/p36-tea-0010__brics-odroid-010_cam0__000008.npz
p36-tea-0010__brics-odroid-011_cam0__000000,p36-tea-0010,brics-odroid-011_cam0,0,ok,2,1280,720,5000.0,experiments/runs/CAM-EXP-002_camera_focal_sensitivity/cache/hand_inference/p36-tea-0010__brics-odroid-011_cam0__000000.npz
p36-tea-0010__brics-odroid-011_cam0__000001,p36-tea-0010,brics-odroid-011_cam0,1,ok,2,1280,720,5000.0,experiments/runs/CAM-EXP-002_camera_focal_sensitivity/cache/hand_inference/p36-tea-0010__brics-odroid-011_cam0__000001.npz
p36-tea-0010__brics-odroid-011_cam0__000002,p36-tea-0010,brics-odroid-011_cam0,2,ok,2,1280,720,5000.0,experiments/runs/CAM-EXP-002_camera_focal_sensitivity/cache/hand_inference/p36-tea-0010__brics-odroid-011_cam0__000002.npz
p36-tea-0010__brics-odroid-011_cam0__000003,p36-tea-0010,brics-odroid-011_cam0,3,ok,2,1280,720,5000.0,experiments/runs/CAM-EXP-002_camera_focal_sensitivity/cache/hand_inference/p36-tea-0010__brics-odroid-011_cam0__000003.npz
p36-tea-0010__brics-odroid-011_cam0__000004,p36-tea-0010,brics-odroid-011_cam0,4,ok,2,1280,720,5000.0,experiments/runs/CAM-EXP-002_camera_focal_sensitivity/cache/hand_inference/p36-tea-0010__brics-odroid-011_cam0__000004.npz
p36-tea-0010__brics-odroid-011_cam0__000005,p36-tea-0010,brics-odroid-011_cam0,5,ok,2,1280,720,5000.0,experiments/runs/CAM-EXP-002_camera_focal_sensitivity/cache/hand_inference/p36-tea-0010__brics-odroid-011_cam0__000005.npz
p36-tea-0010__brics-odroid-011_cam0__000006,p36-tea-0010,brics-odroid-011_cam0,6,ok,2,1280,720,5000.0,experiments/runs/CAM-EXP-002_camera_focal_sensitivity/cache/hand_inference/p36-tea-0010__brics-odroid-011_cam0__000006.npz
p36-tea-0010__brics-odroid-011_cam0__000007,p36-tea-0010,brics-odroid-011_cam0,7,ok,2,1280,720,5000.0,experiments/runs/CAM-EXP-002_camera_focal_sensitivity/cache/hand_inference/p36-tea-0010__brics-odroid-011_cam0__000007.npz
p36-tea-0010__brics-odroid-011_cam0__000008,p36-tea-0010,brics-odroid-011_cam0,8,ok,2,1280,720,5000.0,experiments/runs/CAM-EXP-002_camera_focal_sensitivity/cache/hand_inference/p36-tea-0010__brics-odroid-011_cam0__000008.npz
p36-tea-0010__brics-odroid-012_cam0__000000,p36-tea-0010,brics-odroid-012_cam0,0,ok,2,1280,720,5000.0,experiments/runs/CAM-EXP-002_camera_focal_sensitivity/cache/hand_inference/p36-tea-0010__brics-odroid-012_cam0__000000.npz
p36-tea-0010__brics-odroid-012_cam0__000001,p36-tea-0010,brics-odroid-012_cam0,1,ok,2,1280,720,5000.0,experiments/runs/CAM-EXP-002_camera_focal_sensitivity/cache/hand_inference/p36-tea-0010__brics-odroid-012_cam0__000001.npz
p36-tea-0010__brics-odroid-012_cam0__000002,p36-tea-0010,brics-odroid-012_cam0,2,ok,2,1280,720,5000.0,experiments/runs/CAM-EXP-002_camera_focal_sensitivity/cache/hand_inference/p36-tea-0010__brics-odroid-012_cam0__000002.npz
p36-tea-0010__brics-odroid-012_cam0__000003,p36-tea-0010,brics-odroid-012_cam0,3,ok,2,1280,720,5000.0,experiments/runs/CAM-EXP-002_camera_focal_sensitivity/cache/hand_inference/p36-tea-0010__brics-odroid-012_cam0__000003.npz
p36-tea-0010__brics-odroid-012_cam0__000004,p36-tea-0010,brics-odroid-012_cam0,4,ok,2,1280,720,5000.0,experiments/runs/CAM-EXP-002_camera_focal_sensitivity/cache/hand_inference/p36-tea-0010__brics-odroid-012_cam0__000004.npz
p36-tea-0010__brics-odroid-012_cam0__000005,p36-tea-0010,brics-odroid-012_cam0,5,ok,2,1280,720,5000.0,experiments/runs/CAM-EXP-002_camera_focal_sensitivity/cache/hand_inference/p36-tea-0010__brics-odroid-012_cam0__000005.npz
p36-tea-0010__brics-odroid-012_cam0__000006,p36-tea-0010,brics-odroid-012_cam0,6,ok,2,1280,720,5000.0,experiments/runs/CAM-EXP-002_camera_focal_sensitivity/cache/hand_inference/p36-tea-0010__brics-odroid-012_cam0__000006.npz
p36-tea-0010__brics-odroid-012_cam0__000007,p36-tea-0010,brics-odroid-012_cam0,7,ok,2,1280,720,5000.0,experiments/runs/CAM-EXP-002_camera_focal_sensitivity/cache/hand_inference/p36-tea-0010__brics-odroid-012_cam0__000007.npz
p36-tea-0010__brics-odroid-012_cam0__000008,p36-tea-0010,brics-odroid-012_cam0,8,ok,2,1280,720,5000.0,experiments/runs/CAM-EXP-002_camera_focal_sensitivity/cache/hand_inference/p36-tea-0010__brics-odroid-012_cam0__000008.npz
p36-tea-0010__brics-odroid-012_cam1__000000,p36-tea-0010,brics-odroid-012_cam1,0,ok,2,1280,720,5000.0,experiments/runs/CAM-EXP-002_camera_focal_sensitivity/cache/hand_inference/p36-tea-0010__brics-odroid-012_cam1__000000.npz
p36-tea-0010__brics-odroid-012_cam1__000001,p36-tea-0010,brics-odroid-012_cam1,1,ok,2,1280,720,5000.0,experiments/runs/CAM-EXP-002_camera_focal_sensitivity/cache/hand_inference/p36-tea-0010__brics-odroid-012_cam1__000001.npz
p36-tea-0010__brics-odroid-012_cam1__000002,p36-tea-0010,brics-odroid-012_cam1,2,ok,2,1280,720,5000.0,experiments/runs/CAM-EXP-002_camera_focal_sensitivity/cache/hand_inference/p36-tea-0010__brics-odroid-012_cam1__000002.npz
p36-tea-0010__brics-odroid-012_cam1__000003,p36-tea-0010,brics-odroid-012_cam1,3,ok,2,1280,720,5000.0,experiments/runs/CAM-EXP-002_camera_focal_sensitivity/cache/hand_inference/p36-tea-0010__brics-odroid-012_cam1__000003.npz
p36-tea-0010__brics-odroid-012_cam1__000004,p36-tea-0010,brics-odroid-012_cam1,4,ok,2,1280,720,5000.0,experiments/runs/CAM-EXP-002_camera_focal_sensitivity/cache/hand_inference/p36-tea-0010__brics-odroid-012_cam1__000004.npz
p36-tea-0010__brics-odroid-012_cam1__000005,p36-tea-0010,brics-odroid-012_cam1,5,ok,2,1280,720,5000.0,experiments/runs/CAM-EXP-002_camera_focal_sensitivity/cache/hand_inference/p36-tea-0010__brics-odroid-012_cam1__000005.npz
p36-tea-0010__brics-odroid-012_cam1__000006,p36-tea-0010,brics-odroid-012_cam1,6,ok,2,1280,720,5000.0,experiments/runs/CAM-EXP-002_camera_focal_sensitivity/cache/hand_inference/p36-tea-0010__brics-odroid-012_cam1__000006.npz
p36-tea-0010__brics-odroid-012_cam1__000007,p36-tea-0010,brics-odroid-012_cam1,7,ok,2,1280,720,5000.0,experiments/runs/CAM-EXP-002_camera_focal_sensitivity/cache/hand_inference/p36-tea-0010__brics-odroid-012_cam1__000007.npz
p36-tea-0010__brics-odroid-012_cam1__000008,p36-tea-0010,brics-odroid-012_cam1,8,ok,2,1280,720,5000.0,experiments/runs/CAM-EXP-002_camera_focal_sensitivity/cache/hand_inference/p36-tea-0010__brics-odroid-012_cam1__000008.npz
p36-tea-0010__brics-odroid-012_cam1__000009,p36-tea-0010,brics-odroid-012_cam1,9,ok,2,1280,720,5000.0,experiments/runs/CAM-EXP-002_camera_focal_sensitivity/cache/hand_inference/p36-tea-0010__brics-odroid-012_cam1__000009.npz
p36-tea-0010__brics-odroid-014_cam1__000053,p36-tea-0010,brics-odroid-014_cam1,53,ok,2,1280,720,5000.0,experiments/runs/CAM-EXP-002_camera_focal_sensitivity/cache/hand_inference/p36-tea-0010__brics-odroid-014_cam1__000053.npz
p36-tea-0010__brics-odroid-014_cam1__000056,p36-tea-0010,brics-odroid-014_cam1,56,ok,2,1280,720,5000.0,experiments/runs/CAM-EXP-002_camera_focal_sensitivity/cache/hand_inference/p36-tea-0010__brics-odroid-014_cam1__000056.npz
p36-tea-0010__brics-odroid-014_cam1__000080,p36-tea-0010,brics-odroid-014_cam1,80,ok,2,1280,720,5000.0,experiments/runs/CAM-EXP-002_camera_focal_sensitivity/cache/hand_inference/p36-tea-0010__brics-odroid-014_cam1__000080.npz
p36-tea-0010__brics-odroid-014_cam1__000081,p36-tea-0010,brics-odroid-014_cam1,81,ok,2,1280,720,5000.0,experiments/runs/CAM-EXP-002_camera_focal_sensitivity/cache/hand_inference/p36-tea-0010__brics-odroid-014_cam1__000081.npz
p36-tea-0010__brics-odroid-014_cam1__000082,p36-tea-0010,brics-odroid-014_cam1,82,ok,2,1280,720,5000.0,experiments/runs/CAM-EXP-002_camera_focal_sensitivity/cache/hand_inference/p36-tea-0010__brics-odroid-014_cam1__000082.npz
p36-tea-0010__brics-odroid-014_cam1__000084,p36-tea-0010,brics-odroid-014_cam1,84,ok,2,1280,720,5000.0,experiments/runs/CAM-EXP-002_camera_focal_sensitivity/cache/hand_inference/p36-tea-0010__brics-odroid-014_cam1__000084.npz
p36-tea-0010__brics-odroid-014_cam1__000086,p36-tea-0010,brics-odroid-014_cam1,86,ok,2,1280,720,5000.0,experiments/runs/CAM-EXP-002_camera_focal_sensitivity/cache/hand_inference/p36-tea-0010__brics-odroid-014_cam1__000086.npz
p36-tea-0010__brics-odroid-014_cam1__000088,p36-tea-0010,brics-odroid-014_cam1,88,ok,2,1280,720,5000.0,experiments/runs/CAM-EXP-002_camera_focal_sensitivity/cache/hand_inference/p36-tea-0010__brics-odroid-014_cam1__000088.npz
p36-tea-0010__brics-odroid-014_cam1__000092,p36-tea-0010,brics-odroid-014_cam1,92,ok,2,1280,720,5000.0,experiments/runs/CAM-EXP-002_camera_focal_sensitivity/cache/hand_inference/p36-tea-0010__brics-odroid-014_cam1__000092.npz
p36-tea-0010__brics-odroid-015_cam0__000035,p36-tea-0010,brics-odroid-015_cam0,35,ok,2,1280,720,5000.0,experiments/runs/CAM-EXP-002_camera_focal_sensitivity/cache/hand_inference/p36-tea-0010__brics-odroid-015_cam0__000035.npz
p36-tea-0010__brics-odroid-015_cam0__000036,p36-tea-0010,brics-odroid-015_cam0,36,ok,2,1280,720,5000.0,experiments/runs/CAM-EXP-002_camera_focal_sensitivity/cache/hand_inference/p36-tea-0010__brics-odroid-015_cam0__000036.npz
p36-tea-0010__brics-odroid-015_cam0__000037,p36-tea-0010,brics-odroid-015_cam0,37,ok,2,1280,720,5000.0,experiments/runs/CAM-EXP-002_camera_focal_sensitivity/cache/hand_inference/p36-tea-0010__brics-odroid-015_cam0__000037.npz
p36-tea-0010__brics-odroid-015_cam0__000040,p36-tea-0010,brics-odroid-015_cam0,40,ok,2,1280,720,5000.0,experiments/runs/CAM-EXP-002_camera_focal_sensitivity/cache/hand_inference/p36-tea-0010__brics-odroid-015_cam0__000040.npz
p36-tea-0010__brics-odroid-015_cam0__000041,p36-tea-0010,brics-odroid-015_cam0,41,ok,2,1280,720,5000.0,experiments/runs/CAM-EXP-002_camera_focal_sensitivity/cache/hand_inference/p36-tea-0010__brics-odroid-015_cam0__000041.npz
p36-tea-0010__brics-odroid-015_cam0__000042,p36-tea-0010,brics-odroid-015_cam0,42,ok,2,1280,720,5000.0,experiments/runs/CAM-EXP-002_camera_focal_sensitivity/cache/hand_inference/p36-tea-0010__brics-odroid-015_cam0__000042.npz
p36-tea-0010__brics-odroid-015_cam0__000043,p36-tea-0010,brics-odroid-015_cam0,43,ok,2,1280,720,5000.0,experiments/runs/CAM-EXP-002_camera_focal_sensitivity/cache/hand_inference/p36-tea-0010__brics-odroid-015_cam0__000043.npz
p36-tea-0010__brics-odroid-015_cam0__000044,p36-tea-0010,brics-odroid-015_cam0,44,ok,2,1280,720,5000.0,experiments/runs/CAM-EXP-002_camera_focal_sensitivity/cache/hand_inference/p36-tea-0010__brics-odroid-015_cam0__000044.npz
p36-tea-0010__brics-odroid-015_cam0__000045,p36-tea-0010,brics-odroid-015_cam0,45,ok,2,1280,720,5000.0,experiments/runs/CAM-EXP-002_camera_focal_sensitivity/cache/hand_inference/p36-tea-0010__brics-odroid-015_cam0__000045.npz
p36-tea-0010__brics-odroid-015_cam1__000022,p36-tea-0010,brics-odroid-015_cam1,22,ok,2,1280,720,5000.0,experiments/runs/CAM-EXP-002_camera_focal_sensitivity/cache/hand_inference/p36-tea-0010__brics-odroid-015_cam1__000022.npz
p36-tea-0010__brics-odroid-015_cam1__000034,p36-tea-0010,brics-odroid-015_cam1,34,ok,2,1280,720,5000.0,experiments/runs/CAM-EXP-002_camera_focal_sensitivity/cache/hand_inference/p36-tea-0010__brics-odroid-015_cam1__000034.npz
p36-tea-0010__brics-odroid-015_cam1__000035,p36-tea-0010,brics-odroid-015_cam1,35,ok,2,1280,720,5000.0,experiments/runs/CAM-EXP-002_camera_focal_sensitivity/cache/hand_inference/p36-tea-0010__brics-odroid-015_cam1__000035.npz
p36-tea-0010__brics-odroid-015_cam1__000036,p36-tea-0010,brics-odroid-015_cam1,36,ok,2,1280,720,5000.0,experiments/runs/CAM-EXP-002_camera_focal_sensitivity/cache/hand_inference/p36-tea-0010__brics-odroid-015_cam1__000036.npz
p36-tea-0010__brics-odroid-015_cam1__000038,p36-tea-0010,brics-odroid-015_cam1,38,ok,2,1280,720,5000.0,experiments/runs/CAM-EXP-002_camera_focal_sensitivity/cache/hand_inference/p36-tea-0010__brics-odroid-015_cam1__000038.npz
p36-tea-0010__brics-odroid-015_cam1__000040,p36-tea-0010,brics-odroid-015_cam1,40,ok,2,1280,720,5000.0,experiments/runs/CAM-EXP-002_camera_focal_sensitivity/cache/hand_inference/p36-tea-0010__brics-odroid-015_cam1__000040.npz
p36-tea-0010__brics-odroid-015_cam1__000042,p36-tea-0010,brics-odroid-015_cam1,42,ok,2,1280,720,5000.0,experiments/runs/CAM-EXP-002_camera_focal_sensitivity/cache/hand_inference/p36-tea-0010__brics-odroid-015_cam1__000042.npz
p36-tea-0010__brics-odroid-015_cam1__000043,p36-tea-0010,brics-odroid-015_cam1,43,ok,1,1280,720,5000.0,experiments/runs/CAM-EXP-002_camera_focal_sensitivity/cache/hand_inference/p36-tea-0010__brics-odroid-015_cam1__000043.npz
p36-tea-0010__brics-odroid-015_cam1__000082,p36-tea-0010,brics-odroid-015_cam1,82,ok,1,1280,720,5000.0,experiments/runs/CAM-EXP-002_camera_focal_sensitivity/cache/hand_inference/p36-tea-0010__brics-odroid-015_cam1__000082.npz
p36-tea-0010__brics-odroid-015_cam1__000083,p36-tea-0010,brics-odroid-015_cam1,83,ok,1,1280,720,5000.0,experiments/runs/CAM-EXP-002_camera_focal_sensitivity/cache/hand_inference/p36-tea-0010__brics-odroid-015_cam1__000083.npz
p36-tea-0010__brics-odroid-016_cam0__000000,p36-tea-0010,brics-odroid-016_cam0,0,ok,3,1280,720,5000.0,experiments/runs/CAM-EXP-002_camera_focal_sensitivity/cache/hand_inference/p36-tea-0010__brics-odroid-016_cam0__000000.npz
p36-tea-0010__brics-odroid-016_cam0__000001,p36-tea-0010,brics-odroid-016_cam0,1,ok,3,1280,720,5000.0,experiments/runs/CAM-EXP-002_camera_focal_sensitivity/cache/hand_inference/p36-tea-0010__brics-odroid-016_cam0__000001.npz
p36-tea-0010__brics-odroid-016_cam0__000002,p36-tea-0010,brics-odroid-016_cam0,2,ok,3,1280,720,5000.0,experiments/runs/CAM-EXP-002_camera_focal_sensitivity/cache/hand_inference/p36-tea-0010__brics-odroid-016_cam0__000002.npz
p36-tea-0010__brics-odroid-016_cam0__000003,p36-tea-0010,brics-odroid-016_cam0,3,ok,3,1280,720,5000.0,experiments/runs/CAM-EXP-002_camera_focal_sensitivity/cache/hand_inference/p36-tea-0010__brics-odroid-016_cam0__000003.npz
p36-tea-0010__brics-odroid-016_cam0__000004,p36-tea-0010,brics-odroid-016_cam0,4,ok,3,1280,720,5000.0,experiments/runs/CAM-EXP-002_camera_focal_sensitivity/cache/hand_inference/p36-tea-0010__brics-odroid-016_cam0__000004.npz
p36-tea-0010__brics-odroid-016_cam0__000005,p36-tea-0010,brics-odroid-016_cam0,5,ok,3,1280,720,5000.0,experiments/runs/CAM-EXP-002_camera_focal_sensitivity/cache/hand_inference/p36-tea-0010__brics-odroid-016_cam0__000005.npz
p36-tea-0010__brics-odroid-016_cam0__000006,p36-tea-0010,brics-odroid-016_cam0,6,ok,3,1280,720,5000.0,experiments/runs/CAM-EXP-002_camera_focal_sensitivity/cache/hand_inference/p36-tea-0010__brics-odroid-016_cam0__000006.npz
p36-tea-0010__brics-odroid-016_cam0__000007,p36-tea-0010,brics-odroid-016_cam0,7,ok,3,1280,720,5000.0,experiments/runs/CAM-EXP-002_camera_focal_sensitivity/cache/hand_inference/p36-tea-0010__brics-odroid-016_cam0__000007.npz
p36-tea-0010__brics-odroid-016_cam0__000008,p36-tea-0010,brics-odroid-016_cam0,8,ok,3,1280,720,5000.0,experiments/runs/CAM-EXP-002_camera_focal_sensitivity/cache/hand_inference/p36-tea-0010__brics-odroid-016_cam0__000008.npz
p36-tea-0010__brics-odroid-016_cam0__000009,p36-tea-0010,brics-odroid-016_cam0,9,ok,3,1280,720,5000.0,experiments/runs/CAM-EXP-002_camera_focal_sensitivity/cache/hand_inference/p36-tea-0010__brics-odroid-016_cam0__000009.npz
p36-tea-0010__brics-odroid-017_cam0__000000,p36-tea-0010,brics-odroid-017_cam0,0,ok,2,1280,720,5000.0,experiments/runs/CAM-EXP-002_camera_focal_sensitivity/cache/hand_inference/p36-tea-0010__brics-odroid-017_cam0__000000.npz
p36-tea-0010__brics-odroid-017_cam0__000001,p36-tea-0010,brics-odroid-017_cam0,1,ok,2,1280,720,5000.0,experiments/runs/CAM-EXP-002_camera_focal_sensitivity/cache/hand_inference/p36-tea-0010__brics-odroid-017_cam0__000001.npz
p36-tea-0010__brics-odroid-017_cam0__000002,p36-tea-0010,brics-odroid-017_cam0,2,ok,2,1280,720,5000.0,experiments/runs/CAM-EXP-002_camera_focal_sensitivity/cache/hand_inference/p36-tea-0010__brics-odroid-017_cam0__000002.npz
p36-tea-0010__brics-odroid-017_cam0__000003,p36-tea-0010,brics-odroid-017_cam0,3,ok,2,1280,720,5000.0,experiments/runs/CAM-EXP-002_camera_focal_sensitivity/cache/hand_inference/p36-tea-0010__brics-odroid-017_cam0__000003.npz
p36-tea-0010__brics-odroid-017_cam0__000004,p36-tea-0010,brics-odroid-017_cam0,4,ok,2,1280,720,5000.0,experiments/runs/CAM-EXP-002_camera_focal_sensitivity/cache/hand_inference/p36-tea-0010__brics-odroid-017_cam0__000004.npz
p36-tea-0010__brics-odroid-017_cam0__000005,p36-tea-0010,brics-odroid-017_cam0,5,ok,2,1280,720,5000.0,experiments/runs/CAM-EXP-002_camera_focal_sensitivity/cache/hand_inference/p36-tea-0010__brics-odroid-017_cam0__000005.npz
p36-tea-0010__brics-odroid-017_cam0__000006,p36-tea-0010,brics-odroid-017_cam0,6,ok,2,1280,720,5000.0,experiments/runs/CAM-EXP-002_camera_focal_sensitivity/cache/hand_inference/p36-tea-0010__brics-odroid-017_cam0__000006.npz
p36-tea-0010__brics-odroid-017_cam0__000007,p36-tea-0010,brics-odroid-017_cam0,7,ok,2,1280,720,5000.0,experiments/runs/CAM-EXP-002_camera_focal_sensitivity/cache/hand_inference/p36-tea-0010__brics-odroid-017_cam0__000007.npz
p36-tea-0010__brics-odroid-017_cam0__000008,p36-tea-0010,brics-odroid-017_cam0,8,ok,2,1280,720,5000.0,experiments/runs/CAM-EXP-002_camera_focal_sensitivity/cache/hand_inference/p36-tea-0010__brics-odroid-017_cam0__000008.npz
p36-tea-0010__brics-odroid-017_cam0__000009,p36-tea-0010,brics-odroid-017_cam0,9,ok,2,1280,720,5000.0,experiments/runs/CAM-EXP-002_camera_focal_sensitivity/cache/hand_inference/p36-tea-0010__brics-odroid-017_cam0__000009.npz
p36-tea-0010__brics-odroid-017_cam1__000000,p36-tea-0010,brics-odroid-017_cam1,0,ok,2,1280,720,5000.0,experiments/runs/CAM-EXP-002_camera_focal_sensitivity/cache/hand_inference/p36-tea-0010__brics-odroid-017_cam1__000000.npz
p36-tea-0010__brics-odroid-017_cam1__000001,p36-tea-0010,brics-odroid-017_cam1,1,ok,2,1280,720,5000.0,experiments/runs/CAM-EXP-002_camera_focal_sensitivity/cache/hand_inference/p36-tea-0010__brics-odroid-017_cam1__000001.npz
p36-tea-0010__brics-odroid-017_cam1__000002,p36-tea-0010,brics-odroid-017_cam1,2,ok,2,1280,720,5000.0,experiments/runs/CAM-EXP-002_camera_focal_sensitivity/cache/hand_inference/p36-tea-0010__brics-odroid-017_cam1__000002.npz
p36-tea-0010__brics-odroid-017_cam1__000003,p36-tea-0010,brics-odroid-017_cam1,3,ok,2,1280,720,5000.0,experiments/runs/CAM-EXP-002_camera_focal_sensitivity/cache/hand_inference/p36-tea-0010__brics-odroid-017_cam1__000003.npz
p36-tea-0010__brics-odroid-017_cam1__000004,p36-tea-0010,brics-odroid-017_cam1,4,ok,2,1280,720,5000.0,experiments/runs/CAM-EXP-002_camera_focal_sensitivity/cache/hand_inference/p36-tea-0010__brics-odroid-017_cam1__000004.npz
p36-tea-0010__brics-odroid-017_cam1__000005,p36-tea-0010,brics-odroid-017_cam1,5,ok,2,1280,720,5000.0,experiments/runs/CAM-EXP-002_camera_focal_sensitivity/cache/hand_inference/p36-tea-0010__brics-odroid-017_cam1__000005.npz
p36-tea-0010__brics-odroid-017_cam1__000006,p36-tea-0010,brics-odroid-017_cam1,6,ok,2,1280,720,5000.0,experiments/runs/CAM-EXP-002_camera_focal_sensitivity/cache/hand_inference/p36-tea-0010__brics-odroid-017_cam1__000006.npz
p36-tea-0010__brics-odroid-017_cam1__000007,p36-tea-0010,brics-odroid-017_cam1,7,ok,2,1280,720,5000.0,experiments/runs/CAM-EXP-002_camera_focal_sensitivity/cache/hand_inference/p36-tea-0010__brics-odroid-017_cam1__000007.npz
p36-tea-0010__brics-odroid-017_cam1__000008,p36-tea-0010,brics-odroid-017_cam1,8,ok,2,1280,720,5000.0,experiments/runs/CAM-EXP-002_camera_focal_sensitivity/cache/hand_inference/p36-tea-0010__brics-odroid-017_cam1__000008.npz
p36-tea-0010__brics-odroid-017_cam1__000009,p36-tea-0010,brics-odroid-017_cam1,9,ok,2,1280,720,5000.0,experiments/runs/CAM-EXP-002_camera_focal_sensitivity/cache/hand_inference/p36-tea-0010__brics-odroid-017_cam1__000009.npz
p36-tea-0010__brics-odroid-019_cam1__000000,p36-tea-0010,brics-odroid-019_cam1,0,ok,2,1280,720,5000.0,experiments/runs/CAM-EXP-002_camera_focal_sensitivity/cache/hand_inference/p36-tea-0010__brics-odroid-019_cam1__000000.npz
p36-tea-0010__brics-odroid-019_cam1__000001,p36-tea-0010,brics-odroid-019_cam1,1,ok,2,1280,720,5000.0,experiments/runs/CAM-EXP-002_camera_focal_sensitivity/cache/hand_inference/p36-tea-0010__brics-odroid-019_cam1__000001.npz
p36-tea-0010__brics-odroid-019_cam1__000002,p36-tea-0010,brics-odroid-019_cam1,2,ok,2,1280,720,5000.0,experiments/runs/CAM-EXP-002_camera_focal_sensitivity/cache/hand_inference/p36-tea-0010__brics-odroid-019_cam1__000002.npz
p36-tea-0010__brics-odroid-019_cam1__000003,p36-tea-0010,brics-odroid-019_cam1,3,ok,2,1280,720,5000.0,experiments/runs/CAM-EXP-002_camera_focal_sensitivity/cache/hand_inference/p36-tea-0010__brics-odroid-019_cam1__000003.npz
p36-tea-0010__brics-odroid-019_cam1__000004,p36-tea-0010,brics-odroid-019_cam1,4,ok,2,1280,720,5000.0,experiments/runs/CAM-EXP-002_camera_focal_sensitivity/cache/hand_inference/p36-tea-0010__brics-odroid-019_cam1__000004.npz
p36-tea-0010__brics-odroid-019_cam1__000005,p36-tea-0010,brics-odroid-019_cam1,5,ok,2,1280,720,5000.0,experiments/runs/CAM-EXP-002_camera_focal_sensitivity/cache/hand_inference/p36-tea-0010__brics-odroid-019_cam1__000005.npz
p36-tea-0010__brics-odroid-019_cam1__000006,p36-tea-0010,brics-odroid-019_cam1,6,ok,2,1280,720,5000.0,experiments/runs/CAM-EXP-002_camera_focal_sensitivity/cache/hand_inference/p36-tea-0010__brics-odroid-019_cam1__000006.npz
p36-tea-0010__brics-odroid-019_cam1__000007,p36-tea-0010,brics-odroid-019_cam1,7,ok,3,1280,720,5000.0,experiments/runs/CAM-EXP-002_camera_focal_sensitivity/cache/hand_inference/p36-tea-0010__brics-odroid-019_cam1__000007.npz
p36-tea-0010__brics-odroid-019_cam1__000008,p36-tea-0010,brics-odroid-019_cam1,8,ok,2,1280,720,5000.0,experiments/runs/CAM-EXP-002_camera_focal_sensitivity/cache/hand_inference/p36-tea-0010__brics-odroid-019_cam1__000008.npz
p36-tea-0010__brics-odroid-020_cam1__000023,p36-tea-0010,brics-odroid-020_cam1,23,ok,1,1280,720,5000.0,experiments/runs/CAM-EXP-002_camera_focal_sensitivity/cache/hand_inference/p36-tea-0010__brics-odroid-020_cam1__000023.npz
p36-tea-0010__brics-odroid-020_cam1__000024,p36-tea-0010,brics-odroid-020_cam1,24,ok,2,1280,720,5000.0,experiments/runs/CAM-EXP-002_camera_focal_sensitivity/cache/hand_inference/p36-tea-0010__brics-odroid-020_cam1__000024.npz
p36-tea-0010__brics-odroid-020_cam1__000026,p36-tea-0010,brics-odroid-020_cam1,26,ok,2,1280,720,5000.0,experiments/runs/CAM-EXP-002_camera_focal_sensitivity/cache/hand_inference/p36-tea-0010__brics-odroid-020_cam1__000026.npz
p36-tea-0010__brics-odroid-020_cam1__000029,p36-tea-0010,brics-odroid-020_cam1,29,ok,2,1280,720,5000.0,experiments/runs/CAM-EXP-002_camera_focal_sensitivity/cache/hand_inference/p36-tea-0010__brics-odroid-020_cam1__000029.npz
p36-tea-0010__brics-odroid-020_cam1__000030,p36-tea-0010,brics-odroid-020_cam1,30,ok,2,1280,720,5000.0,experiments/runs/CAM-EXP-002_camera_focal_sensitivity/cache/hand_inference/p36-tea-0010__brics-odroid-020_cam1__000030.npz
p36-tea-0010__brics-odroid-020_cam1__000031,p36-tea-0010,brics-odroid-020_cam1,31,ok,2,1280,720,5000.0,experiments/runs/CAM-EXP-002_camera_focal_sensitivity/cache/hand_inference/p36-tea-0010__brics-odroid-020_cam1__000031.npz
p36-tea-0010__brics-odroid-020_cam1__000032,p36-tea-0010,brics-odroid-020_cam1,32,ok,2,1280,720,5000.0,experiments/runs/CAM-EXP-002_camera_focal_sensitivity/cache/hand_inference/p36-tea-0010__brics-odroid-020_cam1__000032.npz
p36-tea-0010__brics-odroid-020_cam1__000033,p36-tea-0010,brics-odroid-020_cam1,33,ok,2,1280,720,5000.0,experiments/runs/CAM-EXP-002_camera_focal_sensitivity/cache/hand_inference/p36-tea-0010__brics-odroid-020_cam1__000033.npz
p36-tea-0010__brics-odroid-020_cam1__000034,p36-tea-0010,brics-odroid-020_cam1,34,ok,2,1280,720,5000.0,experiments/runs/CAM-EXP-002_camera_focal_sensitivity/cache/hand_inference/p36-tea-0010__brics-odroid-020_cam1__000034.npz
p36-tea-0010__brics-odroid-021_cam0__000000,p36-tea-0010,brics-odroid-021_cam0,0,ok,2,1280,720,5000.0,experiments/runs/CAM-EXP-002_camera_focal_sensitivity/cache/hand_inference/p36-tea-0010__brics-odroid-021_cam0__000000.npz
p36-tea-0010__brics-odroid-021_cam0__000001,p36-tea-0010,brics-odroid-021_cam0,1,ok,2,1280,720,5000.0,experiments/runs/CAM-EXP-002_camera_focal_sensitivity/cache/hand_inference/p36-tea-0010__brics-odroid-021_cam0__000001.npz
p36-tea-0010__brics-odroid-021_cam0__000002,p36-tea-0010,brics-odroid-021_cam0,2,ok,2,1280,720,5000.0,experiments/runs/CAM-EXP-002_camera_focal_sensitivity/cache/hand_inference/p36-tea-0010__brics-odroid-021_cam0__000002.npz
p36-tea-0010__brics-odroid-021_cam0__000003,p36-tea-0010,brics-odroid-021_cam0,3,ok,2,1280,720,5000.0,experiments/runs/CAM-EXP-002_camera_focal_sensitivity/cache/hand_inference/p36-tea-0010__brics-odroid-021_cam0__000003.npz
p36-tea-0010__brics-odroid-021_cam0__000004,p36-tea-0010,brics-odroid-021_cam0,4,ok,2,1280,720,5000.0,experiments/runs/CAM-EXP-002_camera_focal_sensitivity/cache/hand_inference/p36-tea-0010__brics-odroid-021_cam0__000004.npz
p36-tea-0010__brics-odroid-021_cam0__000005,p36-tea-0010,brics-odroid-021_cam0,5,ok,2,1280,720,5000.0,experiments/runs/CAM-EXP-002_camera_focal_sensitivity/cache/hand_inference/p36-tea-0010__brics-odroid-021_cam0__000005.npz
p36-tea-0010__brics-odroid-021_cam0__000006,p36-tea-0010,brics-odroid-021_cam0,6,ok,2,1280,720,5000.0,experiments/runs/CAM-EXP-002_camera_focal_sensitivity/cache/hand_inference/p36-tea-0010__brics-odroid-021_cam0__000006.npz
p36-tea-0010__brics-odroid-021_cam0__000007,p36-tea-0010,brics-odroid-021_cam0,7,ok,2,1280,720,5000.0,experiments/runs/CAM-EXP-002_camera_focal_sensitivity/cache/hand_inference/p36-tea-0010__brics-odroid-021_cam0__000007.npz
p36-tea-0010__brics-odroid-021_cam0__000008,p36-tea-0010,brics-odroid-021_cam0,8,ok,2,1280,720,5000.0,experiments/runs/CAM-EXP-002_camera_focal_sensitivity/cache/hand_inference/p36-tea-0010__brics-odroid-021_cam0__000008.npz
p36-tea-0010__brics-odroid-021_cam0__000009,p36-tea-0010,brics-odroid-021_cam0,9,ok,2,1280,720,5000.0,experiments/runs/CAM-EXP-002_camera_focal_sensitivity/cache/hand_inference/p36-tea-0010__brics-odroid-021_cam0__000009.npz
p36-tea-0010__brics-odroid-021_cam1__000000,p36-tea-0010,brics-odroid-021_cam1,0,ok,2,1280,720,5000.0,experiments/runs/CAM-EXP-002_camera_focal_sensitivity/cache/hand_inference/p36-tea-0010__brics-odroid-021_cam1__000000.npz
p36-tea-0010__brics-odroid-021_cam1__000001,p36-tea-0010,brics-odroid-021_cam1,1,ok,2,1280,720,5000.0,experiments/runs/CAM-EXP-002_camera_focal_sensitivity/cache/hand_inference/p36-tea-0010__brics-odroid-021_cam1__000001.npz
p36-tea-0010__brics-odroid-021_cam1__000002,p36-tea-0010,brics-odroid-021_cam1,2,ok,2,1280,720,5000.0,experiments/runs/CAM-EXP-002_camera_focal_sensitivity/cache/hand_inference/p36-tea-0010__brics-odroid-021_cam1__000002.npz
p36-tea-0010__brics-odroid-021_cam1__000003,p36-tea-0010,brics-odroid-021_cam1,3,ok,2,1280,720,5000.0,experiments/runs/CAM-EXP-002_camera_focal_sensitivity/cache/hand_inference/p36-tea-0010__brics-odroid-021_cam1__000003.npz
p36-tea-0010__brics-odroid-021_cam1__000004,p36-tea-0010,brics-odroid-021_cam1,4,ok,2,1280,720,5000.0,experiments/runs/CAM-EXP-002_camera_focal_sensitivity/cache/hand_inference/p36-tea-0010__brics-odroid-021_cam1__000004.npz
p36-tea-0010__brics-odroid-021_cam1__000005,p36-tea-0010,brics-odroid-021_cam1,5,ok,2,1280,720,5000.0,experiments/runs/CAM-EXP-002_camera_focal_sensitivity/cache/hand_inference/p36-tea-0010__brics-odroid-021_cam1__000005.npz
p36-tea-0010__brics-odroid-021_cam1__000006,p36-tea-0010,brics-odroid-021_cam1,6,ok,2,1280,720,5000.0,experiments/runs/CAM-EXP-002_camera_focal_sensitivity/cache/hand_inference/p36-tea-0010__brics-odroid-021_cam1__000006.npz
p36-tea-0010__brics-odroid-021_cam1__000007,p36-tea-0010,brics-odroid-021_cam1,7,ok,2,1280,720,5000.0,experiments/runs/CAM-EXP-002_camera_focal_sensitivity/cache/hand_inference/p36-tea-0010__brics-odroid-021_cam1__000007.npz
p36-tea-0010__brics-odroid-021_cam1__000008,p36-tea-0010,brics-odroid-021_cam1,8,ok,2,1280,720,5000.0,experiments/runs/CAM-EXP-002_camera_focal_sensitivity/cache/hand_inference/p36-tea-0010__brics-odroid-021_cam1__000008.npz
p36-tea-0010__brics-odroid-021_cam1__000009,p36-tea-0010,brics-odroid-021_cam1,9,ok,2,1280,720,5000.0,experiments/runs/CAM-EXP-002_camera_focal_sensitivity/cache/hand_inference/p36-tea-0010__brics-odroid-021_cam1__000009.npz
p36-tea-0010__brics-odroid-022_cam0__000015,p36-tea-0010,brics-odroid-022_cam0,15,ok,2,1280,720,5000.0,experiments/runs/CAM-EXP-002_camera_focal_sensitivity/cache/hand_inference/p36-tea-0010__brics-odroid-022_cam0__000015.npz
p36-tea-0010__brics-odroid-022_cam0__000016,p36-tea-0010,brics-odroid-022_cam0,16,ok,2,1280,720,5000.0,experiments/runs/CAM-EXP-002_camera_focal_sensitivity/cache/hand_inference/p36-tea-0010__brics-odroid-022_cam0__000016.npz
p36-tea-0010__brics-odroid-022_cam0__000017,p36-tea-0010,brics-odroid-022_cam0,17,ok,2,1280,720,5000.0,experiments/runs/CAM-EXP-002_camera_focal_sensitivity/cache/hand_inference/p36-tea-0010__brics-odroid-022_cam0__000017.npz
p36-tea-0010__brics-odroid-022_cam0__000018,p36-tea-0010,brics-odroid-022_cam0,18,ok,1,1280,720,5000.0,experiments/runs/CAM-EXP-002_camera_focal_sensitivity/cache/hand_inference/p36-tea-0010__brics-odroid-022_cam0__000018.npz
p36-tea-0010__brics-odroid-022_cam0__000019,p36-tea-0010,brics-odroid-022_cam0,19,ok,2,1280,720,5000.0,experiments/runs/CAM-EXP-002_camera_focal_sensitivity/cache/hand_inference/p36-tea-0010__brics-odroid-022_cam0__000019.npz
p36-tea-0010__brics-odroid-022_cam0__000021,p36-tea-0010,brics-odroid-022_cam0,21,ok,2,1280,720,5000.0,experiments/runs/CAM-EXP-002_camera_focal_sensitivity/cache/hand_inference/p36-tea-0010__brics-odroid-022_cam0__000021.npz
p36-tea-0010__brics-odroid-022_cam0__000032,p36-tea-0010,brics-odroid-022_cam0,32,ok,2,1280,720,5000.0,experiments/runs/CAM-EXP-002_camera_focal_sensitivity/cache/hand_inference/p36-tea-0010__brics-odroid-022_cam0__000032.npz
p36-tea-0010__brics-odroid-022_cam0__000033,p36-tea-0010,brics-odroid-022_cam0,33,ok,2,1280,720,5000.0,experiments/runs/CAM-EXP-002_camera_focal_sensitivity/cache/hand_inference/p36-tea-0010__brics-odroid-022_cam0__000033.npz
p36-tea-0010__brics-odroid-022_cam0__000034,p36-tea-0010,brics-odroid-022_cam0,34,ok,2,1280,720,5000.0,experiments/runs/CAM-EXP-002_camera_focal_sensitivity/cache/hand_inference/p36-tea-0010__brics-odroid-022_cam0__000034.npz
p36-tea-0010__brics-odroid-022_cam1__000000,p36-tea-0010,brics-odroid-022_cam1,0,ok,2,1280,720,5000.0,experiments/runs/CAM-EXP-002_camera_focal_sensitivity/cache/hand_inference/p36-tea-0010__brics-odroid-022_cam1__000000.npz
p36-tea-0010__brics-odroid-022_cam1__000001,p36-tea-0010,brics-odroid-022_cam1,1,ok,2,1280,720,5000.0,experiments/runs/CAM-EXP-002_camera_focal_sensitivity/cache/hand_inference/p36-tea-0010__brics-odroid-022_cam1__000001.npz
p36-tea-0010__brics-odroid-022_cam1__000002,p36-tea-0010,brics-odroid-022_cam1,2,ok,2,1280,720,5000.0,experiments/runs/CAM-EXP-002_camera_focal_sensitivity/cache/hand_inference/p36-tea-0010__brics-odroid-022_cam1__000002.npz
p36-tea-0010__brics-odroid-022_cam1__000003,p36-tea-0010,brics-odroid-022_cam1,3,ok,2,1280,720,5000.0,experiments/runs/CAM-EXP-002_camera_focal_sensitivity/cache/hand_inference/p36-tea-0010__brics-odroid-022_cam1__000003.npz
p36-tea-0010__brics-odroid-022_cam1__000004,p36-tea-0010,brics-odroid-022_cam1,4,ok,2,1280,720,5000.0,experiments/runs/CAM-EXP-002_camera_focal_sensitivity/cache/hand_inference/p36-tea-0010__brics-odroid-022_cam1__000004.npz
p36-tea-0010__brics-odroid-022_cam1__000005,p36-tea-0010,brics-odroid-022_cam1,5,ok,2,1280,720,5000.0,experiments/runs/CAM-EXP-002_camera_focal_sensitivity/cache/hand_inference/p36-tea-0010__brics-odroid-022_cam1__000005.npz
p36-tea-0010__brics-odroid-022_cam1__000006,p36-tea-0010,brics-odroid-022_cam1,6,ok,2,1280,720,5000.0,experiments/runs/CAM-EXP-002_camera_focal_sensitivity/cache/hand_inference/p36-tea-0010__brics-odroid-022_cam1__000006.npz
p36-tea-0010__brics-odroid-022_cam1__000007,p36-tea-0010,brics-odroid-022_cam1,7,ok,2,1280,720,5000.0,experiments/runs/CAM-EXP-002_camera_focal_sensitivity/cache/hand_inference/p36-tea-0010__brics-odroid-022_cam1__000007.npz
p36-tea-0010__brics-odroid-022_cam1__000008,p36-tea-0010,brics-odroid-022_cam1,8,ok,2,1280,720,5000.0,experiments/runs/CAM-EXP-002_camera_focal_sensitivity/cache/hand_inference/p36-tea-0010__brics-odroid-022_cam1__000008.npz
p36-tea-0010__brics-odroid-022_cam1__000009,p36-tea-0010,brics-odroid-022_cam1,9,ok,2,1280,720,5000.0,experiments/runs/CAM-EXP-002_camera_focal_sensitivity/cache/hand_inference/p36-tea-0010__brics-odroid-022_cam1__000009.npz
p36-tea-0010__brics-odroid-023_cam0__000000,p36-tea-0010,brics-odroid-023_cam0,0,ok,2,1280,720,5000.0,experiments/runs/CAM-EXP-002_camera_focal_sensitivity/cache/hand_inference/p36-tea-0010__brics-odroid-023_cam0__000000.npz
p36-tea-0010__brics-odroid-023_cam0__000001,p36-tea-0010,brics-odroid-023_cam0,1,ok,2,1280,720,5000.0,experiments/runs/CAM-EXP-002_camera_focal_sensitivity/cache/hand_inference/p36-tea-0010__brics-odroid-023_cam0__000001.npz
p36-tea-0010__brics-odroid-023_cam0__000002,p36-tea-0010,brics-odroid-023_cam0,2,ok,2,1280,720,5000.0,experiments/runs/CAM-EXP-002_camera_focal_sensitivity/cache/hand_inference/p36-tea-0010__brics-odroid-023_cam0__000002.npz
p36-tea-0010__brics-odroid-023_cam0__000003,p36-tea-0010,brics-odroid-023_cam0,3,ok,2,1280,720,5000.0,experiments/runs/CAM-EXP-002_camera_focal_sensitivity/cache/hand_inference/p36-tea-0010__brics-odroid-023_cam0__000003.npz
p36-tea-0010__brics-odroid-023_cam0__000004,p36-tea-0010,brics-odroid-023_cam0,4,ok,2,1280,720,5000.0,experiments/runs/CAM-EXP-002_camera_focal_sensitivity/cache/hand_inference/p36-tea-0010__brics-odroid-023_cam0__000004.npz
p36-tea-0010__brics-odroid-023_cam0__000005,p36-tea-0010,brics-odroid-023_cam0,5,ok,2,1280,720,5000.0,experiments/runs/CAM-EXP-002_camera_focal_sensitivity/cache/hand_inference/p36-tea-0010__brics-odroid-023_cam0__000005.npz
p36-tea-0010__brics-odroid-023_cam0__000006,p36-tea-0010,brics-odroid-023_cam0,6,ok,2,1280,720,5000.0,experiments/runs/CAM-EXP-002_camera_focal_sensitivity/cache/hand_inference/p36-tea-0010__brics-odroid-023_cam0__000006.npz
p36-tea-0010__brics-odroid-023_cam0__000007,p36-tea-0010,brics-odroid-023_cam0,7,ok,2,1280,720,5000.0,experiments/runs/CAM-EXP-002_camera_focal_sensitivity/cache/hand_inference/p36-tea-0010__brics-odroid-023_cam0__000007.npz
p36-tea-0010__brics-odroid-023_cam0__000008,p36-tea-0010,brics-odroid-023_cam0,8,ok,2,1280,720,5000.0,experiments/runs/CAM-EXP-002_camera_focal_sensitivity/cache/hand_inference/p36-tea-0010__brics-odroid-023_cam0__000008.npz
p36-tea-0010__brics-odroid-024_cam0__000014,p36-tea-0010,brics-odroid-024_cam0,14,ok,2,1280,720,5000.0,experiments/runs/CAM-EXP-002_camera_focal_sensitivity/cache/hand_inference/p36-tea-0010__brics-odroid-024_cam0__000014.npz
p36-tea-0010__brics-odroid-024_cam0__000015,p36-tea-0010,brics-odroid-024_cam0,15,ok,2,1280,720,5000.0,experiments/runs/CAM-EXP-002_camera_focal_sensitivity/cache/hand_inference/p36-tea-0010__brics-odroid-024_cam0__000015.npz
p36-tea-0010__brics-odroid-024_cam0__000016,p36-tea-0010,brics-odroid-024_cam0,16,ok,2,1280,720,5000.0,experiments/runs/CAM-EXP-002_camera_focal_sensitivity/cache/hand_inference/p36-tea-0010__brics-odroid-024_cam0__000016.npz
p36-tea-0010__brics-odroid-024_cam0__000017,p36-tea-0010,brics-odroid-024_cam0,17,ok,2,1280,720,5000.0,experiments/runs/CAM-EXP-002_camera_focal_sensitivity/cache/hand_inference/p36-tea-0010__brics-odroid-024_cam0__000017.npz
p36-tea-0010__brics-odroid-024_cam0__000018,p36-tea-0010,brics-odroid-024_cam0,18,ok,2,1280,720,5000.0,experiments/runs/CAM-EXP-002_camera_focal_sensitivity/cache/hand_inference/p36-tea-0010__brics-odroid-024_cam0__000018.npz
p36-tea-0010__brics-odroid-024_cam0__000019,p36-tea-0010,brics-odroid-024_cam0,19,ok,2,1280,720,5000.0,experiments/runs/CAM-EXP-002_camera_focal_sensitivity/cache/hand_inference/p36-tea-0010__brics-odroid-024_cam0__000019.npz
p36-tea-0010__brics-odroid-024_cam0__000023,p36-tea-0010,brics-odroid-024_cam0,23,ok,2,1280,720,5000.0,experiments/runs/CAM-EXP-002_camera_focal_sensitivity/cache/hand_inference/p36-tea-0010__brics-odroid-024_cam0__000023.npz
p36-tea-0010__brics-odroid-024_cam0__000024,p36-tea-0010,brics-odroid-024_cam0,24,ok,2,1280,720,5000.0,experiments/runs/CAM-EXP-002_camera_focal_sensitivity/cache/hand_inference/p36-tea-0010__brics-odroid-024_cam0__000024.npz
p36-tea-0010__brics-odroid-024_cam0__000025,p36-tea-0010,brics-odroid-024_cam0,25,ok,2,1280,720,5000.0,experiments/runs/CAM-EXP-002_camera_focal_sensitivity/cache/hand_inference/p36-tea-0010__brics-odroid-024_cam0__000025.npz
p36-tea-0010__brics-odroid-024_cam0__000026,p36-tea-0010,brics-odroid-024_cam0,26,ok,2,1280,720,5000.0,experiments/runs/CAM-EXP-002_camera_focal_sensitivity/cache/hand_inference/p36-tea-0010__brics-odroid-024_cam0__000026.npz
p36-tea-0010__brics-odroid-024_cam1__000000,p36-tea-0010,brics-odroid-024_cam1,0,cached,,,,,
p36-tea-0010__brics-odroid-024_cam1__000001,p36-tea-0010,brics-odroid-024_cam1,1,ok,2,1280,720,5000.0,experiments/runs/CAM-EXP-002_camera_focal_sensitivity/cache/hand_inference/p36-tea-0010__brics-odroid-024_cam1__000001.npz
p36-tea-0010__brics-odroid-024_cam1__000002,p36-tea-0010,brics-odroid-024_cam1,2,ok,2,1280,720,5000.0,experiments/runs/CAM-EXP-002_camera_focal_sensitivity/cache/hand_inference/p36-tea-0010__brics-odroid-024_cam1__000002.npz
p36-tea-0010__brics-odroid-024_cam1__000003,p36-tea-0010,brics-odroid-024_cam1,3,ok,2,1280,720,5000.0,experiments/runs/CAM-EXP-002_camera_focal_sensitivity/cache/hand_inference/p36-tea-0010__brics-odroid-024_cam1__000003.npz
p36-tea-0010__brics-odroid-024_cam1__000004,p36-tea-0010,brics-odroid-024_cam1,4,ok,2,1280,720,5000.0,experiments/runs/CAM-EXP-002_camera_focal_sensitivity/cache/hand_inference/p36-tea-0010__brics-odroid-024_cam1__000004.npz
p36-tea-0010__brics-odroid-024_cam1__000005,p36-tea-0010,brics-odroid-024_cam1,5,ok,2,1280,720,5000.0,experiments/runs/CAM-EXP-002_camera_focal_sensitivity/cache/hand_inference/p36-tea-0010__brics-odroid-024_cam1__000005.npz
p36-tea-0010__brics-odroid-024_cam1__000006,p36-tea-0010,brics-odroid-024_cam1,6,ok,2,1280,720,5000.0,experiments/runs/CAM-EXP-002_camera_focal_sensitivity/cache/hand_inference/p36-tea-0010__brics-odroid-024_cam1__000006.npz
p36-tea-0010__brics-odroid-024_cam1__000007,p36-tea-0010,brics-odroid-024_cam1,7,ok,2,1280,720,5000.0,experiments/runs/CAM-EXP-002_camera_focal_sensitivity/cache/hand_inference/p36-tea-0010__brics-odroid-024_cam1__000007.npz
p36-tea-0010__brics-odroid-024_cam1__000008,p36-tea-0010,brics-odroid-024_cam1,8,ok,2,1280,720,5000.0,experiments/runs/CAM-EXP-002_camera_focal_sensitivity/cache/hand_inference/p36-tea-0010__brics-odroid-024_cam1__000008.npz
p36-tea-0010__brics-odroid-024_cam1__000009,p36-tea-0010,brics-odroid-024_cam1,9,ok,2,1280,720,5000.0,experiments/runs/CAM-EXP-002_camera_focal_sensitivity/cache/hand_inference/p36-tea-0010__brics-odroid-024_cam1__000009.npz
p36-tea-0010__brics-odroid-025_cam0__000000,p36-tea-0010,brics-odroid-025_cam0,0,ok,2,1280,720,5000.0,experiments/runs/CAM-EXP-002_camera_focal_sensitivity/cache/hand_inference/p36-tea-0010__brics-odroid-025_cam0__000000.npz
p36-tea-0010__brics-odroid-025_cam0__000001,p36-tea-0010,brics-odroid-025_cam0,1,ok,2,1280,720,5000.0,experiments/runs/CAM-EXP-002_camera_focal_sensitivity/cache/hand_inference/p36-tea-0010__brics-odroid-025_cam0__000001.npz
p36-tea-0010__brics-odroid-025_cam0__000002,p36-tea-0010,brics-odroid-025_cam0,2,ok,2,1280,720,5000.0,experiments/runs/CAM-EXP-002_camera_focal_sensitivity/cache/hand_inference/p36-tea-0010__brics-odroid-025_cam0__000002.npz
p36-tea-0010__brics-odroid-025_cam0__000003,p36-tea-0010,brics-odroid-025_cam0,3,ok,2,1280,720,5000.0,experiments/runs/CAM-EXP-002_camera_focal_sensitivity/cache/hand_inference/p36-tea-0010__brics-odroid-025_cam0__000003.npz
p36-tea-0010__brics-odroid-025_cam0__000004,p36-tea-0010,brics-odroid-025_cam0,4,ok,2,1280,720,5000.0,experiments/runs/CAM-EXP-002_camera_focal_sensitivity/cache/hand_inference/p36-tea-0010__brics-odroid-025_cam0__000004.npz
p36-tea-0010__brics-odroid-025_cam0__000005,p36-tea-0010,brics-odroid-025_cam0,5,ok,2,1280,720,5000.0,experiments/runs/CAM-EXP-002_camera_focal_sensitivity/cache/hand_inference/p36-tea-0010__brics-odroid-025_cam0__000005.npz
p36-tea-0010__brics-odroid-025_cam0__000006,p36-tea-0010,brics-odroid-025_cam0,6,ok,2,1280,720,5000.0,experiments/runs/CAM-EXP-002_camera_focal_sensitivity/cache/hand_inference/p36-tea-0010__brics-odroid-025_cam0__000006.npz
p36-tea-0010__brics-odroid-025_cam0__000007,p36-tea-0010,brics-odroid-025_cam0,7,ok,2,1280,720,5000.0,experiments/runs/CAM-EXP-002_camera_focal_sensitivity/cache/hand_inference/p36-tea-0010__brics-odroid-025_cam0__000007.npz
p36-tea-0010__brics-odroid-025_cam0__000008,p36-tea-0010,brics-odroid-025_cam0,8,ok,2,1280,720,5000.0,experiments/runs/CAM-EXP-002_camera_focal_sensitivity/cache/hand_inference/p36-tea-0010__brics-odroid-025_cam0__000008.npz
p36-tea-0010__brics-odroid-025_cam1__000000,p36-tea-0010,brics-odroid-025_cam1,0,ok,2,1280,720,5000.0,experiments/runs/CAM-EXP-002_camera_focal_sensitivity/cache/hand_inference/p36-tea-0010__brics-odroid-025_cam1__000000.npz
p36-tea-0010__brics-odroid-025_cam1__000001,p36-tea-0010,brics-odroid-025_cam1,1,ok,2,1280,720,5000.0,experiments/runs/CAM-EXP-002_camera_focal_sensitivity/cache/hand_inference/p36-tea-0010__brics-odroid-025_cam1__000001.npz
p36-tea-0010__brics-odroid-025_cam1__000002,p36-tea-0010,brics-odroid-025_cam1,2,ok,2,1280,720,5000.0,experiments/runs/CAM-EXP-002_camera_focal_sensitivity/cache/hand_inference/p36-tea-0010__brics-odroid-025_cam1__000002.npz
p36-tea-0010__brics-odroid-025_cam1__000003,p36-tea-0010,brics-odroid-025_cam1,3,ok,2,1280,720,5000.0,experiments/runs/CAM-EXP-002_camera_focal_sensitivity/cache/hand_inference/p36-tea-0010__brics-odroid-025_cam1__000003.npz
p36-tea-0010__brics-odroid-025_cam1__000004,p36-tea-0010,brics-odroid-025_cam1,4,ok,2,1280,720,5000.0,experiments/runs/CAM-EXP-002_camera_focal_sensitivity/cache/hand_inference/p36-tea-0010__brics-odroid-025_cam1__000004.npz
p36-tea-0010__brics-odroid-025_cam1__000005,p36-tea-0010,brics-odroid-025_cam1,5,ok,2,1280,720,5000.0,experiments/runs/CAM-EXP-002_camera_focal_sensitivity/cache/hand_inference/p36-tea-0010__brics-odroid-025_cam1__000005.npz
p36-tea-0010__brics-odroid-025_cam1__000006,p36-tea-0010,brics-odroid-025_cam1,6,ok,2,1280,720,5000.0,experiments/runs/CAM-EXP-002_camera_focal_sensitivity/cache/hand_inference/p36-tea-0010__brics-odroid-025_cam1__000006.npz
p36-tea-0010__brics-odroid-025_cam1__000007,p36-tea-0010,brics-odroid-025_cam1,7,ok,2,1280,720,5000.0,experiments/runs/CAM-EXP-002_camera_focal_sensitivity/cache/hand_inference/p36-tea-0010__brics-odroid-025_cam1__000007.npz
p36-tea-0010__brics-odroid-025_cam1__000008,p36-tea-0010,brics-odroid-025_cam1,8,ok,2,1280,720,5000.0,experiments/runs/CAM-EXP-002_camera_focal_sensitivity/cache/hand_inference/p36-tea-0010__brics-odroid-025_cam1__000008.npz
p36-tea-0010__brics-odroid-025_cam1__000009,p36-tea-0010,brics-odroid-025_cam1,9,ok,2,1280,720,5000.0,experiments/runs/CAM-EXP-002_camera_focal_sensitivity/cache/hand_inference/p36-tea-0010__brics-odroid-025_cam1__000009.npz
p36-tea-0010__brics-odroid-026_cam0__000119,p36-tea-0010,brics-odroid-026_cam0,119,ok,2,1280,720,5000.0,experiments/runs/CAM-EXP-002_camera_focal_sensitivity/cache/hand_inference/p36-tea-0010__brics-odroid-026_cam0__000119.npz
p36-tea-0010__brics-odroid-026_cam0__000120,p36-tea-0010,brics-odroid-026_cam0,120,ok,2,1280,720,5000.0,experiments/runs/CAM-EXP-002_camera_focal_sensitivity/cache/hand_inference/p36-tea-0010__brics-odroid-026_cam0__000120.npz
p36-tea-0010__brics-odroid-026_cam0__000122,p36-tea-0010,brics-odroid-026_cam0,122,ok,2,1280,720,5000.0,experiments/runs/CAM-EXP-002_camera_focal_sensitivity/cache/hand_inference/p36-tea-0010__brics-odroid-026_cam0__000122.npz
p36-tea-0010__brics-odroid-026_cam0__000123,p36-tea-0010,brics-odroid-026_cam0,123,ok,2,1280,720,5000.0,experiments/runs/CAM-EXP-002_camera_focal_sensitivity/cache/hand_inference/p36-tea-0010__brics-odroid-026_cam0__000123.npz
p36-tea-0010__brics-odroid-026_cam0__000124,p36-tea-0010,brics-odroid-026_cam0,124,ok,2,1280,720,5000.0,experiments/runs/CAM-EXP-002_camera_focal_sensitivity/cache/hand_inference/p36-tea-0010__brics-odroid-026_cam0__000124.npz
p36-tea-0010__brics-odroid-026_cam0__000126,p36-tea-0010,brics-odroid-026_cam0,126,ok,1,1280,720,5000.0,experiments/runs/CAM-EXP-002_camera_focal_sensitivity/cache/hand_inference/p36-tea-0010__brics-odroid-026_cam0__000126.npz
p36-tea-0010__brics-odroid-026_cam0__000127,p36-tea-0010,brics-odroid-026_cam0,127,ok,1,1280,720,5000.0,experiments/runs/CAM-EXP-002_camera_focal_sensitivity/cache/hand_inference/p36-tea-0010__brics-odroid-026_cam0__000127.npz
p36-tea-0010__brics-odroid-026_cam0__000128,p36-tea-0010,brics-odroid-026_cam0,128,ok,1,1280,720,5000.0,experiments/runs/CAM-EXP-002_camera_focal_sensitivity/cache/hand_inference/p36-tea-0010__brics-odroid-026_cam0__000128.npz
p36-tea-0010__brics-odroid-026_cam0__000129,p36-tea-0010,brics-odroid-026_cam0,129,ok,1,1280,720,5000.0,experiments/runs/CAM-EXP-002_camera_focal_sensitivity/cache/hand_inference/p36-tea-0010__brics-odroid-026_cam0__000129.npz
p36-tea-0010__brics-odroid-026_cam1__000000,p36-tea-0010,brics-odroid-026_cam1,0,ok,2,1280,720,5000.0,experiments/runs/CAM-EXP-002_camera_focal_sensitivity/cache/hand_inference/p36-tea-0010__brics-odroid-026_cam1__000000.npz
p36-tea-0010__brics-odroid-026_cam1__000001,p36-tea-0010,brics-odroid-026_cam1,1,ok,2,1280,720,5000.0,experiments/runs/CAM-EXP-002_camera_focal_sensitivity/cache/hand_inference/p36-tea-0010__brics-odroid-026_cam1__000001.npz
p36-tea-0010__brics-odroid-026_cam1__000002,p36-tea-0010,brics-odroid-026_cam1,2,ok,2,1280,720,5000.0,experiments/runs/CAM-EXP-002_camera_focal_sensitivity/cache/hand_inference/p36-tea-0010__brics-odroid-026_cam1__000002.npz
p36-tea-0010__brics-odroid-026_cam1__000003,p36-tea-0010,brics-odroid-026_cam1,3,ok,2,1280,720,5000.0,experiments/runs/CAM-EXP-002_camera_focal_sensitivity/cache/hand_inference/p36-tea-0010__brics-odroid-026_cam1__000003.npz
p36-tea-0010__brics-odroid-026_cam1__000004,p36-tea-0010,brics-odroid-026_cam1,4,ok,2,1280,720,5000.0,experiments/runs/CAM-EXP-002_camera_focal_sensitivity/cache/hand_inference/p36-tea-0010__brics-odroid-026_cam1__000004.npz
p36-tea-0010__brics-odroid-026_cam1__000005,p36-tea-0010,brics-odroid-026_cam1,5,ok,2,1280,720,5000.0,experiments/runs/CAM-EXP-002_camera_focal_sensitivity/cache/hand_inference/p36-tea-0010__brics-odroid-026_cam1__000005.npz
p36-tea-0010__brics-odroid-026_cam1__000006,p36-tea-0010,brics-odroid-026_cam1,6,ok,2,1280,720,5000.0,experiments/runs/CAM-EXP-002_camera_focal_sensitivity/cache/hand_inference/p36-tea-0010__brics-odroid-026_cam1__000006.npz
p36-tea-0010__brics-odroid-026_cam1__000007,p36-tea-0010,brics-odroid-026_cam1,7,ok,2,1280,720,5000.0,experiments/runs/CAM-EXP-002_camera_focal_sensitivity/cache/hand_inference/p36-tea-0010__brics-odroid-026_cam1__000007.npz
p36-tea-0010__brics-odroid-026_cam1__000008,p36-tea-0010,brics-odroid-026_cam1,8,ok,2,1280,720,5000.0,experiments/runs/CAM-EXP-002_camera_focal_sensitivity/cache/hand_inference/p36-tea-0010__brics-odroid-026_cam1__000008.npz
p36-tea-0010__brics-odroid-027_cam0__000061,p36-tea-0010,brics-odroid-027_cam0,61,ok,1,1280,720,5000.0,experiments/runs/CAM-EXP-002_camera_focal_sensitivity/cache/hand_inference/p36-tea-0010__brics-odroid-027_cam0__000061.npz
p36-tea-0010__brics-odroid-027_cam0__000085,p36-tea-0010,brics-odroid-027_cam0,85,no_detection,0,1280,720,,
p36-tea-0010__brics-odroid-027_cam0__000090,p36-tea-0010,brics-odroid-027_cam0,90,no_detection,0,1280,720,,
p36-tea-0010__brics-odroid-027_cam0__000091,p36-tea-0010,brics-odroid-027_cam0,91,no_detection,0,1280,720,,
p36-tea-0010__brics-odroid-027_cam0__000094,p36-tea-0010,brics-odroid-027_cam0,94,no_detection,0,1280,720,,
p36-tea-0010__brics-odroid-027_cam0__000095,p36-tea-0010,brics-odroid-027_cam0,95,no_detection,0,1280,720,,
p36-tea-0010__brics-odroid-027_cam0__000098,p36-tea-0010,brics-odroid-027_cam0,98,no_detection,0,1280,720,,
p36-tea-0010__brics-odroid-027_cam0__000099,p36-tea-0010,brics-odroid-027_cam0,99,no_detection,0,1280,720,,
p36-tea-0010__brics-odroid-027_cam0__000100,p36-tea-0010,brics-odroid-027_cam0,100,no_detection,0,1280,720,,
p36-tea-0010__brics-odroid-028_cam0__000045,p36-tea-0010,brics-odroid-028_cam0,45,ok,2,1280,720,5000.0,experiments/runs/CAM-EXP-002_camera_focal_sensitivity/cache/hand_inference/p36-tea-0010__brics-odroid-028_cam0__000045.npz
p36-tea-0010__brics-odroid-028_cam0__000046,p36-tea-0010,brics-odroid-028_cam0,46,ok,2,1280,720,5000.0,experiments/runs/CAM-EXP-002_camera_focal_sensitivity/cache/hand_inference/p36-tea-0010__brics-odroid-028_cam0__000046.npz
p36-tea-0010__brics-odroid-028_cam0__000047,p36-tea-0010,brics-odroid-028_cam0,47,ok,2,1280,720,5000.0,experiments/runs/CAM-EXP-002_camera_focal_sensitivity/cache/hand_inference/p36-tea-0010__brics-odroid-028_cam0__000047.npz
p36-tea-0010__brics-odroid-028_cam0__000048,p36-tea-0010,brics-odroid-028_cam0,48,ok,2,1280,720,5000.0,experiments/runs/CAM-EXP-002_camera_focal_sensitivity/cache/hand_inference/p36-tea-0010__brics-odroid-028_cam0__000048.npz
p36-tea-0010__brics-odroid-028_cam0__000058,p36-tea-0010,brics-odroid-028_cam0,58,ok,1,1280,720,5000.0,experiments/runs/CAM-EXP-002_camera_focal_sensitivity/cache/hand_inference/p36-tea-0010__brics-odroid-028_cam0__000058.npz
p36-tea-0010__brics-odroid-029_cam1__000347,p36-tea-0010,brics-odroid-029_cam1,347,no_detection,0,1280,720,,
p36-tea-0010__brics-odroid-030_cam0__000022,p36-tea-0010,brics-odroid-030_cam0,22,ok,2,1280,720,5000.0,experiments/runs/CAM-EXP-002_camera_focal_sensitivity/cache/hand_inference/p36-tea-0010__brics-odroid-030_cam0__000022.npz
p36-tea-0010__brics-odroid-030_cam0__000023,p36-tea-0010,brics-odroid-030_cam0,23,ok,2,1280,720,5000.0,experiments/runs/CAM-EXP-002_camera_focal_sensitivity/cache/hand_inference/p36-tea-0010__brics-odroid-030_cam0__000023.npz
p36-tea-0010__brics-odroid-030_cam0__000024,p36-tea-0010,brics-odroid-030_cam0,24,ok,2,1280,720,5000.0,experiments/runs/CAM-EXP-002_camera_focal_sensitivity/cache/hand_inference/p36-tea-0010__brics-odroid-030_cam0__000024.npz
p36-tea-0010__brics-odroid-030_cam0__000025,p36-tea-0010,brics-odroid-030_cam0,25,ok,2,1280,720,5000.0,experiments/runs/CAM-EXP-002_camera_focal_sensitivity/cache/hand_inference/p36-tea-0010__brics-odroid-030_cam0__000025.npz
p36-tea-0010__brics-odroid-030_cam0__000026,p36-tea-0010,brics-odroid-030_cam0,26,ok,2,1280,720,5000.0,experiments/runs/CAM-EXP-002_camera_focal_sensitivity/cache/hand_inference/p36-tea-0010__brics-odroid-030_cam0__000026.npz
p36-tea-0010__brics-odroid-030_cam0__000092,p36-tea-0010,brics-odroid-030_cam0,92,ok,2,1280,720,5000.0,experiments/runs/CAM-EXP-002_camera_focal_sensitivity/cache/hand_inference/p36-tea-0010__brics-odroid-030_cam0__000092.npz
p36-tea-0010__brics-odroid-030_cam0__000234,p36-tea-0010,brics-odroid-030_cam0,234,ok,1,1280,720,5000.0,experiments/runs/CAM-EXP-002_camera_focal_sensitivity/cache/hand_inference/p36-tea-0010__brics-odroid-030_cam0__000234.npz
p36-tea-0010__brics-odroid-030_cam0__000235,p36-tea-0010,brics-odroid-030_cam0,235,ok,1,1280,720,5000.0,experiments/runs/CAM-EXP-002_camera_focal_sensitivity/cache/hand_inference/p36-tea-0010__brics-odroid-030_cam0__000235.npz
p36-tea-0010__brics-odroid-030_cam0__000236,p36-tea-0010,brics-odroid-030_cam0,236,ok,1,1280,720,5000.0,experiments/runs/CAM-EXP-002_camera_focal_sensitivity/cache/hand_inference/p36-tea-0010__brics-odroid-030_cam0__000236.npz
p36-tea-0010__brics-odroid-030_cam0__000237,p36-tea-0010,brics-odroid-030_cam0,237,ok,1,1280,720,5000.0,experiments/runs/CAM-EXP-002_camera_focal_sensitivity/cache/hand_inference/p36-tea-0010__brics-odroid-030_cam0__000237.npz
p36-tea-0010__brics-odroid-030_cam1__000023,p36-tea-0010,brics-odroid-030_cam1,23,ok,2,1280,720,5000.0,experiments/runs/CAM-EXP-002_camera_focal_sensitivity/cache/hand_inference/p36-tea-0010__brics-odroid-030_cam1__000023.npz
p36-tea-0010__brics-odroid-030_cam1__000042,p36-tea-0010,brics-odroid-030_cam1,42,ok,3,1280,720,5000.0,experiments/runs/CAM-EXP-002_camera_focal_sensitivity/cache/hand_inference/p36-tea-0010__brics-odroid-030_cam1__000042.npz
p36-tea-0010__brics-odroid-030_cam1__000043,p36-tea-0010,brics-odroid-030_cam1,43,ok,3,1280,720,5000.0,experiments/runs/CAM-EXP-002_camera_focal_sensitivity/cache/hand_inference/p36-tea-0010__brics-odroid-030_cam1__000043.npz
p36-tea-0010__brics-odroid-030_cam1__000044,p36-tea-0010,brics-odroid-030_cam1,44,ok,3,1280,720,5000.0,experiments/runs/CAM-EXP-002_camera_focal_sensitivity/cache/hand_inference/p36-tea-0010__brics-odroid-030_cam1__000044.npz
p36-tea-0010__brics-odroid-030_cam1__000045,p36-tea-0010,brics-odroid-030_cam1,45,ok,3,1280,720,5000.0,experiments/runs/CAM-EXP-002_camera_focal_sensitivity/cache/hand_inference/p36-tea-0010__brics-odroid-030_cam1__000045.npz
p36-tea-0010__brics-odroid-030_cam1__000046,p36-tea-0010,brics-odroid-030_cam1,46,ok,3,1280,720,5000.0,experiments/runs/CAM-EXP-002_camera_focal_sensitivity/cache/hand_inference/p36-tea-0010__brics-odroid-030_cam1__000046.npz
p36-tea-0010__brics-odroid-030_cam1__000054,p36-tea-0010,brics-odroid-030_cam1,54,ok,2,1280,720,5000.0,experiments/runs/CAM-EXP-002_camera_focal_sensitivity/cache/hand_inference/p36-tea-0010__brics-odroid-030_cam1__000054.npz
p36-tea-0010__brics-odroid-030_cam1__000055,p36-tea-0010,brics-odroid-030_cam1,55,ok,2,1280,720,5000.0,experiments/runs/CAM-EXP-002_camera_focal_sensitivity/cache/hand_inference/p36-tea-0010__brics-odroid-030_cam1__000055.npz
p41-boxing-0021__brics-odroid-006_cam0__000000,p41-boxing-0021,brics-odroid-006_cam0,0,ok,2,1280,720,5000.0,experiments/runs/CAM-EXP-002_camera_focal_sensitivity/cache/hand_inference/p41-boxing-0021__brics-odroid-006_cam0__000000.npz
p41-boxing-0021__brics-odroid-006_cam0__000001,p41-boxing-0021,brics-odroid-006_cam0,1,ok,2,1280,720,5000.0,experiments/runs/CAM-EXP-002_camera_focal_sensitivity/cache/hand_inference/p41-boxing-0021__brics-odroid-006_cam0__000001.npz
p41-boxing-0021__brics-odroid-006_cam0__000002,p41-boxing-0021,brics-odroid-006_cam0,2,ok,2,1280,720,5000.0,experiments/runs/CAM-EXP-002_camera_focal_sensitivity/cache/hand_inference/p41-boxing-0021__brics-odroid-006_cam0__000002.npz
p41-boxing-0021__brics-odroid-006_cam0__000003,p41-boxing-0021,brics-odroid-006_cam0,3,ok,2,1280,720,5000.0,experiments/runs/CAM-EXP-002_camera_focal_sensitivity/cache/hand_inference/p41-boxing-0021__brics-odroid-006_cam0__000003.npz
p41-boxing-0021__brics-odroid-006_cam0__000004,p41-boxing-0021,brics-odroid-006_cam0,4,ok,2,1280,720,5000.0,experiments/runs/CAM-EXP-002_camera_focal_sensitivity/cache/hand_inference/p41-boxing-0021__brics-odroid-006_cam0__000004.npz
p41-boxing-0021__brics-odroid-006_cam0__000005,p41-boxing-0021,brics-odroid-006_cam0,5,ok,2,1280,720,5000.0,experiments/runs/CAM-EXP-002_camera_focal_sensitivity/cache/hand_inference/p41-boxing-0021__brics-odroid-006_cam0__000005.npz
p41-boxing-0021__brics-odroid-006_cam0__000006,p41-boxing-0021,brics-odroid-006_cam0,6,ok,2,1280,720,5000.0,experiments/runs/CAM-EXP-002_camera_focal_sensitivity/cache/hand_inference/p41-boxing-0021__brics-odroid-006_cam0__000006.npz
p41-boxing-0021__brics-odroid-006_cam0__000007,p41-boxing-0021,brics-odroid-006_cam0,7,ok,2,1280,720,5000.0,experiments/runs/CAM-EXP-002_camera_focal_sensitivity/cache/hand_inference/p41-boxing-0021__brics-odroid-006_cam0__000007.npz
p41-boxing-0021__brics-odroid-006_cam0__000008,p41-boxing-0021,brics-odroid-006_cam0,8,ok,2,1280,720,5000.0,experiments/runs/CAM-EXP-002_camera_focal_sensitivity/cache/hand_inference/p41-boxing-0021__brics-odroid-006_cam0__000008.npz
p41-boxing-0021__brics-odroid-006_cam0__000009,p41-boxing-0021,brics-odroid-006_cam0,9,ok,2,1280,720,5000.0,experiments/runs/CAM-EXP-002_camera_focal_sensitivity/cache/hand_inference/p41-boxing-0021__brics-odroid-006_cam0__000009.npz
p41-boxing-0021__brics-odroid-007_cam0__000000,p41-boxing-0021,brics-odroid-007_cam0,0,cached,,,,,
p41-boxing-0021__brics-odroid-007_cam0__000001,p41-boxing-0021,brics-odroid-007_cam0,1,ok,2,1280,720,5000.0,experiments/runs/CAM-EXP-002_camera_focal_sensitivity/cache/hand_inference/p41-boxing-0021__brics-odroid-007_cam0__000001.npz
p41-boxing-0021__brics-odroid-007_cam0__000002,p41-boxing-0021,brics-odroid-007_cam0,2,ok,2,1280,720,5000.0,experiments/runs/CAM-EXP-002_camera_focal_sensitivity/cache/hand_inference/p41-boxing-0021__brics-odroid-007_cam0__000002.npz
p41-boxing-0021__brics-odroid-007_cam0__000003,p41-boxing-0021,brics-odroid-007_cam0,3,ok,2,1280,720,5000.0,experiments/runs/CAM-EXP-002_camera_focal_sensitivity/cache/hand_inference/p41-boxing-0021__brics-odroid-007_cam0__000003.npz
p41-boxing-0021__brics-odroid-007_cam0__000004,p41-boxing-0021,brics-odroid-007_cam0,4,ok,2,1280,720,5000.0,experiments/runs/CAM-EXP-002_camera_focal_sensitivity/cache/hand_inference/p41-boxing-0021__brics-odroid-007_cam0__000004.npz
p41-boxing-0021__brics-odroid-007_cam0__000005,p41-boxing-0021,brics-odroid-007_cam0,5,ok,2,1280,720,5000.0,experiments/runs/CAM-EXP-002_camera_focal_sensitivity/cache/hand_inference/p41-boxing-0021__brics-odroid-007_cam0__000005.npz
p41-boxing-0021__brics-odroid-007_cam0__000006,p41-boxing-0021,brics-odroid-007_cam0,6,ok,2,1280,720,5000.0,experiments/runs/CAM-EXP-002_camera_focal_sensitivity/cache/hand_inference/p41-boxing-0021__brics-odroid-007_cam0__000006.npz
p41-boxing-0021__brics-odroid-007_cam0__000007,p41-boxing-0021,brics-odroid-007_cam0,7,ok,2,1280,720,5000.0,experiments/runs/CAM-EXP-002_camera_focal_sensitivity/cache/hand_inference/p41-boxing-0021__brics-odroid-007_cam0__000007.npz
p41-boxing-0021__brics-odroid-007_cam0__000008,p41-boxing-0021,brics-odroid-007_cam0,8,ok,2,1280,720,5000.0,experiments/runs/CAM-EXP-002_camera_focal_sensitivity/cache/hand_inference/p41-boxing-0021__brics-odroid-007_cam0__000008.npz
p41-boxing-0021__brics-odroid-007_cam0__000009,p41-boxing-0021,brics-odroid-007_cam0,9,ok,2,1280,720,5000.0,experiments/runs/CAM-EXP-002_camera_focal_sensitivity/cache/hand_inference/p41-boxing-0021__brics-odroid-007_cam0__000009.npz
p41-boxing-0021__brics-odroid-007_cam1__000000,p41-boxing-0021,brics-odroid-007_cam1,0,ok,2,1280,720,5000.0,experiments/runs/CAM-EXP-002_camera_focal_sensitivity/cache/hand_inference/p41-boxing-0021__brics-odroid-007_cam1__000000.npz
p41-boxing-0021__brics-odroid-007_cam1__000001,p41-boxing-0021,brics-odroid-007_cam1,1,ok,2,1280,720,5000.0,experiments/runs/CAM-EXP-002_camera_focal_sensitivity/cache/hand_inference/p41-boxing-0021__brics-odroid-007_cam1__000001.npz
p41-boxing-0021__brics-odroid-007_cam1__000002,p41-boxing-0021,brics-odroid-007_cam1,2,ok,2,1280,720,5000.0,experiments/runs/CAM-EXP-002_camera_focal_sensitivity/cache/hand_inference/p41-boxing-0021__brics-odroid-007_cam1__000002.npz
p41-boxing-0021__brics-odroid-007_cam1__000003,p41-boxing-0021,brics-odroid-007_cam1,3,ok,2,1280,720,5000.0,experiments/runs/CAM-EXP-002_camera_focal_sensitivity/cache/hand_inference/p41-boxing-0021__brics-odroid-007_cam1__000003.npz
p41-boxing-0021__brics-odroid-007_cam1__000004,p41-boxing-0021,brics-odroid-007_cam1,4,ok,2,1280,720,5000.0,experiments/runs/CAM-EXP-002_camera_focal_sensitivity/cache/hand_inference/p41-boxing-0021__brics-odroid-007_cam1__000004.npz
p41-boxing-0021__brics-odroid-007_cam1__000005,p41-boxing-0021,brics-odroid-007_cam1,5,ok,2,1280,720,5000.0,experiments/runs/CAM-EXP-002_camera_focal_sensitivity/cache/hand_inference/p41-boxing-0021__brics-odroid-007_cam1__000005.npz
p41-boxing-0021__brics-odroid-007_cam1__000006,p41-boxing-0021,brics-odroid-007_cam1,6,ok,2,1280,720,5000.0,experiments/runs/CAM-EXP-002_camera_focal_sensitivity/cache/hand_inference/p41-boxing-0021__brics-odroid-007_cam1__000006.npz
p41-boxing-0021__brics-odroid-007_cam1__000007,p41-boxing-0021,brics-odroid-007_cam1,7,ok,2,1280,720,5000.0,experiments/runs/CAM-EXP-002_camera_focal_sensitivity/cache/hand_inference/p41-boxing-0021__brics-odroid-007_cam1__000007.npz
p41-boxing-0021__brics-odroid-007_cam1__000008,p41-boxing-0021,brics-odroid-007_cam1,8,ok,2,1280,720,5000.0,experiments/runs/CAM-EXP-002_camera_focal_sensitivity/cache/hand_inference/p41-boxing-0021__brics-odroid-007_cam1__000008.npz
p41-boxing-0021__brics-odroid-007_cam1__000009,p41-boxing-0021,brics-odroid-007_cam1,9,ok,2,1280,720,5000.0,experiments/runs/CAM-EXP-002_camera_focal_sensitivity/cache/hand_inference/p41-boxing-0021__brics-odroid-007_cam1__000009.npz
p41-boxing-0021__brics-odroid-008_cam0__000005,p41-boxing-0021,brics-odroid-008_cam0,5,ok,2,1280,720,5000.0,experiments/runs/CAM-EXP-002_camera_focal_sensitivity/cache/hand_inference/p41-boxing-0021__brics-odroid-008_cam0__000005.npz
p41-boxing-0021__brics-odroid-008_cam0__000006,p41-boxing-0021,brics-odroid-008_cam0,6,ok,2,1280,720,5000.0,experiments/runs/CAM-EXP-002_camera_focal_sensitivity/cache/hand_inference/p41-boxing-0021__brics-odroid-008_cam0__000006.npz
p41-boxing-0021__brics-odroid-008_cam0__000010,p41-boxing-0021,brics-odroid-008_cam0,10,ok,2,1280,720,5000.0,experiments/runs/CAM-EXP-002_camera_focal_sensitivity/cache/hand_inference/p41-boxing-0021__brics-odroid-008_cam0__000010.npz
p41-boxing-0021__brics-odroid-008_cam0__000012,p41-boxing-0021,brics-odroid-008_cam0,12,ok,2,1280,720,5000.0,experiments/runs/CAM-EXP-002_camera_focal_sensitivity/cache/hand_inference/p41-boxing-0021__brics-odroid-008_cam0__000012.npz
p41-boxing-0021__brics-odroid-008_cam0__000354,p41-boxing-0021,brics-odroid-008_cam0,354,ok,2,1280,720,5000.0,experiments/runs/CAM-EXP-002_camera_focal_sensitivity/cache/hand_inference/p41-boxing-0021__brics-odroid-008_cam0__000354.npz
p41-boxing-0021__brics-odroid-008_cam0__000355,p41-boxing-0021,brics-odroid-008_cam0,355,ok,2,1280,720,5000.0,experiments/runs/CAM-EXP-002_camera_focal_sensitivity/cache/hand_inference/p41-boxing-0021__brics-odroid-008_cam0__000355.npz
p41-boxing-0021__brics-odroid-008_cam0__000356,p41-boxing-0021,brics-odroid-008_cam0,356,ok,2,1280,720,5000.0,experiments/runs/CAM-EXP-002_camera_focal_sensitivity/cache/hand_inference/p41-boxing-0021__brics-odroid-008_cam0__000356.npz
p41-boxing-0021__brics-odroid-008_cam0__000359,p41-boxing-0021,brics-odroid-008_cam0,359,ok,2,1280,720,5000.0,experiments/runs/CAM-EXP-002_camera_focal_sensitivity/cache/hand_inference/p41-boxing-0021__brics-odroid-008_cam0__000359.npz
p41-boxing-0021__brics-odroid-008_cam0__000360,p41-boxing-0021,brics-odroid-008_cam0,360,ok,2,1280,720,5000.0,experiments/runs/CAM-EXP-002_camera_focal_sensitivity/cache/hand_inference/p41-boxing-0021__brics-odroid-008_cam0__000360.npz
p41-boxing-0021__brics-odroid-009_cam1__000000,p41-boxing-0021,brics-odroid-009_cam1,0,ok,2,1280,720,5000.0,experiments/runs/CAM-EXP-002_camera_focal_sensitivity/cache/hand_inference/p41-boxing-0021__brics-odroid-009_cam1__000000.npz
p41-boxing-0021__brics-odroid-009_cam1__000001,p41-boxing-0021,brics-odroid-009_cam1,1,ok,2,1280,720,5000.0,experiments/runs/CAM-EXP-002_camera_focal_sensitivity/cache/hand_inference/p41-boxing-0021__brics-odroid-009_cam1__000001.npz
p41-boxing-0021__brics-odroid-009_cam1__000002,p41-boxing-0021,brics-odroid-009_cam1,2,ok,2,1280,720,5000.0,experiments/runs/CAM-EXP-002_camera_focal_sensitivity/cache/hand_inference/p41-boxing-0021__brics-odroid-009_cam1__000002.npz
p41-boxing-0021__brics-odroid-009_cam1__000003,p41-boxing-0021,brics-odroid-009_cam1,3,ok,2,1280,720,5000.0,experiments/runs/CAM-EXP-002_camera_focal_sensitivity/cache/hand_inference/p41-boxing-0021__brics-odroid-009_cam1__000003.npz
p41-boxing-0021__brics-odroid-009_cam1__000004,p41-boxing-0021,brics-odroid-009_cam1,4,ok,2,1280,720,5000.0,experiments/runs/CAM-EXP-002_camera_focal_sensitivity/cache/hand_inference/p41-boxing-0021__brics-odroid-009_cam1__000004.npz
p41-boxing-0021__brics-odroid-009_cam1__000005,p41-boxing-0021,brics-odroid-009_cam1,5,ok,2,1280,720,5000.0,experiments/runs/CAM-EXP-002_camera_focal_sensitivity/cache/hand_inference/p41-boxing-0021__brics-odroid-009_cam1__000005.npz
p41-boxing-0021__brics-odroid-009_cam1__000006,p41-boxing-0021,brics-odroid-009_cam1,6,ok,2,1280,720,5000.0,experiments/runs/CAM-EXP-002_camera_focal_sensitivity/cache/hand_inference/p41-boxing-0021__brics-odroid-009_cam1__000006.npz
p41-boxing-0021__brics-odroid-009_cam1__000007,p41-boxing-0021,brics-odroid-009_cam1,7,ok,2,1280,720,5000.0,experiments/runs/CAM-EXP-002_camera_focal_sensitivity/cache/hand_inference/p41-boxing-0021__brics-odroid-009_cam1__000007.npz
p41-boxing-0021__brics-odroid-009_cam1__000008,p41-boxing-0021,brics-odroid-009_cam1,8,ok,2,1280,720,5000.0,experiments/runs/CAM-EXP-002_camera_focal_sensitivity/cache/hand_inference/p41-boxing-0021__brics-odroid-009_cam1__000008.npz
p41-boxing-0021__brics-odroid-009_cam1__000009,p41-boxing-0021,brics-odroid-009_cam1,9,ok,2,1280,720,5000.0,experiments/runs/CAM-EXP-002_camera_focal_sensitivity/cache/hand_inference/p41-boxing-0021__brics-odroid-009_cam1__000009.npz
p41-boxing-0021__brics-odroid-010_cam0__000000,p41-boxing-0021,brics-odroid-010_cam0,0,ok,2,1280,720,5000.0,experiments/runs/CAM-EXP-002_camera_focal_sensitivity/cache/hand_inference/p41-boxing-0021__brics-odroid-010_cam0__000000.npz
p41-boxing-0021__brics-odroid-010_cam0__000001,p41-boxing-0021,brics-odroid-010_cam0,1,ok,2,1280,720,5000.0,experiments/runs/CAM-EXP-002_camera_focal_sensitivity/cache/hand_inference/p41-boxing-0021__brics-odroid-010_cam0__000001.npz
p41-boxing-0021__brics-odroid-010_cam0__000002,p41-boxing-0021,brics-odroid-010_cam0,2,ok,2,1280,720,5000.0,experiments/runs/CAM-EXP-002_camera_focal_sensitivity/cache/hand_inference/p41-boxing-0021__brics-odroid-010_cam0__000002.npz
p41-boxing-0021__brics-odroid-010_cam0__000003,p41-boxing-0021,brics-odroid-010_cam0,3,ok,2,1280,720,5000.0,experiments/runs/CAM-EXP-002_camera_focal_sensitivity/cache/hand_inference/p41-boxing-0021__brics-odroid-010_cam0__000003.npz
p41-boxing-0021__brics-odroid-010_cam0__000004,p41-boxing-0021,brics-odroid-010_cam0,4,ok,2,1280,720,5000.0,experiments/runs/CAM-EXP-002_camera_focal_sensitivity/cache/hand_inference/p41-boxing-0021__brics-odroid-010_cam0__000004.npz
p41-boxing-0021__brics-odroid-010_cam0__000005,p41-boxing-0021,brics-odroid-010_cam0,5,ok,2,1280,720,5000.0,experiments/runs/CAM-EXP-002_camera_focal_sensitivity/cache/hand_inference/p41-boxing-0021__brics-odroid-010_cam0__000005.npz
p41-boxing-0021__brics-odroid-010_cam0__000006,p41-boxing-0021,brics-odroid-010_cam0,6,ok,2,1280,720,5000.0,experiments/runs/CAM-EXP-002_camera_focal_sensitivity/cache/hand_inference/p41-boxing-0021__brics-odroid-010_cam0__000006.npz
p41-boxing-0021__brics-odroid-010_cam0__000007,p41-boxing-0021,brics-odroid-010_cam0,7,ok,2,1280,720,5000.0,experiments/runs/CAM-EXP-002_camera_focal_sensitivity/cache/hand_inference/p41-boxing-0021__brics-odroid-010_cam0__000007.npz
p41-boxing-0021__brics-odroid-010_cam0__000008,p41-boxing-0021,brics-odroid-010_cam0,8,ok,2,1280,720,5000.0,experiments/runs/CAM-EXP-002_camera_focal_sensitivity/cache/hand_inference/p41-boxing-0021__brics-odroid-010_cam0__000008.npz
p41-boxing-0021__brics-odroid-010_cam0__000009,p41-boxing-0021,brics-odroid-010_cam0,9,ok,2,1280,720,5000.0,experiments/runs/CAM-EXP-002_camera_focal_sensitivity/cache/hand_inference/p41-boxing-0021__brics-odroid-010_cam0__000009.npz
p41-boxing-0021__brics-odroid-011_cam0__000013,p41-boxing-0021,brics-odroid-011_cam0,13,ok,2,1280,720,5000.0,experiments/runs/CAM-EXP-002_camera_focal_sensitivity/cache/hand_inference/p41-boxing-0021__brics-odroid-011_cam0__000013.npz
p41-boxing-0021__brics-odroid-011_cam0__000014,p41-boxing-0021,brics-odroid-011_cam0,14,ok,2,1280,720,5000.0,experiments/runs/CAM-EXP-002_camera_focal_sensitivity/cache/hand_inference/p41-boxing-0021__brics-odroid-011_cam0__000014.npz
p41-boxing-0021__brics-odroid-011_cam0__000015,p41-boxing-0021,brics-odroid-011_cam0,15,ok,2,1280,720,5000.0,experiments/runs/CAM-EXP-002_camera_focal_sensitivity/cache/hand_inference/p41-boxing-0021__brics-odroid-011_cam0__000015.npz
p41-boxing-0021__brics-odroid-011_cam0__000016,p41-boxing-0021,brics-odroid-011_cam0,16,ok,2,1280,720,5000.0,experiments/runs/CAM-EXP-002_camera_focal_sensitivity/cache/hand_inference/p41-boxing-0021__brics-odroid-011_cam0__000016.npz
p41-boxing-0021__brics-odroid-011_cam0__000017,p41-boxing-0021,brics-odroid-011_cam0,17,ok,2,1280,720,5000.0,experiments/runs/CAM-EXP-002_camera_focal_sensitivity/cache/hand_inference/p41-boxing-0021__brics-odroid-011_cam0__000017.npz
p41-boxing-0021__brics-odroid-011_cam0__000018,p41-boxing-0021,brics-odroid-011_cam0,18,ok,2,1280,720,5000.0,experiments/runs/CAM-EXP-002_camera_focal_sensitivity/cache/hand_inference/p41-boxing-0021__brics-odroid-011_cam0__000018.npz
p41-boxing-0021__brics-odroid-011_cam0__000028,p41-boxing-0021,brics-odroid-011_cam0,28,ok,2,1280,720,5000.0,experiments/runs/CAM-EXP-002_camera_focal_sensitivity/cache/hand_inference/p41-boxing-0021__brics-odroid-011_cam0__000028.npz
p41-boxing-0021__brics-odroid-011_cam0__000029,p41-boxing-0021,brics-odroid-011_cam0,29,ok,2,1280,720,5000.0,experiments/runs/CAM-EXP-002_camera_focal_sensitivity/cache/hand_inference/p41-boxing-0021__brics-odroid-011_cam0__000029.npz
p41-boxing-0021__brics-odroid-011_cam0__000030,p41-boxing-0021,brics-odroid-011_cam0,30,ok,2,1280,720,5000.0,experiments/runs/CAM-EXP-002_camera_focal_sensitivity/cache/hand_inference/p41-boxing-0021__brics-odroid-011_cam0__000030.npz
p41-boxing-0021__brics-odroid-012_cam0__000000,p41-boxing-0021,brics-odroid-012_cam0,0,ok,2,1280,720,5000.0,experiments/runs/CAM-EXP-002_camera_focal_sensitivity/cache/hand_inference/p41-boxing-0021__brics-odroid-012_cam0__000000.npz
p41-boxing-0021__brics-odroid-012_cam0__000001,p41-boxing-0021,brics-odroid-012_cam0,1,ok,2,1280,720,5000.0,experiments/runs/CAM-EXP-002_camera_focal_sensitivity/cache/hand_inference/p41-boxing-0021__brics-odroid-012_cam0__000001.npz
p41-boxing-0021__brics-odroid-012_cam0__000002,p41-boxing-0021,brics-odroid-012_cam0,2,ok,2,1280,720,5000.0,experiments/runs/CAM-EXP-002_camera_focal_sensitivity/cache/hand_inference/p41-boxing-0021__brics-odroid-012_cam0__000002.npz
p41-boxing-0021__brics-odroid-012_cam0__000003,p41-boxing-0021,brics-odroid-012_cam0,3,ok,2,1280,720,5000.0,experiments/runs/CAM-EXP-002_camera_focal_sensitivity/cache/hand_inference/p41-boxing-0021__brics-odroid-012_cam0__000003.npz
p41-boxing-0021__brics-odroid-012_cam0__000004,p41-boxing-0021,brics-odroid-012_cam0,4,ok,2,1280,720,5000.0,experiments/runs/CAM-EXP-002_camera_focal_sensitivity/cache/hand_inference/p41-boxing-0021__brics-odroid-012_cam0__000004.npz
p41-boxing-0021__brics-odroid-012_cam0__000005,p41-boxing-0021,brics-odroid-012_cam0,5,ok,2,1280,720,5000.0,experiments/runs/CAM-EXP-002_camera_focal_sensitivity/cache/hand_inference/p41-boxing-0021__brics-odroid-012_cam0__000005.npz
p41-boxing-0021__brics-odroid-012_cam0__000006,p41-boxing-0021,brics-odroid-012_cam0,6,ok,2,1280,720,5000.0,experiments/runs/CAM-EXP-002_camera_focal_sensitivity/cache/hand_inference/p41-boxing-0021__brics-odroid-012_cam0__000006.npz
p41-boxing-0021__brics-odroid-012_cam0__000007,p41-boxing-0021,brics-odroid-012_cam0,7,ok,2,1280,720,5000.0,experiments/runs/CAM-EXP-002_camera_focal_sensitivity/cache/hand_inference/p41-boxing-0021__brics-odroid-012_cam0__000007.npz
p41-boxing-0021__brics-odroid-012_cam0__000008,p41-boxing-0021,brics-odroid-012_cam0,8,ok,2,1280,720,5000.0,experiments/runs/CAM-EXP-002_camera_focal_sensitivity/cache/hand_inference/p41-boxing-0021__brics-odroid-012_cam0__000008.npz
p41-boxing-0021__brics-odroid-012_cam1__000000,p41-boxing-0021,brics-odroid-012_cam1,0,ok,2,1280,720,5000.0,experiments/runs/CAM-EXP-002_camera_focal_sensitivity/cache/hand_inference/p41-boxing-0021__brics-odroid-012_cam1__000000.npz
p41-boxing-0021__brics-odroid-012_cam1__000001,p41-boxing-0021,brics-odroid-012_cam1,1,ok,2,1280,720,5000.0,experiments/runs/CAM-EXP-002_camera_focal_sensitivity/cache/hand_inference/p41-boxing-0021__brics-odroid-012_cam1__000001.npz
p41-boxing-0021__brics-odroid-012_cam1__000002,p41-boxing-0021,brics-odroid-012_cam1,2,ok,2,1280,720,5000.0,experiments/runs/CAM-EXP-002_camera_focal_sensitivity/cache/hand_inference/p41-boxing-0021__brics-odroid-012_cam1__000002.npz
p41-boxing-0021__brics-odroid-012_cam1__000003,p41-boxing-0021,brics-odroid-012_cam1,3,ok,2,1280,720,5000.0,experiments/runs/CAM-EXP-002_camera_focal_sensitivity/cache/hand_inference/p41-boxing-0021__brics-odroid-012_cam1__000003.npz
p41-boxing-0021__brics-odroid-012_cam1__000004,p41-boxing-0021,brics-odroid-012_cam1,4,ok,2,1280,720,5000.0,experiments/runs/CAM-EXP-002_camera_focal_sensitivity/cache/hand_inference/p41-boxing-0021__brics-odroid-012_cam1__000004.npz
p41-boxing-0021__brics-odroid-012_cam1__000005,p41-boxing-0021,brics-odroid-012_cam1,5,ok,2,1280,720,5000.0,experiments/runs/CAM-EXP-002_camera_focal_sensitivity/cache/hand_inference/p41-boxing-0021__brics-odroid-012_cam1__000005.npz
p41-boxing-0021__brics-odroid-012_cam1__000006,p41-boxing-0021,brics-odroid-012_cam1,6,ok,2,1280,720,5000.0,experiments/runs/CAM-EXP-002_camera_focal_sensitivity/cache/hand_inference/p41-boxing-0021__brics-odroid-012_cam1__000006.npz
p41-boxing-0021__brics-odroid-012_cam1__000007,p41-boxing-0021,brics-odroid-012_cam1,7,ok,2,1280,720,5000.0,experiments/runs/CAM-EXP-002_camera_focal_sensitivity/cache/hand_inference/p41-boxing-0021__brics-odroid-012_cam1__000007.npz
p41-boxing-0021__brics-odroid-012_cam1__000008,p41-boxing-0021,brics-odroid-012_cam1,8,ok,2,1280,720,5000.0,experiments/runs/CAM-EXP-002_camera_focal_sensitivity/cache/hand_inference/p41-boxing-0021__brics-odroid-012_cam1__000008.npz
p41-boxing-0021__brics-odroid-014_cam1__000001,p41-boxing-0021,brics-odroid-014_cam1,1,ok,2,1280,720,5000.0,experiments/runs/CAM-EXP-002_camera_focal_sensitivity/cache/hand_inference/p41-boxing-0021__brics-odroid-014_cam1__000001.npz
p41-boxing-0021__brics-odroid-014_cam1__000004,p41-boxing-0021,brics-odroid-014_cam1,4,ok,1,1280,720,5000.0,experiments/runs/CAM-EXP-002_camera_focal_sensitivity/cache/hand_inference/p41-boxing-0021__brics-odroid-014_cam1__000004.npz
p41-boxing-0021__brics-odroid-014_cam1__000005,p41-boxing-0021,brics-odroid-014_cam1,5,ok,1,1280,720,5000.0,experiments/runs/CAM-EXP-002_camera_focal_sensitivity/cache/hand_inference/p41-boxing-0021__brics-odroid-014_cam1__000005.npz
p41-boxing-0021__brics-odroid-014_cam1__000006,p41-boxing-0021,brics-odroid-014_cam1,6,ok,1,1280,720,5000.0,experiments/runs/CAM-EXP-002_camera_focal_sensitivity/cache/hand_inference/p41-boxing-0021__brics-odroid-014_cam1__000006.npz
p41-boxing-0021__brics-odroid-014_cam1__000007,p41-boxing-0021,brics-odroid-014_cam1,7,ok,1,1280,720,5000.0,experiments/runs/CAM-EXP-002_camera_focal_sensitivity/cache/hand_inference/p41-boxing-0021__brics-odroid-014_cam1__000007.npz
p41-boxing-0021__brics-odroid-014_cam1__000008,p41-boxing-0021,brics-odroid-014_cam1,8,ok,1,1280,720,5000.0,experiments/runs/CAM-EXP-002_camera_focal_sensitivity/cache/hand_inference/p41-boxing-0021__brics-odroid-014_cam1__000008.npz
p41-boxing-0021__brics-odroid-014_cam1__000010,p41-boxing-0021,brics-odroid-014_cam1,10,ok,1,1280,720,5000.0,experiments/runs/CAM-EXP-002_camera_focal_sensitivity/cache/hand_inference/p41-boxing-0021__brics-odroid-014_cam1__000010.npz
p41-boxing-0021__brics-odroid-014_cam1__000011,p41-boxing-0021,brics-odroid-014_cam1,11,ok,1,1280,720,5000.0,experiments/runs/CAM-EXP-002_camera_focal_sensitivity/cache/hand_inference/p41-boxing-0021__brics-odroid-014_cam1__000011.npz
p41-boxing-0021__brics-odroid-014_cam1__000012,p41-boxing-0021,brics-odroid-014_cam1,12,ok,1,1280,720,5000.0,experiments/runs/CAM-EXP-002_camera_focal_sensitivity/cache/hand_inference/p41-boxing-0021__brics-odroid-014_cam1__000012.npz
p41-boxing-0021__brics-odroid-014_cam1__000013,p41-boxing-0021,brics-odroid-014_cam1,13,ok,1,1280,720,5000.0,experiments/runs/CAM-EXP-002_camera_focal_sensitivity/cache/hand_inference/p41-boxing-0021__brics-odroid-014_cam1__000013.npz
p41-boxing-0021__brics-odroid-015_cam0__000000,p41-boxing-0021,brics-odroid-015_cam0,0,ok,2,1280,720,5000.0,experiments/runs/CAM-EXP-002_camera_focal_sensitivity/cache/hand_inference/p41-boxing-0021__brics-odroid-015_cam0__000000.npz
p41-boxing-0021__brics-odroid-015_cam0__000001,p41-boxing-0021,brics-odroid-015_cam0,1,ok,2,1280,720,5000.0,experiments/runs/CAM-EXP-002_camera_focal_sensitivity/cache/hand_inference/p41-boxing-0021__brics-odroid-015_cam0__000001.npz
p41-boxing-0021__brics-odroid-015_cam0__000002,p41-boxing-0021,brics-odroid-015_cam0,2,ok,2,1280,720,5000.0,experiments/runs/CAM-EXP-002_camera_focal_sensitivity/cache/hand_inference/p41-boxing-0021__brics-odroid-015_cam0__000002.npz
p41-boxing-0021__brics-odroid-015_cam0__000003,p41-boxing-0021,brics-odroid-015_cam0,3,ok,2,1280,720,5000.0,experiments/runs/CAM-EXP-002_camera_focal_sensitivity/cache/hand_inference/p41-boxing-0021__brics-odroid-015_cam0__000003.npz
p41-boxing-0021__brics-odroid-015_cam0__000004,p41-boxing-0021,brics-odroid-015_cam0,4,ok,2,1280,720,5000.0,experiments/runs/CAM-EXP-002_camera_focal_sensitivity/cache/hand_inference/p41-boxing-0021__brics-odroid-015_cam0__000004.npz
p41-boxing-0021__brics-odroid-015_cam0__000005,p41-boxing-0021,brics-odroid-015_cam0,5,ok,2,1280,720,5000.0,experiments/runs/CAM-EXP-002_camera_focal_sensitivity/cache/hand_inference/p41-boxing-0021__brics-odroid-015_cam0__000005.npz
p41-boxing-0021__brics-odroid-015_cam0__000006,p41-boxing-0021,brics-odroid-015_cam0,6,ok,2,1280,720,5000.0,experiments/runs/CAM-EXP-002_camera_focal_sensitivity/cache/hand_inference/p41-boxing-0021__brics-odroid-015_cam0__000006.npz
p41-boxing-0021__brics-odroid-015_cam0__000007,p41-boxing-0021,brics-odroid-015_cam0,7,ok,2,1280,720,5000.0,experiments/runs/CAM-EXP-002_camera_focal_sensitivity/cache/hand_inference/p41-boxing-0021__brics-odroid-015_cam0__000007.npz
p41-boxing-0021__brics-odroid-015_cam0__000008,p41-boxing-0021,brics-odroid-015_cam0,8,ok,2,1280,720,5000.0,experiments/runs/CAM-EXP-002_camera_focal_sensitivity/cache/hand_inference/p41-boxing-0021__brics-odroid-015_cam0__000008.npz
p41-boxing-0021__brics-odroid-015_cam1__000000,p41-boxing-0021,brics-odroid-015_cam1,0,ok,1,1280,720,5000.0,experiments/runs/CAM-EXP-002_camera_focal_sensitivity/cache/hand_inference/p41-boxing-0021__brics-odroid-015_cam1__000000.npz
p41-boxing-0021__brics-odroid-015_cam1__000001,p41-boxing-0021,brics-odroid-015_cam1,1,ok,1,1280,720,5000.0,experiments/runs/CAM-EXP-002_camera_focal_sensitivity/cache/hand_inference/p41-boxing-0021__brics-odroid-015_cam1__000001.npz
p41-boxing-0021__brics-odroid-015_cam1__000002,p41-boxing-0021,brics-odroid-015_cam1,2,ok,1,1280,720,5000.0,experiments/runs/CAM-EXP-002_camera_focal_sensitivity/cache/hand_inference/p41-boxing-0021__brics-odroid-015_cam1__000002.npz
p41-boxing-0021__brics-odroid-015_cam1__000003,p41-boxing-0021,brics-odroid-015_cam1,3,ok,1,1280,720,5000.0,experiments/runs/CAM-EXP-002_camera_focal_sensitivity/cache/hand_inference/p41-boxing-0021__brics-odroid-015_cam1__000003.npz
p41-boxing-0021__brics-odroid-015_cam1__000004,p41-boxing-0021,brics-odroid-015_cam1,4,ok,1,1280,720,5000.0,experiments/runs/CAM-EXP-002_camera_focal_sensitivity/cache/hand_inference/p41-boxing-0021__brics-odroid-015_cam1__000004.npz
p41-boxing-0021__brics-odroid-015_cam1__000005,p41-boxing-0021,brics-odroid-015_cam1,5,ok,1,1280,720,5000.0,experiments/runs/CAM-EXP-002_camera_focal_sensitivity/cache/hand_inference/p41-boxing-0021__brics-odroid-015_cam1__000005.npz
p41-boxing-0021__brics-odroid-015_cam1__000006,p41-boxing-0021,brics-odroid-015_cam1,6,ok,1,1280,720,5000.0,experiments/runs/CAM-EXP-002_camera_focal_sensitivity/cache/hand_inference/p41-boxing-0021__brics-odroid-015_cam1__000006.npz
p41-boxing-0021__brics-odroid-015_cam1__000007,p41-boxing-0021,brics-odroid-015_cam1,7,ok,1,1280,720,5000.0,experiments/runs/CAM-EXP-002_camera_focal_sensitivity/cache/hand_inference/p41-boxing-0021__brics-odroid-015_cam1__000007.npz
p41-boxing-0021__brics-odroid-015_cam1__000008,p41-boxing-0021,brics-odroid-015_cam1,8,ok,1,1280,720,5000.0,experiments/runs/CAM-EXP-002_camera_focal_sensitivity/cache/hand_inference/p41-boxing-0021__brics-odroid-015_cam1__000008.npz
p41-boxing-0021__brics-odroid-015_cam1__000009,p41-boxing-0021,brics-odroid-015_cam1,9,ok,1,1280,720,5000.0,experiments/runs/CAM-EXP-002_camera_focal_sensitivity/cache/hand_inference/p41-boxing-0021__brics-odroid-015_cam1__000009.npz
p41-boxing-0021__brics-odroid-016_cam0__000000,p41-boxing-0021,brics-odroid-016_cam0,0,ok,3,1280,720,5000.0,experiments/runs/CAM-EXP-002_camera_focal_sensitivity/cache/hand_inference/p41-boxing-0021__brics-odroid-016_cam0__000000.npz
p41-boxing-0021__brics-odroid-016_cam0__000001,p41-boxing-0021,brics-odroid-016_cam0,1,ok,3,1280,720,5000.0,experiments/runs/CAM-EXP-002_camera_focal_sensitivity/cache/hand_inference/p41-boxing-0021__brics-odroid-016_cam0__000001.npz
p41-boxing-0021__brics-odroid-016_cam0__000002,p41-boxing-0021,brics-odroid-016_cam0,2,ok,3,1280,720,5000.0,experiments/runs/CAM-EXP-002_camera_focal_sensitivity/cache/hand_inference/p41-boxing-0021__brics-odroid-016_cam0__000002.npz
p41-boxing-0021__brics-odroid-016_cam0__000003,p41-boxing-0021,brics-odroid-016_cam0,3,ok,3,1280,720,5000.0,experiments/runs/CAM-EXP-002_camera_focal_sensitivity/cache/hand_inference/p41-boxing-0021__brics-odroid-016_cam0__000003.npz
p41-boxing-0021__brics-odroid-016_cam0__000004,p41-boxing-0021,brics-odroid-016_cam0,4,ok,3,1280,720,5000.0,experiments/runs/CAM-EXP-002_camera_focal_sensitivity/cache/hand_inference/p41-boxing-0021__brics-odroid-016_cam0__000004.npz
p41-boxing-0021__brics-odroid-016_cam0__000005,p41-boxing-0021,brics-odroid-016_cam0,5,ok,3,1280,720,5000.0,experiments/runs/CAM-EXP-002_camera_focal_sensitivity/cache/hand_inference/p41-boxing-0021__brics-odroid-016_cam0__000005.npz
p41-boxing-0021__brics-odroid-016_cam0__000006,p41-boxing-0021,brics-odroid-016_cam0,6,ok,3,1280,720,5000.0,experiments/runs/CAM-EXP-002_camera_focal_sensitivity/cache/hand_inference/p41-boxing-0021__brics-odroid-016_cam0__000006.npz
p41-boxing-0021__brics-odroid-016_cam0__000007,p41-boxing-0021,brics-odroid-016_cam0,7,ok,3,1280,720,5000.0,experiments/runs/CAM-EXP-002_camera_focal_sensitivity/cache/hand_inference/p41-boxing-0021__brics-odroid-016_cam0__000007.npz
p41-boxing-0021__brics-odroid-016_cam0__000008,p41-boxing-0021,brics-odroid-016_cam0,8,ok,3,1280,720,5000.0,experiments/runs/CAM-EXP-002_camera_focal_sensitivity/cache/hand_inference/p41-boxing-0021__brics-odroid-016_cam0__000008.npz
p41-boxing-0021__brics-odroid-016_cam0__000009,p41-boxing-0021,brics-odroid-016_cam0,9,ok,3,1280,720,5000.0,experiments/runs/CAM-EXP-002_camera_focal_sensitivity/cache/hand_inference/p41-boxing-0021__brics-odroid-016_cam0__000009.npz
p41-boxing-0021__brics-odroid-017_cam0__000001,p41-boxing-0021,brics-odroid-017_cam0,1,ok,2,1280,720,5000.0,experiments/runs/CAM-EXP-002_camera_focal_sensitivity/cache/hand_inference/p41-boxing-0021__brics-odroid-017_cam0__000001.npz
p41-boxing-0021__brics-odroid-017_cam0__000002,p41-boxing-0021,brics-odroid-017_cam0,2,ok,2,1280,720,5000.0,experiments/runs/CAM-EXP-002_camera_focal_sensitivity/cache/hand_inference/p41-boxing-0021__brics-odroid-017_cam0__000002.npz
p41-boxing-0021__brics-odroid-017_cam0__000007,p41-boxing-0021,brics-odroid-017_cam0,7,ok,2,1280,720,5000.0,experiments/runs/CAM-EXP-002_camera_focal_sensitivity/cache/hand_inference/p41-boxing-0021__brics-odroid-017_cam0__000007.npz
p41-boxing-0021__brics-odroid-017_cam0__000013,p41-boxing-0021,brics-odroid-017_cam0,13,ok,2,1280,720,5000.0,experiments/runs/CAM-EXP-002_camera_focal_sensitivity/cache/hand_inference/p41-boxing-0021__brics-odroid-017_cam0__000013.npz
p41-boxing-0021__brics-odroid-017_cam0__000014,p41-boxing-0021,brics-odroid-017_cam0,14,ok,2,1280,720,5000.0,experiments/runs/CAM-EXP-002_camera_focal_sensitivity/cache/hand_inference/p41-boxing-0021__brics-odroid-017_cam0__000014.npz
p41-boxing-0021__brics-odroid-017_cam0__000015,p41-boxing-0021,brics-odroid-017_cam0,15,ok,2,1280,720,5000.0,experiments/runs/CAM-EXP-002_camera_focal_sensitivity/cache/hand_inference/p41-boxing-0021__brics-odroid-017_cam0__000015.npz
p41-boxing-0021__brics-odroid-017_cam0__000016,p41-boxing-0021,brics-odroid-017_cam0,16,ok,2,1280,720,5000.0,experiments/runs/CAM-EXP-002_camera_focal_sensitivity/cache/hand_inference/p41-boxing-0021__brics-odroid-017_cam0__000016.npz
p41-boxing-0021__brics-odroid-017_cam0__000017,p41-boxing-0021,brics-odroid-017_cam0,17,ok,2,1280,720,5000.0,experiments/runs/CAM-EXP-002_camera_focal_sensitivity/cache/hand_inference/p41-boxing-0021__brics-odroid-017_cam0__000017.npz
p41-boxing-0021__brics-odroid-017_cam0__000043,p41-boxing-0021,brics-odroid-017_cam0,43,ok,2,1280,720,5000.0,experiments/runs/CAM-EXP-002_camera_focal_sensitivity/cache/hand_inference/p41-boxing-0021__brics-odroid-017_cam0__000043.npz
p41-boxing-0021__brics-odroid-017_cam0__000061,p41-boxing-0021,brics-odroid-017_cam0,61,ok,2,1280,720,5000.0,experiments/runs/CAM-EXP-002_camera_focal_sensitivity/cache/hand_inference/p41-boxing-0021__brics-odroid-017_cam0__000061.npz
p41-boxing-0021__brics-odroid-017_cam1__000000,p41-boxing-0021,brics-odroid-017_cam1,0,ok,2,1280,720,5000.0,experiments/runs/CAM-EXP-002_camera_focal_sensitivity/cache/hand_inference/p41-boxing-0021__brics-odroid-017_cam1__000000.npz
p41-boxing-0021__brics-odroid-017_cam1__000001,p41-boxing-0021,brics-odroid-017_cam1,1,ok,2,1280,720,5000.0,experiments/runs/CAM-EXP-002_camera_focal_sensitivity/cache/hand_inference/p41-boxing-0021__brics-odroid-017_cam1__000001.npz
p41-boxing-0021__brics-odroid-017_cam1__000002,p41-boxing-0021,brics-odroid-017_cam1,2,ok,2,1280,720,5000.0,experiments/runs/CAM-EXP-002_camera_focal_sensitivity/cache/hand_inference/p41-boxing-0021__brics-odroid-017_cam1__000002.npz
p41-boxing-0021__brics-odroid-017_cam1__000003,p41-boxing-0021,brics-odroid-017_cam1,3,ok,2,1280,720,5000.0,experiments/runs/CAM-EXP-002_camera_focal_sensitivity/cache/hand_inference/p41-boxing-0021__brics-odroid-017_cam1__000003.npz
p41-boxing-0021__brics-odroid-017_cam1__000004,p41-boxing-0021,brics-odroid-017_cam1,4,ok,2,1280,720,5000.0,experiments/runs/CAM-EXP-002_camera_focal_sensitivity/cache/hand_inference/p41-boxing-0021__brics-odroid-017_cam1__000004.npz
p41-boxing-0021__brics-odroid-017_cam1__000005,p41-boxing-0021,brics-odroid-017_cam1,5,ok,2,1280,720,5000.0,experiments/runs/CAM-EXP-002_camera_focal_sensitivity/cache/hand_inference/p41-boxing-0021__brics-odroid-017_cam1__000005.npz
p41-boxing-0021__brics-odroid-017_cam1__000006,p41-boxing-0021,brics-odroid-017_cam1,6,ok,2,1280,720,5000.0,experiments/runs/CAM-EXP-002_camera_focal_sensitivity/cache/hand_inference/p41-boxing-0021__brics-odroid-017_cam1__000006.npz
p41-boxing-0021__brics-odroid-017_cam1__000007,p41-boxing-0021,brics-odroid-017_cam1,7,ok,2,1280,720,5000.0,experiments/runs/CAM-EXP-002_camera_focal_sensitivity/cache/hand_inference/p41-boxing-0021__brics-odroid-017_cam1__000007.npz
p41-boxing-0021__brics-odroid-017_cam1__000008,p41-boxing-0021,brics-odroid-017_cam1,8,ok,2,1280,720,5000.0,experiments/runs/CAM-EXP-002_camera_focal_sensitivity/cache/hand_inference/p41-boxing-0021__brics-odroid-017_cam1__000008.npz
p41-boxing-0021__brics-odroid-017_cam1__000009,p41-boxing-0021,brics-odroid-017_cam1,9,ok,2,1280,720,5000.0,experiments/runs/CAM-EXP-002_camera_focal_sensitivity/cache/hand_inference/p41-boxing-0021__brics-odroid-017_cam1__000009.npz
p41-boxing-0021__brics-odroid-019_cam1__000019,p41-boxing-0021,brics-odroid-019_cam1,19,ok,2,1280,720,5000.0,experiments/runs/CAM-EXP-002_camera_focal_sensitivity/cache/hand_inference/p41-boxing-0021__brics-odroid-019_cam1__000019.npz
p41-boxing-0021__brics-odroid-019_cam1__000058,p41-boxing-0021,brics-odroid-019_cam1,58,ok,2,1280,720,5000.0,experiments/runs/CAM-EXP-002_camera_focal_sensitivity/cache/hand_inference/p41-boxing-0021__brics-odroid-019_cam1__000058.npz
p41-boxing-0021__brics-odroid-019_cam1__000086,p41-boxing-0021,brics-odroid-019_cam1,86,ok,2,1280,720,5000.0,experiments/runs/CAM-EXP-002_camera_focal_sensitivity/cache/hand_inference/p41-boxing-0021__brics-odroid-019_cam1__000086.npz
p41-boxing-0021__brics-odroid-019_cam1__000098,p41-boxing-0021,brics-odroid-019_cam1,98,ok,2,1280,720,5000.0,experiments/runs/CAM-EXP-002_camera_focal_sensitivity/cache/hand_inference/p41-boxing-0021__brics-odroid-019_cam1__000098.npz
p41-boxing-0021__brics-odroid-019_cam1__000100,p41-boxing-0021,brics-odroid-019_cam1,100,ok,2,1280,720,5000.0,experiments/runs/CAM-EXP-002_camera_focal_sensitivity/cache/hand_inference/p41-boxing-0021__brics-odroid-019_cam1__000100.npz
p41-boxing-0021__brics-odroid-019_cam1__000101,p41-boxing-0021,brics-odroid-019_cam1,101,ok,2,1280,720,5000.0,experiments/runs/CAM-EXP-002_camera_focal_sensitivity/cache/hand_inference/p41-boxing-0021__brics-odroid-019_cam1__000101.npz
p41-boxing-0021__brics-odroid-019_cam1__000103,p41-boxing-0021,brics-odroid-019_cam1,103,ok,2,1280,720,5000.0,experiments/runs/CAM-EXP-002_camera_focal_sensitivity/cache/hand_inference/p41-boxing-0021__brics-odroid-019_cam1__000103.npz
p41-boxing-0021__brics-odroid-019_cam1__000116,p41-boxing-0021,brics-odroid-019_cam1,116,ok,2,1280,720,5000.0,experiments/runs/CAM-EXP-002_camera_focal_sensitivity/cache/hand_inference/p41-boxing-0021__brics-odroid-019_cam1__000116.npz
p41-boxing-0021__brics-odroid-019_cam1__000154,p41-boxing-0021,brics-odroid-019_cam1,154,ok,2,1280,720,5000.0,experiments/runs/CAM-EXP-002_camera_focal_sensitivity/cache/hand_inference/p41-boxing-0021__brics-odroid-019_cam1__000154.npz
p41-boxing-0021__brics-odroid-019_cam1__000172,p41-boxing-0021,brics-odroid-019_cam1,172,ok,2,1280,720,5000.0,experiments/runs/CAM-EXP-002_camera_focal_sensitivity/cache/hand_inference/p41-boxing-0021__brics-odroid-019_cam1__000172.npz
p41-boxing-0021__brics-odroid-020_cam0__000000,p41-boxing-0021,brics-odroid-020_cam0,0,ok,2,1280,720,5000.0,experiments/runs/CAM-EXP-002_camera_focal_sensitivity/cache/hand_inference/p41-boxing-0021__brics-odroid-020_cam0__000000.npz
p41-boxing-0021__brics-odroid-020_cam0__000001,p41-boxing-0021,brics-odroid-020_cam0,1,ok,2,1280,720,5000.0,experiments/runs/CAM-EXP-002_camera_focal_sensitivity/cache/hand_inference/p41-boxing-0021__brics-odroid-020_cam0__000001.npz
p41-boxing-0021__brics-odroid-020_cam0__000002,p41-boxing-0021,brics-odroid-020_cam0,2,ok,2,1280,720,5000.0,experiments/runs/CAM-EXP-002_camera_focal_sensitivity/cache/hand_inference/p41-boxing-0021__brics-odroid-020_cam0__000002.npz
p41-boxing-0021__brics-odroid-020_cam0__000003,p41-boxing-0021,brics-odroid-020_cam0,3,ok,2,1280,720,5000.0,experiments/runs/CAM-EXP-002_camera_focal_sensitivity/cache/hand_inference/p41-boxing-0021__brics-odroid-020_cam0__000003.npz
p41-boxing-0021__brics-odroid-020_cam0__000004,p41-boxing-0021,brics-odroid-020_cam0,4,ok,2,1280,720,5000.0,experiments/runs/CAM-EXP-002_camera_focal_sensitivity/cache/hand_inference/p41-boxing-0021__brics-odroid-020_cam0__000004.npz
p41-boxing-0021__brics-odroid-020_cam0__000005,p41-boxing-0021,brics-odroid-020_cam0,5,ok,2,1280,720,5000.0,experiments/runs/CAM-EXP-002_camera_focal_sensitivity/cache/hand_inference/p41-boxing-0021__brics-odroid-020_cam0__000005.npz
p41-boxing-0021__brics-odroid-020_cam0__000006,p41-boxing-0021,brics-odroid-020_cam0,6,ok,2,1280,720,5000.0,experiments/runs/CAM-EXP-002_camera_focal_sensitivity/cache/hand_inference/p41-boxing-0021__brics-odroid-020_cam0__000006.npz
p41-boxing-0021__brics-odroid-020_cam0__000007,p41-boxing-0021,brics-odroid-020_cam0,7,ok,2,1280,720,5000.0,experiments/runs/CAM-EXP-002_camera_focal_sensitivity/cache/hand_inference/p41-boxing-0021__brics-odroid-020_cam0__000007.npz
p41-boxing-0021__brics-odroid-020_cam0__000008,p41-boxing-0021,brics-odroid-020_cam0,8,ok,2,1280,720,5000.0,experiments/runs/CAM-EXP-002_camera_focal_sensitivity/cache/hand_inference/p41-boxing-0021__brics-odroid-020_cam0__000008.npz
p41-boxing-0021__brics-odroid-020_cam0__000009,p41-boxing-0021,brics-odroid-020_cam0,9,ok,2,1280,720,5000.0,experiments/runs/CAM-EXP-002_camera_focal_sensitivity/cache/hand_inference/p41-boxing-0021__brics-odroid-020_cam0__000009.npz
p41-boxing-0021__brics-odroid-020_cam1__000000,p41-boxing-0021,brics-odroid-020_cam1,0,ok,2,1280,720,5000.0,experiments/runs/CAM-EXP-002_camera_focal_sensitivity/cache/hand_inference/p41-boxing-0021__brics-odroid-020_cam1__000000.npz
p41-boxing-0021__brics-odroid-020_cam1__000001,p41-boxing-0021,brics-odroid-020_cam1,1,ok,2,1280,720,5000.0,experiments/runs/CAM-EXP-002_camera_focal_sensitivity/cache/hand_inference/p41-boxing-0021__brics-odroid-020_cam1__000001.npz
p41-boxing-0021__brics-odroid-020_cam1__000002,p41-boxing-0021,brics-odroid-020_cam1,2,ok,2,1280,720,5000.0,experiments/runs/CAM-EXP-002_camera_focal_sensitivity/cache/hand_inference/p41-boxing-0021__brics-odroid-020_cam1__000002.npz
p41-boxing-0021__brics-odroid-020_cam1__000003,p41-boxing-0021,brics-odroid-020_cam1,3,ok,2,1280,720,5000.0,experiments/runs/CAM-EXP-002_camera_focal_sensitivity/cache/hand_inference/p41-boxing-0021__brics-odroid-020_cam1__000003.npz
p41-boxing-0021__brics-odroid-020_cam1__000004,p41-boxing-0021,brics-odroid-020_cam1,4,ok,2,1280,720,5000.0,experiments/runs/CAM-EXP-002_camera_focal_sensitivity/cache/hand_inference/p41-boxing-0021__brics-odroid-020_cam1__000004.npz
p41-boxing-0021__brics-odroid-020_cam1__000005,p41-boxing-0021,brics-odroid-020_cam1,5,ok,2,1280,720,5000.0,experiments/runs/CAM-EXP-002_camera_focal_sensitivity/cache/hand_inference/p41-boxing-0021__brics-odroid-020_cam1__000005.npz
p41-boxing-0021__brics-odroid-020_cam1__000006,p41-boxing-0021,brics-odroid-020_cam1,6,ok,2,1280,720,5000.0,experiments/runs/CAM-EXP-002_camera_focal_sensitivity/cache/hand_inference/p41-boxing-0021__brics-odroid-020_cam1__000006.npz
p41-boxing-0021__brics-odroid-020_cam1__000007,p41-boxing-0021,brics-odroid-020_cam1,7,ok,2,1280,720,5000.0,experiments/runs/CAM-EXP-002_camera_focal_sensitivity/cache/hand_inference/p41-boxing-0021__brics-odroid-020_cam1__000007.npz
p41-boxing-0021__brics-odroid-020_cam1__000008,p41-boxing-0021,brics-odroid-020_cam1,8,ok,2,1280,720,5000.0,experiments/runs/CAM-EXP-002_camera_focal_sensitivity/cache/hand_inference/p41-boxing-0021__brics-odroid-020_cam1__000008.npz
p41-boxing-0021__brics-odroid-020_cam1__000009,p41-boxing-0021,brics-odroid-020_cam1,9,ok,2,1280,720,5000.0,experiments/runs/CAM-EXP-002_camera_focal_sensitivity/cache/hand_inference/p41-boxing-0021__brics-odroid-020_cam1__000009.npz
p41-boxing-0021__brics-odroid-021_cam0__000000,p41-boxing-0021,brics-odroid-021_cam0,0,ok,2,1280,720,5000.0,experiments/runs/CAM-EXP-002_camera_focal_sensitivity/cache/hand_inference/p41-boxing-0021__brics-odroid-021_cam0__000000.npz
p41-boxing-0021__brics-odroid-021_cam0__000001,p41-boxing-0021,brics-odroid-021_cam0,1,ok,2,1280,720,5000.0,experiments/runs/CAM-EXP-002_camera_focal_sensitivity/cache/hand_inference/p41-boxing-0021__brics-odroid-021_cam0__000001.npz
p41-boxing-0021__brics-odroid-021_cam0__000002,p41-boxing-0021,brics-odroid-021_cam0,2,ok,2,1280,720,5000.0,experiments/runs/CAM-EXP-002_camera_focal_sensitivity/cache/hand_inference/p41-boxing-0021__brics-odroid-021_cam0__000002.npz
p41-boxing-0021__brics-odroid-021_cam0__000003,p41-boxing-0021,brics-odroid-021_cam0,3,ok,2,1280,720,5000.0,experiments/runs/CAM-EXP-002_camera_focal_sensitivity/cache/hand_inference/p41-boxing-0021__brics-odroid-021_cam0__000003.npz
p41-boxing-0021__brics-odroid-021_cam0__000004,p41-boxing-0021,brics-odroid-021_cam0,4,ok,2,1280,720,5000.0,experiments/runs/CAM-EXP-002_camera_focal_sensitivity/cache/hand_inference/p41-boxing-0021__brics-odroid-021_cam0__000004.npz
p41-boxing-0021__brics-odroid-021_cam0__000005,p41-boxing-0021,brics-odroid-021_cam0,5,ok,2,1280,720,5000.0,experiments/runs/CAM-EXP-002_camera_focal_sensitivity/cache/hand_inference/p41-boxing-0021__brics-odroid-021_cam0__000005.npz
p41-boxing-0021__brics-odroid-021_cam0__000006,p41-boxing-0021,brics-odroid-021_cam0,6,ok,2,1280,720,5000.0,experiments/runs/CAM-EXP-002_camera_focal_sensitivity/cache/hand_inference/p41-boxing-0021__brics-odroid-021_cam0__000006.npz
p41-boxing-0021__brics-odroid-021_cam0__000007,p41-boxing-0021,brics-odroid-021_cam0,7,ok,2,1280,720,5000.0,experiments/runs/CAM-EXP-002_camera_focal_sensitivity/cache/hand_inference/p41-boxing-0021__brics-odroid-021_cam0__000007.npz
p41-boxing-0021__brics-odroid-021_cam0__000008,p41-boxing-0021,brics-odroid-021_cam0,8,ok,2,1280,720,5000.0,experiments/runs/CAM-EXP-002_camera_focal_sensitivity/cache/hand_inference/p41-boxing-0021__brics-odroid-021_cam0__000008.npz
p41-boxing-0021__brics-odroid-021_cam1__000131,p41-boxing-0021,brics-odroid-021_cam1,131,ok,1,1280,720,5000.0,experiments/runs/CAM-EXP-002_camera_focal_sensitivity/cache/hand_inference/p41-boxing-0021__brics-odroid-021_cam1__000131.npz
p41-boxing-0021__brics-odroid-021_cam1__000171,p41-boxing-0021,brics-odroid-021_cam1,171,ok,1,1280,720,5000.0,experiments/runs/CAM-EXP-002_camera_focal_sensitivity/cache/hand_inference/p41-boxing-0021__brics-odroid-021_cam1__000171.npz
p41-boxing-0021__brics-odroid-023_cam0__000000,p41-boxing-0021,brics-odroid-023_cam0,0,ok,2,1280,720,5000.0,experiments/runs/CAM-EXP-002_camera_focal_sensitivity/cache/hand_inference/p41-boxing-0021__brics-odroid-023_cam0__000000.npz
p41-boxing-0021__brics-odroid-023_cam0__000001,p41-boxing-0021,brics-odroid-023_cam0,1,ok,2,1280,720,5000.0,experiments/runs/CAM-EXP-002_camera_focal_sensitivity/cache/hand_inference/p41-boxing-0021__brics-odroid-023_cam0__000001.npz
p41-boxing-0021__brics-odroid-023_cam0__000002,p41-boxing-0021,brics-odroid-023_cam0,2,ok,2,1280,720,5000.0,experiments/runs/CAM-EXP-002_camera_focal_sensitivity/cache/hand_inference/p41-boxing-0021__brics-odroid-023_cam0__000002.npz
p41-boxing-0021__brics-odroid-023_cam0__000003,p41-boxing-0021,brics-odroid-023_cam0,3,ok,2,1280,720,5000.0,experiments/runs/CAM-EXP-002_camera_focal_sensitivity/cache/hand_inference/p41-boxing-0021__brics-odroid-023_cam0__000003.npz
p41-boxing-0021__brics-odroid-023_cam0__000004,p41-boxing-0021,brics-odroid-023_cam0,4,ok,2,1280,720,5000.0,experiments/runs/CAM-EXP-002_camera_focal_sensitivity/cache/hand_inference/p41-boxing-0021__brics-odroid-023_cam0__000004.npz
p41-boxing-0021__brics-odroid-023_cam0__000005,p41-boxing-0021,brics-odroid-023_cam0,5,ok,2,1280,720,5000.0,experiments/runs/CAM-EXP-002_camera_focal_sensitivity/cache/hand_inference/p41-boxing-0021__brics-odroid-023_cam0__000005.npz
p41-boxing-0021__brics-odroid-023_cam0__000006,p41-boxing-0021,brics-odroid-023_cam0,6,ok,2,1280,720,5000.0,experiments/runs/CAM-EXP-002_camera_focal_sensitivity/cache/hand_inference/p41-boxing-0021__brics-odroid-023_cam0__000006.npz
p41-boxing-0021__brics-odroid-023_cam0__000007,p41-boxing-0021,brics-odroid-023_cam0,7,ok,2,1280,720,5000.0,experiments/runs/CAM-EXP-002_camera_focal_sensitivity/cache/hand_inference/p41-boxing-0021__brics-odroid-023_cam0__000007.npz
p41-boxing-0021__brics-odroid-023_cam0__000008,p41-boxing-0021,brics-odroid-023_cam0,8,ok,2,1280,720,5000.0,experiments/runs/CAM-EXP-002_camera_focal_sensitivity/cache/hand_inference/p41-boxing-0021__brics-odroid-023_cam0__000008.npz
p41-boxing-0021__brics-odroid-024_cam0__000000,p41-boxing-0021,brics-odroid-024_cam0,0,ok,2,1280,720,5000.0,experiments/runs/CAM-EXP-002_camera_focal_sensitivity/cache/hand_inference/p41-boxing-0021__brics-odroid-024_cam0__000000.npz
p41-boxing-0021__brics-odroid-024_cam0__000001,p41-boxing-0021,brics-odroid-024_cam0,1,ok,2,1280,720,5000.0,experiments/runs/CAM-EXP-002_camera_focal_sensitivity/cache/hand_inference/p41-boxing-0021__brics-odroid-024_cam0__000001.npz
p41-boxing-0021__brics-odroid-024_cam0__000002,p41-boxing-0021,brics-odroid-024_cam0,2,ok,2,1280,720,5000.0,experiments/runs/CAM-EXP-002_camera_focal_sensitivity/cache/hand_inference/p41-boxing-0021__brics-odroid-024_cam0__000002.npz
p41-boxing-0021__brics-odroid-024_cam0__000003,p41-boxing-0021,brics-odroid-024_cam0,3,ok,2,1280,720,5000.0,experiments/runs/CAM-EXP-002_camera_focal_sensitivity/cache/hand_inference/p41-boxing-0021__brics-odroid-024_cam0__000003.npz
p41-boxing-0021__brics-odroid-024_cam0__000004,p41-boxing-0021,brics-odroid-024_cam0,4,ok,2,1280,720,5000.0,experiments/runs/CAM-EXP-002_camera_focal_sensitivity/cache/hand_inference/p41-boxing-0021__brics-odroid-024_cam0__000004.npz
p41-boxing-0021__brics-odroid-024_cam0__000005,p41-boxing-0021,brics-odroid-024_cam0,5,ok,2,1280,720,5000.0,experiments/runs/CAM-EXP-002_camera_focal_sensitivity/cache/hand_inference/p41-boxing-0021__brics-odroid-024_cam0__000005.npz
p41-boxing-0021__brics-odroid-024_cam0__000006,p41-boxing-0021,brics-odroid-024_cam0,6,ok,2,1280,720,5000.0,experiments/runs/CAM-EXP-002_camera_focal_sensitivity/cache/hand_inference/p41-boxing-0021__brics-odroid-024_cam0__000006.npz
p41-boxing-0021__brics-odroid-024_cam0__000007,p41-boxing-0021,brics-odroid-024_cam0,7,ok,2,1280,720,5000.0,experiments/runs/CAM-EXP-002_camera_focal_sensitivity/cache/hand_inference/p41-boxing-0021__brics-odroid-024_cam0__000007.npz
p41-boxing-0021__brics-odroid-024_cam0__000008,p41-boxing-0021,brics-odroid-024_cam0,8,ok,2,1280,720,5000.0,experiments/runs/CAM-EXP-002_camera_focal_sensitivity/cache/hand_inference/p41-boxing-0021__brics-odroid-024_cam0__000008.npz
p41-boxing-0021__brics-odroid-024_cam0__000009,p41-boxing-0021,brics-odroid-024_cam0,9,ok,2,1280,720,5000.0,experiments/runs/CAM-EXP-002_camera_focal_sensitivity/cache/hand_inference/p41-boxing-0021__brics-odroid-024_cam0__000009.npz
p41-boxing-0021__brics-odroid-024_cam1__000000,p41-boxing-0021,brics-odroid-024_cam1,0,ok,2,1280,720,5000.0,experiments/runs/CAM-EXP-002_camera_focal_sensitivity/cache/hand_inference/p41-boxing-0021__brics-odroid-024_cam1__000000.npz
p41-boxing-0021__brics-odroid-024_cam1__000001,p41-boxing-0021,brics-odroid-024_cam1,1,ok,2,1280,720,5000.0,experiments/runs/CAM-EXP-002_camera_focal_sensitivity/cache/hand_inference/p41-boxing-0021__brics-odroid-024_cam1__000001.npz
p41-boxing-0021__brics-odroid-024_cam1__000002,p41-boxing-0021,brics-odroid-024_cam1,2,ok,2,1280,720,5000.0,experiments/runs/CAM-EXP-002_camera_focal_sensitivity/cache/hand_inference/p41-boxing-0021__brics-odroid-024_cam1__000002.npz
p41-boxing-0021__brics-odroid-024_cam1__000003,p41-boxing-0021,brics-odroid-024_cam1,3,ok,2,1280,720,5000.0,experiments/runs/CAM-EXP-002_camera_focal_sensitivity/cache/hand_inference/p41-boxing-0021__brics-odroid-024_cam1__000003.npz
p41-boxing-0021__brics-odroid-024_cam1__000004,p41-boxing-0021,brics-odroid-024_cam1,4,ok,2,1280,720,5000.0,experiments/runs/CAM-EXP-002_camera_focal_sensitivity/cache/hand_inference/p41-boxing-0021__brics-odroid-024_cam1__000004.npz
p41-boxing-0021__brics-odroid-024_cam1__000005,p41-boxing-0021,brics-odroid-024_cam1,5,ok,2,1280,720,5000.0,experiments/runs/CAM-EXP-002_camera_focal_sensitivity/cache/hand_inference/p41-boxing-0021__brics-odroid-024_cam1__000005.npz
p41-boxing-0021__brics-odroid-024_cam1__000006,p41-boxing-0021,brics-odroid-024_cam1,6,ok,2,1280,720,5000.0,experiments/runs/CAM-EXP-002_camera_focal_sensitivity/cache/hand_inference/p41-boxing-0021__brics-odroid-024_cam1__000006.npz
p41-boxing-0021__brics-odroid-024_cam1__000007,p41-boxing-0021,brics-odroid-024_cam1,7,ok,2,1280,720,5000.0,experiments/runs/CAM-EXP-002_camera_focal_sensitivity/cache/hand_inference/p41-boxing-0021__brics-odroid-024_cam1__000007.npz
p41-boxing-0021__brics-odroid-024_cam1__000008,p41-boxing-0021,brics-odroid-024_cam1,8,ok,2,1280,720,5000.0,experiments/runs/CAM-EXP-002_camera_focal_sensitivity/cache/hand_inference/p41-boxing-0021__brics-odroid-024_cam1__000008.npz
p41-boxing-0021__brics-odroid-025_cam0__000007,p41-boxing-0021,brics-odroid-025_cam0,7,ok,2,1280,720,5000.0,experiments/runs/CAM-EXP-002_camera_focal_sensitivity/cache/hand_inference/p41-boxing-0021__brics-odroid-025_cam0__000007.npz
p41-boxing-0021__brics-odroid-025_cam0__000008,p41-boxing-0021,brics-odroid-025_cam0,8,ok,2,1280,720,5000.0,experiments/runs/CAM-EXP-002_camera_focal_sensitivity/cache/hand_inference/p41-boxing-0021__brics-odroid-025_cam0__000008.npz
p41-boxing-0021__brics-odroid-025_cam0__000013,p41-boxing-0021,brics-odroid-025_cam0,13,ok,2,1280,720,5000.0,experiments/runs/CAM-EXP-002_camera_focal_sensitivity/cache/hand_inference/p41-boxing-0021__brics-odroid-025_cam0__000013.npz
p41-boxing-0021__brics-odroid-025_cam0__000014,p41-boxing-0021,brics-odroid-025_cam0,14,ok,2,1280,720,5000.0,experiments/runs/CAM-EXP-002_camera_focal_sensitivity/cache/hand_inference/p41-boxing-0021__brics-odroid-025_cam0__000014.npz
p41-boxing-0021__brics-odroid-025_cam0__000015,p41-boxing-0021,brics-odroid-025_cam0,15,ok,2,1280,720,5000.0,experiments/runs/CAM-EXP-002_camera_focal_sensitivity/cache/hand_inference/p41-boxing-0021__brics-odroid-025_cam0__000015.npz
p41-boxing-0021__brics-odroid-025_cam0__000016,p41-boxing-0021,brics-odroid-025_cam0,16,ok,2,1280,720,5000.0,experiments/runs/CAM-EXP-002_camera_focal_sensitivity/cache/hand_inference/p41-boxing-0021__brics-odroid-025_cam0__000016.npz
p41-boxing-0021__brics-odroid-025_cam0__000017,p41-boxing-0021,brics-odroid-025_cam0,17,ok,2,1280,720,5000.0,experiments/runs/CAM-EXP-002_camera_focal_sensitivity/cache/hand_inference/p41-boxing-0021__brics-odroid-025_cam0__000017.npz
p41-boxing-0021__brics-odroid-025_cam0__000018,p41-boxing-0021,brics-odroid-025_cam0,18,ok,2,1280,720,5000.0,experiments/runs/CAM-EXP-002_camera_focal_sensitivity/cache/hand_inference/p41-boxing-0021__brics-odroid-025_cam0__000018.npz
p41-boxing-0021__brics-odroid-025_cam0__000028,p41-boxing-0021,brics-odroid-025_cam0,28,ok,2,1280,720,5000.0,experiments/runs/CAM-EXP-002_camera_focal_sensitivity/cache/hand_inference/p41-boxing-0021__brics-odroid-025_cam0__000028.npz
p41-boxing-0021__brics-odroid-025_cam0__000029,p41-boxing-0021,brics-odroid-025_cam0,29,ok,2,1280,720,5000.0,experiments/runs/CAM-EXP-002_camera_focal_sensitivity/cache/hand_inference/p41-boxing-0021__brics-odroid-025_cam0__000029.npz
p41-boxing-0021__brics-odroid-025_cam1__000170,p41-boxing-0021,brics-odroid-025_cam1,170,ok,2,1280,720,5000.0,experiments/runs/CAM-EXP-002_camera_focal_sensitivity/cache/hand_inference/p41-boxing-0021__brics-odroid-025_cam1__000170.npz
p41-boxing-0021__brics-odroid-025_cam1__000171,p41-boxing-0021,brics-odroid-025_cam1,171,ok,2,1280,720,5000.0,experiments/runs/CAM-EXP-002_camera_focal_sensitivity/cache/hand_inference/p41-boxing-0021__brics-odroid-025_cam1__000171.npz
p41-boxing-0021__brics-odroid-025_cam1__000172,p41-boxing-0021,brics-odroid-025_cam1,172,ok,2,1280,720,5000.0,experiments/runs/CAM-EXP-002_camera_focal_sensitivity/cache/hand_inference/p41-boxing-0021__brics-odroid-025_cam1__000172.npz
p41-boxing-0021__brics-odroid-025_cam1__000173,p41-boxing-0021,brics-odroid-025_cam1,173,ok,2,1280,720,5000.0,experiments/runs/CAM-EXP-002_camera_focal_sensitivity/cache/hand_inference/p41-boxing-0021__brics-odroid-025_cam1__000173.npz
p41-boxing-0021__brics-odroid-025_cam1__000175,p41-boxing-0021,brics-odroid-025_cam1,175,ok,2,1280,720,5000.0,experiments/runs/CAM-EXP-002_camera_focal_sensitivity/cache/hand_inference/p41-boxing-0021__brics-odroid-025_cam1__000175.npz
p41-boxing-0021__brics-odroid-025_cam1__000176,p41-boxing-0021,brics-odroid-025_cam1,176,ok,2,1280,720,5000.0,experiments/runs/CAM-EXP-002_camera_focal_sensitivity/cache/hand_inference/p41-boxing-0021__brics-odroid-025_cam1__000176.npz
p41-boxing-0021__brics-odroid-025_cam1__000177,p41-boxing-0021,brics-odroid-025_cam1,177,ok,2,1280,720,5000.0,experiments/runs/CAM-EXP-002_camera_focal_sensitivity/cache/hand_inference/p41-boxing-0021__brics-odroid-025_cam1__000177.npz
p41-boxing-0021__brics-odroid-025_cam1__000178,p41-boxing-0021,brics-odroid-025_cam1,178,ok,2,1280,720,5000.0,experiments/runs/CAM-EXP-002_camera_focal_sensitivity/cache/hand_inference/p41-boxing-0021__brics-odroid-025_cam1__000178.npz
p41-boxing-0021__brics-odroid-025_cam1__000179,p41-boxing-0021,brics-odroid-025_cam1,179,ok,2,1280,720,5000.0,experiments/runs/CAM-EXP-002_camera_focal_sensitivity/cache/hand_inference/p41-boxing-0021__brics-odroid-025_cam1__000179.npz
p41-boxing-0021__brics-odroid-026_cam0__000028,p41-boxing-0021,brics-odroid-026_cam0,28,ok,1,1280,720,5000.0,experiments/runs/CAM-EXP-002_camera_focal_sensitivity/cache/hand_inference/p41-boxing-0021__brics-odroid-026_cam0__000028.npz
p41-boxing-0021__brics-odroid-026_cam0__000234,p41-boxing-0021,brics-odroid-026_cam0,234,ok,2,1280,720,5000.0,experiments/runs/CAM-EXP-002_camera_focal_sensitivity/cache/hand_inference/p41-boxing-0021__brics-odroid-026_cam0__000234.npz
p41-boxing-0021__brics-odroid-026_cam1__000001,p41-boxing-0021,brics-odroid-026_cam1,1,ok,2,1280,720,5000.0,experiments/runs/CAM-EXP-002_camera_focal_sensitivity/cache/hand_inference/p41-boxing-0021__brics-odroid-026_cam1__000001.npz
p41-boxing-0021__brics-odroid-026_cam1__000003,p41-boxing-0021,brics-odroid-026_cam1,3,ok,2,1280,720,5000.0,experiments/runs/CAM-EXP-002_camera_focal_sensitivity/cache/hand_inference/p41-boxing-0021__brics-odroid-026_cam1__000003.npz
p41-boxing-0021__brics-odroid-026_cam1__000004,p41-boxing-0021,brics-odroid-026_cam1,4,ok,2,1280,720,5000.0,experiments/runs/CAM-EXP-002_camera_focal_sensitivity/cache/hand_inference/p41-boxing-0021__brics-odroid-026_cam1__000004.npz
p41-boxing-0021__brics-odroid-026_cam1__000005,p41-boxing-0021,brics-odroid-026_cam1,5,ok,2,1280,720,5000.0,experiments/runs/CAM-EXP-002_camera_focal_sensitivity/cache/hand_inference/p41-boxing-0021__brics-odroid-026_cam1__000005.npz
p41-boxing-0021__brics-odroid-026_cam1__000006,p41-boxing-0021,brics-odroid-026_cam1,6,ok,2,1280,720,5000.0,experiments/runs/CAM-EXP-002_camera_focal_sensitivity/cache/hand_inference/p41-boxing-0021__brics-odroid-026_cam1__000006.npz
p41-boxing-0021__brics-odroid-026_cam1__000013,p41-boxing-0021,brics-odroid-026_cam1,13,ok,2,1280,720,5000.0,experiments/runs/CAM-EXP-002_camera_focal_sensitivity/cache/hand_inference/p41-boxing-0021__brics-odroid-026_cam1__000013.npz
p41-boxing-0021__brics-odroid-026_cam1__000015,p41-boxing-0021,brics-odroid-026_cam1,15,ok,2,1280,720,5000.0,experiments/runs/CAM-EXP-002_camera_focal_sensitivity/cache/hand_inference/p41-boxing-0021__brics-odroid-026_cam1__000015.npz
p41-boxing-0021__brics-odroid-026_cam1__000028,p41-boxing-0021,brics-odroid-026_cam1,28,ok,2,1280,720,5000.0,experiments/runs/CAM-EXP-002_camera_focal_sensitivity/cache/hand_inference/p41-boxing-0021__brics-odroid-026_cam1__000028.npz
p41-boxing-0021__brics-odroid-026_cam1__000029,p41-boxing-0021,brics-odroid-026_cam1,29,ok,2,1280,720,5000.0,experiments/runs/CAM-EXP-002_camera_focal_sensitivity/cache/hand_inference/p41-boxing-0021__brics-odroid-026_cam1__000029.npz
p41-boxing-0021__brics-odroid-028_cam0__000034,p41-boxing-0021,brics-odroid-028_cam0,34,ok,2,1280,720,5000.0,experiments/runs/CAM-EXP-002_camera_focal_sensitivity/cache/hand_inference/p41-boxing-0021__brics-odroid-028_cam0__000034.npz
p41-boxing-0021__brics-odroid-028_cam0__000035,p41-boxing-0021,brics-odroid-028_cam0,35,ok,2,1280,720,5000.0,experiments/runs/CAM-EXP-002_camera_focal_sensitivity/cache/hand_inference/p41-boxing-0021__brics-odroid-028_cam0__000035.npz
p41-boxing-0021__brics-odroid-028_cam0__000036,p41-boxing-0021,brics-odroid-028_cam0,36,ok,2,1280,720,5000.0,experiments/runs/CAM-EXP-002_camera_focal_sensitivity/cache/hand_inference/p41-boxing-0021__brics-odroid-028_cam0__000036.npz
p41-boxing-0021__brics-odroid-028_cam0__000037,p41-boxing-0021,brics-odroid-028_cam0,37,ok,2,1280,720,5000.0,experiments/runs/CAM-EXP-002_camera_focal_sensitivity/cache/hand_inference/p41-boxing-0021__brics-odroid-028_cam0__000037.npz
p41-boxing-0021__brics-odroid-028_cam0__000038,p41-boxing-0021,brics-odroid-028_cam0,38,ok,2,1280,720,5000.0,experiments/runs/CAM-EXP-002_camera_focal_sensitivity/cache/hand_inference/p41-boxing-0021__brics-odroid-028_cam0__000038.npz
p41-boxing-0021__brics-odroid-028_cam0__000039,p41-boxing-0021,brics-odroid-028_cam0,39,ok,2,1280,720,5000.0,experiments/runs/CAM-EXP-002_camera_focal_sensitivity/cache/hand_inference/p41-boxing-0021__brics-odroid-028_cam0__000039.npz
p41-boxing-0021__brics-odroid-028_cam0__000040,p41-boxing-0021,brics-odroid-028_cam0,40,ok,2,1280,720,5000.0,experiments/runs/CAM-EXP-002_camera_focal_sensitivity/cache/hand_inference/p41-boxing-0021__brics-odroid-028_cam0__000040.npz
p41-boxing-0021__brics-odroid-028_cam0__000041,p41-boxing-0021,brics-odroid-028_cam0,41,ok,2,1280,720,5000.0,experiments/runs/CAM-EXP-002_camera_focal_sensitivity/cache/hand_inference/p41-boxing-0021__brics-odroid-028_cam0__000041.npz
p41-boxing-0021__brics-odroid-028_cam0__000061,p41-boxing-0021,brics-odroid-028_cam0,61,ok,2,1280,720,5000.0,experiments/runs/CAM-EXP-002_camera_focal_sensitivity/cache/hand_inference/p41-boxing-0021__brics-odroid-028_cam0__000061.npz
p41-boxing-0021__brics-odroid-028_cam0__000062,p41-boxing-0021,brics-odroid-028_cam0,62,ok,2,1280,720,5000.0,experiments/runs/CAM-EXP-002_camera_focal_sensitivity/cache/hand_inference/p41-boxing-0021__brics-odroid-028_cam0__000062.npz
p41-boxing-0021__brics-odroid-029_cam0__000029,p41-boxing-0021,brics-odroid-029_cam0,29,ok,2,1280,720,5000.0,experiments/runs/CAM-EXP-002_camera_focal_sensitivity/cache/hand_inference/p41-boxing-0021__brics-odroid-029_cam0__000029.npz
p41-boxing-0021__brics-odroid-029_cam0__000031,p41-boxing-0021,brics-odroid-029_cam0,31,ok,2,1280,720,5000.0,experiments/runs/CAM-EXP-002_camera_focal_sensitivity/cache/hand_inference/p41-boxing-0021__brics-odroid-029_cam0__000031.npz
p41-boxing-0021__brics-odroid-029_cam0__000032,p41-boxing-0021,brics-odroid-029_cam0,32,ok,2,1280,720,5000.0,experiments/runs/CAM-EXP-002_camera_focal_sensitivity/cache/hand_inference/p41-boxing-0021__brics-odroid-029_cam0__000032.npz
p41-boxing-0021__brics-odroid-029_cam0__000033,p41-boxing-0021,brics-odroid-029_cam0,33,ok,2,1280,720,5000.0,experiments/runs/CAM-EXP-002_camera_focal_sensitivity/cache/hand_inference/p41-boxing-0021__brics-odroid-029_cam0__000033.npz
p41-boxing-0021__brics-odroid-029_cam0__000034,p41-boxing-0021,brics-odroid-029_cam0,34,ok,2,1280,720,5000.0,experiments/runs/CAM-EXP-002_camera_focal_sensitivity/cache/hand_inference/p41-boxing-0021__brics-odroid-029_cam0__000034.npz
p41-boxing-0021__brics-odroid-029_cam0__000035,p41-boxing-0021,brics-odroid-029_cam0,35,ok,2,1280,720,5000.0,experiments/runs/CAM-EXP-002_camera_focal_sensitivity/cache/hand_inference/p41-boxing-0021__brics-odroid-029_cam0__000035.npz
p41-boxing-0021__brics-odroid-029_cam0__000045,p41-boxing-0021,brics-odroid-029_cam0,45,ok,2,1280,720,5000.0,experiments/runs/CAM-EXP-002_camera_focal_sensitivity/cache/hand_inference/p41-boxing-0021__brics-odroid-029_cam0__000045.npz
p41-boxing-0021__brics-odroid-029_cam0__000057,p41-boxing-0021,brics-odroid-029_cam0,57,ok,2,1280,720,5000.0,experiments/runs/CAM-EXP-002_camera_focal_sensitivity/cache/hand_inference/p41-boxing-0021__brics-odroid-029_cam0__000057.npz
p41-boxing-0021__brics-odroid-029_cam0__000058,p41-boxing-0021,brics-odroid-029_cam0,58,ok,2,1280,720,5000.0,experiments/runs/CAM-EXP-002_camera_focal_sensitivity/cache/hand_inference/p41-boxing-0021__brics-odroid-029_cam0__000058.npz
p41-boxing-0021__brics-odroid-029_cam1__000000,p41-boxing-0021,brics-odroid-029_cam1,0,ok,2,1280,720,5000.0,experiments/runs/CAM-EXP-002_camera_focal_sensitivity/cache/hand_inference/p41-boxing-0021__brics-odroid-029_cam1__000000.npz
p41-boxing-0021__brics-odroid-029_cam1__000001,p41-boxing-0021,brics-odroid-029_cam1,1,ok,2,1280,720,5000.0,experiments/runs/CAM-EXP-002_camera_focal_sensitivity/cache/hand_inference/p41-boxing-0021__brics-odroid-029_cam1__000001.npz
p41-boxing-0021__brics-odroid-029_cam1__000002,p41-boxing-0021,brics-odroid-029_cam1,2,ok,2,1280,720,5000.0,experiments/runs/CAM-EXP-002_camera_focal_sensitivity/cache/hand_inference/p41-boxing-0021__brics-odroid-029_cam1__000002.npz
p41-boxing-0021__brics-odroid-029_cam1__000004,p41-boxing-0021,brics-odroid-029_cam1,4,ok,2,1280,720,5000.0,experiments/runs/CAM-EXP-002_camera_focal_sensitivity/cache/hand_inference/p41-boxing-0021__brics-odroid-029_cam1__000004.npz
p41-boxing-0021__brics-odroid-029_cam1__000005,p41-boxing-0021,brics-odroid-029_cam1,5,ok,2,1280,720,5000.0,experiments/runs/CAM-EXP-002_camera_focal_sensitivity/cache/hand_inference/p41-boxing-0021__brics-odroid-029_cam1__000005.npz
p41-boxing-0021__brics-odroid-029_cam1__000008,p41-boxing-0021,brics-odroid-029_cam1,8,ok,2,1280,720,5000.0,experiments/runs/CAM-EXP-002_camera_focal_sensitivity/cache/hand_inference/p41-boxing-0021__brics-odroid-029_cam1__000008.npz
p41-boxing-0021__brics-odroid-029_cam1__000010,p41-boxing-0021,brics-odroid-029_cam1,10,ok,2,1280,720,5000.0,experiments/runs/CAM-EXP-002_camera_focal_sensitivity/cache/hand_inference/p41-boxing-0021__brics-odroid-029_cam1__000010.npz
p41-boxing-0021__brics-odroid-029_cam1__000012,p41-boxing-0021,brics-odroid-029_cam1,12,ok,2,1280,720,5000.0,experiments/runs/CAM-EXP-002_camera_focal_sensitivity/cache/hand_inference/p41-boxing-0021__brics-odroid-029_cam1__000012.npz
p41-boxing-0021__brics-odroid-029_cam1__000013,p41-boxing-0021,brics-odroid-029_cam1,13,ok,2,1280,720,5000.0,experiments/runs/CAM-EXP-002_camera_focal_sensitivity/cache/hand_inference/p41-boxing-0021__brics-odroid-029_cam1__000013.npz
p41-boxing-0021__brics-odroid-029_cam1__000015,p41-boxing-0021,brics-odroid-029_cam1,15,ok,2,1280,720,5000.0,experiments/runs/CAM-EXP-002_camera_focal_sensitivity/cache/hand_inference/p41-boxing-0021__brics-odroid-029_cam1__000015.npz
p41-boxing-0021__brics-odroid-030_cam0__000000,p41-boxing-0021,brics-odroid-030_cam0,0,ok,2,1280,720,5000.0,experiments/runs/CAM-EXP-002_camera_focal_sensitivity/cache/hand_inference/p41-boxing-0021__brics-odroid-030_cam0__000000.npz
p41-boxing-0021__brics-odroid-030_cam0__000001,p41-boxing-0021,brics-odroid-030_cam0,1,ok,2,1280,720,5000.0,experiments/runs/CAM-EXP-002_camera_focal_sensitivity/cache/hand_inference/p41-boxing-0021__brics-odroid-030_cam0__000001.npz
p41-boxing-0021__brics-odroid-030_cam0__000002,p41-boxing-0021,brics-odroid-030_cam0,2,ok,2,1280,720,5000.0,experiments/runs/CAM-EXP-002_camera_focal_sensitivity/cache/hand_inference/p41-boxing-0021__brics-odroid-030_cam0__000002.npz
p41-boxing-0021__brics-odroid-030_cam0__000003,p41-boxing-0021,brics-odroid-030_cam0,3,ok,2,1280,720,5000.0,experiments/runs/CAM-EXP-002_camera_focal_sensitivity/cache/hand_inference/p41-boxing-0021__brics-odroid-030_cam0__000003.npz
p41-boxing-0021__brics-odroid-030_cam0__000004,p41-boxing-0021,brics-odroid-030_cam0,4,ok,2,1280,720,5000.0,experiments/runs/CAM-EXP-002_camera_focal_sensitivity/cache/hand_inference/p41-boxing-0021__brics-odroid-030_cam0__000004.npz
p41-boxing-0021__brics-odroid-030_cam0__000005,p41-boxing-0021,brics-odroid-030_cam0,5,ok,2,1280,720,5000.0,experiments/runs/CAM-EXP-002_camera_focal_sensitivity/cache/hand_inference/p41-boxing-0021__brics-odroid-030_cam0__000005.npz
p41-boxing-0021__brics-odroid-030_cam0__000006,p41-boxing-0021,brics-odroid-030_cam0,6,ok,2,1280,720,5000.0,experiments/runs/CAM-EXP-002_camera_focal_sensitivity/cache/hand_inference/p41-boxing-0021__brics-odroid-030_cam0__000006.npz
p41-boxing-0021__brics-odroid-030_cam0__000007,p41-boxing-0021,brics-odroid-030_cam0,7,ok,2,1280,720,5000.0,experiments/runs/CAM-EXP-002_camera_focal_sensitivity/cache/hand_inference/p41-boxing-0021__brics-odroid-030_cam0__000007.npz
p41-boxing-0021__brics-odroid-030_cam0__000008,p41-boxing-0021,brics-odroid-030_cam0,8,ok,2,1280,720,5000.0,experiments/runs/CAM-EXP-002_camera_focal_sensitivity/cache/hand_inference/p41-boxing-0021__brics-odroid-030_cam0__000008.npz
p41-boxing-0021__brics-odroid-030_cam1__000000,p41-boxing-0021,brics-odroid-030_cam1,0,ok,2,1280,720,5000.0,experiments/runs/CAM-EXP-002_camera_focal_sensitivity/cache/hand_inference/p41-boxing-0021__brics-odroid-030_cam1__000000.npz
p41-boxing-0021__brics-odroid-030_cam1__000001,p41-boxing-0021,brics-odroid-030_cam1,1,ok,2,1280,720,5000.0,experiments/runs/CAM-EXP-002_camera_focal_sensitivity/cache/hand_inference/p41-boxing-0021__brics-odroid-030_cam1__000001.npz
p41-boxing-0021__brics-odroid-030_cam1__000002,p41-boxing-0021,brics-odroid-030_cam1,2,ok,2,1280,720,5000.0,experiments/runs/CAM-EXP-002_camera_focal_sensitivity/cache/hand_inference/p41-boxing-0021__brics-odroid-030_cam1__000002.npz
p41-boxing-0021__brics-odroid-030_cam1__000003,p41-boxing-0021,brics-odroid-030_cam1,3,ok,2,1280,720,5000.0,experiments/runs/CAM-EXP-002_camera_focal_sensitivity/cache/hand_inference/p41-boxing-0021__brics-odroid-030_cam1__000003.npz
p41-boxing-0021__brics-odroid-030_cam1__000004,p41-boxing-0021,brics-odroid-030_cam1,4,ok,2,1280,720,5000.0,experiments/runs/CAM-EXP-002_camera_focal_sensitivity/cache/hand_inference/p41-boxing-0021__brics-odroid-030_cam1__000004.npz
p41-boxing-0021__brics-odroid-030_cam1__000005,p41-boxing-0021,brics-odroid-030_cam1,5,ok,2,1280,720,5000.0,experiments/runs/CAM-EXP-002_camera_focal_sensitivity/cache/hand_inference/p41-boxing-0021__brics-odroid-030_cam1__000005.npz
p41-boxing-0021__brics-odroid-030_cam1__000006,p41-boxing-0021,brics-odroid-030_cam1,6,ok,2,1280,720,5000.0,experiments/runs/CAM-EXP-002_camera_focal_sensitivity/cache/hand_inference/p41-boxing-0021__brics-odroid-030_cam1__000006.npz
p41-boxing-0021__brics-odroid-030_cam1__000007,p41-boxing-0021,brics-odroid-030_cam1,7,ok,2,1280,720,5000.0,experiments/runs/CAM-EXP-002_camera_focal_sensitivity/cache/hand_inference/p41-boxing-0021__brics-odroid-030_cam1__000007.npz
p41-boxing-0021__brics-odroid-030_cam1__000008,p41-boxing-0021,brics-odroid-030_cam1,8,ok,2,1280,720,5000.0,experiments/runs/CAM-EXP-002_camera_focal_sensitivity/cache/hand_inference/p41-boxing-0021__brics-odroid-030_cam1__000008.npz
p41-boxing-0021__brics-odroid-030_cam1__000009,p41-boxing-0021,brics-odroid-030_cam1,9,ok,2,1280,720,5000.0,experiments/runs/CAM-EXP-002_camera_focal_sensitivity/cache/hand_inference/p41-boxing-0021__brics-odroid-030_cam1__000009.npz
p41-plant-0004__brics-odroid-001_cam1__000008,p41-plant-0004,brics-odroid-001_cam1,8,ok,2,1280,720,5000.0,experiments/runs/CAM-EXP-002_camera_focal_sensitivity/cache/hand_inference/p41-plant-0004__brics-odroid-001_cam1__000008.npz
p41-plant-0004__brics-odroid-001_cam1__000028,p41-plant-0004,brics-odroid-001_cam1,28,ok,2,1280,720,5000.0,experiments/runs/CAM-EXP-002_camera_focal_sensitivity/cache/hand_inference/p41-plant-0004__brics-odroid-001_cam1__000028.npz
p41-plant-0004__brics-odroid-001_cam1__000032,p41-plant-0004,brics-odroid-001_cam1,32,ok,2,1280,720,5000.0,experiments/runs/CAM-EXP-002_camera_focal_sensitivity/cache/hand_inference/p41-plant-0004__brics-odroid-001_cam1__000032.npz
p41-plant-0004__brics-odroid-001_cam1__000042,p41-plant-0004,brics-odroid-001_cam1,42,ok,2,1280,720,5000.0,experiments/runs/CAM-EXP-002_camera_focal_sensitivity/cache/hand_inference/p41-plant-0004__brics-odroid-001_cam1__000042.npz
p41-plant-0004__brics-odroid-001_cam1__000050,p41-plant-0004,brics-odroid-001_cam1,50,ok,2,1280,720,5000.0,experiments/runs/CAM-EXP-002_camera_focal_sensitivity/cache/hand_inference/p41-plant-0004__brics-odroid-001_cam1__000050.npz
p41-plant-0004__brics-odroid-001_cam1__000053,p41-plant-0004,brics-odroid-001_cam1,53,ok,2,1280,720,5000.0,experiments/runs/CAM-EXP-002_camera_focal_sensitivity/cache/hand_inference/p41-plant-0004__brics-odroid-001_cam1__000053.npz
p41-plant-0004__brics-odroid-001_cam1__000054,p41-plant-0004,brics-odroid-001_cam1,54,ok,2,1280,720,5000.0,experiments/runs/CAM-EXP-002_camera_focal_sensitivity/cache/hand_inference/p41-plant-0004__brics-odroid-001_cam1__000054.npz
p41-plant-0004__brics-odroid-001_cam1__000055,p41-plant-0004,brics-odroid-001_cam1,55,ok,2,1280,720,5000.0,experiments/runs/CAM-EXP-002_camera_focal_sensitivity/cache/hand_inference/p41-plant-0004__brics-odroid-001_cam1__000055.npz
p41-plant-0004__brics-odroid-001_cam1__000056,p41-plant-0004,brics-odroid-001_cam1,56,ok,2,1280,720,5000.0,experiments/runs/CAM-EXP-002_camera_focal_sensitivity/cache/hand_inference/p41-plant-0004__brics-odroid-001_cam1__000056.npz
p41-plant-0004__brics-odroid-001_cam1__000057,p41-plant-0004,brics-odroid-001_cam1,57,ok,2,1280,720,5000.0,experiments/runs/CAM-EXP-002_camera_focal_sensitivity/cache/hand_inference/p41-plant-0004__brics-odroid-001_cam1__000057.npz
p41-plant-0004__brics-odroid-002_cam0__000023,p41-plant-0004,brics-odroid-002_cam0,23,ok,2,1280,720,5000.0,experiments/runs/CAM-EXP-002_camera_focal_sensitivity/cache/hand_inference/p41-plant-0004__brics-odroid-002_cam0__000023.npz
p41-plant-0004__brics-odroid-002_cam0__000028,p41-plant-0004,brics-odroid-002_cam0,28,ok,2,1280,720,5000.0,experiments/runs/CAM-EXP-002_camera_focal_sensitivity/cache/hand_inference/p41-plant-0004__brics-odroid-002_cam0__000028.npz
p41-plant-0004__brics-odroid-002_cam0__000052,p41-plant-0004,brics-odroid-002_cam0,52,ok,2,1280,720,5000.0,experiments/runs/CAM-EXP-002_camera_focal_sensitivity/cache/hand_inference/p41-plant-0004__brics-odroid-002_cam0__000052.npz
p41-plant-0004__brics-odroid-002_cam0__000055,p41-plant-0004,brics-odroid-002_cam0,55,ok,2,1280,720,5000.0,experiments/runs/CAM-EXP-002_camera_focal_sensitivity/cache/hand_inference/p41-plant-0004__brics-odroid-002_cam0__000055.npz
p41-plant-0004__brics-odroid-002_cam0__000056,p41-plant-0004,brics-odroid-002_cam0,56,ok,2,1280,720,5000.0,experiments/runs/CAM-EXP-002_camera_focal_sensitivity/cache/hand_inference/p41-plant-0004__brics-odroid-002_cam0__000056.npz
p41-plant-0004__brics-odroid-002_cam0__000058,p41-plant-0004,brics-odroid-002_cam0,58,ok,2,1280,720,5000.0,experiments/runs/CAM-EXP-002_camera_focal_sensitivity/cache/hand_inference/p41-plant-0004__brics-odroid-002_cam0__000058.npz
p41-plant-0004__brics-odroid-002_cam0__000059,p41-plant-0004,brics-odroid-002_cam0,59,ok,2,1280,720,5000.0,experiments/runs/CAM-EXP-002_camera_focal_sensitivity/cache/hand_inference/p41-plant-0004__brics-odroid-002_cam0__000059.npz
p41-plant-0004__brics-odroid-002_cam0__000060,p41-plant-0004,brics-odroid-002_cam0,60,ok,2,1280,720,5000.0,experiments/runs/CAM-EXP-002_camera_focal_sensitivity/cache/hand_inference/p41-plant-0004__brics-odroid-002_cam0__000060.npz
p41-plant-0004__brics-odroid-002_cam0__000061,p41-plant-0004,brics-odroid-002_cam0,61,ok,2,1280,720,5000.0,experiments/runs/CAM-EXP-002_camera_focal_sensitivity/cache/hand_inference/p41-plant-0004__brics-odroid-002_cam0__000061.npz
p41-plant-0004__brics-odroid-002_cam0__000062,p41-plant-0004,brics-odroid-002_cam0,62,ok,2,1280,720,5000.0,experiments/runs/CAM-EXP-002_camera_focal_sensitivity/cache/hand_inference/p41-plant-0004__brics-odroid-002_cam0__000062.npz
p41-plant-0004__brics-odroid-006_cam0__000003,p41-plant-0004,brics-odroid-006_cam0,3,ok,2,1280,720,5000.0,experiments/runs/CAM-EXP-002_camera_focal_sensitivity/cache/hand_inference/p41-plant-0004__brics-odroid-006_cam0__000003.npz
p41-plant-0004__brics-odroid-006_cam0__000004,p41-plant-0004,brics-odroid-006_cam0,4,ok,2,1280,720,5000.0,experiments/runs/CAM-EXP-002_camera_focal_sensitivity/cache/hand_inference/p41-plant-0004__brics-odroid-006_cam0__000004.npz
p41-plant-0004__brics-odroid-006_cam0__000005,p41-plant-0004,brics-odroid-006_cam0,5,ok,2,1280,720,5000.0,experiments/runs/CAM-EXP-002_camera_focal_sensitivity/cache/hand_inference/p41-plant-0004__brics-odroid-006_cam0__000005.npz
p41-plant-0004__brics-odroid-006_cam0__000006,p41-plant-0004,brics-odroid-006_cam0,6,ok,2,1280,720,5000.0,experiments/runs/CAM-EXP-002_camera_focal_sensitivity/cache/hand_inference/p41-plant-0004__brics-odroid-006_cam0__000006.npz
p41-plant-0004__brics-odroid-006_cam0__000007,p41-plant-0004,brics-odroid-006_cam0,7,ok,2,1280,720,5000.0,experiments/runs/CAM-EXP-002_camera_focal_sensitivity/cache/hand_inference/p41-plant-0004__brics-odroid-006_cam0__000007.npz
p41-plant-0004__brics-odroid-006_cam0__000008,p41-plant-0004,brics-odroid-006_cam0,8,ok,2,1280,720,5000.0,experiments/runs/CAM-EXP-002_camera_focal_sensitivity/cache/hand_inference/p41-plant-0004__brics-odroid-006_cam0__000008.npz
p41-plant-0004__brics-odroid-006_cam0__000011,p41-plant-0004,brics-odroid-006_cam0,11,ok,2,1280,720,5000.0,experiments/runs/CAM-EXP-002_camera_focal_sensitivity/cache/hand_inference/p41-plant-0004__brics-odroid-006_cam0__000011.npz
p41-plant-0004__brics-odroid-006_cam0__000012,p41-plant-0004,brics-odroid-006_cam0,12,ok,2,1280,720,5000.0,experiments/runs/CAM-EXP-002_camera_focal_sensitivity/cache/hand_inference/p41-plant-0004__brics-odroid-006_cam0__000012.npz
p41-plant-0004__brics-odroid-006_cam0__000014,p41-plant-0004,brics-odroid-006_cam0,14,ok,2,1280,720,5000.0,experiments/runs/CAM-EXP-002_camera_focal_sensitivity/cache/hand_inference/p41-plant-0004__brics-odroid-006_cam0__000014.npz
p41-plant-0004__brics-odroid-006_cam0__000015,p41-plant-0004,brics-odroid-006_cam0,15,ok,2,1280,720,5000.0,experiments/runs/CAM-EXP-002_camera_focal_sensitivity/cache/hand_inference/p41-plant-0004__brics-odroid-006_cam0__000015.npz
p41-plant-0004__brics-odroid-007_cam0__000000,p41-plant-0004,brics-odroid-007_cam0,0,ok,2,1280,720,5000.0,experiments/runs/CAM-EXP-002_camera_focal_sensitivity/cache/hand_inference/p41-plant-0004__brics-odroid-007_cam0__000000.npz
p41-plant-0004__brics-odroid-007_cam0__000001,p41-plant-0004,brics-odroid-007_cam0,1,ok,2,1280,720,5000.0,experiments/runs/CAM-EXP-002_camera_focal_sensitivity/cache/hand_inference/p41-plant-0004__brics-odroid-007_cam0__000001.npz
p41-plant-0004__brics-odroid-007_cam0__000002,p41-plant-0004,brics-odroid-007_cam0,2,ok,2,1280,720,5000.0,experiments/runs/CAM-EXP-002_camera_focal_sensitivity/cache/hand_inference/p41-plant-0004__brics-odroid-007_cam0__000002.npz
p41-plant-0004__brics-odroid-007_cam0__000003,p41-plant-0004,brics-odroid-007_cam0,3,ok,2,1280,720,5000.0,experiments/runs/CAM-EXP-002_camera_focal_sensitivity/cache/hand_inference/p41-plant-0004__brics-odroid-007_cam0__000003.npz
p41-plant-0004__brics-odroid-007_cam0__000004,p41-plant-0004,brics-odroid-007_cam0,4,ok,2,1280,720,5000.0,experiments/runs/CAM-EXP-002_camera_focal_sensitivity/cache/hand_inference/p41-plant-0004__brics-odroid-007_cam0__000004.npz
p41-plant-0004__brics-odroid-007_cam0__000005,p41-plant-0004,brics-odroid-007_cam0,5,ok,2,1280,720,5000.0,experiments/runs/CAM-EXP-002_camera_focal_sensitivity/cache/hand_inference/p41-plant-0004__brics-odroid-007_cam0__000005.npz
p41-plant-0004__brics-odroid-007_cam0__000006,p41-plant-0004,brics-odroid-007_cam0,6,ok,2,1280,720,5000.0,experiments/runs/CAM-EXP-002_camera_focal_sensitivity/cache/hand_inference/p41-plant-0004__brics-odroid-007_cam0__000006.npz
p41-plant-0004__brics-odroid-007_cam0__000007,p41-plant-0004,brics-odroid-007_cam0,7,ok,2,1280,720,5000.0,experiments/runs/CAM-EXP-002_camera_focal_sensitivity/cache/hand_inference/p41-plant-0004__brics-odroid-007_cam0__000007.npz
p41-plant-0004__brics-odroid-007_cam0__000008,p41-plant-0004,brics-odroid-007_cam0,8,ok,2,1280,720,5000.0,experiments/runs/CAM-EXP-002_camera_focal_sensitivity/cache/hand_inference/p41-plant-0004__brics-odroid-007_cam0__000008.npz
p41-plant-0004__brics-odroid-007_cam1__000000,p41-plant-0004,brics-odroid-007_cam1,0,ok,2,1280,720,5000.0,experiments/runs/CAM-EXP-002_camera_focal_sensitivity/cache/hand_inference/p41-plant-0004__brics-odroid-007_cam1__000000.npz
p41-plant-0004__brics-odroid-007_cam1__000001,p41-plant-0004,brics-odroid-007_cam1,1,ok,2,1280,720,5000.0,experiments/runs/CAM-EXP-002_camera_focal_sensitivity/cache/hand_inference/p41-plant-0004__brics-odroid-007_cam1__000001.npz
p41-plant-0004__brics-odroid-007_cam1__000002,p41-plant-0004,brics-odroid-007_cam1,2,ok,2,1280,720,5000.0,experiments/runs/CAM-EXP-002_camera_focal_sensitivity/cache/hand_inference/p41-plant-0004__brics-odroid-007_cam1__000002.npz
p41-plant-0004__brics-odroid-007_cam1__000003,p41-plant-0004,brics-odroid-007_cam1,3,ok,2,1280,720,5000.0,experiments/runs/CAM-EXP-002_camera_focal_sensitivity/cache/hand_inference/p41-plant-0004__brics-odroid-007_cam1__000003.npz
p41-plant-0004__brics-odroid-007_cam1__000004,p41-plant-0004,brics-odroid-007_cam1,4,ok,2,1280,720,5000.0,experiments/runs/CAM-EXP-002_camera_focal_sensitivity/cache/hand_inference/p41-plant-0004__brics-odroid-007_cam1__000004.npz
p41-plant-0004__brics-odroid-007_cam1__000005,p41-plant-0004,brics-odroid-007_cam1,5,ok,2,1280,720,5000.0,experiments/runs/CAM-EXP-002_camera_focal_sensitivity/cache/hand_inference/p41-plant-0004__brics-odroid-007_cam1__000005.npz
p41-plant-0004__brics-odroid-007_cam1__000006,p41-plant-0004,brics-odroid-007_cam1,6,ok,2,1280,720,5000.0,experiments/runs/CAM-EXP-002_camera_focal_sensitivity/cache/hand_inference/p41-plant-0004__brics-odroid-007_cam1__000006.npz
p41-plant-0004__brics-odroid-007_cam1__000007,p41-plant-0004,brics-odroid-007_cam1,7,ok,2,1280,720,5000.0,experiments/runs/CAM-EXP-002_camera_focal_sensitivity/cache/hand_inference/p41-plant-0004__brics-odroid-007_cam1__000007.npz
p41-plant-0004__brics-odroid-007_cam1__000008,p41-plant-0004,brics-odroid-007_cam1,8,ok,2,1280,720,5000.0,experiments/runs/CAM-EXP-002_camera_focal_sensitivity/cache/hand_inference/p41-plant-0004__brics-odroid-007_cam1__000008.npz
p41-plant-0004__brics-odroid-007_cam1__000009,p41-plant-0004,brics-odroid-007_cam1,9,ok,2,1280,720,5000.0,experiments/runs/CAM-EXP-002_camera_focal_sensitivity/cache/hand_inference/p41-plant-0004__brics-odroid-007_cam1__000009.npz
p41-plant-0004__brics-odroid-009_cam1__000000,p41-plant-0004,brics-odroid-009_cam1,0,ok,2,1280,720,5000.0,experiments/runs/CAM-EXP-002_camera_focal_sensitivity/cache/hand_inference/p41-plant-0004__brics-odroid-009_cam1__000000.npz
p41-plant-0004__brics-odroid-009_cam1__000001,p41-plant-0004,brics-odroid-009_cam1,1,ok,2,1280,720,5000.0,experiments/runs/CAM-EXP-002_camera_focal_sensitivity/cache/hand_inference/p41-plant-0004__brics-odroid-009_cam1__000001.npz
p41-plant-0004__brics-odroid-009_cam1__000002,p41-plant-0004,brics-odroid-009_cam1,2,ok,2,1280,720,5000.0,experiments/runs/CAM-EXP-002_camera_focal_sensitivity/cache/hand_inference/p41-plant-0004__brics-odroid-009_cam1__000002.npz
p41-plant-0004__brics-odroid-009_cam1__000003,p41-plant-0004,brics-odroid-009_cam1,3,ok,2,1280,720,5000.0,experiments/runs/CAM-EXP-002_camera_focal_sensitivity/cache/hand_inference/p41-plant-0004__brics-odroid-009_cam1__000003.npz
p41-plant-0004__brics-odroid-009_cam1__000004,p41-plant-0004,brics-odroid-009_cam1,4,ok,2,1280,720,5000.0,experiments/runs/CAM-EXP-002_camera_focal_sensitivity/cache/hand_inference/p41-plant-0004__brics-odroid-009_cam1__000004.npz
p41-plant-0004__brics-odroid-009_cam1__000005,p41-plant-0004,brics-odroid-009_cam1,5,ok,2,1280,720,5000.0,experiments/runs/CAM-EXP-002_camera_focal_sensitivity/cache/hand_inference/p41-plant-0004__brics-odroid-009_cam1__000005.npz
p41-plant-0004__brics-odroid-009_cam1__000006,p41-plant-0004,brics-odroid-009_cam1,6,ok,2,1280,720,5000.0,experiments/runs/CAM-EXP-002_camera_focal_sensitivity/cache/hand_inference/p41-plant-0004__brics-odroid-009_cam1__000006.npz
p41-plant-0004__brics-odroid-009_cam1__000007,p41-plant-0004,brics-odroid-009_cam1,7,ok,2,1280,720,5000.0,experiments/runs/CAM-EXP-002_camera_focal_sensitivity/cache/hand_inference/p41-plant-0004__brics-odroid-009_cam1__000007.npz
p41-plant-0004__brics-odroid-009_cam1__000008,p41-plant-0004,brics-odroid-009_cam1,8,ok,2,1280,720,5000.0,experiments/runs/CAM-EXP-002_camera_focal_sensitivity/cache/hand_inference/p41-plant-0004__brics-odroid-009_cam1__000008.npz
p41-plant-0004__brics-odroid-010_cam0__000055,p41-plant-0004,brics-odroid-010_cam0,55,ok,2,1280,720,5000.0,experiments/runs/CAM-EXP-002_camera_focal_sensitivity/cache/hand_inference/p41-plant-0004__brics-odroid-010_cam0__000055.npz
p41-plant-0004__brics-odroid-010_cam0__000058,p41-plant-0004,brics-odroid-010_cam0,58,ok,2,1280,720,5000.0,experiments/runs/CAM-EXP-002_camera_focal_sensitivity/cache/hand_inference/p41-plant-0004__brics-odroid-010_cam0__000058.npz
p41-plant-0004__brics-odroid-010_cam0__000060,p41-plant-0004,brics-odroid-010_cam0,60,ok,2,1280,720,5000.0,experiments/runs/CAM-EXP-002_camera_focal_sensitivity/cache/hand_inference/p41-plant-0004__brics-odroid-010_cam0__000060.npz
p41-plant-0004__brics-odroid-010_cam0__000066,p41-plant-0004,brics-odroid-010_cam0,66,ok,2,1280,720,5000.0,experiments/runs/CAM-EXP-002_camera_focal_sensitivity/cache/hand_inference/p41-plant-0004__brics-odroid-010_cam0__000066.npz
p41-plant-0004__brics-odroid-010_cam0__000067,p41-plant-0004,brics-odroid-010_cam0,67,ok,2,1280,720,5000.0,experiments/runs/CAM-EXP-002_camera_focal_sensitivity/cache/hand_inference/p41-plant-0004__brics-odroid-010_cam0__000067.npz
p41-plant-0004__brics-odroid-010_cam0__000068,p41-plant-0004,brics-odroid-010_cam0,68,ok,2,1280,720,5000.0,experiments/runs/CAM-EXP-002_camera_focal_sensitivity/cache/hand_inference/p41-plant-0004__brics-odroid-010_cam0__000068.npz
p41-plant-0004__brics-odroid-010_cam0__000069,p41-plant-0004,brics-odroid-010_cam0,69,ok,2,1280,720,5000.0,experiments/runs/CAM-EXP-002_camera_focal_sensitivity/cache/hand_inference/p41-plant-0004__brics-odroid-010_cam0__000069.npz
p41-plant-0004__brics-odroid-010_cam0__000070,p41-plant-0004,brics-odroid-010_cam0,70,ok,2,1280,720,5000.0,experiments/runs/CAM-EXP-002_camera_focal_sensitivity/cache/hand_inference/p41-plant-0004__brics-odroid-010_cam0__000070.npz
p41-plant-0004__brics-odroid-010_cam0__000071,p41-plant-0004,brics-odroid-010_cam0,71,ok,2,1280,720,5000.0,experiments/runs/CAM-EXP-002_camera_focal_sensitivity/cache/hand_inference/p41-plant-0004__brics-odroid-010_cam0__000071.npz
p41-plant-0004__brics-odroid-010_cam0__000072,p41-plant-0004,brics-odroid-010_cam0,72,ok,2,1280,720,5000.0,experiments/runs/CAM-EXP-002_camera_focal_sensitivity/cache/hand_inference/p41-plant-0004__brics-odroid-010_cam0__000072.npz
p41-plant-0004__brics-odroid-011_cam0__000000,p41-plant-0004,brics-odroid-011_cam0,0,ok,2,1280,720,5000.0,experiments/runs/CAM-EXP-002_camera_focal_sensitivity/cache/hand_inference/p41-plant-0004__brics-odroid-011_cam0__000000.npz
p41-plant-0004__brics-odroid-011_cam0__000001,p41-plant-0004,brics-odroid-011_cam0,1,ok,2,1280,720,5000.0,experiments/runs/CAM-EXP-002_camera_focal_sensitivity/cache/hand_inference/p41-plant-0004__brics-odroid-011_cam0__000001.npz
p41-plant-0004__brics-odroid-011_cam0__000002,p41-plant-0004,brics-odroid-011_cam0,2,ok,2,1280,720,5000.0,experiments/runs/CAM-EXP-002_camera_focal_sensitivity/cache/hand_inference/p41-plant-0004__brics-odroid-011_cam0__000002.npz
p41-plant-0004__brics-odroid-011_cam0__000003,p41-plant-0004,brics-odroid-011_cam0,3,ok,2,1280,720,5000.0,experiments/runs/CAM-EXP-002_camera_focal_sensitivity/cache/hand_inference/p41-plant-0004__brics-odroid-011_cam0__000003.npz
p41-plant-0004__brics-odroid-011_cam0__000004,p41-plant-0004,brics-odroid-011_cam0,4,ok,2,1280,720,5000.0,experiments/runs/CAM-EXP-002_camera_focal_sensitivity/cache/hand_inference/p41-plant-0004__brics-odroid-011_cam0__000004.npz
p41-plant-0004__brics-odroid-011_cam0__000005,p41-plant-0004,brics-odroid-011_cam0,5,ok,2,1280,720,5000.0,experiments/runs/CAM-EXP-002_camera_focal_sensitivity/cache/hand_inference/p41-plant-0004__brics-odroid-011_cam0__000005.npz
p41-plant-0004__brics-odroid-011_cam0__000006,p41-plant-0004,brics-odroid-011_cam0,6,ok,2,1280,720,5000.0,experiments/runs/CAM-EXP-002_camera_focal_sensitivity/cache/hand_inference/p41-plant-0004__brics-odroid-011_cam0__000006.npz
p41-plant-0004__brics-odroid-011_cam0__000007,p41-plant-0004,brics-odroid-011_cam0,7,ok,2,1280,720,5000.0,experiments/runs/CAM-EXP-002_camera_focal_sensitivity/cache/hand_inference/p41-plant-0004__brics-odroid-011_cam0__000007.npz
p41-plant-0004__brics-odroid-011_cam0__000008,p41-plant-0004,brics-odroid-011_cam0,8,ok,2,1280,720,5000.0,experiments/runs/CAM-EXP-002_camera_focal_sensitivity/cache/hand_inference/p41-plant-0004__brics-odroid-011_cam0__000008.npz
p41-plant-0004__brics-odroid-011_cam0__000009,p41-plant-0004,brics-odroid-011_cam0,9,ok,2,1280,720,5000.0,experiments/runs/CAM-EXP-002_camera_focal_sensitivity/cache/hand_inference/p41-plant-0004__brics-odroid-011_cam0__000009.npz
p41-plant-0004__brics-odroid-012_cam0__000000,p41-plant-0004,brics-odroid-012_cam0,0,ok,1,1280,720,5000.0,experiments/runs/CAM-EXP-002_camera_focal_sensitivity/cache/hand_inference/p41-plant-0004__brics-odroid-012_cam0__000000.npz
p41-plant-0004__brics-odroid-012_cam0__000001,p41-plant-0004,brics-odroid-012_cam0,1,ok,1,1280,720,5000.0,experiments/runs/CAM-EXP-002_camera_focal_sensitivity/cache/hand_inference/p41-plant-0004__brics-odroid-012_cam0__000001.npz
p41-plant-0004__brics-odroid-012_cam0__000002,p41-plant-0004,brics-odroid-012_cam0,2,ok,1,1280,720,5000.0,experiments/runs/CAM-EXP-002_camera_focal_sensitivity/cache/hand_inference/p41-plant-0004__brics-odroid-012_cam0__000002.npz
p41-plant-0004__brics-odroid-012_cam0__000003,p41-plant-0004,brics-odroid-012_cam0,3,ok,1,1280,720,5000.0,experiments/runs/CAM-EXP-002_camera_focal_sensitivity/cache/hand_inference/p41-plant-0004__brics-odroid-012_cam0__000003.npz
p41-plant-0004__brics-odroid-012_cam0__000004,p41-plant-0004,brics-odroid-012_cam0,4,ok,1,1280,720,5000.0,experiments/runs/CAM-EXP-002_camera_focal_sensitivity/cache/hand_inference/p41-plant-0004__brics-odroid-012_cam0__000004.npz
p41-plant-0004__brics-odroid-012_cam0__000005,p41-plant-0004,brics-odroid-012_cam0,5,ok,1,1280,720,5000.0,experiments/runs/CAM-EXP-002_camera_focal_sensitivity/cache/hand_inference/p41-plant-0004__brics-odroid-012_cam0__000005.npz
p41-plant-0004__brics-odroid-012_cam0__000006,p41-plant-0004,brics-odroid-012_cam0,6,ok,1,1280,720,5000.0,experiments/runs/CAM-EXP-002_camera_focal_sensitivity/cache/hand_inference/p41-plant-0004__brics-odroid-012_cam0__000006.npz
p41-plant-0004__brics-odroid-012_cam0__000007,p41-plant-0004,brics-odroid-012_cam0,7,ok,1,1280,720,5000.0,experiments/runs/CAM-EXP-002_camera_focal_sensitivity/cache/hand_inference/p41-plant-0004__brics-odroid-012_cam0__000007.npz
p41-plant-0004__brics-odroid-012_cam0__000008,p41-plant-0004,brics-odroid-012_cam0,8,ok,1,1280,720,5000.0,experiments/runs/CAM-EXP-002_camera_focal_sensitivity/cache/hand_inference/p41-plant-0004__brics-odroid-012_cam0__000008.npz
p41-plant-0004__brics-odroid-012_cam0__000009,p41-plant-0004,brics-odroid-012_cam0,9,ok,1,1280,720,5000.0,experiments/runs/CAM-EXP-002_camera_focal_sensitivity/cache/hand_inference/p41-plant-0004__brics-odroid-012_cam0__000009.npz
p41-plant-0004__brics-odroid-012_cam1__000000,p41-plant-0004,brics-odroid-012_cam1,0,ok,2,1280,720,5000.0,experiments/runs/CAM-EXP-002_camera_focal_sensitivity/cache/hand_inference/p41-plant-0004__brics-odroid-012_cam1__000000.npz
p41-plant-0004__brics-odroid-012_cam1__000002,p41-plant-0004,brics-odroid-012_cam1,2,ok,2,1280,720,5000.0,experiments/runs/CAM-EXP-002_camera_focal_sensitivity/cache/hand_inference/p41-plant-0004__brics-odroid-012_cam1__000002.npz
p41-plant-0004__brics-odroid-012_cam1__000003,p41-plant-0004,brics-odroid-012_cam1,3,ok,2,1280,720,5000.0,experiments/runs/CAM-EXP-002_camera_focal_sensitivity/cache/hand_inference/p41-plant-0004__brics-odroid-012_cam1__000003.npz
p41-plant-0004__brics-odroid-012_cam1__000004,p41-plant-0004,brics-odroid-012_cam1,4,ok,2,1280,720,5000.0,experiments/runs/CAM-EXP-002_camera_focal_sensitivity/cache/hand_inference/p41-plant-0004__brics-odroid-012_cam1__000004.npz
p41-plant-0004__brics-odroid-012_cam1__000005,p41-plant-0004,brics-odroid-012_cam1,5,ok,2,1280,720,5000.0,experiments/runs/CAM-EXP-002_camera_focal_sensitivity/cache/hand_inference/p41-plant-0004__brics-odroid-012_cam1__000005.npz
p41-plant-0004__brics-odroid-012_cam1__000006,p41-plant-0004,brics-odroid-012_cam1,6,ok,2,1280,720,5000.0,experiments/runs/CAM-EXP-002_camera_focal_sensitivity/cache/hand_inference/p41-plant-0004__brics-odroid-012_cam1__000006.npz
p41-plant-0004__brics-odroid-012_cam1__000007,p41-plant-0004,brics-odroid-012_cam1,7,ok,2,1280,720,5000.0,experiments/runs/CAM-EXP-002_camera_focal_sensitivity/cache/hand_inference/p41-plant-0004__brics-odroid-012_cam1__000007.npz
p41-plant-0004__brics-odroid-012_cam1__000008,p41-plant-0004,brics-odroid-012_cam1,8,ok,2,1280,720,5000.0,experiments/runs/CAM-EXP-002_camera_focal_sensitivity/cache/hand_inference/p41-plant-0004__brics-odroid-012_cam1__000008.npz
p41-plant-0004__brics-odroid-012_cam1__000009,p41-plant-0004,brics-odroid-012_cam1,9,no_detection,0,1280,720,,
p41-plant-0004__brics-odroid-012_cam1__000011,p41-plant-0004,brics-odroid-012_cam1,11,ok,1,1280,720,5000.0,experiments/runs/CAM-EXP-002_camera_focal_sensitivity/cache/hand_inference/p41-plant-0004__brics-odroid-012_cam1__000011.npz
p41-plant-0004__brics-odroid-014_cam1__000020,p41-plant-0004,brics-odroid-014_cam1,20,ok,1,1280,720,5000.0,experiments/runs/CAM-EXP-002_camera_focal_sensitivity/cache/hand_inference/p41-plant-0004__brics-odroid-014_cam1__000020.npz
p41-plant-0004__brics-odroid-014_cam1__000021,p41-plant-0004,brics-odroid-014_cam1,21,ok,1,1280,720,5000.0,experiments/runs/CAM-EXP-002_camera_focal_sensitivity/cache/hand_inference/p41-plant-0004__brics-odroid-014_cam1__000021.npz
p41-plant-0004__brics-odroid-014_cam1__000028,p41-plant-0004,brics-odroid-014_cam1,28,ok,1,1280,720,5000.0,experiments/runs/CAM-EXP-002_camera_focal_sensitivity/cache/hand_inference/p41-plant-0004__brics-odroid-014_cam1__000028.npz
p41-plant-0004__brics-odroid-014_cam1__000032,p41-plant-0004,brics-odroid-014_cam1,32,ok,1,1280,720,5000.0,experiments/runs/CAM-EXP-002_camera_focal_sensitivity/cache/hand_inference/p41-plant-0004__brics-odroid-014_cam1__000032.npz
p41-plant-0004__brics-odroid-014_cam1__000050,p41-plant-0004,brics-odroid-014_cam1,50,no_detection,0,1280,720,,
p41-plant-0004__brics-odroid-014_cam1__000053,p41-plant-0004,brics-odroid-014_cam1,53,ok,1,1280,720,5000.0,experiments/runs/CAM-EXP-002_camera_focal_sensitivity/cache/hand_inference/p41-plant-0004__brics-odroid-014_cam1__000053.npz
p41-plant-0004__brics-odroid-014_cam1__000055,p41-plant-0004,brics-odroid-014_cam1,55,ok,2,1280,720,5000.0,experiments/runs/CAM-EXP-002_camera_focal_sensitivity/cache/hand_inference/p41-plant-0004__brics-odroid-014_cam1__000055.npz
p41-plant-0004__brics-odroid-014_cam1__000056,p41-plant-0004,brics-odroid-014_cam1,56,ok,2,1280,720,5000.0,experiments/runs/CAM-EXP-002_camera_focal_sensitivity/cache/hand_inference/p41-plant-0004__brics-odroid-014_cam1__000056.npz
p41-plant-0004__brics-odroid-014_cam1__000057,p41-plant-0004,brics-odroid-014_cam1,57,ok,2,1280,720,5000.0,experiments/runs/CAM-EXP-002_camera_focal_sensitivity/cache/hand_inference/p41-plant-0004__brics-odroid-014_cam1__000057.npz
p41-plant-0004__brics-odroid-015_cam0__000057,p41-plant-0004,brics-odroid-015_cam0,57,ok,2,1280,720,5000.0,experiments/runs/CAM-EXP-002_camera_focal_sensitivity/cache/hand_inference/p41-plant-0004__brics-odroid-015_cam0__000057.npz
p41-plant-0004__brics-odroid-015_cam0__000058,p41-plant-0004,brics-odroid-015_cam0,58,ok,2,1280,720,5000.0,experiments/runs/CAM-EXP-002_camera_focal_sensitivity/cache/hand_inference/p41-plant-0004__brics-odroid-015_cam0__000058.npz
p41-plant-0004__brics-odroid-015_cam0__000059,p41-plant-0004,brics-odroid-015_cam0,59,ok,2,1280,720,5000.0,experiments/runs/CAM-EXP-002_camera_focal_sensitivity/cache/hand_inference/p41-plant-0004__brics-odroid-015_cam0__000059.npz
p41-plant-0004__brics-odroid-015_cam0__000061,p41-plant-0004,brics-odroid-015_cam0,61,ok,2,1280,720,5000.0,experiments/runs/CAM-EXP-002_camera_focal_sensitivity/cache/hand_inference/p41-plant-0004__brics-odroid-015_cam0__000061.npz
p41-plant-0004__brics-odroid-015_cam0__000062,p41-plant-0004,brics-odroid-015_cam0,62,ok,2,1280,720,5000.0,experiments/runs/CAM-EXP-002_camera_focal_sensitivity/cache/hand_inference/p41-plant-0004__brics-odroid-015_cam0__000062.npz
p41-plant-0004__brics-odroid-015_cam0__000063,p41-plant-0004,brics-odroid-015_cam0,63,ok,2,1280,720,5000.0,experiments/runs/CAM-EXP-002_camera_focal_sensitivity/cache/hand_inference/p41-plant-0004__brics-odroid-015_cam0__000063.npz
p41-plant-0004__brics-odroid-015_cam0__000064,p41-plant-0004,brics-odroid-015_cam0,64,ok,2,1280,720,5000.0,experiments/runs/CAM-EXP-002_camera_focal_sensitivity/cache/hand_inference/p41-plant-0004__brics-odroid-015_cam0__000064.npz
p41-plant-0004__brics-odroid-015_cam0__000065,p41-plant-0004,brics-odroid-015_cam0,65,ok,2,1280,720,5000.0,experiments/runs/CAM-EXP-002_camera_focal_sensitivity/cache/hand_inference/p41-plant-0004__brics-odroid-015_cam0__000065.npz
p41-plant-0004__brics-odroid-015_cam0__000066,p41-plant-0004,brics-odroid-015_cam0,66,ok,2,1280,720,5000.0,experiments/runs/CAM-EXP-002_camera_focal_sensitivity/cache/hand_inference/p41-plant-0004__brics-odroid-015_cam0__000066.npz
p41-plant-0004__brics-odroid-015_cam0__000068,p41-plant-0004,brics-odroid-015_cam0,68,ok,2,1280,720,5000.0,experiments/runs/CAM-EXP-002_camera_focal_sensitivity/cache/hand_inference/p41-plant-0004__brics-odroid-015_cam0__000068.npz
p41-plant-0004__brics-odroid-015_cam1__000001,p41-plant-0004,brics-odroid-015_cam1,1,ok,2,1280,720,5000.0,experiments/runs/CAM-EXP-002_camera_focal_sensitivity/cache/hand_inference/p41-plant-0004__brics-odroid-015_cam1__000001.npz
p41-plant-0004__brics-odroid-015_cam1__000002,p41-plant-0004,brics-odroid-015_cam1,2,ok,2,1280,720,5000.0,experiments/runs/CAM-EXP-002_camera_focal_sensitivity/cache/hand_inference/p41-plant-0004__brics-odroid-015_cam1__000002.npz
p41-plant-0004__brics-odroid-015_cam1__000003,p41-plant-0004,brics-odroid-015_cam1,3,ok,2,1280,720,5000.0,experiments/runs/CAM-EXP-002_camera_focal_sensitivity/cache/hand_inference/p41-plant-0004__brics-odroid-015_cam1__000003.npz
p41-plant-0004__brics-odroid-015_cam1__000004,p41-plant-0004,brics-odroid-015_cam1,4,ok,2,1280,720,5000.0,experiments/runs/CAM-EXP-002_camera_focal_sensitivity/cache/hand_inference/p41-plant-0004__brics-odroid-015_cam1__000004.npz
p41-plant-0004__brics-odroid-015_cam1__000005,p41-plant-0004,brics-odroid-015_cam1,5,ok,2,1280,720,5000.0,experiments/runs/CAM-EXP-002_camera_focal_sensitivity/cache/hand_inference/p41-plant-0004__brics-odroid-015_cam1__000005.npz
p41-plant-0004__brics-odroid-015_cam1__000006,p41-plant-0004,brics-odroid-015_cam1,6,ok,2,1280,720,5000.0,experiments/runs/CAM-EXP-002_camera_focal_sensitivity/cache/hand_inference/p41-plant-0004__brics-odroid-015_cam1__000006.npz
p41-plant-0004__brics-odroid-015_cam1__000007,p41-plant-0004,brics-odroid-015_cam1,7,ok,2,1280,720,5000.0,experiments/runs/CAM-EXP-002_camera_focal_sensitivity/cache/hand_inference/p41-plant-0004__brics-odroid-015_cam1__000007.npz
p41-plant-0004__brics-odroid-015_cam1__000008,p41-plant-0004,brics-odroid-015_cam1,8,ok,2,1280,720,5000.0,experiments/runs/CAM-EXP-002_camera_focal_sensitivity/cache/hand_inference/p41-plant-0004__brics-odroid-015_cam1__000008.npz
p41-plant-0004__brics-odroid-015_cam1__000012,p41-plant-0004,brics-odroid-015_cam1,12,ok,2,1280,720,5000.0,experiments/runs/CAM-EXP-002_camera_focal_sensitivity/cache/hand_inference/p41-plant-0004__brics-odroid-015_cam1__000012.npz
p41-plant-0004__brics-odroid-015_cam1__000015,p41-plant-0004,brics-odroid-015_cam1,15,ok,1,1280,720,5000.0,experiments/runs/CAM-EXP-002_camera_focal_sensitivity/cache/hand_inference/p41-plant-0004__brics-odroid-015_cam1__000015.npz
p41-plant-0004__brics-odroid-016_cam0__000000,p41-plant-0004,brics-odroid-016_cam0,0,ok,1,1280,720,5000.0,experiments/runs/CAM-EXP-002_camera_focal_sensitivity/cache/hand_inference/p41-plant-0004__brics-odroid-016_cam0__000000.npz
p41-plant-0004__brics-odroid-016_cam0__000001,p41-plant-0004,brics-odroid-016_cam0,1,ok,1,1280,720,5000.0,experiments/runs/CAM-EXP-002_camera_focal_sensitivity/cache/hand_inference/p41-plant-0004__brics-odroid-016_cam0__000001.npz
p41-plant-0004__brics-odroid-016_cam0__000002,p41-plant-0004,brics-odroid-016_cam0,2,ok,1,1280,720,5000.0,experiments/runs/CAM-EXP-002_camera_focal_sensitivity/cache/hand_inference/p41-plant-0004__brics-odroid-016_cam0__000002.npz
p41-plant-0004__brics-odroid-016_cam0__000003,p41-plant-0004,brics-odroid-016_cam0,3,ok,1,1280,720,5000.0,experiments/runs/CAM-EXP-002_camera_focal_sensitivity/cache/hand_inference/p41-plant-0004__brics-odroid-016_cam0__000003.npz
p41-plant-0004__brics-odroid-016_cam0__000004,p41-plant-0004,brics-odroid-016_cam0,4,ok,1,1280,720,5000.0,experiments/runs/CAM-EXP-002_camera_focal_sensitivity/cache/hand_inference/p41-plant-0004__brics-odroid-016_cam0__000004.npz
p41-plant-0004__brics-odroid-016_cam0__000005,p41-plant-0004,brics-odroid-016_cam0,5,ok,1,1280,720,5000.0,experiments/runs/CAM-EXP-002_camera_focal_sensitivity/cache/hand_inference/p41-plant-0004__brics-odroid-016_cam0__000005.npz
p41-plant-0004__brics-odroid-016_cam0__000006,p41-plant-0004,brics-odroid-016_cam0,6,ok,1,1280,720,5000.0,experiments/runs/CAM-EXP-002_camera_focal_sensitivity/cache/hand_inference/p41-plant-0004__brics-odroid-016_cam0__000006.npz
p41-plant-0004__brics-odroid-016_cam0__000007,p41-plant-0004,brics-odroid-016_cam0,7,ok,2,1280,720,5000.0,experiments/runs/CAM-EXP-002_camera_focal_sensitivity/cache/hand_inference/p41-plant-0004__brics-odroid-016_cam0__000007.npz
p41-plant-0004__brics-odroid-016_cam0__000009,p41-plant-0004,brics-odroid-016_cam0,9,ok,2,1280,720,5000.0,experiments/runs/CAM-EXP-002_camera_focal_sensitivity/cache/hand_inference/p41-plant-0004__brics-odroid-016_cam0__000009.npz
p41-plant-0004__brics-odroid-017_cam0__000000,p41-plant-0004,brics-odroid-017_cam0,0,cached,,,,,
p41-plant-0004__brics-odroid-017_cam0__000001,p41-plant-0004,brics-odroid-017_cam0,1,ok,2,1280,720,5000.0,experiments/runs/CAM-EXP-002_camera_focal_sensitivity/cache/hand_inference/p41-plant-0004__brics-odroid-017_cam0__000001.npz
p41-plant-0004__brics-odroid-017_cam0__000002,p41-plant-0004,brics-odroid-017_cam0,2,ok,2,1280,720,5000.0,experiments/runs/CAM-EXP-002_camera_focal_sensitivity/cache/hand_inference/p41-plant-0004__brics-odroid-017_cam0__000002.npz
p41-plant-0004__brics-odroid-017_cam0__000003,p41-plant-0004,brics-odroid-017_cam0,3,ok,2,1280,720,5000.0,experiments/runs/CAM-EXP-002_camera_focal_sensitivity/cache/hand_inference/p41-plant-0004__brics-odroid-017_cam0__000003.npz
p41-plant-0004__brics-odroid-017_cam0__000004,p41-plant-0004,brics-odroid-017_cam0,4,ok,2,1280,720,5000.0,experiments/runs/CAM-EXP-002_camera_focal_sensitivity/cache/hand_inference/p41-plant-0004__brics-odroid-017_cam0__000004.npz
p41-plant-0004__brics-odroid-017_cam0__000006,p41-plant-0004,brics-odroid-017_cam0,6,ok,2,1280,720,5000.0,experiments/runs/CAM-EXP-002_camera_focal_sensitivity/cache/hand_inference/p41-plant-0004__brics-odroid-017_cam0__000006.npz
p41-plant-0004__brics-odroid-017_cam0__000007,p41-plant-0004,brics-odroid-017_cam0,7,ok,2,1280,720,5000.0,experiments/runs/CAM-EXP-002_camera_focal_sensitivity/cache/hand_inference/p41-plant-0004__brics-odroid-017_cam0__000007.npz
p41-plant-0004__brics-odroid-017_cam0__000008,p41-plant-0004,brics-odroid-017_cam0,8,ok,2,1280,720,5000.0,experiments/runs/CAM-EXP-002_camera_focal_sensitivity/cache/hand_inference/p41-plant-0004__brics-odroid-017_cam0__000008.npz
p41-plant-0004__brics-odroid-017_cam0__000009,p41-plant-0004,brics-odroid-017_cam0,9,ok,2,1280,720,5000.0,experiments/runs/CAM-EXP-002_camera_focal_sensitivity/cache/hand_inference/p41-plant-0004__brics-odroid-017_cam0__000009.npz
p41-plant-0004__brics-odroid-017_cam0__000011,p41-plant-0004,brics-odroid-017_cam0,11,ok,2,1280,720,5000.0,experiments/runs/CAM-EXP-002_camera_focal_sensitivity/cache/hand_inference/p41-plant-0004__brics-odroid-017_cam0__000011.npz
p41-plant-0004__brics-odroid-017_cam1__000006,p41-plant-0004,brics-odroid-017_cam1,6,ok,2,1280,720,5000.0,experiments/runs/CAM-EXP-002_camera_focal_sensitivity/cache/hand_inference/p41-plant-0004__brics-odroid-017_cam1__000006.npz
p41-plant-0004__brics-odroid-017_cam1__000014,p41-plant-0004,brics-odroid-017_cam1,14,ok,2,1280,720,5000.0,experiments/runs/CAM-EXP-002_camera_focal_sensitivity/cache/hand_inference/p41-plant-0004__brics-odroid-017_cam1__000014.npz
p41-plant-0004__brics-odroid-017_cam1__000015,p41-plant-0004,brics-odroid-017_cam1,15,ok,2,1280,720,5000.0,experiments/runs/CAM-EXP-002_camera_focal_sensitivity/cache/hand_inference/p41-plant-0004__brics-odroid-017_cam1__000015.npz
p41-plant-0004__brics-odroid-017_cam1__000016,p41-plant-0004,brics-odroid-017_cam1,16,ok,2,1280,720,5000.0,experiments/runs/CAM-EXP-002_camera_focal_sensitivity/cache/hand_inference/p41-plant-0004__brics-odroid-017_cam1__000016.npz
p41-plant-0004__brics-odroid-017_cam1__000017,p41-plant-0004,brics-odroid-017_cam1,17,ok,2,1280,720,5000.0,experiments/runs/CAM-EXP-002_camera_focal_sensitivity/cache/hand_inference/p41-plant-0004__brics-odroid-017_cam1__000017.npz
p41-plant-0004__brics-odroid-017_cam1__000018,p41-plant-0004,brics-odroid-017_cam1,18,ok,2,1280,720,5000.0,experiments/runs/CAM-EXP-002_camera_focal_sensitivity/cache/hand_inference/p41-plant-0004__brics-odroid-017_cam1__000018.npz
p41-plant-0004__brics-odroid-017_cam1__000022,p41-plant-0004,brics-odroid-017_cam1,22,ok,2,1280,720,5000.0,experiments/runs/CAM-EXP-002_camera_focal_sensitivity/cache/hand_inference/p41-plant-0004__brics-odroid-017_cam1__000022.npz
p41-plant-0004__brics-odroid-017_cam1__000023,p41-plant-0004,brics-odroid-017_cam1,23,ok,2,1280,720,5000.0,experiments/runs/CAM-EXP-002_camera_focal_sensitivity/cache/hand_inference/p41-plant-0004__brics-odroid-017_cam1__000023.npz
p41-plant-0004__brics-odroid-017_cam1__000024,p41-plant-0004,brics-odroid-017_cam1,24,ok,2,1280,720,5000.0,experiments/runs/CAM-EXP-002_camera_focal_sensitivity/cache/hand_inference/p41-plant-0004__brics-odroid-017_cam1__000024.npz
p41-plant-0004__brics-odroid-019_cam1__000018,p41-plant-0004,brics-odroid-019_cam1,18,ok,1,1280,720,5000.0,experiments/runs/CAM-EXP-002_camera_focal_sensitivity/cache/hand_inference/p41-plant-0004__brics-odroid-019_cam1__000018.npz
p41-plant-0004__brics-odroid-019_cam1__000067,p41-plant-0004,brics-odroid-019_cam1,67,ok,2,1280,720,5000.0,experiments/runs/CAM-EXP-002_camera_focal_sensitivity/cache/hand_inference/p41-plant-0004__brics-odroid-019_cam1__000067.npz
p41-plant-0004__brics-odroid-019_cam1__000068,p41-plant-0004,brics-odroid-019_cam1,68,ok,2,1280,720,5000.0,experiments/runs/CAM-EXP-002_camera_focal_sensitivity/cache/hand_inference/p41-plant-0004__brics-odroid-019_cam1__000068.npz
p41-plant-0004__brics-odroid-019_cam1__000071,p41-plant-0004,brics-odroid-019_cam1,71,ok,2,1280,720,5000.0,experiments/runs/CAM-EXP-002_camera_focal_sensitivity/cache/hand_inference/p41-plant-0004__brics-odroid-019_cam1__000071.npz
p41-plant-0004__brics-odroid-019_cam1__000074,p41-plant-0004,brics-odroid-019_cam1,74,ok,2,1280,720,5000.0,experiments/runs/CAM-EXP-002_camera_focal_sensitivity/cache/hand_inference/p41-plant-0004__brics-odroid-019_cam1__000074.npz
p41-plant-0004__brics-odroid-019_cam1__000075,p41-plant-0004,brics-odroid-019_cam1,75,ok,2,1280,720,5000.0,experiments/runs/CAM-EXP-002_camera_focal_sensitivity/cache/hand_inference/p41-plant-0004__brics-odroid-019_cam1__000075.npz
p41-plant-0004__brics-odroid-019_cam1__000076,p41-plant-0004,brics-odroid-019_cam1,76,ok,2,1280,720,5000.0,experiments/runs/CAM-EXP-002_camera_focal_sensitivity/cache/hand_inference/p41-plant-0004__brics-odroid-019_cam1__000076.npz
p41-plant-0004__brics-odroid-019_cam1__000077,p41-plant-0004,brics-odroid-019_cam1,77,ok,1,1280,720,5000.0,experiments/runs/CAM-EXP-002_camera_focal_sensitivity/cache/hand_inference/p41-plant-0004__brics-odroid-019_cam1__000077.npz
p41-plant-0004__brics-odroid-019_cam1__000078,p41-plant-0004,brics-odroid-019_cam1,78,ok,1,1280,720,5000.0,experiments/runs/CAM-EXP-002_camera_focal_sensitivity/cache/hand_inference/p41-plant-0004__brics-odroid-019_cam1__000078.npz
p41-plant-0004__brics-odroid-019_cam1__000081,p41-plant-0004,brics-odroid-019_cam1,81,ok,1,1280,720,5000.0,experiments/runs/CAM-EXP-002_camera_focal_sensitivity/cache/hand_inference/p41-plant-0004__brics-odroid-019_cam1__000081.npz
p41-plant-0004__brics-odroid-020_cam0__000022,p41-plant-0004,brics-odroid-020_cam0,22,ok,1,1280,720,5000.0,experiments/runs/CAM-EXP-002_camera_focal_sensitivity/cache/hand_inference/p41-plant-0004__brics-odroid-020_cam0__000022.npz
p41-plant-0004__brics-odroid-020_cam0__000052,p41-plant-0004,brics-odroid-020_cam0,52,ok,1,1280,720,5000.0,experiments/runs/CAM-EXP-002_camera_focal_sensitivity/cache/hand_inference/p41-plant-0004__brics-odroid-020_cam0__000052.npz
p41-plant-0004__brics-odroid-020_cam0__000055,p41-plant-0004,brics-odroid-020_cam0,55,ok,1,1280,720,5000.0,experiments/runs/CAM-EXP-002_camera_focal_sensitivity/cache/hand_inference/p41-plant-0004__brics-odroid-020_cam0__000055.npz
p41-plant-0004__brics-odroid-020_cam0__000056,p41-plant-0004,brics-odroid-020_cam0,56,ok,1,1280,720,5000.0,experiments/runs/CAM-EXP-002_camera_focal_sensitivity/cache/hand_inference/p41-plant-0004__brics-odroid-020_cam0__000056.npz
p41-plant-0004__brics-odroid-020_cam0__000057,p41-plant-0004,brics-odroid-020_cam0,57,ok,1,1280,720,5000.0,experiments/runs/CAM-EXP-002_camera_focal_sensitivity/cache/hand_inference/p41-plant-0004__brics-odroid-020_cam0__000057.npz
p41-plant-0004__brics-odroid-020_cam1__000073,p41-plant-0004,brics-odroid-020_cam1,73,ok,1,1280,720,5000.0,experiments/runs/CAM-EXP-002_camera_focal_sensitivity/cache/hand_inference/p41-plant-0004__brics-odroid-020_cam1__000073.npz
p41-plant-0004__brics-odroid-021_cam0__000000,p41-plant-0004,brics-odroid-021_cam0,0,cached,,,,,
p41-plant-0004__brics-odroid-021_cam0__000003,p41-plant-0004,brics-odroid-021_cam0,3,ok,2,1280,720,5000.0,experiments/runs/CAM-EXP-002_camera_focal_sensitivity/cache/hand_inference/p41-plant-0004__brics-odroid-021_cam0__000003.npz
p41-plant-0004__brics-odroid-021_cam0__000004,p41-plant-0004,brics-odroid-021_cam0,4,ok,2,1280,720,5000.0,experiments/runs/CAM-EXP-002_camera_focal_sensitivity/cache/hand_inference/p41-plant-0004__brics-odroid-021_cam0__000004.npz
p41-plant-0004__brics-odroid-021_cam0__000005,p41-plant-0004,brics-odroid-021_cam0,5,ok,2,1280,720,5000.0,experiments/runs/CAM-EXP-002_camera_focal_sensitivity/cache/hand_inference/p41-plant-0004__brics-odroid-021_cam0__000005.npz
p41-plant-0004__brics-odroid-021_cam0__000006,p41-plant-0004,brics-odroid-021_cam0,6,ok,2,1280,720,5000.0,experiments/runs/CAM-EXP-002_camera_focal_sensitivity/cache/hand_inference/p41-plant-0004__brics-odroid-021_cam0__000006.npz
p41-plant-0004__brics-odroid-021_cam0__000007,p41-plant-0004,brics-odroid-021_cam0,7,ok,2,1280,720,5000.0,experiments/runs/CAM-EXP-002_camera_focal_sensitivity/cache/hand_inference/p41-plant-0004__brics-odroid-021_cam0__000007.npz
p41-plant-0004__brics-odroid-021_cam0__000008,p41-plant-0004,brics-odroid-021_cam0,8,ok,2,1280,720,5000.0,experiments/runs/CAM-EXP-002_camera_focal_sensitivity/cache/hand_inference/p41-plant-0004__brics-odroid-021_cam0__000008.npz
p41-plant-0004__brics-odroid-021_cam0__000009,p41-plant-0004,brics-odroid-021_cam0,9,ok,2,1280,720,5000.0,experiments/runs/CAM-EXP-002_camera_focal_sensitivity/cache/hand_inference/p41-plant-0004__brics-odroid-021_cam0__000009.npz
p41-plant-0004__brics-odroid-021_cam0__000011,p41-plant-0004,brics-odroid-021_cam0,11,ok,2,1280,720,5000.0,experiments/runs/CAM-EXP-002_camera_focal_sensitivity/cache/hand_inference/p41-plant-0004__brics-odroid-021_cam0__000011.npz
p41-plant-0004__brics-odroid-021_cam0__000013,p41-plant-0004,brics-odroid-021_cam0,13,ok,2,1280,720,5000.0,experiments/runs/CAM-EXP-002_camera_focal_sensitivity/cache/hand_inference/p41-plant-0004__brics-odroid-021_cam0__000013.npz
p41-plant-0004__brics-odroid-021_cam1__000000,p41-plant-0004,brics-odroid-021_cam1,0,cached,,,,,
p41-plant-0004__brics-odroid-021_cam1__000001,p41-plant-0004,brics-odroid-021_cam1,1,ok,2,1280,720,5000.0,experiments/runs/CAM-EXP-002_camera_focal_sensitivity/cache/hand_inference/p41-plant-0004__brics-odroid-021_cam1__000001.npz
p41-plant-0004__brics-odroid-021_cam1__000002,p41-plant-0004,brics-odroid-021_cam1,2,ok,2,1280,720,5000.0,experiments/runs/CAM-EXP-002_camera_focal_sensitivity/cache/hand_inference/p41-plant-0004__brics-odroid-021_cam1__000002.npz
p41-plant-0004__brics-odroid-021_cam1__000003,p41-plant-0004,brics-odroid-021_cam1,3,ok,2,1280,720,5000.0,experiments/runs/CAM-EXP-002_camera_focal_sensitivity/cache/hand_inference/p41-plant-0004__brics-odroid-021_cam1__000003.npz
p41-plant-0004__brics-odroid-021_cam1__000004,p41-plant-0004,brics-odroid-021_cam1,4,ok,2,1280,720,5000.0,experiments/runs/CAM-EXP-002_camera_focal_sensitivity/cache/hand_inference/p41-plant-0004__brics-odroid-021_cam1__000004.npz
p41-plant-0004__brics-odroid-021_cam1__000005,p41-plant-0004,brics-odroid-021_cam1,5,ok,2,1280,720,5000.0,experiments/runs/CAM-EXP-002_camera_focal_sensitivity/cache/hand_inference/p41-plant-0004__brics-odroid-021_cam1__000005.npz
p41-plant-0004__brics-odroid-021_cam1__000006,p41-plant-0004,brics-odroid-021_cam1,6,ok,2,1280,720,5000.0,experiments/runs/CAM-EXP-002_camera_focal_sensitivity/cache/hand_inference/p41-plant-0004__brics-odroid-021_cam1__000006.npz
p41-plant-0004__brics-odroid-021_cam1__000007,p41-plant-0004,brics-odroid-021_cam1,7,ok,2,1280,720,5000.0,experiments/runs/CAM-EXP-002_camera_focal_sensitivity/cache/hand_inference/p41-plant-0004__brics-odroid-021_cam1__000007.npz
p41-plant-0004__brics-odroid-021_cam1__000008,p41-plant-0004,brics-odroid-021_cam1,8,ok,2,1280,720,5000.0,experiments/runs/CAM-EXP-002_camera_focal_sensitivity/cache/hand_inference/p41-plant-0004__brics-odroid-021_cam1__000008.npz
p41-plant-0004__brics-odroid-021_cam1__000009,p41-plant-0004,brics-odroid-021_cam1,9,ok,2,1280,720,5000.0,experiments/runs/CAM-EXP-002_camera_focal_sensitivity/cache/hand_inference/p41-plant-0004__brics-odroid-021_cam1__000009.npz
p41-plant-0004__brics-odroid-022_cam0__000057,p41-plant-0004,brics-odroid-022_cam0,57,ok,2,1280,720,5000.0,experiments/runs/CAM-EXP-002_camera_focal_sensitivity/cache/hand_inference/p41-plant-0004__brics-odroid-022_cam0__000057.npz
p41-plant-0004__brics-odroid-022_cam0__000064,p41-plant-0004,brics-odroid-022_cam0,64,ok,2,1280,720,5000.0,experiments/runs/CAM-EXP-002_camera_focal_sensitivity/cache/hand_inference/p41-plant-0004__brics-odroid-022_cam0__000064.npz
p41-plant-0004__brics-odroid-022_cam0__000070,p41-plant-0004,brics-odroid-022_cam0,70,ok,2,1280,720,5000.0,experiments/runs/CAM-EXP-002_camera_focal_sensitivity/cache/hand_inference/p41-plant-0004__brics-odroid-022_cam0__000070.npz
p41-plant-0004__brics-odroid-022_cam0__000073,p41-plant-0004,brics-odroid-022_cam0,73,ok,2,1280,720,5000.0,experiments/runs/CAM-EXP-002_camera_focal_sensitivity/cache/hand_inference/p41-plant-0004__brics-odroid-022_cam0__000073.npz
p41-plant-0004__brics-odroid-022_cam0__000081,p41-plant-0004,brics-odroid-022_cam0,81,ok,2,1280,720,5000.0,experiments/runs/CAM-EXP-002_camera_focal_sensitivity/cache/hand_inference/p41-plant-0004__brics-odroid-022_cam0__000081.npz
p41-plant-0004__brics-odroid-022_cam0__000102,p41-plant-0004,brics-odroid-022_cam0,102,ok,2,1280,720,5000.0,experiments/runs/CAM-EXP-002_camera_focal_sensitivity/cache/hand_inference/p41-plant-0004__brics-odroid-022_cam0__000102.npz
p41-plant-0004__brics-odroid-022_cam0__000107,p41-plant-0004,brics-odroid-022_cam0,107,ok,1,1280,720,5000.0,experiments/runs/CAM-EXP-002_camera_focal_sensitivity/cache/hand_inference/p41-plant-0004__brics-odroid-022_cam0__000107.npz
p41-plant-0004__brics-odroid-022_cam0__000108,p41-plant-0004,brics-odroid-022_cam0,108,ok,1,1280,720,5000.0,experiments/runs/CAM-EXP-002_camera_focal_sensitivity/cache/hand_inference/p41-plant-0004__brics-odroid-022_cam0__000108.npz
p41-plant-0004__brics-odroid-022_cam1__000000,p41-plant-0004,brics-odroid-022_cam1,0,ok,2,1280,720,5000.0,experiments/runs/CAM-EXP-002_camera_focal_sensitivity/cache/hand_inference/p41-plant-0004__brics-odroid-022_cam1__000000.npz
p41-plant-0004__brics-odroid-022_cam1__000001,p41-plant-0004,brics-odroid-022_cam1,1,ok,2,1280,720,5000.0,experiments/runs/CAM-EXP-002_camera_focal_sensitivity/cache/hand_inference/p41-plant-0004__brics-odroid-022_cam1__000001.npz
p41-plant-0004__brics-odroid-022_cam1__000002,p41-plant-0004,brics-odroid-022_cam1,2,ok,2,1280,720,5000.0,experiments/runs/CAM-EXP-002_camera_focal_sensitivity/cache/hand_inference/p41-plant-0004__brics-odroid-022_cam1__000002.npz
p41-plant-0004__brics-odroid-022_cam1__000003,p41-plant-0004,brics-odroid-022_cam1,3,ok,2,1280,720,5000.0,experiments/runs/CAM-EXP-002_camera_focal_sensitivity/cache/hand_inference/p41-plant-0004__brics-odroid-022_cam1__000003.npz
p41-plant-0004__brics-odroid-022_cam1__000004,p41-plant-0004,brics-odroid-022_cam1,4,ok,2,1280,720,5000.0,experiments/runs/CAM-EXP-002_camera_focal_sensitivity/cache/hand_inference/p41-plant-0004__brics-odroid-022_cam1__000004.npz
p41-plant-0004__brics-odroid-022_cam1__000005,p41-plant-0004,brics-odroid-022_cam1,5,ok,2,1280,720,5000.0,experiments/runs/CAM-EXP-002_camera_focal_sensitivity/cache/hand_inference/p41-plant-0004__brics-odroid-022_cam1__000005.npz
p41-plant-0004__brics-odroid-022_cam1__000006,p41-plant-0004,brics-odroid-022_cam1,6,ok,2,1280,720,5000.0,experiments/runs/CAM-EXP-002_camera_focal_sensitivity/cache/hand_inference/p41-plant-0004__brics-odroid-022_cam1__000006.npz
p41-plant-0004__brics-odroid-022_cam1__000007,p41-plant-0004,brics-odroid-022_cam1,7,ok,2,1280,720,5000.0,experiments/runs/CAM-EXP-002_camera_focal_sensitivity/cache/hand_inference/p41-plant-0004__brics-odroid-022_cam1__000007.npz
p41-plant-0004__brics-odroid-022_cam1__000008,p41-plant-0004,brics-odroid-022_cam1,8,ok,2,1280,720,5000.0,experiments/runs/CAM-EXP-002_camera_focal_sensitivity/cache/hand_inference/p41-plant-0004__brics-odroid-022_cam1__000008.npz
p41-plant-0004__brics-odroid-022_cam1__000009,p41-plant-0004,brics-odroid-022_cam1,9,ok,2,1280,720,5000.0,experiments/runs/CAM-EXP-002_camera_focal_sensitivity/cache/hand_inference/p41-plant-0004__brics-odroid-022_cam1__000009.npz
p41-plant-0004__brics-odroid-023_cam0__000000,p41-plant-0004,brics-odroid-023_cam0,0,ok,2,1280,720,5000.0,experiments/runs/CAM-EXP-002_camera_focal_sensitivity/cache/hand_inference/p41-plant-0004__brics-odroid-023_cam0__000000.npz
p41-plant-0004__brics-odroid-023_cam0__000001,p41-plant-0004,brics-odroid-023_cam0,1,ok,2,1280,720,5000.0,experiments/runs/CAM-EXP-002_camera_focal_sensitivity/cache/hand_inference/p41-plant-0004__brics-odroid-023_cam0__000001.npz
p41-plant-0004__brics-odroid-023_cam0__000006,p41-plant-0004,brics-odroid-023_cam0,6,ok,2,1280,720,5000.0,experiments/runs/CAM-EXP-002_camera_focal_sensitivity/cache/hand_inference/p41-plant-0004__brics-odroid-023_cam0__000006.npz
p41-plant-0004__brics-odroid-023_cam0__000008,p41-plant-0004,brics-odroid-023_cam0,8,ok,2,1280,720,5000.0,experiments/runs/CAM-EXP-002_camera_focal_sensitivity/cache/hand_inference/p41-plant-0004__brics-odroid-023_cam0__000008.npz
p41-plant-0004__brics-odroid-023_cam0__000016,p41-plant-0004,brics-odroid-023_cam0,16,ok,2,1280,720,5000.0,experiments/runs/CAM-EXP-002_camera_focal_sensitivity/cache/hand_inference/p41-plant-0004__brics-odroid-023_cam0__000016.npz
p41-plant-0004__brics-odroid-023_cam0__000018,p41-plant-0004,brics-odroid-023_cam0,18,ok,2,1280,720,5000.0,experiments/runs/CAM-EXP-002_camera_focal_sensitivity/cache/hand_inference/p41-plant-0004__brics-odroid-023_cam0__000018.npz
p41-plant-0004__brics-odroid-023_cam0__000019,p41-plant-0004,brics-odroid-023_cam0,19,ok,2,1280,720,5000.0,experiments/runs/CAM-EXP-002_camera_focal_sensitivity/cache/hand_inference/p41-plant-0004__brics-odroid-023_cam0__000019.npz
p41-plant-0004__brics-odroid-023_cam0__000032,p41-plant-0004,brics-odroid-023_cam0,32,ok,2,1280,720,5000.0,experiments/runs/CAM-EXP-002_camera_focal_sensitivity/cache/hand_inference/p41-plant-0004__brics-odroid-023_cam0__000032.npz
p41-plant-0004__brics-odroid-023_cam0__000040,p41-plant-0004,brics-odroid-023_cam0,40,ok,2,1280,720,5000.0,experiments/runs/CAM-EXP-002_camera_focal_sensitivity/cache/hand_inference/p41-plant-0004__brics-odroid-023_cam0__000040.npz
p41-plant-0004__brics-odroid-023_cam0__000042,p41-plant-0004,brics-odroid-023_cam0,42,ok,2,1280,720,5000.0,experiments/runs/CAM-EXP-002_camera_focal_sensitivity/cache/hand_inference/p41-plant-0004__brics-odroid-023_cam0__000042.npz
p41-plant-0004__brics-odroid-024_cam0__000000,p41-plant-0004,brics-odroid-024_cam0,0,ok,2,1280,720,5000.0,experiments/runs/CAM-EXP-002_camera_focal_sensitivity/cache/hand_inference/p41-plant-0004__brics-odroid-024_cam0__000000.npz
p41-plant-0004__brics-odroid-024_cam0__000001,p41-plant-0004,brics-odroid-024_cam0,1,ok,2,1280,720,5000.0,experiments/runs/CAM-EXP-002_camera_focal_sensitivity/cache/hand_inference/p41-plant-0004__brics-odroid-024_cam0__000001.npz
p41-plant-0004__brics-odroid-024_cam0__000004,p41-plant-0004,brics-odroid-024_cam0,4,ok,2,1280,720,5000.0,experiments/runs/CAM-EXP-002_camera_focal_sensitivity/cache/hand_inference/p41-plant-0004__brics-odroid-024_cam0__000004.npz
p41-plant-0004__brics-odroid-024_cam0__000006,p41-plant-0004,brics-odroid-024_cam0,6,ok,2,1280,720,5000.0,experiments/runs/CAM-EXP-002_camera_focal_sensitivity/cache/hand_inference/p41-plant-0004__brics-odroid-024_cam0__000006.npz
p41-plant-0004__brics-odroid-024_cam0__000007,p41-plant-0004,brics-odroid-024_cam0,7,ok,2,1280,720,5000.0,experiments/runs/CAM-EXP-002_camera_focal_sensitivity/cache/hand_inference/p41-plant-0004__brics-odroid-024_cam0__000007.npz
p41-plant-0004__brics-odroid-024_cam0__000008,p41-plant-0004,brics-odroid-024_cam0,8,ok,2,1280,720,5000.0,experiments/runs/CAM-EXP-002_camera_focal_sensitivity/cache/hand_inference/p41-plant-0004__brics-odroid-024_cam0__000008.npz
p41-plant-0004__brics-odroid-024_cam0__000009,p41-plant-0004,brics-odroid-024_cam0,9,ok,2,1280,720,5000.0,experiments/runs/CAM-EXP-002_camera_focal_sensitivity/cache/hand_inference/p41-plant-0004__brics-odroid-024_cam0__000009.npz
p41-plant-0004__brics-odroid-024_cam0__000011,p41-plant-0004,brics-odroid-024_cam0,11,ok,2,1280,720,5000.0,experiments/runs/CAM-EXP-002_camera_focal_sensitivity/cache/hand_inference/p41-plant-0004__brics-odroid-024_cam0__000011.npz
p41-plant-0004__brics-odroid-024_cam0__000016,p41-plant-0004,brics-odroid-024_cam0,16,ok,2,1280,720,5000.0,experiments/runs/CAM-EXP-002_camera_focal_sensitivity/cache/hand_inference/p41-plant-0004__brics-odroid-024_cam0__000016.npz
p41-plant-0004__brics-odroid-024_cam0__000017,p41-plant-0004,brics-odroid-024_cam0,17,ok,2,1280,720,5000.0,experiments/runs/CAM-EXP-002_camera_focal_sensitivity/cache/hand_inference/p41-plant-0004__brics-odroid-024_cam0__000017.npz
p41-plant-0004__brics-odroid-024_cam1__000000,p41-plant-0004,brics-odroid-024_cam1,0,ok,2,1280,720,5000.0,experiments/runs/CAM-EXP-002_camera_focal_sensitivity/cache/hand_inference/p41-plant-0004__brics-odroid-024_cam1__000000.npz
p41-plant-0004__brics-odroid-024_cam1__000001,p41-plant-0004,brics-odroid-024_cam1,1,ok,2,1280,720,5000.0,experiments/runs/CAM-EXP-002_camera_focal_sensitivity/cache/hand_inference/p41-plant-0004__brics-odroid-024_cam1__000001.npz
p41-plant-0004__brics-odroid-024_cam1__000002,p41-plant-0004,brics-odroid-024_cam1,2,ok,2,1280,720,5000.0,experiments/runs/CAM-EXP-002_camera_focal_sensitivity/cache/hand_inference/p41-plant-0004__brics-odroid-024_cam1__000002.npz
p41-plant-0004__brics-odroid-024_cam1__000003,p41-plant-0004,brics-odroid-024_cam1,3,ok,2,1280,720,5000.0,experiments/runs/CAM-EXP-002_camera_focal_sensitivity/cache/hand_inference/p41-plant-0004__brics-odroid-024_cam1__000003.npz
p41-plant-0004__brics-odroid-024_cam1__000004,p41-plant-0004,brics-odroid-024_cam1,4,ok,2,1280,720,5000.0,experiments/runs/CAM-EXP-002_camera_focal_sensitivity/cache/hand_inference/p41-plant-0004__brics-odroid-024_cam1__000004.npz
p41-plant-0004__brics-odroid-024_cam1__000005,p41-plant-0004,brics-odroid-024_cam1,5,ok,2,1280,720,5000.0,experiments/runs/CAM-EXP-002_camera_focal_sensitivity/cache/hand_inference/p41-plant-0004__brics-odroid-024_cam1__000005.npz
p41-plant-0004__brics-odroid-024_cam1__000006,p41-plant-0004,brics-odroid-024_cam1,6,ok,2,1280,720,5000.0,experiments/runs/CAM-EXP-002_camera_focal_sensitivity/cache/hand_inference/p41-plant-0004__brics-odroid-024_cam1__000006.npz
p41-plant-0004__brics-odroid-024_cam1__000007,p41-plant-0004,brics-odroid-024_cam1,7,ok,2,1280,720,5000.0,experiments/runs/CAM-EXP-002_camera_focal_sensitivity/cache/hand_inference/p41-plant-0004__brics-odroid-024_cam1__000007.npz
p41-plant-0004__brics-odroid-024_cam1__000008,p41-plant-0004,brics-odroid-024_cam1,8,ok,2,1280,720,5000.0,experiments/runs/CAM-EXP-002_camera_focal_sensitivity/cache/hand_inference/p41-plant-0004__brics-odroid-024_cam1__000008.npz
p41-plant-0004__brics-odroid-025_cam0__000004,p41-plant-0004,brics-odroid-025_cam0,4,ok,2,1280,720,5000.0,experiments/runs/CAM-EXP-002_camera_focal_sensitivity/cache/hand_inference/p41-plant-0004__brics-odroid-025_cam0__000004.npz
p41-plant-0004__brics-odroid-025_cam0__000055,p41-plant-0004,brics-odroid-025_cam0,55,ok,2,1280,720,5000.0,experiments/runs/CAM-EXP-002_camera_focal_sensitivity/cache/hand_inference/p41-plant-0004__brics-odroid-025_cam0__000055.npz
p41-plant-0004__brics-odroid-025_cam0__000056,p41-plant-0004,brics-odroid-025_cam0,56,ok,2,1280,720,5000.0,experiments/runs/CAM-EXP-002_camera_focal_sensitivity/cache/hand_inference/p41-plant-0004__brics-odroid-025_cam0__000056.npz
p41-plant-0004__brics-odroid-025_cam0__000058,p41-plant-0004,brics-odroid-025_cam0,58,ok,2,1280,720,5000.0,experiments/runs/CAM-EXP-002_camera_focal_sensitivity/cache/hand_inference/p41-plant-0004__brics-odroid-025_cam0__000058.npz
p41-plant-0004__brics-odroid-025_cam0__000059,p41-plant-0004,brics-odroid-025_cam0,59,ok,2,1280,720,5000.0,experiments/runs/CAM-EXP-002_camera_focal_sensitivity/cache/hand_inference/p41-plant-0004__brics-odroid-025_cam0__000059.npz
p41-plant-0004__brics-odroid-025_cam0__000060,p41-plant-0004,brics-odroid-025_cam0,60,ok,2,1280,720,5000.0,experiments/runs/CAM-EXP-002_camera_focal_sensitivity/cache/hand_inference/p41-plant-0004__brics-odroid-025_cam0__000060.npz
p41-plant-0004__brics-odroid-025_cam0__000061,p41-plant-0004,brics-odroid-025_cam0,61,ok,2,1280,720,5000.0,experiments/runs/CAM-EXP-002_camera_focal_sensitivity/cache/hand_inference/p41-plant-0004__brics-odroid-025_cam0__000061.npz
p41-plant-0004__brics-odroid-025_cam0__000062,p41-plant-0004,brics-odroid-025_cam0,62,ok,2,1280,720,5000.0,experiments/runs/CAM-EXP-002_camera_focal_sensitivity/cache/hand_inference/p41-plant-0004__brics-odroid-025_cam0__000062.npz
p41-plant-0004__brics-odroid-025_cam0__000063,p41-plant-0004,brics-odroid-025_cam0,63,ok,2,1280,720,5000.0,experiments/runs/CAM-EXP-002_camera_focal_sensitivity/cache/hand_inference/p41-plant-0004__brics-odroid-025_cam0__000063.npz
p41-plant-0004__brics-odroid-025_cam1__000000,p41-plant-0004,brics-odroid-025_cam1,0,ok,2,1280,720,5000.0,experiments/runs/CAM-EXP-002_camera_focal_sensitivity/cache/hand_inference/p41-plant-0004__brics-odroid-025_cam1__000000.npz
p41-plant-0004__brics-odroid-025_cam1__000001,p41-plant-0004,brics-odroid-025_cam1,1,ok,2,1280,720,5000.0,experiments/runs/CAM-EXP-002_camera_focal_sensitivity/cache/hand_inference/p41-plant-0004__brics-odroid-025_cam1__000001.npz
p41-plant-0004__brics-odroid-025_cam1__000002,p41-plant-0004,brics-odroid-025_cam1,2,ok,2,1280,720,5000.0,experiments/runs/CAM-EXP-002_camera_focal_sensitivity/cache/hand_inference/p41-plant-0004__brics-odroid-025_cam1__000002.npz
p41-plant-0004__brics-odroid-025_cam1__000003,p41-plant-0004,brics-odroid-025_cam1,3,ok,2,1280,720,5000.0,experiments/runs/CAM-EXP-002_camera_focal_sensitivity/cache/hand_inference/p41-plant-0004__brics-odroid-025_cam1__000003.npz
p41-plant-0004__brics-odroid-025_cam1__000004,p41-plant-0004,brics-odroid-025_cam1,4,ok,2,1280,720,5000.0,experiments/runs/CAM-EXP-002_camera_focal_sensitivity/cache/hand_inference/p41-plant-0004__brics-odroid-025_cam1__000004.npz
p41-plant-0004__brics-odroid-025_cam1__000005,p41-plant-0004,brics-odroid-025_cam1,5,ok,2,1280,720,5000.0,experiments/runs/CAM-EXP-002_camera_focal_sensitivity/cache/hand_inference/p41-plant-0004__brics-odroid-025_cam1__000005.npz
p41-plant-0004__brics-odroid-025_cam1__000006,p41-plant-0004,brics-odroid-025_cam1,6,ok,2,1280,720,5000.0,experiments/runs/CAM-EXP-002_camera_focal_sensitivity/cache/hand_inference/p41-plant-0004__brics-odroid-025_cam1__000006.npz
p41-plant-0004__brics-odroid-025_cam1__000007,p41-plant-0004,brics-odroid-025_cam1,7,ok,2,1280,720,5000.0,experiments/runs/CAM-EXP-002_camera_focal_sensitivity/cache/hand_inference/p41-plant-0004__brics-odroid-025_cam1__000007.npz
p41-plant-0004__brics-odroid-025_cam1__000008,p41-plant-0004,brics-odroid-025_cam1,8,ok,2,1280,720,5000.0,experiments/runs/CAM-EXP-002_camera_focal_sensitivity/cache/hand_inference/p41-plant-0004__brics-odroid-025_cam1__000008.npz
p44-dog-0004__brics-odroid-001_cam1__000199,p44-dog-0004,brics-odroid-001_cam1,199,ok,2,1280,720,5000.0,experiments/runs/CAM-EXP-002_camera_focal_sensitivity/cache/hand_inference/p44-dog-0004__brics-odroid-001_cam1__000199.npz
p44-dog-0004__brics-odroid-002_cam0__000000,p44-dog-0004,brics-odroid-002_cam0,0,cached,,,,,
p44-dog-0004__brics-odroid-002_cam0__000005,p44-dog-0004,brics-odroid-002_cam0,5,ok,2,1280,720,5000.0,experiments/runs/CAM-EXP-002_camera_focal_sensitivity/cache/hand_inference/p44-dog-0004__brics-odroid-002_cam0__000005.npz
p44-dog-0004__brics-odroid-002_cam0__000006,p44-dog-0004,brics-odroid-002_cam0,6,ok,2,1280,720,5000.0,experiments/runs/CAM-EXP-002_camera_focal_sensitivity/cache/hand_inference/p44-dog-0004__brics-odroid-002_cam0__000006.npz
p44-dog-0004__brics-odroid-002_cam0__000007,p44-dog-0004,brics-odroid-002_cam0,7,ok,2,1280,720,5000.0,experiments/runs/CAM-EXP-002_camera_focal_sensitivity/cache/hand_inference/p44-dog-0004__brics-odroid-002_cam0__000007.npz
p44-dog-0004__brics-odroid-002_cam0__000019,p44-dog-0004,brics-odroid-002_cam0,19,ok,2,1280,720,5000.0,experiments/runs/CAM-EXP-002_camera_focal_sensitivity/cache/hand_inference/p44-dog-0004__brics-odroid-002_cam0__000019.npz
p44-dog-0004__brics-odroid-002_cam0__000024,p44-dog-0004,brics-odroid-002_cam0,24,ok,2,1280,720,5000.0,experiments/runs/CAM-EXP-002_camera_focal_sensitivity/cache/hand_inference/p44-dog-0004__brics-odroid-002_cam0__000024.npz
p44-dog-0004__brics-odroid-002_cam0__000025,p44-dog-0004,brics-odroid-002_cam0,25,ok,2,1280,720,5000.0,experiments/runs/CAM-EXP-002_camera_focal_sensitivity/cache/hand_inference/p44-dog-0004__brics-odroid-002_cam0__000025.npz
p44-dog-0004__brics-odroid-002_cam0__000027,p44-dog-0004,brics-odroid-002_cam0,27,ok,2,1280,720,5000.0,experiments/runs/CAM-EXP-002_camera_focal_sensitivity/cache/hand_inference/p44-dog-0004__brics-odroid-002_cam0__000027.npz
p44-dog-0004__brics-odroid-002_cam0__000028,p44-dog-0004,brics-odroid-002_cam0,28,ok,2,1280,720,5000.0,experiments/runs/CAM-EXP-002_camera_focal_sensitivity/cache/hand_inference/p44-dog-0004__brics-odroid-002_cam0__000028.npz
p44-dog-0004__brics-odroid-002_cam0__000029,p44-dog-0004,brics-odroid-002_cam0,29,ok,2,1280,720,5000.0,experiments/runs/CAM-EXP-002_camera_focal_sensitivity/cache/hand_inference/p44-dog-0004__brics-odroid-002_cam0__000029.npz
p44-dog-0004__brics-odroid-006_cam0__000000,p44-dog-0004,brics-odroid-006_cam0,0,ok,2,1280,720,5000.0,experiments/runs/CAM-EXP-002_camera_focal_sensitivity/cache/hand_inference/p44-dog-0004__brics-odroid-006_cam0__000000.npz
p44-dog-0004__brics-odroid-006_cam0__000005,p44-dog-0004,brics-odroid-006_cam0,5,ok,2,1280,720,5000.0,experiments/runs/CAM-EXP-002_camera_focal_sensitivity/cache/hand_inference/p44-dog-0004__brics-odroid-006_cam0__000005.npz
p44-dog-0004__brics-odroid-006_cam0__000006,p44-dog-0004,brics-odroid-006_cam0,6,ok,2,1280,720,5000.0,experiments/runs/CAM-EXP-002_camera_focal_sensitivity/cache/hand_inference/p44-dog-0004__brics-odroid-006_cam0__000006.npz
p44-dog-0004__brics-odroid-006_cam0__000007,p44-dog-0004,brics-odroid-006_cam0,7,ok,2,1280,720,5000.0,experiments/runs/CAM-EXP-002_camera_focal_sensitivity/cache/hand_inference/p44-dog-0004__brics-odroid-006_cam0__000007.npz
p44-dog-0004__brics-odroid-006_cam0__000014,p44-dog-0004,brics-odroid-006_cam0,14,ok,2,1280,720,5000.0,experiments/runs/CAM-EXP-002_camera_focal_sensitivity/cache/hand_inference/p44-dog-0004__brics-odroid-006_cam0__000014.npz
p44-dog-0004__brics-odroid-006_cam0__000017,p44-dog-0004,brics-odroid-006_cam0,17,ok,2,1280,720,5000.0,experiments/runs/CAM-EXP-002_camera_focal_sensitivity/cache/hand_inference/p44-dog-0004__brics-odroid-006_cam0__000017.npz
p44-dog-0004__brics-odroid-006_cam0__000018,p44-dog-0004,brics-odroid-006_cam0,18,ok,2,1280,720,5000.0,experiments/runs/CAM-EXP-002_camera_focal_sensitivity/cache/hand_inference/p44-dog-0004__brics-odroid-006_cam0__000018.npz
p44-dog-0004__brics-odroid-006_cam0__000019,p44-dog-0004,brics-odroid-006_cam0,19,ok,2,1280,720,5000.0,experiments/runs/CAM-EXP-002_camera_focal_sensitivity/cache/hand_inference/p44-dog-0004__brics-odroid-006_cam0__000019.npz
p44-dog-0004__brics-odroid-006_cam0__000020,p44-dog-0004,brics-odroid-006_cam0,20,ok,2,1280,720,5000.0,experiments/runs/CAM-EXP-002_camera_focal_sensitivity/cache/hand_inference/p44-dog-0004__brics-odroid-006_cam0__000020.npz
p44-dog-0004__brics-odroid-007_cam0__000133,p44-dog-0004,brics-odroid-007_cam0,133,ok,1,1280,720,5000.0,experiments/runs/CAM-EXP-002_camera_focal_sensitivity/cache/hand_inference/p44-dog-0004__brics-odroid-007_cam0__000133.npz
p44-dog-0004__brics-odroid-007_cam0__000134,p44-dog-0004,brics-odroid-007_cam0,134,ok,2,1280,720,5000.0,experiments/runs/CAM-EXP-002_camera_focal_sensitivity/cache/hand_inference/p44-dog-0004__brics-odroid-007_cam0__000134.npz
p44-dog-0004__brics-odroid-007_cam0__000135,p44-dog-0004,brics-odroid-007_cam0,135,ok,2,1280,720,5000.0,experiments/runs/CAM-EXP-002_camera_focal_sensitivity/cache/hand_inference/p44-dog-0004__brics-odroid-007_cam0__000135.npz
p44-dog-0004__brics-odroid-007_cam0__000136,p44-dog-0004,brics-odroid-007_cam0,136,ok,2,1280,720,5000.0,experiments/runs/CAM-EXP-002_camera_focal_sensitivity/cache/hand_inference/p44-dog-0004__brics-odroid-007_cam0__000136.npz
p44-dog-0004__brics-odroid-007_cam0__000137,p44-dog-0004,brics-odroid-007_cam0,137,ok,2,1280,720,5000.0,experiments/runs/CAM-EXP-002_camera_focal_sensitivity/cache/hand_inference/p44-dog-0004__brics-odroid-007_cam0__000137.npz
p44-dog-0004__brics-odroid-007_cam0__000138,p44-dog-0004,brics-odroid-007_cam0,138,ok,2,1280,720,5000.0,experiments/runs/CAM-EXP-002_camera_focal_sensitivity/cache/hand_inference/p44-dog-0004__brics-odroid-007_cam0__000138.npz
p44-dog-0004__brics-odroid-007_cam0__000139,p44-dog-0004,brics-odroid-007_cam0,139,ok,2,1280,720,5000.0,experiments/runs/CAM-EXP-002_camera_focal_sensitivity/cache/hand_inference/p44-dog-0004__brics-odroid-007_cam0__000139.npz
p44-dog-0004__brics-odroid-007_cam0__000140,p44-dog-0004,brics-odroid-007_cam0,140,ok,2,1280,720,5000.0,experiments/runs/CAM-EXP-002_camera_focal_sensitivity/cache/hand_inference/p44-dog-0004__brics-odroid-007_cam0__000140.npz
p44-dog-0004__brics-odroid-007_cam0__000147,p44-dog-0004,brics-odroid-007_cam0,147,ok,2,1280,720,5000.0,experiments/runs/CAM-EXP-002_camera_focal_sensitivity/cache/hand_inference/p44-dog-0004__brics-odroid-007_cam0__000147.npz
p44-dog-0004__brics-odroid-007_cam1__000138,p44-dog-0004,brics-odroid-007_cam1,138,ok,2,1280,720,5000.0,experiments/runs/CAM-EXP-002_camera_focal_sensitivity/cache/hand_inference/p44-dog-0004__brics-odroid-007_cam1__000138.npz
p44-dog-0004__brics-odroid-007_cam1__000226,p44-dog-0004,brics-odroid-007_cam1,226,ok,2,1280,720,5000.0,experiments/runs/CAM-EXP-002_camera_focal_sensitivity/cache/hand_inference/p44-dog-0004__brics-odroid-007_cam1__000226.npz
p44-dog-0004__brics-odroid-007_cam1__000228,p44-dog-0004,brics-odroid-007_cam1,228,ok,2,1280,720,5000.0,experiments/runs/CAM-EXP-002_camera_focal_sensitivity/cache/hand_inference/p44-dog-0004__brics-odroid-007_cam1__000228.npz
p44-dog-0004__brics-odroid-007_cam1__000230,p44-dog-0004,brics-odroid-007_cam1,230,ok,2,1280,720,5000.0,experiments/runs/CAM-EXP-002_camera_focal_sensitivity/cache/hand_inference/p44-dog-0004__brics-odroid-007_cam1__000230.npz
p44-dog-0004__brics-odroid-007_cam1__000231,p44-dog-0004,brics-odroid-007_cam1,231,ok,2,1280,720,5000.0,experiments/runs/CAM-EXP-002_camera_focal_sensitivity/cache/hand_inference/p44-dog-0004__brics-odroid-007_cam1__000231.npz
p44-dog-0004__brics-odroid-007_cam1__000232,p44-dog-0004,brics-odroid-007_cam1,232,ok,2,1280,720,5000.0,experiments/runs/CAM-EXP-002_camera_focal_sensitivity/cache/hand_inference/p44-dog-0004__brics-odroid-007_cam1__000232.npz
p44-dog-0004__brics-odroid-007_cam1__000233,p44-dog-0004,brics-odroid-007_cam1,233,ok,2,1280,720,5000.0,experiments/runs/CAM-EXP-002_camera_focal_sensitivity/cache/hand_inference/p44-dog-0004__brics-odroid-007_cam1__000233.npz
p44-dog-0004__brics-odroid-007_cam1__000234,p44-dog-0004,brics-odroid-007_cam1,234,ok,2,1280,720,5000.0,experiments/runs/CAM-EXP-002_camera_focal_sensitivity/cache/hand_inference/p44-dog-0004__brics-odroid-007_cam1__000234.npz
p44-dog-0004__brics-odroid-007_cam1__000235,p44-dog-0004,brics-odroid-007_cam1,235,ok,2,1280,720,5000.0,experiments/runs/CAM-EXP-002_camera_focal_sensitivity/cache/hand_inference/p44-dog-0004__brics-odroid-007_cam1__000235.npz
p44-dog-0004__brics-odroid-008_cam0__000305,p44-dog-0004,brics-odroid-008_cam0,305,ok,2,1280,720,5000.0,experiments/runs/CAM-EXP-002_camera_focal_sensitivity/cache/hand_inference/p44-dog-0004__brics-odroid-008_cam0__000305.npz
p44-dog-0004__brics-odroid-008_cam0__000306,p44-dog-0004,brics-odroid-008_cam0,306,ok,2,1280,720,5000.0,experiments/runs/CAM-EXP-002_camera_focal_sensitivity/cache/hand_inference/p44-dog-0004__brics-odroid-008_cam0__000306.npz
p44-dog-0004__brics-odroid-008_cam0__000307,p44-dog-0004,brics-odroid-008_cam0,307,ok,2,1280,720,5000.0,experiments/runs/CAM-EXP-002_camera_focal_sensitivity/cache/hand_inference/p44-dog-0004__brics-odroid-008_cam0__000307.npz
p44-dog-0004__brics-odroid-008_cam0__000308,p44-dog-0004,brics-odroid-008_cam0,308,ok,2,1280,720,5000.0,experiments/runs/CAM-EXP-002_camera_focal_sensitivity/cache/hand_inference/p44-dog-0004__brics-odroid-008_cam0__000308.npz
p44-dog-0004__brics-odroid-008_cam0__000316,p44-dog-0004,brics-odroid-008_cam0,316,ok,2,1280,720,5000.0,experiments/runs/CAM-EXP-002_camera_focal_sensitivity/cache/hand_inference/p44-dog-0004__brics-odroid-008_cam0__000316.npz
p44-dog-0004__brics-odroid-008_cam0__000317,p44-dog-0004,brics-odroid-008_cam0,317,ok,2,1280,720,5000.0,experiments/runs/CAM-EXP-002_camera_focal_sensitivity/cache/hand_inference/p44-dog-0004__brics-odroid-008_cam0__000317.npz
p44-dog-0004__brics-odroid-009_cam1__000320,p44-dog-0004,brics-odroid-009_cam1,320,ok,1,1280,720,5000.0,experiments/runs/CAM-EXP-002_camera_focal_sensitivity/cache/hand_inference/p44-dog-0004__brics-odroid-009_cam1__000320.npz
p44-dog-0004__brics-odroid-009_cam1__000321,p44-dog-0004,brics-odroid-009_cam1,321,ok,2,1280,720,5000.0,experiments/runs/CAM-EXP-002_camera_focal_sensitivity/cache/hand_inference/p44-dog-0004__brics-odroid-009_cam1__000321.npz
p44-dog-0004__brics-odroid-009_cam1__000322,p44-dog-0004,brics-odroid-009_cam1,322,ok,2,1280,720,5000.0,experiments/runs/CAM-EXP-002_camera_focal_sensitivity/cache/hand_inference/p44-dog-0004__brics-odroid-009_cam1__000322.npz
p44-dog-0004__brics-odroid-009_cam1__000323,p44-dog-0004,brics-odroid-009_cam1,323,ok,3,1280,720,5000.0,experiments/runs/CAM-EXP-002_camera_focal_sensitivity/cache/hand_inference/p44-dog-0004__brics-odroid-009_cam1__000323.npz
p44-dog-0004__brics-odroid-009_cam1__000324,p44-dog-0004,brics-odroid-009_cam1,324,ok,1,1280,720,5000.0,experiments/runs/CAM-EXP-002_camera_focal_sensitivity/cache/hand_inference/p44-dog-0004__brics-odroid-009_cam1__000324.npz
p44-dog-0004__brics-odroid-009_cam1__000325,p44-dog-0004,brics-odroid-009_cam1,325,ok,1,1280,720,5000.0,experiments/runs/CAM-EXP-002_camera_focal_sensitivity/cache/hand_inference/p44-dog-0004__brics-odroid-009_cam1__000325.npz
p44-dog-0004__brics-odroid-009_cam1__000326,p44-dog-0004,brics-odroid-009_cam1,326,ok,1,1280,720,5000.0,experiments/runs/CAM-EXP-002_camera_focal_sensitivity/cache/hand_inference/p44-dog-0004__brics-odroid-009_cam1__000326.npz
p44-dog-0004__brics-odroid-009_cam1__000327,p44-dog-0004,brics-odroid-009_cam1,327,ok,1,1280,720,5000.0,experiments/runs/CAM-EXP-002_camera_focal_sensitivity/cache/hand_inference/p44-dog-0004__brics-odroid-009_cam1__000327.npz
p44-dog-0004__brics-odroid-009_cam1__000328,p44-dog-0004,brics-odroid-009_cam1,328,ok,1,1280,720,5000.0,experiments/runs/CAM-EXP-002_camera_focal_sensitivity/cache/hand_inference/p44-dog-0004__brics-odroid-009_cam1__000328.npz
p44-dog-0004__brics-odroid-010_cam0__000317,p44-dog-0004,brics-odroid-010_cam0,317,ok,2,1280,720,5000.0,experiments/runs/CAM-EXP-002_camera_focal_sensitivity/cache/hand_inference/p44-dog-0004__brics-odroid-010_cam0__000317.npz
p44-dog-0004__brics-odroid-010_cam0__000318,p44-dog-0004,brics-odroid-010_cam0,318,ok,3,1280,720,5000.0,experiments/runs/CAM-EXP-002_camera_focal_sensitivity/cache/hand_inference/p44-dog-0004__brics-odroid-010_cam0__000318.npz
p44-dog-0004__brics-odroid-010_cam0__000319,p44-dog-0004,brics-odroid-010_cam0,319,ok,2,1280,720,5000.0,experiments/runs/CAM-EXP-002_camera_focal_sensitivity/cache/hand_inference/p44-dog-0004__brics-odroid-010_cam0__000319.npz
p44-dog-0004__brics-odroid-010_cam0__000320,p44-dog-0004,brics-odroid-010_cam0,320,ok,3,1280,720,5000.0,experiments/runs/CAM-EXP-002_camera_focal_sensitivity/cache/hand_inference/p44-dog-0004__brics-odroid-010_cam0__000320.npz
p44-dog-0004__brics-odroid-010_cam0__000321,p44-dog-0004,brics-odroid-010_cam0,321,ok,2,1280,720,5000.0,experiments/runs/CAM-EXP-002_camera_focal_sensitivity/cache/hand_inference/p44-dog-0004__brics-odroid-010_cam0__000321.npz
p44-dog-0004__brics-odroid-010_cam0__000322,p44-dog-0004,brics-odroid-010_cam0,322,ok,2,1280,720,5000.0,experiments/runs/CAM-EXP-002_camera_focal_sensitivity/cache/hand_inference/p44-dog-0004__brics-odroid-010_cam0__000322.npz
p44-dog-0004__brics-odroid-010_cam0__000323,p44-dog-0004,brics-odroid-010_cam0,323,ok,3,1280,720,5000.0,experiments/runs/CAM-EXP-002_camera_focal_sensitivity/cache/hand_inference/p44-dog-0004__brics-odroid-010_cam0__000323.npz
p44-dog-0004__brics-odroid-010_cam0__000324,p44-dog-0004,brics-odroid-010_cam0,324,ok,2,1280,720,5000.0,experiments/runs/CAM-EXP-002_camera_focal_sensitivity/cache/hand_inference/p44-dog-0004__brics-odroid-010_cam0__000324.npz
p44-dog-0004__brics-odroid-010_cam0__000325,p44-dog-0004,brics-odroid-010_cam0,325,ok,2,1280,720,5000.0,experiments/runs/CAM-EXP-002_camera_focal_sensitivity/cache/hand_inference/p44-dog-0004__brics-odroid-010_cam0__000325.npz
p44-dog-0004__brics-odroid-010_cam0__000326,p44-dog-0004,brics-odroid-010_cam0,326,ok,2,1280,720,5000.0,experiments/runs/CAM-EXP-002_camera_focal_sensitivity/cache/hand_inference/p44-dog-0004__brics-odroid-010_cam0__000326.npz
p44-dog-0004__brics-odroid-011_cam0__000129,p44-dog-0004,brics-odroid-011_cam0,129,ok,1,1280,720,5000.0,experiments/runs/CAM-EXP-002_camera_focal_sensitivity/cache/hand_inference/p44-dog-0004__brics-odroid-011_cam0__000129.npz
p44-dog-0004__brics-odroid-011_cam0__000130,p44-dog-0004,brics-odroid-011_cam0,130,ok,2,1280,720,5000.0,experiments/runs/CAM-EXP-002_camera_focal_sensitivity/cache/hand_inference/p44-dog-0004__brics-odroid-011_cam0__000130.npz
p44-dog-0004__brics-odroid-011_cam0__000131,p44-dog-0004,brics-odroid-011_cam0,131,ok,1,1280,720,5000.0,experiments/runs/CAM-EXP-002_camera_focal_sensitivity/cache/hand_inference/p44-dog-0004__brics-odroid-011_cam0__000131.npz
p44-dog-0004__brics-odroid-011_cam0__000132,p44-dog-0004,brics-odroid-011_cam0,132,ok,2,1280,720,5000.0,experiments/runs/CAM-EXP-002_camera_focal_sensitivity/cache/hand_inference/p44-dog-0004__brics-odroid-011_cam0__000132.npz
p44-dog-0004__brics-odroid-011_cam0__000133,p44-dog-0004,brics-odroid-011_cam0,133,ok,2,1280,720,5000.0,experiments/runs/CAM-EXP-002_camera_focal_sensitivity/cache/hand_inference/p44-dog-0004__brics-odroid-011_cam0__000133.npz
p44-dog-0004__brics-odroid-011_cam0__000134,p44-dog-0004,brics-odroid-011_cam0,134,ok,2,1280,720,5000.0,experiments/runs/CAM-EXP-002_camera_focal_sensitivity/cache/hand_inference/p44-dog-0004__brics-odroid-011_cam0__000134.npz
p44-dog-0004__brics-odroid-011_cam0__000135,p44-dog-0004,brics-odroid-011_cam0,135,ok,2,1280,720,5000.0,experiments/runs/CAM-EXP-002_camera_focal_sensitivity/cache/hand_inference/p44-dog-0004__brics-odroid-011_cam0__000135.npz
p44-dog-0004__brics-odroid-011_cam0__000136,p44-dog-0004,brics-odroid-011_cam0,136,ok,2,1280,720,5000.0,experiments/runs/CAM-EXP-002_camera_focal_sensitivity/cache/hand_inference/p44-dog-0004__brics-odroid-011_cam0__000136.npz
p44-dog-0004__brics-odroid-011_cam0__000137,p44-dog-0004,brics-odroid-011_cam0,137,ok,2,1280,720,5000.0,experiments/runs/CAM-EXP-002_camera_focal_sensitivity/cache/hand_inference/p44-dog-0004__brics-odroid-011_cam0__000137.npz
p44-dog-0004__brics-odroid-012_cam0__000005,p44-dog-0004,brics-odroid-012_cam0,5,ok,2,1280,720,5000.0,experiments/runs/CAM-EXP-002_camera_focal_sensitivity/cache/hand_inference/p44-dog-0004__brics-odroid-012_cam0__000005.npz
p44-dog-0004__brics-odroid-012_cam0__000006,p44-dog-0004,brics-odroid-012_cam0,6,ok,2,1280,720,5000.0,experiments/runs/CAM-EXP-002_camera_focal_sensitivity/cache/hand_inference/p44-dog-0004__brics-odroid-012_cam0__000006.npz
p44-dog-0004__brics-odroid-012_cam0__000017,p44-dog-0004,brics-odroid-012_cam0,17,ok,2,1280,720,5000.0,experiments/runs/CAM-EXP-002_camera_focal_sensitivity/cache/hand_inference/p44-dog-0004__brics-odroid-012_cam0__000017.npz
p44-dog-0004__brics-odroid-012_cam0__000018,p44-dog-0004,brics-odroid-012_cam0,18,ok,2,1280,720,5000.0,experiments/runs/CAM-EXP-002_camera_focal_sensitivity/cache/hand_inference/p44-dog-0004__brics-odroid-012_cam0__000018.npz
p44-dog-0004__brics-odroid-012_cam0__000019,p44-dog-0004,brics-odroid-012_cam0,19,ok,2,1280,720,5000.0,experiments/runs/CAM-EXP-002_camera_focal_sensitivity/cache/hand_inference/p44-dog-0004__brics-odroid-012_cam0__000019.npz
p44-dog-0004__brics-odroid-012_cam0__000020,p44-dog-0004,brics-odroid-012_cam0,20,ok,2,1280,720,5000.0,experiments/runs/CAM-EXP-002_camera_focal_sensitivity/cache/hand_inference/p44-dog-0004__brics-odroid-012_cam0__000020.npz
p44-dog-0004__brics-odroid-012_cam0__000021,p44-dog-0004,brics-odroid-012_cam0,21,ok,2,1280,720,5000.0,experiments/runs/CAM-EXP-002_camera_focal_sensitivity/cache/hand_inference/p44-dog-0004__brics-odroid-012_cam0__000021.npz
p44-dog-0004__brics-odroid-012_cam0__000022,p44-dog-0004,brics-odroid-012_cam0,22,ok,2,1280,720,5000.0,experiments/runs/CAM-EXP-002_camera_focal_sensitivity/cache/hand_inference/p44-dog-0004__brics-odroid-012_cam0__000022.npz
p44-dog-0004__brics-odroid-012_cam0__000027,p44-dog-0004,brics-odroid-012_cam0,27,ok,2,1280,720,5000.0,experiments/runs/CAM-EXP-002_camera_focal_sensitivity/cache/hand_inference/p44-dog-0004__brics-odroid-012_cam0__000027.npz
p44-dog-0004__brics-odroid-012_cam0__000028,p44-dog-0004,brics-odroid-012_cam0,28,ok,2,1280,720,5000.0,experiments/runs/CAM-EXP-002_camera_focal_sensitivity/cache/hand_inference/p44-dog-0004__brics-odroid-012_cam0__000028.npz
p44-dog-0004__brics-odroid-012_cam1__000001,p44-dog-0004,brics-odroid-012_cam1,1,ok,1,1280,720,5000.0,experiments/runs/CAM-EXP-002_camera_focal_sensitivity/cache/hand_inference/p44-dog-0004__brics-odroid-012_cam1__000001.npz
p44-dog-0004__brics-odroid-012_cam1__000002,p44-dog-0004,brics-odroid-012_cam1,2,ok,1,1280,720,5000.0,experiments/runs/CAM-EXP-002_camera_focal_sensitivity/cache/hand_inference/p44-dog-0004__brics-odroid-012_cam1__000002.npz
p44-dog-0004__brics-odroid-012_cam1__000004,p44-dog-0004,brics-odroid-012_cam1,4,ok,1,1280,720,5000.0,experiments/runs/CAM-EXP-002_camera_focal_sensitivity/cache/hand_inference/p44-dog-0004__brics-odroid-012_cam1__000004.npz
p44-dog-0004__brics-odroid-012_cam1__000005,p44-dog-0004,brics-odroid-012_cam1,5,ok,1,1280,720,5000.0,experiments/runs/CAM-EXP-002_camera_focal_sensitivity/cache/hand_inference/p44-dog-0004__brics-odroid-012_cam1__000005.npz
p44-dog-0004__brics-odroid-012_cam1__000017,p44-dog-0004,brics-odroid-012_cam1,17,ok,2,1280,720,5000.0,experiments/runs/CAM-EXP-002_camera_focal_sensitivity/cache/hand_inference/p44-dog-0004__brics-odroid-012_cam1__000017.npz
p44-dog-0004__brics-odroid-012_cam1__000018,p44-dog-0004,brics-odroid-012_cam1,18,ok,2,1280,720,5000.0,experiments/runs/CAM-EXP-002_camera_focal_sensitivity/cache/hand_inference/p44-dog-0004__brics-odroid-012_cam1__000018.npz
p44-dog-0004__brics-odroid-012_cam1__000020,p44-dog-0004,brics-odroid-012_cam1,20,ok,2,1280,720,5000.0,experiments/runs/CAM-EXP-002_camera_focal_sensitivity/cache/hand_inference/p44-dog-0004__brics-odroid-012_cam1__000020.npz
p44-dog-0004__brics-odroid-012_cam1__000021,p44-dog-0004,brics-odroid-012_cam1,21,ok,2,1280,720,5000.0,experiments/runs/CAM-EXP-002_camera_focal_sensitivity/cache/hand_inference/p44-dog-0004__brics-odroid-012_cam1__000021.npz
p44-dog-0004__brics-odroid-012_cam1__000024,p44-dog-0004,brics-odroid-012_cam1,24,ok,2,1280,720,5000.0,experiments/runs/CAM-EXP-002_camera_focal_sensitivity/cache/hand_inference/p44-dog-0004__brics-odroid-012_cam1__000024.npz
p44-dog-0004__brics-odroid-016_cam0__000000,p44-dog-0004,brics-odroid-016_cam0,0,ok,1,1280,720,5000.0,experiments/runs/CAM-EXP-002_camera_focal_sensitivity/cache/hand_inference/p44-dog-0004__brics-odroid-016_cam0__000000.npz
p44-dog-0004__brics-odroid-016_cam0__000005,p44-dog-0004,brics-odroid-016_cam0,5,ok,1,1280,720,5000.0,experiments/runs/CAM-EXP-002_camera_focal_sensitivity/cache/hand_inference/p44-dog-0004__brics-odroid-016_cam0__000005.npz
p44-dog-0004__brics-odroid-016_cam0__000014,p44-dog-0004,brics-odroid-016_cam0,14,ok,1,1280,720,5000.0,experiments/runs/CAM-EXP-002_camera_focal_sensitivity/cache/hand_inference/p44-dog-0004__brics-odroid-016_cam0__000014.npz
p44-dog-0004__brics-odroid-016_cam0__000017,p44-dog-0004,brics-odroid-016_cam0,17,ok,1,1280,720,5000.0,experiments/runs/CAM-EXP-002_camera_focal_sensitivity/cache/hand_inference/p44-dog-0004__brics-odroid-016_cam0__000017.npz
p44-dog-0004__brics-odroid-016_cam0__000019,p44-dog-0004,brics-odroid-016_cam0,19,ok,2,1280,720,5000.0,experiments/runs/CAM-EXP-002_camera_focal_sensitivity/cache/hand_inference/p44-dog-0004__brics-odroid-016_cam0__000019.npz
p44-dog-0004__brics-odroid-016_cam0__000020,p44-dog-0004,brics-odroid-016_cam0,20,ok,1,1280,720,5000.0,experiments/runs/CAM-EXP-002_camera_focal_sensitivity/cache/hand_inference/p44-dog-0004__brics-odroid-016_cam0__000020.npz
p44-dog-0004__brics-odroid-016_cam0__000022,p44-dog-0004,brics-odroid-016_cam0,22,ok,1,1280,720,5000.0,experiments/runs/CAM-EXP-002_camera_focal_sensitivity/cache/hand_inference/p44-dog-0004__brics-odroid-016_cam0__000022.npz
p44-dog-0004__brics-odroid-016_cam0__000027,p44-dog-0004,brics-odroid-016_cam0,27,ok,1,1280,720,5000.0,experiments/runs/CAM-EXP-002_camera_focal_sensitivity/cache/hand_inference/p44-dog-0004__brics-odroid-016_cam0__000027.npz
p44-dog-0004__brics-odroid-016_cam0__000028,p44-dog-0004,brics-odroid-016_cam0,28,ok,1,1280,720,5000.0,experiments/runs/CAM-EXP-002_camera_focal_sensitivity/cache/hand_inference/p44-dog-0004__brics-odroid-016_cam0__000028.npz
p44-dog-0004__brics-odroid-016_cam0__000029,p44-dog-0004,brics-odroid-016_cam0,29,ok,1,1280,720,5000.0,experiments/runs/CAM-EXP-002_camera_focal_sensitivity/cache/hand_inference/p44-dog-0004__brics-odroid-016_cam0__000029.npz
p44-dog-0004__brics-odroid-017_cam0__000005,p44-dog-0004,brics-odroid-017_cam0,5,ok,1,1280,720,5000.0,experiments/runs/CAM-EXP-002_camera_focal_sensitivity/cache/hand_inference/p44-dog-0004__brics-odroid-017_cam0__000005.npz
p44-dog-0004__brics-odroid-017_cam0__000019,p44-dog-0004,brics-odroid-017_cam0,19,ok,1,1280,720,5000.0,experiments/runs/CAM-EXP-002_camera_focal_sensitivity/cache/hand_inference/p44-dog-0004__brics-odroid-017_cam0__000019.npz
p44-dog-0004__brics-odroid-017_cam0__000028,p44-dog-0004,brics-odroid-017_cam0,28,ok,1,1280,720,5000.0,experiments/runs/CAM-EXP-002_camera_focal_sensitivity/cache/hand_inference/p44-dog-0004__brics-odroid-017_cam0__000028.npz
p44-dog-0004__brics-odroid-017_cam0__000029,p44-dog-0004,brics-odroid-017_cam0,29,ok,1,1280,720,5000.0,experiments/runs/CAM-EXP-002_camera_focal_sensitivity/cache/hand_inference/p44-dog-0004__brics-odroid-017_cam0__000029.npz
p44-dog-0004__brics-odroid-017_cam0__000034,p44-dog-0004,brics-odroid-017_cam0,34,ok,1,1280,720,5000.0,experiments/runs/CAM-EXP-002_camera_focal_sensitivity/cache/hand_inference/p44-dog-0004__brics-odroid-017_cam0__000034.npz
p44-dog-0004__brics-odroid-017_cam0__000037,p44-dog-0004,brics-odroid-017_cam0,37,ok,1,1280,720,5000.0,experiments/runs/CAM-EXP-002_camera_focal_sensitivity/cache/hand_inference/p44-dog-0004__brics-odroid-017_cam0__000037.npz
p44-dog-0004__brics-odroid-017_cam0__000038,p44-dog-0004,brics-odroid-017_cam0,38,ok,1,1280,720,5000.0,experiments/runs/CAM-EXP-002_camera_focal_sensitivity/cache/hand_inference/p44-dog-0004__brics-odroid-017_cam0__000038.npz
p44-dog-0004__brics-odroid-017_cam0__000039,p44-dog-0004,brics-odroid-017_cam0,39,ok,1,1280,720,5000.0,experiments/runs/CAM-EXP-002_camera_focal_sensitivity/cache/hand_inference/p44-dog-0004__brics-odroid-017_cam0__000039.npz
p44-dog-0004__brics-odroid-017_cam0__000055,p44-dog-0004,brics-odroid-017_cam0,55,ok,1,1280,720,5000.0,experiments/runs/CAM-EXP-002_camera_focal_sensitivity/cache/hand_inference/p44-dog-0004__brics-odroid-017_cam0__000055.npz
p44-dog-0004__brics-odroid-017_cam0__000057,p44-dog-0004,brics-odroid-017_cam0,57,ok,1,1280,720,5000.0,experiments/runs/CAM-EXP-002_camera_focal_sensitivity/cache/hand_inference/p44-dog-0004__brics-odroid-017_cam0__000057.npz
p44-dog-0004__brics-odroid-017_cam1__000126,p44-dog-0004,brics-odroid-017_cam1,126,ok,1,1280,720,5000.0,experiments/runs/CAM-EXP-002_camera_focal_sensitivity/cache/hand_inference/p44-dog-0004__brics-odroid-017_cam1__000126.npz
p44-dog-0004__brics-odroid-017_cam1__000127,p44-dog-0004,brics-odroid-017_cam1,127,ok,1,1280,720,5000.0,experiments/runs/CAM-EXP-002_camera_focal_sensitivity/cache/hand_inference/p44-dog-0004__brics-odroid-017_cam1__000127.npz
p44-dog-0004__brics-odroid-017_cam1__000128,p44-dog-0004,brics-odroid-017_cam1,128,ok,2,1280,720,5000.0,experiments/runs/CAM-EXP-002_camera_focal_sensitivity/cache/hand_inference/p44-dog-0004__brics-odroid-017_cam1__000128.npz
p44-dog-0004__brics-odroid-017_cam1__000129,p44-dog-0004,brics-odroid-017_cam1,129,ok,2,1280,720,5000.0,experiments/runs/CAM-EXP-002_camera_focal_sensitivity/cache/hand_inference/p44-dog-0004__brics-odroid-017_cam1__000129.npz
p44-dog-0004__brics-odroid-017_cam1__000130,p44-dog-0004,brics-odroid-017_cam1,130,ok,2,1280,720,5000.0,experiments/runs/CAM-EXP-002_camera_focal_sensitivity/cache/hand_inference/p44-dog-0004__brics-odroid-017_cam1__000130.npz
p44-dog-0004__brics-odroid-017_cam1__000132,p44-dog-0004,brics-odroid-017_cam1,132,ok,2,1280,720,5000.0,experiments/runs/CAM-EXP-002_camera_focal_sensitivity/cache/hand_inference/p44-dog-0004__brics-odroid-017_cam1__000132.npz
p44-dog-0004__brics-odroid-017_cam1__000133,p44-dog-0004,brics-odroid-017_cam1,133,ok,2,1280,720,5000.0,experiments/runs/CAM-EXP-002_camera_focal_sensitivity/cache/hand_inference/p44-dog-0004__brics-odroid-017_cam1__000133.npz
p44-dog-0004__brics-odroid-017_cam1__000134,p44-dog-0004,brics-odroid-017_cam1,134,ok,2,1280,720,5000.0,experiments/runs/CAM-EXP-002_camera_focal_sensitivity/cache/hand_inference/p44-dog-0004__brics-odroid-017_cam1__000134.npz
p44-dog-0004__brics-odroid-017_cam1__000135,p44-dog-0004,brics-odroid-017_cam1,135,ok,2,1280,720,5000.0,experiments/runs/CAM-EXP-002_camera_focal_sensitivity/cache/hand_inference/p44-dog-0004__brics-odroid-017_cam1__000135.npz
p44-dog-0004__brics-odroid-019_cam1__000325,p44-dog-0004,brics-odroid-019_cam1,325,ok,2,1280,720,5000.0,experiments/runs/CAM-EXP-002_camera_focal_sensitivity/cache/hand_inference/p44-dog-0004__brics-odroid-019_cam1__000325.npz
p44-dog-0004__brics-odroid-020_cam0__000321,p44-dog-0004,brics-odroid-020_cam0,321,ok,2,1280,720,5000.0,experiments/runs/CAM-EXP-002_camera_focal_sensitivity/cache/hand_inference/p44-dog-0004__brics-odroid-020_cam0__000321.npz
p44-dog-0004__brics-odroid-020_cam0__000322,p44-dog-0004,brics-odroid-020_cam0,322,ok,2,1280,720,5000.0,experiments/runs/CAM-EXP-002_camera_focal_sensitivity/cache/hand_inference/p44-dog-0004__brics-odroid-020_cam0__000322.npz
p44-dog-0004__brics-odroid-020_cam0__000323,p44-dog-0004,brics-odroid-020_cam0,323,ok,2,1280,720,5000.0,experiments/runs/CAM-EXP-002_camera_focal_sensitivity/cache/hand_inference/p44-dog-0004__brics-odroid-020_cam0__000323.npz
p44-dog-0004__brics-odroid-020_cam0__000324,p44-dog-0004,brics-odroid-020_cam0,324,ok,2,1280,720,5000.0,experiments/runs/CAM-EXP-002_camera_focal_sensitivity/cache/hand_inference/p44-dog-0004__brics-odroid-020_cam0__000324.npz
p44-dog-0004__brics-odroid-020_cam0__000325,p44-dog-0004,brics-odroid-020_cam0,325,ok,2,1280,720,5000.0,experiments/runs/CAM-EXP-002_camera_focal_sensitivity/cache/hand_inference/p44-dog-0004__brics-odroid-020_cam0__000325.npz
p44-dog-0004__brics-odroid-020_cam0__000326,p44-dog-0004,brics-odroid-020_cam0,326,ok,2,1280,720,5000.0,experiments/runs/CAM-EXP-002_camera_focal_sensitivity/cache/hand_inference/p44-dog-0004__brics-odroid-020_cam0__000326.npz
p44-dog-0004__brics-odroid-020_cam0__000327,p44-dog-0004,brics-odroid-020_cam0,327,ok,2,1280,720,5000.0,experiments/runs/CAM-EXP-002_camera_focal_sensitivity/cache/hand_inference/p44-dog-0004__brics-odroid-020_cam0__000327.npz
p44-dog-0004__brics-odroid-020_cam0__000328,p44-dog-0004,brics-odroid-020_cam0,328,ok,2,1280,720,5000.0,experiments/runs/CAM-EXP-002_camera_focal_sensitivity/cache/hand_inference/p44-dog-0004__brics-odroid-020_cam0__000328.npz
p44-dog-0004__brics-odroid-020_cam0__000329,p44-dog-0004,brics-odroid-020_cam0,329,ok,2,1280,720,5000.0,experiments/runs/CAM-EXP-002_camera_focal_sensitivity/cache/hand_inference/p44-dog-0004__brics-odroid-020_cam0__000329.npz
p44-dog-0004__brics-odroid-020_cam0__000330,p44-dog-0004,brics-odroid-020_cam0,330,ok,2,1280,720,5000.0,experiments/runs/CAM-EXP-002_camera_focal_sensitivity/cache/hand_inference/p44-dog-0004__brics-odroid-020_cam0__000330.npz
p44-dog-0004__brics-odroid-020_cam1__000131,p44-dog-0004,brics-odroid-020_cam1,131,ok,2,1280,720,5000.0,experiments/runs/CAM-EXP-002_camera_focal_sensitivity/cache/hand_inference/p44-dog-0004__brics-odroid-020_cam1__000131.npz
p44-dog-0004__brics-odroid-020_cam1__000132,p44-dog-0004,brics-odroid-020_cam1,132,ok,2,1280,720,5000.0,experiments/runs/CAM-EXP-002_camera_focal_sensitivity/cache/hand_inference/p44-dog-0004__brics-odroid-020_cam1__000132.npz
p44-dog-0004__brics-odroid-020_cam1__000133,p44-dog-0004,brics-odroid-020_cam1,133,ok,2,1280,720,5000.0,experiments/runs/CAM-EXP-002_camera_focal_sensitivity/cache/hand_inference/p44-dog-0004__brics-odroid-020_cam1__000133.npz
p44-dog-0004__brics-odroid-020_cam1__000134,p44-dog-0004,brics-odroid-020_cam1,134,ok,2,1280,720,5000.0,experiments/runs/CAM-EXP-002_camera_focal_sensitivity/cache/hand_inference/p44-dog-0004__brics-odroid-020_cam1__000134.npz
p44-dog-0004__brics-odroid-020_cam1__000135,p44-dog-0004,brics-odroid-020_cam1,135,ok,2,1280,720,5000.0,experiments/runs/CAM-EXP-002_camera_focal_sensitivity/cache/hand_inference/p44-dog-0004__brics-odroid-020_cam1__000135.npz
p44-dog-0004__brics-odroid-020_cam1__000136,p44-dog-0004,brics-odroid-020_cam1,136,ok,2,1280,720,5000.0,experiments/runs/CAM-EXP-002_camera_focal_sensitivity/cache/hand_inference/p44-dog-0004__brics-odroid-020_cam1__000136.npz
p44-dog-0004__brics-odroid-020_cam1__000137,p44-dog-0004,brics-odroid-020_cam1,137,ok,2,1280,720,5000.0,experiments/runs/CAM-EXP-002_camera_focal_sensitivity/cache/hand_inference/p44-dog-0004__brics-odroid-020_cam1__000137.npz
p44-dog-0004__brics-odroid-020_cam1__000138,p44-dog-0004,brics-odroid-020_cam1,138,ok,2,1280,720,5000.0,experiments/runs/CAM-EXP-002_camera_focal_sensitivity/cache/hand_inference/p44-dog-0004__brics-odroid-020_cam1__000138.npz
p44-dog-0004__brics-odroid-020_cam1__000146,p44-dog-0004,brics-odroid-020_cam1,146,ok,2,1280,720,5000.0,experiments/runs/CAM-EXP-002_camera_focal_sensitivity/cache/hand_inference/p44-dog-0004__brics-odroid-020_cam1__000146.npz
p44-dog-0004__brics-odroid-020_cam1__000148,p44-dog-0004,brics-odroid-020_cam1,148,ok,2,1280,720,5000.0,experiments/runs/CAM-EXP-002_camera_focal_sensitivity/cache/hand_inference/p44-dog-0004__brics-odroid-020_cam1__000148.npz
p44-dog-0004__brics-odroid-021_cam0__000000,p44-dog-0004,brics-odroid-021_cam0,0,ok,2,1280,720,5000.0,experiments/runs/CAM-EXP-002_camera_focal_sensitivity/cache/hand_inference/p44-dog-0004__brics-odroid-021_cam0__000000.npz
p44-dog-0004__brics-odroid-021_cam0__000004,p44-dog-0004,brics-odroid-021_cam0,4,ok,2,1280,720,5000.0,experiments/runs/CAM-EXP-002_camera_focal_sensitivity/cache/hand_inference/p44-dog-0004__brics-odroid-021_cam0__000004.npz
p44-dog-0004__brics-odroid-021_cam0__000005,p44-dog-0004,brics-odroid-021_cam0,5,ok,2,1280,720,5000.0,experiments/runs/CAM-EXP-002_camera_focal_sensitivity/cache/hand_inference/p44-dog-0004__brics-odroid-021_cam0__000005.npz
p44-dog-0004__brics-odroid-021_cam0__000006,p44-dog-0004,brics-odroid-021_cam0,6,ok,2,1280,720,5000.0,experiments/runs/CAM-EXP-002_camera_focal_sensitivity/cache/hand_inference/p44-dog-0004__brics-odroid-021_cam0__000006.npz
p44-dog-0004__brics-odroid-021_cam0__000007,p44-dog-0004,brics-odroid-021_cam0,7,ok,2,1280,720,5000.0,experiments/runs/CAM-EXP-002_camera_focal_sensitivity/cache/hand_inference/p44-dog-0004__brics-odroid-021_cam0__000007.npz
p44-dog-0004__brics-odroid-021_cam0__000017,p44-dog-0004,brics-odroid-021_cam0,17,ok,2,1280,720,5000.0,experiments/runs/CAM-EXP-002_camera_focal_sensitivity/cache/hand_inference/p44-dog-0004__brics-odroid-021_cam0__000017.npz
p44-dog-0004__brics-odroid-021_cam0__000019,p44-dog-0004,brics-odroid-021_cam0,19,ok,2,1280,720,5000.0,experiments/runs/CAM-EXP-002_camera_focal_sensitivity/cache/hand_inference/p44-dog-0004__brics-odroid-021_cam0__000019.npz
p44-dog-0004__brics-odroid-021_cam0__000020,p44-dog-0004,brics-odroid-021_cam0,20,ok,2,1280,720,5000.0,experiments/runs/CAM-EXP-002_camera_focal_sensitivity/cache/hand_inference/p44-dog-0004__brics-odroid-021_cam0__000020.npz
p44-dog-0004__brics-odroid-021_cam0__000021,p44-dog-0004,brics-odroid-021_cam0,21,ok,2,1280,720,5000.0,experiments/runs/CAM-EXP-002_camera_focal_sensitivity/cache/hand_inference/p44-dog-0004__brics-odroid-021_cam0__000021.npz
p44-dog-0004__brics-odroid-021_cam1__000000,p44-dog-0004,brics-odroid-021_cam1,0,ok,2,1280,720,5000.0,experiments/runs/CAM-EXP-002_camera_focal_sensitivity/cache/hand_inference/p44-dog-0004__brics-odroid-021_cam1__000000.npz
p44-dog-0004__brics-odroid-021_cam1__000005,p44-dog-0004,brics-odroid-021_cam1,5,ok,2,1280,720,5000.0,experiments/runs/CAM-EXP-002_camera_focal_sensitivity/cache/hand_inference/p44-dog-0004__brics-odroid-021_cam1__000005.npz
p44-dog-0004__brics-odroid-021_cam1__000014,p44-dog-0004,brics-odroid-021_cam1,14,ok,2,1280,720,5000.0,experiments/runs/CAM-EXP-002_camera_focal_sensitivity/cache/hand_inference/p44-dog-0004__brics-odroid-021_cam1__000014.npz
p44-dog-0004__brics-odroid-021_cam1__000017,p44-dog-0004,brics-odroid-021_cam1,17,ok,2,1280,720,5000.0,experiments/runs/CAM-EXP-002_camera_focal_sensitivity/cache/hand_inference/p44-dog-0004__brics-odroid-021_cam1__000017.npz
p44-dog-0004__brics-odroid-021_cam1__000018,p44-dog-0004,brics-odroid-021_cam1,18,ok,2,1280,720,5000.0,experiments/runs/CAM-EXP-002_camera_focal_sensitivity/cache/hand_inference/p44-dog-0004__brics-odroid-021_cam1__000018.npz
p44-dog-0004__brics-odroid-021_cam1__000019,p44-dog-0004,brics-odroid-021_cam1,19,ok,2,1280,720,5000.0,experiments/runs/CAM-EXP-002_camera_focal_sensitivity/cache/hand_inference/p44-dog-0004__brics-odroid-021_cam1__000019.npz
p44-dog-0004__brics-odroid-021_cam1__000020,p44-dog-0004,brics-odroid-021_cam1,20,ok,2,1280,720,5000.0,experiments/runs/CAM-EXP-002_camera_focal_sensitivity/cache/hand_inference/p44-dog-0004__brics-odroid-021_cam1__000020.npz
p44-dog-0004__brics-odroid-021_cam1__000021,p44-dog-0004,brics-odroid-021_cam1,21,ok,2,1280,720,5000.0,experiments/runs/CAM-EXP-002_camera_focal_sensitivity/cache/hand_inference/p44-dog-0004__brics-odroid-021_cam1__000021.npz
p44-dog-0004__brics-odroid-021_cam1__000024,p44-dog-0004,brics-odroid-021_cam1,24,ok,2,1280,720,5000.0,experiments/runs/CAM-EXP-002_camera_focal_sensitivity/cache/hand_inference/p44-dog-0004__brics-odroid-021_cam1__000024.npz
p44-dog-0004__brics-odroid-021_cam1__000025,p44-dog-0004,brics-odroid-021_cam1,25,ok,2,1280,720,5000.0,experiments/runs/CAM-EXP-002_camera_focal_sensitivity/cache/hand_inference/p44-dog-0004__brics-odroid-021_cam1__000025.npz
p44-dog-0004__brics-odroid-022_cam0__000130,p44-dog-0004,brics-odroid-022_cam0,130,ok,1,1280,720,5000.0,experiments/runs/CAM-EXP-002_camera_focal_sensitivity/cache/hand_inference/p44-dog-0004__brics-odroid-022_cam0__000130.npz
p44-dog-0004__brics-odroid-022_cam0__000150,p44-dog-0004,brics-odroid-022_cam0,150,ok,2,1280,720,5000.0,experiments/runs/CAM-EXP-002_camera_focal_sensitivity/cache/hand_inference/p44-dog-0004__brics-odroid-022_cam0__000150.npz
p44-dog-0004__brics-odroid-022_cam0__000151,p44-dog-0004,brics-odroid-022_cam0,151,ok,1,1280,720,5000.0,experiments/runs/CAM-EXP-002_camera_focal_sensitivity/cache/hand_inference/p44-dog-0004__brics-odroid-022_cam0__000151.npz
p44-dog-0004__brics-odroid-022_cam0__000163,p44-dog-0004,brics-odroid-022_cam0,163,ok,2,1280,720,5000.0,experiments/runs/CAM-EXP-002_camera_focal_sensitivity/cache/hand_inference/p44-dog-0004__brics-odroid-022_cam0__000163.npz
p44-dog-0004__brics-odroid-022_cam1__000004,p44-dog-0004,brics-odroid-022_cam1,4,ok,1,1280,720,5000.0,experiments/runs/CAM-EXP-002_camera_focal_sensitivity/cache/hand_inference/p44-dog-0004__brics-odroid-022_cam1__000004.npz
p44-dog-0004__brics-odroid-022_cam1__000005,p44-dog-0004,brics-odroid-022_cam1,5,ok,1,1280,720,5000.0,experiments/runs/CAM-EXP-002_camera_focal_sensitivity/cache/hand_inference/p44-dog-0004__brics-odroid-022_cam1__000005.npz
p44-dog-0004__brics-odroid-022_cam1__000006,p44-dog-0004,brics-odroid-022_cam1,6,ok,1,1280,720,5000.0,experiments/runs/CAM-EXP-002_camera_focal_sensitivity/cache/hand_inference/p44-dog-0004__brics-odroid-022_cam1__000006.npz
p44-dog-0004__brics-odroid-022_cam1__000017,p44-dog-0004,brics-odroid-022_cam1,17,ok,1,1280,720,5000.0,experiments/runs/CAM-EXP-002_camera_focal_sensitivity/cache/hand_inference/p44-dog-0004__brics-odroid-022_cam1__000017.npz
p44-dog-0004__brics-odroid-022_cam1__000018,p44-dog-0004,brics-odroid-022_cam1,18,ok,1,1280,720,5000.0,experiments/runs/CAM-EXP-002_camera_focal_sensitivity/cache/hand_inference/p44-dog-0004__brics-odroid-022_cam1__000018.npz
p44-dog-0004__brics-odroid-022_cam1__000019,p44-dog-0004,brics-odroid-022_cam1,19,ok,2,1280,720,5000.0,experiments/runs/CAM-EXP-002_camera_focal_sensitivity/cache/hand_inference/p44-dog-0004__brics-odroid-022_cam1__000019.npz
p44-dog-0004__brics-odroid-022_cam1__000020,p44-dog-0004,brics-odroid-022_cam1,20,ok,2,1280,720,5000.0,experiments/runs/CAM-EXP-002_camera_focal_sensitivity/cache/hand_inference/p44-dog-0004__brics-odroid-022_cam1__000020.npz
p44-dog-0004__brics-odroid-022_cam1__000021,p44-dog-0004,brics-odroid-022_cam1,21,ok,2,1280,720,5000.0,experiments/runs/CAM-EXP-002_camera_focal_sensitivity/cache/hand_inference/p44-dog-0004__brics-odroid-022_cam1__000021.npz
p44-dog-0004__brics-odroid-022_cam1__000034,p44-dog-0004,brics-odroid-022_cam1,34,ok,1,1280,720,5000.0,experiments/runs/CAM-EXP-002_camera_focal_sensitivity/cache/hand_inference/p44-dog-0004__brics-odroid-022_cam1__000034.npz
p44-dog-0004__brics-odroid-022_cam1__000035,p44-dog-0004,brics-odroid-022_cam1,35,ok,1,1280,720,5000.0,experiments/runs/CAM-EXP-002_camera_focal_sensitivity/cache/hand_inference/p44-dog-0004__brics-odroid-022_cam1__000035.npz
p44-dog-0004__brics-odroid-023_cam0__000324,p44-dog-0004,brics-odroid-023_cam0,324,ok,2,1280,720,5000.0,experiments/runs/CAM-EXP-002_camera_focal_sensitivity/cache/hand_inference/p44-dog-0004__brics-odroid-023_cam0__000324.npz
p44-dog-0004__brics-odroid-023_cam0__000325,p44-dog-0004,brics-odroid-023_cam0,325,ok,2,1280,720,5000.0,experiments/runs/CAM-EXP-002_camera_focal_sensitivity/cache/hand_inference/p44-dog-0004__brics-odroid-023_cam0__000325.npz
p44-dog-0004__brics-odroid-023_cam0__000326,p44-dog-0004,brics-odroid-023_cam0,326,ok,2,1280,720,5000.0,experiments/runs/CAM-EXP-002_camera_focal_sensitivity/cache/hand_inference/p44-dog-0004__brics-odroid-023_cam0__000326.npz
p44-dog-0004__brics-odroid-023_cam0__000327,p44-dog-0004,brics-odroid-023_cam0,327,ok,2,1280,720,5000.0,experiments/runs/CAM-EXP-002_camera_focal_sensitivity/cache/hand_inference/p44-dog-0004__brics-odroid-023_cam0__000327.npz
p44-dog-0004__brics-odroid-023_cam0__000328,p44-dog-0004,brics-odroid-023_cam0,328,ok,2,1280,720,5000.0,experiments/runs/CAM-EXP-002_camera_focal_sensitivity/cache/hand_inference/p44-dog-0004__brics-odroid-023_cam0__000328.npz
p44-dog-0004__brics-odroid-023_cam0__000329,p44-dog-0004,brics-odroid-023_cam0,329,ok,2,1280,720,5000.0,experiments/runs/CAM-EXP-002_camera_focal_sensitivity/cache/hand_inference/p44-dog-0004__brics-odroid-023_cam0__000329.npz
p44-dog-0004__brics-odroid-024_cam0__000000,p44-dog-0004,brics-odroid-024_cam0,0,ok,2,1280,720,5000.0,experiments/runs/CAM-EXP-002_camera_focal_sensitivity/cache/hand_inference/p44-dog-0004__brics-odroid-024_cam0__000000.npz
p44-dog-0004__brics-odroid-024_cam0__000005,p44-dog-0004,brics-odroid-024_cam0,5,ok,3,1280,720,5000.0,experiments/runs/CAM-EXP-002_camera_focal_sensitivity/cache/hand_inference/p44-dog-0004__brics-odroid-024_cam0__000005.npz
p44-dog-0004__brics-odroid-024_cam0__000006,p44-dog-0004,brics-odroid-024_cam0,6,ok,3,1280,720,5000.0,experiments/runs/CAM-EXP-002_camera_focal_sensitivity/cache/hand_inference/p44-dog-0004__brics-odroid-024_cam0__000006.npz
p44-dog-0004__brics-odroid-024_cam0__000014,p44-dog-0004,brics-odroid-024_cam0,14,ok,2,1280,720,5000.0,experiments/runs/CAM-EXP-002_camera_focal_sensitivity/cache/hand_inference/p44-dog-0004__brics-odroid-024_cam0__000014.npz
p44-dog-0004__brics-odroid-024_cam0__000017,p44-dog-0004,brics-odroid-024_cam0,17,ok,1,1280,720,5000.0,experiments/runs/CAM-EXP-002_camera_focal_sensitivity/cache/hand_inference/p44-dog-0004__brics-odroid-024_cam0__000017.npz
p44-dog-0004__brics-odroid-024_cam0__000019,p44-dog-0004,brics-odroid-024_cam0,19,ok,2,1280,720,5000.0,experiments/runs/CAM-EXP-002_camera_focal_sensitivity/cache/hand_inference/p44-dog-0004__brics-odroid-024_cam0__000019.npz
p44-dog-0004__brics-odroid-024_cam0__000020,p44-dog-0004,brics-odroid-024_cam0,20,ok,2,1280,720,5000.0,experiments/runs/CAM-EXP-002_camera_focal_sensitivity/cache/hand_inference/p44-dog-0004__brics-odroid-024_cam0__000020.npz
p44-dog-0004__brics-odroid-024_cam0__000021,p44-dog-0004,brics-odroid-024_cam0,21,ok,1,1280,720,5000.0,experiments/runs/CAM-EXP-002_camera_focal_sensitivity/cache/hand_inference/p44-dog-0004__brics-odroid-024_cam0__000021.npz
p44-dog-0004__brics-odroid-024_cam0__000024,p44-dog-0004,brics-odroid-024_cam0,24,ok,3,1280,720,5000.0,experiments/runs/CAM-EXP-002_camera_focal_sensitivity/cache/hand_inference/p44-dog-0004__brics-odroid-024_cam0__000024.npz
p44-dog-0004__brics-odroid-024_cam1__000019,p44-dog-0004,brics-odroid-024_cam1,19,ok,1,1280,720,5000.0,experiments/runs/CAM-EXP-002_camera_focal_sensitivity/cache/hand_inference/p44-dog-0004__brics-odroid-024_cam1__000019.npz
p44-dog-0004__brics-odroid-024_cam1__000024,p44-dog-0004,brics-odroid-024_cam1,24,ok,1,1280,720,5000.0,experiments/runs/CAM-EXP-002_camera_focal_sensitivity/cache/hand_inference/p44-dog-0004__brics-odroid-024_cam1__000024.npz
p44-dog-0004__brics-odroid-024_cam1__000027,p44-dog-0004,brics-odroid-024_cam1,27,ok,1,1280,720,5000.0,experiments/runs/CAM-EXP-002_camera_focal_sensitivity/cache/hand_inference/p44-dog-0004__brics-odroid-024_cam1__000027.npz
p44-dog-0004__brics-odroid-024_cam1__000028,p44-dog-0004,brics-odroid-024_cam1,28,ok,1,1280,720,5000.0,experiments/runs/CAM-EXP-002_camera_focal_sensitivity/cache/hand_inference/p44-dog-0004__brics-odroid-024_cam1__000028.npz
p44-dog-0004__brics-odroid-024_cam1__000040,p44-dog-0004,brics-odroid-024_cam1,40,ok,1,1280,720,5000.0,experiments/runs/CAM-EXP-002_camera_focal_sensitivity/cache/hand_inference/p44-dog-0004__brics-odroid-024_cam1__000040.npz
p44-dog-0004__brics-odroid-024_cam1__000049,p44-dog-0004,brics-odroid-024_cam1,49,ok,1,1280,720,5000.0,experiments/runs/CAM-EXP-002_camera_focal_sensitivity/cache/hand_inference/p44-dog-0004__brics-odroid-024_cam1__000049.npz
p44-dog-0004__brics-odroid-024_cam1__000076,p44-dog-0004,brics-odroid-024_cam1,76,ok,1,1280,720,5000.0,experiments/runs/CAM-EXP-002_camera_focal_sensitivity/cache/hand_inference/p44-dog-0004__brics-odroid-024_cam1__000076.npz
p44-dog-0004__brics-odroid-024_cam1__000084,p44-dog-0004,brics-odroid-024_cam1,84,ok,1,1280,720,5000.0,experiments/runs/CAM-EXP-002_camera_focal_sensitivity/cache/hand_inference/p44-dog-0004__brics-odroid-024_cam1__000084.npz
p44-dog-0004__brics-odroid-024_cam1__000087,p44-dog-0004,brics-odroid-024_cam1,87,ok,1,1280,720,5000.0,experiments/runs/CAM-EXP-002_camera_focal_sensitivity/cache/hand_inference/p44-dog-0004__brics-odroid-024_cam1__000087.npz
p44-dog-0004__brics-odroid-025_cam0__000002,p44-dog-0004,brics-odroid-025_cam0,2,ok,2,1280,720,5000.0,experiments/runs/CAM-EXP-002_camera_focal_sensitivity/cache/hand_inference/p44-dog-0004__brics-odroid-025_cam0__000002.npz
p44-dog-0004__brics-odroid-025_cam0__000007,p44-dog-0004,brics-odroid-025_cam0,7,ok,2,1280,720,5000.0,experiments/runs/CAM-EXP-002_camera_focal_sensitivity/cache/hand_inference/p44-dog-0004__brics-odroid-025_cam0__000007.npz
p44-dog-0004__brics-odroid-025_cam0__000027,p44-dog-0004,brics-odroid-025_cam0,27,ok,2,1280,720,5000.0,experiments/runs/CAM-EXP-002_camera_focal_sensitivity/cache/hand_inference/p44-dog-0004__brics-odroid-025_cam0__000027.npz
p44-dog-0004__brics-odroid-025_cam0__000072,p44-dog-0004,brics-odroid-025_cam0,72,ok,2,1280,720,5000.0,experiments/runs/CAM-EXP-002_camera_focal_sensitivity/cache/hand_inference/p44-dog-0004__brics-odroid-025_cam0__000072.npz
p44-dog-0004__brics-odroid-025_cam0__000126,p44-dog-0004,brics-odroid-025_cam0,126,ok,2,1280,720,5000.0,experiments/runs/CAM-EXP-002_camera_focal_sensitivity/cache/hand_inference/p44-dog-0004__brics-odroid-025_cam0__000126.npz
p44-dog-0004__brics-odroid-025_cam0__000128,p44-dog-0004,brics-odroid-025_cam0,128,ok,2,1280,720,5000.0,experiments/runs/CAM-EXP-002_camera_focal_sensitivity/cache/hand_inference/p44-dog-0004__brics-odroid-025_cam0__000128.npz
p44-dog-0004__brics-odroid-025_cam0__000129,p44-dog-0004,brics-odroid-025_cam0,129,ok,2,1280,720,5000.0,experiments/runs/CAM-EXP-002_camera_focal_sensitivity/cache/hand_inference/p44-dog-0004__brics-odroid-025_cam0__000129.npz
p44-dog-0004__brics-odroid-025_cam0__000130,p44-dog-0004,brics-odroid-025_cam0,130,ok,2,1280,720,5000.0,experiments/runs/CAM-EXP-002_camera_focal_sensitivity/cache/hand_inference/p44-dog-0004__brics-odroid-025_cam0__000130.npz
p44-dog-0004__brics-odroid-025_cam0__000131,p44-dog-0004,brics-odroid-025_cam0,131,ok,2,1280,720,5000.0,experiments/runs/CAM-EXP-002_camera_focal_sensitivity/cache/hand_inference/p44-dog-0004__brics-odroid-025_cam0__000131.npz
p44-dog-0004__brics-odroid-025_cam1__000000,p44-dog-0004,brics-odroid-025_cam1,0,ok,2,1280,720,5000.0,experiments/runs/CAM-EXP-002_camera_focal_sensitivity/cache/hand_inference/p44-dog-0004__brics-odroid-025_cam1__000000.npz
p44-dog-0004__brics-odroid-025_cam1__000002,p44-dog-0004,brics-odroid-025_cam1,2,ok,2,1280,720,5000.0,experiments/runs/CAM-EXP-002_camera_focal_sensitivity/cache/hand_inference/p44-dog-0004__brics-odroid-025_cam1__000002.npz
p44-dog-0004__brics-odroid-025_cam1__000003,p44-dog-0004,brics-odroid-025_cam1,3,ok,2,1280,720,5000.0,experiments/runs/CAM-EXP-002_camera_focal_sensitivity/cache/hand_inference/p44-dog-0004__brics-odroid-025_cam1__000003.npz
p44-dog-0004__brics-odroid-025_cam1__000004,p44-dog-0004,brics-odroid-025_cam1,4,ok,2,1280,720,5000.0,experiments/runs/CAM-EXP-002_camera_focal_sensitivity/cache/hand_inference/p44-dog-0004__brics-odroid-025_cam1__000004.npz
p44-dog-0004__brics-odroid-025_cam1__000005,p44-dog-0004,brics-odroid-025_cam1,5,ok,2,1280,720,5000.0,experiments/runs/CAM-EXP-002_camera_focal_sensitivity/cache/hand_inference/p44-dog-0004__brics-odroid-025_cam1__000005.npz
p44-dog-0004__brics-odroid-025_cam1__000008,p44-dog-0004,brics-odroid-025_cam1,8,ok,1,1280,720,5000.0,experiments/runs/CAM-EXP-002_camera_focal_sensitivity/cache/hand_inference/p44-dog-0004__brics-odroid-025_cam1__000008.npz
p44-dog-0004__brics-odroid-025_cam1__000017,p44-dog-0004,brics-odroid-025_cam1,17,ok,2,1280,720,5000.0,experiments/runs/CAM-EXP-002_camera_focal_sensitivity/cache/hand_inference/p44-dog-0004__brics-odroid-025_cam1__000017.npz
p44-dog-0004__brics-odroid-025_cam1__000018,p44-dog-0004,brics-odroid-025_cam1,18,ok,2,1280,720,5000.0,experiments/runs/CAM-EXP-002_camera_focal_sensitivity/cache/hand_inference/p44-dog-0004__brics-odroid-025_cam1__000018.npz
p44-dog-0004__brics-odroid-025_cam1__000019,p44-dog-0004,brics-odroid-025_cam1,19,ok,2,1280,720,5000.0,experiments/runs/CAM-EXP-002_camera_focal_sensitivity/cache/hand_inference/p44-dog-0004__brics-odroid-025_cam1__000019.npz
p44-dog-0004__brics-odroid-026_cam1__000314,p44-dog-0004,brics-odroid-026_cam1,314,ok,2,1280,720,5000.0,experiments/runs/CAM-EXP-002_camera_focal_sensitivity/cache/hand_inference/p44-dog-0004__brics-odroid-026_cam1__000314.npz
p44-dog-0004__brics-odroid-026_cam1__000315,p44-dog-0004,brics-odroid-026_cam1,315,ok,2,1280,720,5000.0,experiments/runs/CAM-EXP-002_camera_focal_sensitivity/cache/hand_inference/p44-dog-0004__brics-odroid-026_cam1__000315.npz
p44-dog-0004__brics-odroid-026_cam1__000316,p44-dog-0004,brics-odroid-026_cam1,316,ok,1,1280,720,5000.0,experiments/runs/CAM-EXP-002_camera_focal_sensitivity/cache/hand_inference/p44-dog-0004__brics-odroid-026_cam1__000316.npz
p44-dog-0004__brics-odroid-026_cam1__000317,p44-dog-0004,brics-odroid-026_cam1,317,ok,1,1280,720,5000.0,experiments/runs/CAM-EXP-002_camera_focal_sensitivity/cache/hand_inference/p44-dog-0004__brics-odroid-026_cam1__000317.npz
p44-dog-0004__brics-odroid-026_cam1__000318,p44-dog-0004,brics-odroid-026_cam1,318,ok,1,1280,720,5000.0,experiments/runs/CAM-EXP-002_camera_focal_sensitivity/cache/hand_inference/p44-dog-0004__brics-odroid-026_cam1__000318.npz
p44-dog-0004__brics-odroid-026_cam1__000319,p44-dog-0004,brics-odroid-026_cam1,319,ok,1,1280,720,5000.0,experiments/runs/CAM-EXP-002_camera_focal_sensitivity/cache/hand_inference/p44-dog-0004__brics-odroid-026_cam1__000319.npz
p44-dog-0004__brics-odroid-026_cam1__000324,p44-dog-0004,brics-odroid-026_cam1,324,ok,1,1280,720,5000.0,experiments/runs/CAM-EXP-002_camera_focal_sensitivity/cache/hand_inference/p44-dog-0004__brics-odroid-026_cam1__000324.npz
p44-dog-0004__brics-odroid-026_cam1__000327,p44-dog-0004,brics-odroid-026_cam1,327,ok,2,1280,720,5000.0,experiments/runs/CAM-EXP-002_camera_focal_sensitivity/cache/hand_inference/p44-dog-0004__brics-odroid-026_cam1__000327.npz
p44-dog-0004__brics-odroid-026_cam1__000328,p44-dog-0004,brics-odroid-026_cam1,328,ok,1,1280,720,5000.0,experiments/runs/CAM-EXP-002_camera_focal_sensitivity/cache/hand_inference/p44-dog-0004__brics-odroid-026_cam1__000328.npz
p44-dog-0004__brics-odroid-029_cam1__000318,p44-dog-0004,brics-odroid-029_cam1,318,ok,2,1280,720,5000.0,experiments/runs/CAM-EXP-002_camera_focal_sensitivity/cache/hand_inference/p44-dog-0004__brics-odroid-029_cam1__000318.npz
p44-dog-0004__brics-odroid-029_cam1__000319,p44-dog-0004,brics-odroid-029_cam1,319,ok,2,1280,720,5000.0,experiments/runs/CAM-EXP-002_camera_focal_sensitivity/cache/hand_inference/p44-dog-0004__brics-odroid-029_cam1__000319.npz
p44-dog-0004__brics-odroid-029_cam1__000320,p44-dog-0004,brics-odroid-029_cam1,320,ok,2,1280,720,5000.0,experiments/runs/CAM-EXP-002_camera_focal_sensitivity/cache/hand_inference/p44-dog-0004__brics-odroid-029_cam1__000320.npz
p44-dog-0004__brics-odroid-029_cam1__000321,p44-dog-0004,brics-odroid-029_cam1,321,ok,2,1280,720,5000.0,experiments/runs/CAM-EXP-002_camera_focal_sensitivity/cache/hand_inference/p44-dog-0004__brics-odroid-029_cam1__000321.npz
p44-dog-0004__brics-odroid-029_cam1__000322,p44-dog-0004,brics-odroid-029_cam1,322,ok,2,1280,720,5000.0,experiments/runs/CAM-EXP-002_camera_focal_sensitivity/cache/hand_inference/p44-dog-0004__brics-odroid-029_cam1__000322.npz
p44-dog-0004__brics-odroid-029_cam1__000323,p44-dog-0004,brics-odroid-029_cam1,323,ok,2,1280,720,5000.0,experiments/runs/CAM-EXP-002_camera_focal_sensitivity/cache/hand_inference/p44-dog-0004__brics-odroid-029_cam1__000323.npz
p44-dog-0004__brics-odroid-030_cam0__000308,p44-dog-0004,brics-odroid-030_cam0,308,ok,2,1280,720,5000.0,experiments/runs/CAM-EXP-002_camera_focal_sensitivity/cache/hand_inference/p44-dog-0004__brics-odroid-030_cam0__000308.npz
p44-dog-0004__brics-odroid-030_cam0__000311,p44-dog-0004,brics-odroid-030_cam0,311,ok,2,1280,720,5000.0,experiments/runs/CAM-EXP-002_camera_focal_sensitivity/cache/hand_inference/p44-dog-0004__brics-odroid-030_cam0__000311.npz
p44-dog-0004__brics-odroid-030_cam0__000312,p44-dog-0004,brics-odroid-030_cam0,312,ok,2,1280,720,5000.0,experiments/runs/CAM-EXP-002_camera_focal_sensitivity/cache/hand_inference/p44-dog-0004__brics-odroid-030_cam0__000312.npz
p44-dog-0004__brics-odroid-030_cam0__000313,p44-dog-0004,brics-odroid-030_cam0,313,ok,2,1280,720,5000.0,experiments/runs/CAM-EXP-002_camera_focal_sensitivity/cache/hand_inference/p44-dog-0004__brics-odroid-030_cam0__000313.npz
p44-dog-0004__brics-odroid-030_cam0__000314,p44-dog-0004,brics-odroid-030_cam0,314,ok,2,1280,720,5000.0,experiments/runs/CAM-EXP-002_camera_focal_sensitivity/cache/hand_inference/p44-dog-0004__brics-odroid-030_cam0__000314.npz
p44-dog-0004__brics-odroid-030_cam0__000315,p44-dog-0004,brics-odroid-030_cam0,315,ok,2,1280,720,5000.0,experiments/runs/CAM-EXP-002_camera_focal_sensitivity/cache/hand_inference/p44-dog-0004__brics-odroid-030_cam0__000315.npz
p44-dog-0004__brics-odroid-030_cam0__000316,p44-dog-0004,brics-odroid-030_cam0,316,ok,2,1280,720,5000.0,experiments/runs/CAM-EXP-002_camera_focal_sensitivity/cache/hand_inference/p44-dog-0004__brics-odroid-030_cam0__000316.npz
p44-dog-0004__brics-odroid-030_cam0__000320,p44-dog-0004,brics-odroid-030_cam0,320,ok,2,1280,720,5000.0,experiments/runs/CAM-EXP-002_camera_focal_sensitivity/cache/hand_inference/p44-dog-0004__brics-odroid-030_cam0__000320.npz
p44-dog-0004__brics-odroid-030_cam0__000321,p44-dog-0004,brics-odroid-030_cam0,321,ok,2,1280,720,5000.0,experiments/runs/CAM-EXP-002_camera_focal_sensitivity/cache/hand_inference/p44-dog-0004__brics-odroid-030_cam0__000321.npz
p44-dog-0004__brics-odroid-030_cam0__000322,p44-dog-0004,brics-odroid-030_cam0,322,ok,2,1280,720,5000.0,experiments/runs/CAM-EXP-002_camera_focal_sensitivity/cache/hand_inference/p44-dog-0004__brics-odroid-030_cam0__000322.npz
p52-instrument-0034__brics-odroid-002_cam0__000000,p52-instrument-0034,brics-odroid-002_cam0,0,ok,2,1280,720,5000.0,experiments/runs/CAM-EXP-002_camera_focal_sensitivity/cache/hand_inference/p52-instrument-0034__brics-odroid-002_cam0__000000.npz
p52-instrument-0034__brics-odroid-002_cam0__000001,p52-instrument-0034,brics-odroid-002_cam0,1,ok,2,1280,720,5000.0,experiments/runs/CAM-EXP-002_camera_focal_sensitivity/cache/hand_inference/p52-instrument-0034__brics-odroid-002_cam0__000001.npz
p52-instrument-0034__brics-odroid-002_cam0__000002,p52-instrument-0034,brics-odroid-002_cam0,2,ok,2,1280,720,5000.0,experiments/runs/CAM-EXP-002_camera_focal_sensitivity/cache/hand_inference/p52-instrument-0034__brics-odroid-002_cam0__000002.npz
p52-instrument-0034__brics-odroid-002_cam0__000004,p52-instrument-0034,brics-odroid-002_cam0,4,ok,2,1280,720,5000.0,experiments/runs/CAM-EXP-002_camera_focal_sensitivity/cache/hand_inference/p52-instrument-0034__brics-odroid-002_cam0__000004.npz
p52-instrument-0034__brics-odroid-002_cam0__000005,p52-instrument-0034,brics-odroid-002_cam0,5,ok,2,1280,720,5000.0,experiments/runs/CAM-EXP-002_camera_focal_sensitivity/cache/hand_inference/p52-instrument-0034__brics-odroid-002_cam0__000005.npz
p52-instrument-0034__brics-odroid-002_cam0__000006,p52-instrument-0034,brics-odroid-002_cam0,6,ok,2,1280,720,5000.0,experiments/runs/CAM-EXP-002_camera_focal_sensitivity/cache/hand_inference/p52-instrument-0034__brics-odroid-002_cam0__000006.npz
p52-instrument-0034__brics-odroid-002_cam0__000010,p52-instrument-0034,brics-odroid-002_cam0,10,ok,2,1280,720,5000.0,experiments/runs/CAM-EXP-002_camera_focal_sensitivity/cache/hand_inference/p52-instrument-0034__brics-odroid-002_cam0__000010.npz
p52-instrument-0034__brics-odroid-002_cam0__000011,p52-instrument-0034,brics-odroid-002_cam0,11,ok,2,1280,720,5000.0,experiments/runs/CAM-EXP-002_camera_focal_sensitivity/cache/hand_inference/p52-instrument-0034__brics-odroid-002_cam0__000011.npz
p52-instrument-0034__brics-odroid-002_cam0__000013,p52-instrument-0034,brics-odroid-002_cam0,13,ok,2,1280,720,5000.0,experiments/runs/CAM-EXP-002_camera_focal_sensitivity/cache/hand_inference/p52-instrument-0034__brics-odroid-002_cam0__000013.npz
p52-instrument-0034__brics-odroid-002_cam0__000014,p52-instrument-0034,brics-odroid-002_cam0,14,ok,2,1280,720,5000.0,experiments/runs/CAM-EXP-002_camera_focal_sensitivity/cache/hand_inference/p52-instrument-0034__brics-odroid-002_cam0__000014.npz
p52-instrument-0034__brics-odroid-007_cam0__000000,p52-instrument-0034,brics-odroid-007_cam0,0,ok,2,1280,720,5000.0,experiments/runs/CAM-EXP-002_camera_focal_sensitivity/cache/hand_inference/p52-instrument-0034__brics-odroid-007_cam0__000000.npz
p52-instrument-0034__brics-odroid-007_cam0__000001,p52-instrument-0034,brics-odroid-007_cam0,1,ok,2,1280,720,5000.0,experiments/runs/CAM-EXP-002_camera_focal_sensitivity/cache/hand_inference/p52-instrument-0034__brics-odroid-007_cam0__000001.npz
p52-instrument-0034__brics-odroid-007_cam0__000002,p52-instrument-0034,brics-odroid-007_cam0,2,ok,2,1280,720,5000.0,experiments/runs/CAM-EXP-002_camera_focal_sensitivity/cache/hand_inference/p52-instrument-0034__brics-odroid-007_cam0__000002.npz
p52-instrument-0034__brics-odroid-007_cam0__000003,p52-instrument-0034,brics-odroid-007_cam0,3,ok,2,1280,720,5000.0,experiments/runs/CAM-EXP-002_camera_focal_sensitivity/cache/hand_inference/p52-instrument-0034__brics-odroid-007_cam0__000003.npz
p52-instrument-0034__brics-odroid-007_cam0__000004,p52-instrument-0034,brics-odroid-007_cam0,4,ok,2,1280,720,5000.0,experiments/runs/CAM-EXP-002_camera_focal_sensitivity/cache/hand_inference/p52-instrument-0034__brics-odroid-007_cam0__000004.npz
p52-instrument-0034__brics-odroid-007_cam0__000005,p52-instrument-0034,brics-odroid-007_cam0,5,ok,2,1280,720,5000.0,experiments/runs/CAM-EXP-002_camera_focal_sensitivity/cache/hand_inference/p52-instrument-0034__brics-odroid-007_cam0__000005.npz
p52-instrument-0034__brics-odroid-007_cam0__000006,p52-instrument-0034,brics-odroid-007_cam0,6,ok,2,1280,720,5000.0,experiments/runs/CAM-EXP-002_camera_focal_sensitivity/cache/hand_inference/p52-instrument-0034__brics-odroid-007_cam0__000006.npz
p52-instrument-0034__brics-odroid-007_cam0__000007,p52-instrument-0034,brics-odroid-007_cam0,7,ok,2,1280,720,5000.0,experiments/runs/CAM-EXP-002_camera_focal_sensitivity/cache/hand_inference/p52-instrument-0034__brics-odroid-007_cam0__000007.npz
p52-instrument-0034__brics-odroid-007_cam0__000008,p52-instrument-0034,brics-odroid-007_cam0,8,ok,2,1280,720,5000.0,experiments/runs/CAM-EXP-002_camera_focal_sensitivity/cache/hand_inference/p52-instrument-0034__brics-odroid-007_cam0__000008.npz
p52-instrument-0034__brics-odroid-007_cam1__000000,p52-instrument-0034,brics-odroid-007_cam1,0,ok,2,1280,720,5000.0,experiments/runs/CAM-EXP-002_camera_focal_sensitivity/cache/hand_inference/p52-instrument-0034__brics-odroid-007_cam1__000000.npz
p52-instrument-0034__brics-odroid-007_cam1__000001,p52-instrument-0034,brics-odroid-007_cam1,1,ok,2,1280,720,5000.0,experiments/runs/CAM-EXP-002_camera_focal_sensitivity/cache/hand_inference/p52-instrument-0034__brics-odroid-007_cam1__000001.npz
p52-instrument-0034__brics-odroid-007_cam1__000002,p52-instrument-0034,brics-odroid-007_cam1,2,ok,2,1280,720,5000.0,experiments/runs/CAM-EXP-002_camera_focal_sensitivity/cache/hand_inference/p52-instrument-0034__brics-odroid-007_cam1__000002.npz
p52-instrument-0034__brics-odroid-007_cam1__000003,p52-instrument-0034,brics-odroid-007_cam1,3,ok,2,1280,720,5000.0,experiments/runs/CAM-EXP-002_camera_focal_sensitivity/cache/hand_inference/p52-instrument-0034__brics-odroid-007_cam1__000003.npz
p52-instrument-0034__brics-odroid-007_cam1__000004,p52-instrument-0034,brics-odroid-007_cam1,4,ok,2,1280,720,5000.0,experiments/runs/CAM-EXP-002_camera_focal_sensitivity/cache/hand_inference/p52-instrument-0034__brics-odroid-007_cam1__000004.npz
p52-instrument-0034__brics-odroid-007_cam1__000005,p52-instrument-0034,brics-odroid-007_cam1,5,ok,2,1280,720,5000.0,experiments/runs/CAM-EXP-002_camera_focal_sensitivity/cache/hand_inference/p52-instrument-0034__brics-odroid-007_cam1__000005.npz
p52-instrument-0034__brics-odroid-007_cam1__000006,p52-instrument-0034,brics-odroid-007_cam1,6,ok,2,1280,720,5000.0,experiments/runs/CAM-EXP-002_camera_focal_sensitivity/cache/hand_inference/p52-instrument-0034__brics-odroid-007_cam1__000006.npz
p52-instrument-0034__brics-odroid-007_cam1__000007,p52-instrument-0034,brics-odroid-007_cam1,7,ok,2,1280,720,5000.0,experiments/runs/CAM-EXP-002_camera_focal_sensitivity/cache/hand_inference/p52-instrument-0034__brics-odroid-007_cam1__000007.npz
p52-instrument-0034__brics-odroid-007_cam1__000008,p52-instrument-0034,brics-odroid-007_cam1,8,ok,2,1280,720,5000.0,experiments/runs/CAM-EXP-002_camera_focal_sensitivity/cache/hand_inference/p52-instrument-0034__brics-odroid-007_cam1__000008.npz
p52-instrument-0034__brics-odroid-007_cam1__000009,p52-instrument-0034,brics-odroid-007_cam1,9,ok,2,1280,720,5000.0,experiments/runs/CAM-EXP-002_camera_focal_sensitivity/cache/hand_inference/p52-instrument-0034__brics-odroid-007_cam1__000009.npz
p52-instrument-0034__brics-odroid-012_cam1__000000,p52-instrument-0034,brics-odroid-012_cam1,0,ok,2,1280,720,5000.0,experiments/runs/CAM-EXP-002_camera_focal_sensitivity/cache/hand_inference/p52-instrument-0034__brics-odroid-012_cam1__000000.npz
p52-instrument-0034__brics-odroid-012_cam1__000001,p52-instrument-0034,brics-odroid-012_cam1,1,ok,2,1280,720,5000.0,experiments/runs/CAM-EXP-002_camera_focal_sensitivity/cache/hand_inference/p52-instrument-0034__brics-odroid-012_cam1__000001.npz
p52-instrument-0034__brics-odroid-012_cam1__000002,p52-instrument-0034,brics-odroid-012_cam1,2,ok,2,1280,720,5000.0,experiments/runs/CAM-EXP-002_camera_focal_sensitivity/cache/hand_inference/p52-instrument-0034__brics-odroid-012_cam1__000002.npz
p52-instrument-0034__brics-odroid-012_cam1__000003,p52-instrument-0034,brics-odroid-012_cam1,3,ok,2,1280,720,5000.0,experiments/runs/CAM-EXP-002_camera_focal_sensitivity/cache/hand_inference/p52-instrument-0034__brics-odroid-012_cam1__000003.npz
p52-instrument-0034__brics-odroid-012_cam1__000004,p52-instrument-0034,brics-odroid-012_cam1,4,ok,2,1280,720,5000.0,experiments/runs/CAM-EXP-002_camera_focal_sensitivity/cache/hand_inference/p52-instrument-0034__brics-odroid-012_cam1__000004.npz
p52-instrument-0034__brics-odroid-012_cam1__000005,p52-instrument-0034,brics-odroid-012_cam1,5,ok,2,1280,720,5000.0,experiments/runs/CAM-EXP-002_camera_focal_sensitivity/cache/hand_inference/p52-instrument-0034__brics-odroid-012_cam1__000005.npz
p52-instrument-0034__brics-odroid-012_cam1__000006,p52-instrument-0034,brics-odroid-012_cam1,6,ok,2,1280,720,5000.0,experiments/runs/CAM-EXP-002_camera_focal_sensitivity/cache/hand_inference/p52-instrument-0034__brics-odroid-012_cam1__000006.npz
p52-instrument-0034__brics-odroid-012_cam1__000007,p52-instrument-0034,brics-odroid-012_cam1,7,ok,2,1280,720,5000.0,experiments/runs/CAM-EXP-002_camera_focal_sensitivity/cache/hand_inference/p52-instrument-0034__brics-odroid-012_cam1__000007.npz
p52-instrument-0034__brics-odroid-012_cam1__000008,p52-instrument-0034,brics-odroid-012_cam1,8,ok,2,1280,720,5000.0,experiments/runs/CAM-EXP-002_camera_focal_sensitivity/cache/hand_inference/p52-instrument-0034__brics-odroid-012_cam1__000008.npz
p52-instrument-0034__brics-odroid-015_cam1__000000,p52-instrument-0034,brics-odroid-015_cam1,0,ok,2,1280,720,5000.0,experiments/runs/CAM-EXP-002_camera_focal_sensitivity/cache/hand_inference/p52-instrument-0034__brics-odroid-015_cam1__000000.npz
p52-instrument-0034__brics-odroid-015_cam1__000001,p52-instrument-0034,brics-odroid-015_cam1,1,ok,2,1280,720,5000.0,experiments/runs/CAM-EXP-002_camera_focal_sensitivity/cache/hand_inference/p52-instrument-0034__brics-odroid-015_cam1__000001.npz
p52-instrument-0034__brics-odroid-015_cam1__000002,p52-instrument-0034,brics-odroid-015_cam1,2,ok,2,1280,720,5000.0,experiments/runs/CAM-EXP-002_camera_focal_sensitivity/cache/hand_inference/p52-instrument-0034__brics-odroid-015_cam1__000002.npz
p52-instrument-0034__brics-odroid-015_cam1__000003,p52-instrument-0034,brics-odroid-015_cam1,3,ok,2,1280,720,5000.0,experiments/runs/CAM-EXP-002_camera_focal_sensitivity/cache/hand_inference/p52-instrument-0034__brics-odroid-015_cam1__000003.npz
p52-instrument-0034__brics-odroid-015_cam1__000004,p52-instrument-0034,brics-odroid-015_cam1,4,ok,2,1280,720,5000.0,experiments/runs/CAM-EXP-002_camera_focal_sensitivity/cache/hand_inference/p52-instrument-0034__brics-odroid-015_cam1__000004.npz
p52-instrument-0034__brics-odroid-015_cam1__000005,p52-instrument-0034,brics-odroid-015_cam1,5,ok,2,1280,720,5000.0,experiments/runs/CAM-EXP-002_camera_focal_sensitivity/cache/hand_inference/p52-instrument-0034__brics-odroid-015_cam1__000005.npz
p52-instrument-0034__brics-odroid-015_cam1__000006,p52-instrument-0034,brics-odroid-015_cam1,6,ok,2,1280,720,5000.0,experiments/runs/CAM-EXP-002_camera_focal_sensitivity/cache/hand_inference/p52-instrument-0034__brics-odroid-015_cam1__000006.npz
p52-instrument-0034__brics-odroid-015_cam1__000007,p52-instrument-0034,brics-odroid-015_cam1,7,ok,2,1280,720,5000.0,experiments/runs/CAM-EXP-002_camera_focal_sensitivity/cache/hand_inference/p52-instrument-0034__brics-odroid-015_cam1__000007.npz
p52-instrument-0034__brics-odroid-015_cam1__000008,p52-instrument-0034,brics-odroid-015_cam1,8,ok,2,1280,720,5000.0,experiments/runs/CAM-EXP-002_camera_focal_sensitivity/cache/hand_inference/p52-instrument-0034__brics-odroid-015_cam1__000008.npz
p52-instrument-0034__brics-odroid-015_cam1__000009,p52-instrument-0034,brics-odroid-015_cam1,9,ok,2,1280,720,5000.0,experiments/runs/CAM-EXP-002_camera_focal_sensitivity/cache/hand_inference/p52-instrument-0034__brics-odroid-015_cam1__000009.npz
p52-instrument-0034__brics-odroid-016_cam0__000000,p52-instrument-0034,brics-odroid-016_cam0,0,ok,2,1280,720,5000.0,experiments/runs/CAM-EXP-002_camera_focal_sensitivity/cache/hand_inference/p52-instrument-0034__brics-odroid-016_cam0__000000.npz
p52-instrument-0034__brics-odroid-016_cam0__000001,p52-instrument-0034,brics-odroid-016_cam0,1,ok,2,1280,720,5000.0,experiments/runs/CAM-EXP-002_camera_focal_sensitivity/cache/hand_inference/p52-instrument-0034__brics-odroid-016_cam0__000001.npz
p52-instrument-0034__brics-odroid-016_cam0__000002,p52-instrument-0034,brics-odroid-016_cam0,2,ok,2,1280,720,5000.0,experiments/runs/CAM-EXP-002_camera_focal_sensitivity/cache/hand_inference/p52-instrument-0034__brics-odroid-016_cam0__000002.npz
p52-instrument-0034__brics-odroid-016_cam0__000003,p52-instrument-0034,brics-odroid-016_cam0,3,ok,2,1280,720,5000.0,experiments/runs/CAM-EXP-002_camera_focal_sensitivity/cache/hand_inference/p52-instrument-0034__brics-odroid-016_cam0__000003.npz
p52-instrument-0034__brics-odroid-016_cam0__000004,p52-instrument-0034,brics-odroid-016_cam0,4,ok,2,1280,720,5000.0,experiments/runs/CAM-EXP-002_camera_focal_sensitivity/cache/hand_inference/p52-instrument-0034__brics-odroid-016_cam0__000004.npz
p52-instrument-0034__brics-odroid-016_cam0__000005,p52-instrument-0034,brics-odroid-016_cam0,5,ok,2,1280,720,5000.0,experiments/runs/CAM-EXP-002_camera_focal_sensitivity/cache/hand_inference/p52-instrument-0034__brics-odroid-016_cam0__000005.npz
p52-instrument-0034__brics-odroid-016_cam0__000006,p52-instrument-0034,brics-odroid-016_cam0,6,ok,2,1280,720,5000.0,experiments/runs/CAM-EXP-002_camera_focal_sensitivity/cache/hand_inference/p52-instrument-0034__brics-odroid-016_cam0__000006.npz
p52-instrument-0034__brics-odroid-016_cam0__000007,p52-instrument-0034,brics-odroid-016_cam0,7,ok,2,1280,720,5000.0,experiments/runs/CAM-EXP-002_camera_focal_sensitivity/cache/hand_inference/p52-instrument-0034__brics-odroid-016_cam0__000007.npz
p52-instrument-0034__brics-odroid-016_cam0__000008,p52-instrument-0034,brics-odroid-016_cam0,8,ok,2,1280,720,5000.0,experiments/runs/CAM-EXP-002_camera_focal_sensitivity/cache/hand_inference/p52-instrument-0034__brics-odroid-016_cam0__000008.npz
p52-instrument-0034__brics-odroid-016_cam0__000009,p52-instrument-0034,brics-odroid-016_cam0,9,ok,2,1280,720,5000.0,experiments/runs/CAM-EXP-002_camera_focal_sensitivity/cache/hand_inference/p52-instrument-0034__brics-odroid-016_cam0__000009.npz
p52-instrument-0034__brics-odroid-021_cam0__000000,p52-instrument-0034,brics-odroid-021_cam0,0,ok,2,1280,720,5000.0,experiments/runs/CAM-EXP-002_camera_focal_sensitivity/cache/hand_inference/p52-instrument-0034__brics-odroid-021_cam0__000000.npz
p52-instrument-0034__brics-odroid-021_cam0__000001,p52-instrument-0034,brics-odroid-021_cam0,1,ok,2,1280,720,5000.0,experiments/runs/CAM-EXP-002_camera_focal_sensitivity/cache/hand_inference/p52-instrument-0034__brics-odroid-021_cam0__000001.npz
p52-instrument-0034__brics-odroid-021_cam0__000002,p52-instrument-0034,brics-odroid-021_cam0,2,ok,2,1280,720,5000.0,experiments/runs/CAM-EXP-002_camera_focal_sensitivity/cache/hand_inference/p52-instrument-0034__brics-odroid-021_cam0__000002.npz
p52-instrument-0034__brics-odroid-021_cam0__000003,p52-instrument-0034,brics-odroid-021_cam0,3,ok,2,1280,720,5000.0,experiments/runs/CAM-EXP-002_camera_focal_sensitivity/cache/hand_inference/p52-instrument-0034__brics-odroid-021_cam0__000003.npz
p52-instrument-0034__brics-odroid-021_cam0__000004,p52-instrument-0034,brics-odroid-021_cam0,4,ok,2,1280,720,5000.0,experiments/runs/CAM-EXP-002_camera_focal_sensitivity/cache/hand_inference/p52-instrument-0034__brics-odroid-021_cam0__000004.npz
p52-instrument-0034__brics-odroid-021_cam0__000005,p52-instrument-0034,brics-odroid-021_cam0,5,ok,2,1280,720,5000.0,experiments/runs/CAM-EXP-002_camera_focal_sensitivity/cache/hand_inference/p52-instrument-0034__brics-odroid-021_cam0__000005.npz
p52-instrument-0034__brics-odroid-021_cam0__000006,p52-instrument-0034,brics-odroid-021_cam0,6,ok,2,1280,720,5000.0,experiments/runs/CAM-EXP-002_camera_focal_sensitivity/cache/hand_inference/p52-instrument-0034__brics-odroid-021_cam0__000006.npz
p52-instrument-0034__brics-odroid-021_cam0__000007,p52-instrument-0034,brics-odroid-021_cam0,7,ok,2,1280,720,5000.0,experiments/runs/CAM-EXP-002_camera_focal_sensitivity/cache/hand_inference/p52-instrument-0034__brics-odroid-021_cam0__000007.npz
p52-instrument-0034__brics-odroid-021_cam0__000008,p52-instrument-0034,brics-odroid-021_cam0,8,ok,2,1280,720,5000.0,experiments/runs/CAM-EXP-002_camera_focal_sensitivity/cache/hand_inference/p52-instrument-0034__brics-odroid-021_cam0__000008.npz
p52-instrument-0034__brics-odroid-021_cam0__000009,p52-instrument-0034,brics-odroid-021_cam0,9,ok,2,1280,720,5000.0,experiments/runs/CAM-EXP-002_camera_focal_sensitivity/cache/hand_inference/p52-instrument-0034__brics-odroid-021_cam0__000009.npz
p52-instrument-0034__brics-odroid-023_cam0__000000,p52-instrument-0034,brics-odroid-023_cam0,0,ok,2,1280,720,5000.0,experiments/runs/CAM-EXP-002_camera_focal_sensitivity/cache/hand_inference/p52-instrument-0034__brics-odroid-023_cam0__000000.npz
p52-instrument-0034__brics-odroid-023_cam0__000001,p52-instrument-0034,brics-odroid-023_cam0,1,ok,2,1280,720,5000.0,experiments/runs/CAM-EXP-002_camera_focal_sensitivity/cache/hand_inference/p52-instrument-0034__brics-odroid-023_cam0__000001.npz
p52-instrument-0034__brics-odroid-023_cam0__000002,p52-instrument-0034,brics-odroid-023_cam0,2,ok,2,1280,720,5000.0,experiments/runs/CAM-EXP-002_camera_focal_sensitivity/cache/hand_inference/p52-instrument-0034__brics-odroid-023_cam0__000002.npz
p52-instrument-0034__brics-odroid-023_cam0__000003,p52-instrument-0034,brics-odroid-023_cam0,3,ok,2,1280,720,5000.0,experiments/runs/CAM-EXP-002_camera_focal_sensitivity/cache/hand_inference/p52-instrument-0034__brics-odroid-023_cam0__000003.npz
p52-instrument-0034__brics-odroid-023_cam0__000004,p52-instrument-0034,brics-odroid-023_cam0,4,ok,2,1280,720,5000.0,experiments/runs/CAM-EXP-002_camera_focal_sensitivity/cache/hand_inference/p52-instrument-0034__brics-odroid-023_cam0__000004.npz
p52-instrument-0034__brics-odroid-023_cam0__000005,p52-instrument-0034,brics-odroid-023_cam0,5,ok,2,1280,720,5000.0,experiments/runs/CAM-EXP-002_camera_focal_sensitivity/cache/hand_inference/p52-instrument-0034__brics-odroid-023_cam0__000005.npz
p52-instrument-0034__brics-odroid-023_cam0__000006,p52-instrument-0034,brics-odroid-023_cam0,6,ok,2,1280,720,5000.0,experiments/runs/CAM-EXP-002_camera_focal_sensitivity/cache/hand_inference/p52-instrument-0034__brics-odroid-023_cam0__000006.npz
p52-instrument-0034__brics-odroid-023_cam0__000007,p52-instrument-0034,brics-odroid-023_cam0,7,ok,3,1280,720,5000.0,experiments/runs/CAM-EXP-002_camera_focal_sensitivity/cache/hand_inference/p52-instrument-0034__brics-odroid-023_cam0__000007.npz
p52-instrument-0034__brics-odroid-023_cam0__000008,p52-instrument-0034,brics-odroid-023_cam0,8,ok,2,1280,720,5000.0,experiments/runs/CAM-EXP-002_camera_focal_sensitivity/cache/hand_inference/p52-instrument-0034__brics-odroid-023_cam0__000008.npz
p52-instrument-0034__brics-odroid-023_cam0__000009,p52-instrument-0034,brics-odroid-023_cam0,9,ok,2,1280,720,5000.0,experiments/runs/CAM-EXP-002_camera_focal_sensitivity/cache/hand_inference/p52-instrument-0034__brics-odroid-023_cam0__000009.npz
p52-instrument-0034__brics-odroid-024_cam0__000000,p52-instrument-0034,brics-odroid-024_cam0,0,ok,2,1280,720,5000.0,experiments/runs/CAM-EXP-002_camera_focal_sensitivity/cache/hand_inference/p52-instrument-0034__brics-odroid-024_cam0__000000.npz
p52-instrument-0034__brics-odroid-024_cam0__000001,p52-instrument-0034,brics-odroid-024_cam0,1,ok,2,1280,720,5000.0,experiments/runs/CAM-EXP-002_camera_focal_sensitivity/cache/hand_inference/p52-instrument-0034__brics-odroid-024_cam0__000001.npz
p52-instrument-0034__brics-odroid-024_cam0__000002,p52-instrument-0034,brics-odroid-024_cam0,2,ok,2,1280,720,5000.0,experiments/runs/CAM-EXP-002_camera_focal_sensitivity/cache/hand_inference/p52-instrument-0034__brics-odroid-024_cam0__000002.npz
p52-instrument-0034__brics-odroid-024_cam0__000003,p52-instrument-0034,brics-odroid-024_cam0,3,ok,2,1280,720,5000.0,experiments/runs/CAM-EXP-002_camera_focal_sensitivity/cache/hand_inference/p52-instrument-0034__brics-odroid-024_cam0__000003.npz
p52-instrument-0034__brics-odroid-024_cam0__000004,p52-instrument-0034,brics-odroid-024_cam0,4,ok,2,1280,720,5000.0,experiments/runs/CAM-EXP-002_camera_focal_sensitivity/cache/hand_inference/p52-instrument-0034__brics-odroid-024_cam0__000004.npz
p52-instrument-0034__brics-odroid-024_cam0__000005,p52-instrument-0034,brics-odroid-024_cam0,5,ok,2,1280,720,5000.0,experiments/runs/CAM-EXP-002_camera_focal_sensitivity/cache/hand_inference/p52-instrument-0034__brics-odroid-024_cam0__000005.npz
p52-instrument-0034__brics-odroid-024_cam0__000006,p52-instrument-0034,brics-odroid-024_cam0,6,ok,2,1280,720,5000.0,experiments/runs/CAM-EXP-002_camera_focal_sensitivity/cache/hand_inference/p52-instrument-0034__brics-odroid-024_cam0__000006.npz
p52-instrument-0034__brics-odroid-024_cam0__000007,p52-instrument-0034,brics-odroid-024_cam0,7,ok,2,1280,720,5000.0,experiments/runs/CAM-EXP-002_camera_focal_sensitivity/cache/hand_inference/p52-instrument-0034__brics-odroid-024_cam0__000007.npz
p52-instrument-0034__brics-odroid-024_cam0__000008,p52-instrument-0034,brics-odroid-024_cam0,8,ok,2,1280,720,5000.0,experiments/runs/CAM-EXP-002_camera_focal_sensitivity/cache/hand_inference/p52-instrument-0034__brics-odroid-024_cam0__000008.npz
p52-instrument-0034__brics-odroid-025_cam1__000000,p52-instrument-0034,brics-odroid-025_cam1,0,ok,2,1280,720,5000.0,experiments/runs/CAM-EXP-002_camera_focal_sensitivity/cache/hand_inference/p52-instrument-0034__brics-odroid-025_cam1__000000.npz
p52-instrument-0034__brics-odroid-025_cam1__000001,p52-instrument-0034,brics-odroid-025_cam1,1,ok,2,1280,720,5000.0,experiments/runs/CAM-EXP-002_camera_focal_sensitivity/cache/hand_inference/p52-instrument-0034__brics-odroid-025_cam1__000001.npz
p52-instrument-0034__brics-odroid-025_cam1__000002,p52-instrument-0034,brics-odroid-025_cam1,2,ok,2,1280,720,5000.0,experiments/runs/CAM-EXP-002_camera_focal_sensitivity/cache/hand_inference/p52-instrument-0034__brics-odroid-025_cam1__000002.npz
p52-instrument-0034__brics-odroid-025_cam1__000003,p52-instrument-0034,brics-odroid-025_cam1,3,ok,2,1280,720,5000.0,experiments/runs/CAM-EXP-002_camera_focal_sensitivity/cache/hand_inference/p52-instrument-0034__brics-odroid-025_cam1__000003.npz
p52-instrument-0034__brics-odroid-025_cam1__000004,p52-instrument-0034,brics-odroid-025_cam1,4,ok,2,1280,720,5000.0,experiments/runs/CAM-EXP-002_camera_focal_sensitivity/cache/hand_inference/p52-instrument-0034__brics-odroid-025_cam1__000004.npz
p52-instrument-0034__brics-odroid-025_cam1__000005,p52-instrument-0034,brics-odroid-025_cam1,5,ok,2,1280,720,5000.0,experiments/runs/CAM-EXP-002_camera_focal_sensitivity/cache/hand_inference/p52-instrument-0034__brics-odroid-025_cam1__000005.npz
p52-instrument-0034__brics-odroid-025_cam1__000006,p52-instrument-0034,brics-odroid-025_cam1,6,ok,2,1280,720,5000.0,experiments/runs/CAM-EXP-002_camera_focal_sensitivity/cache/hand_inference/p52-instrument-0034__brics-odroid-025_cam1__000006.npz
p52-instrument-0034__brics-odroid-025_cam1__000007,p52-instrument-0034,brics-odroid-025_cam1,7,ok,2,1280,720,5000.0,experiments/runs/CAM-EXP-002_camera_focal_sensitivity/cache/hand_inference/p52-instrument-0034__brics-odroid-025_cam1__000007.npz
p52-instrument-0034__brics-odroid-025_cam1__000008,p52-instrument-0034,brics-odroid-025_cam1,8,ok,2,1280,720,5000.0,experiments/runs/CAM-EXP-002_camera_focal_sensitivity/cache/hand_inference/p52-instrument-0034__brics-odroid-025_cam1__000008.npz
p52-instrument-0034__brics-odroid-025_cam1__000009,p52-instrument-0034,brics-odroid-025_cam1,9,ok,2,1280,720,5000.0,experiments/runs/CAM-EXP-002_camera_focal_sensitivity/cache/hand_inference/p52-instrument-0034__brics-odroid-025_cam1__000009.npz
p52-instrument-0034__brics-odroid-027_cam0__000027,p52-instrument-0034,brics-odroid-027_cam0,27,ok,2,1280,720,5000.0,experiments/runs/CAM-EXP-002_camera_focal_sensitivity/cache/hand_inference/p52-instrument-0034__brics-odroid-027_cam0__000027.npz
p52-instrument-0034__brics-odroid-027_cam0__000032,p52-instrument-0034,brics-odroid-027_cam0,32,ok,2,1280,720,5000.0,experiments/runs/CAM-EXP-002_camera_focal_sensitivity/cache/hand_inference/p52-instrument-0034__brics-odroid-027_cam0__000032.npz
p52-instrument-0034__brics-odroid-027_cam0__000044,p52-instrument-0034,brics-odroid-027_cam0,44,ok,1,1280,720,5000.0,experiments/runs/CAM-EXP-002_camera_focal_sensitivity/cache/hand_inference/p52-instrument-0034__brics-odroid-027_cam0__000044.npz
p52-instrument-0034__brics-odroid-027_cam0__000093,p52-instrument-0034,brics-odroid-027_cam0,93,ok,2,1280,720,5000.0,experiments/runs/CAM-EXP-002_camera_focal_sensitivity/cache/hand_inference/p52-instrument-0034__brics-odroid-027_cam0__000093.npz
p52-instrument-0034__brics-odroid-030_cam0__000032,p52-instrument-0034,brics-odroid-030_cam0,32,ok,1,1280,720,5000.0,experiments/runs/CAM-EXP-002_camera_focal_sensitivity/cache/hand_inference/p52-instrument-0034__brics-odroid-030_cam0__000032.npz
