participant,sequence,camera,camera_key,video_path,video_name,frame_count,width,height,fx,fy,cx,cy,k1,k2,p1,p2
p36,p36-tea-0010,brics-odroid-001_cam0,p36-tea-0010/brics-odroid-001_cam0,datasets/gigahands/hand_pose/p36-tea-0010/rgb_vid/brics-odroid-001_cam0/brics-odroid-001_cam0_1727030430682715.mp4,brics-odroid-001_cam0_1727030430682715.mp4,381,1280,720,921.6106567382812,919.3624267578125,633.3739471435547,338.67886304855347,-0.3937115229802904,0.13732041569597658,0.003028069136533753,0.0006952013931183503
p36,p36-tea-0010,brics-odroid-001_cam1,p36-tea-0010/brics-odroid-001_cam1,datasets/gigahands/hand_pose/p36-tea-0010/rgb_vid/brics-odroid-001_cam1/brics-odroid-001_cam1_1727030430696341.mp4,brics-odroid-001_cam1_1727030430696341.mp4,381,1280,720,918.3540649414062,916.5333862304688,625.3665161132812,288.3064842224121,-0.38869975775925414,0.13218367913552156,0.0037125840797162294,-0.0008712390307942546
p36,p36-tea-0010,brics-odroid-002_cam0,p36-tea-0010/brics-odroid-002_cam0,datasets/gigahands/hand_pose/p36-tea-0010/rgb_vid/brics-odroid-002_cam0/brics-odroid-002_cam0_1727030430696724.mp4,brics-odroid-002_cam0_1727030430696724.mp4,381,1280,720,940.3406372070312,932.530029296875,670.1333618164062,301.49548530578613,-0.4133612542409651,0.15940145202268866,0.0022339639467365475,-0.003212842191182992
p36,p36-tea-0010,brics-odroid-004_cam0,p36-tea-0010/brics-odroid-004_cam0,datasets/gigahands/hand_pose/p36-tea-0010/rgb_vid/brics-odroid-004_cam0/brics-odroid-004_cam0_1727030430696195.mp4,brics-odroid-004_cam0_1727030430696195.mp4,381,1280,720,975.9902954101562,967.21923828125,620.64697265625,328.07705640792847,-0.3636750652304867,0.12380096310249294,0.002943855976986645,0.019762850409762094
p36,p36-tea-0010,brics-odroid-006_cam0,p36-tea-0010/brics-odroid-006_cam0,datasets/gigahands/hand_pose/p36-tea-0010/rgb_vid/brics-odroid-006_cam0/brics-odroid-006_cam0_1727030430696675.mp4,brics-odroid-006_cam0_1727030430696675.mp4,381,1280,720,919.3837890625,926.6082153320312,687.2677612304688,373.17668437957764,-0.38405358249222077,0.12911259438079084,-0.0009942851036939568,-0.0067217989450539615
p36,p36-tea-0010,brics-odroid-007_cam0,p36-tea-0010/brics-odroid-007_cam0,datasets/gigahands/hand_pose/p36-tea-0010/rgb_vid/brics-odroid-007_cam0/brics-odroid-007_cam0_1727030430684556.mp4,brics-odroid-007_cam0_1727030430684556.mp4,381,1280,720,924.4203491210938,919.0523071289062,666.9746398925781,361.8166923522949,-0.4057114094735548,0.14247953092954224,0.0014169773523534492,-0.0017331576846578928
p36,p36-tea-0010,brics-odroid-007_cam1,p36-tea-0010/brics-odroid-007_cam1,datasets/gigahands/hand_pose/p36-tea-0010/rgb_vid/brics-odroid-007_cam1/brics-odroid-007_cam1_1727030430685699.mp4,brics-odroid-007_cam1_1727030430685699.mp4,381,1280,720,931.3045043945312,931.8587646484375,645.0102233886719,354.1438579559326,-0.4022495719671115,0.13878815614462675,-0.0011469232322341718,-0.003453579040506588
p36,p36-tea-0010,brics-odroid-008_cam0,p36-tea-0010/brics-odroid-008_cam0,datasets/gigahands/hand_pose/p36-tea-0010/rgb_vid/brics-odroid-008_cam0/brics-odroid-008_cam0_1727030430696985.mp4,brics-odroid-008_cam0_1727030430696985.mp4,381,1280,720,919.474365234375,913.9844970703125,653.5253143310547,353.6737632751465,-0.41065524612490883,0.1638607876887913,0.004353760730438294,-0.0002477041030650889
p36,p36-tea-0010,brics-odroid-008_cam1,p36-tea-0010/brics-odroid-008_cam1,datasets/gigahands/hand_pose/p36-tea-0010/rgb_vid/brics-odroid-008_cam1/brics-odroid-008_cam1_1727030430696276.mp4,brics-odroid-008_cam1_1727030430696276.mp4,381,1280,720,942.8668823242188,938.7058715820312,665.0613403320312,316.9718098640442,-0.37201287873285016,0.11183687410888901,0.006882385981309657,-0.007553805745861753
p36,p36-tea-0010,brics-odroid-009_cam0,p36-tea-0010/brics-odroid-009_cam0,datasets/gigahands/hand_pose/p36-tea-0010/rgb_vid/brics-odroid-009_cam0/brics-odroid-009_cam0_1727030430684908.mp4,brics-odroid-009_cam0_1727030430684908.mp4,381,1280,720,949.8104248046875,949.0584716796875,646.026611328125,328.2222819328308,-0.3904076189372426,0.13297801380948565,0.005701875285277544,-0.0012731456457329476
p36,p36-tea-0010,brics-odroid-009_cam1,p36-tea-0010/brics-odroid-009_cam1,datasets/gigahands/hand_pose/p36-tea-0010/rgb_vid/brics-odroid-009_cam1/brics-odroid-009_cam1_1727030430696771.mp4,brics-odroid-009_cam1_1727030430696771.mp4,381,1280,720,931.9349975585938,929.3892822265625,625.7890701293945,312.81891345977783,-0.43067915169367343,0.1979512485943698,0.0007360508401569067,-0.00022842155526070056
p36,p36-tea-0010,brics-odroid-010_cam0,p36-tea-0010/brics-odroid-010_cam0,datasets/gigahands/hand_pose/p36-tea-0010/rgb_vid/brics-odroid-010_cam0/brics-odroid-010_cam0_1727030430697198.mp4,brics-odroid-010_cam0_1727030430697198.mp4,380,1280,720,932.0266723632812,928.0214233398438,653.8478088378906,332.363805770874,-0.3812979573845005,0.12359371191375748,-0.0017241295947976517,-0.0024447094523688115
p36,p36-tea-0010,brics-odroid-010_cam1,p36-tea-0010/brics-odroid-010_cam1,datasets/gigahands/hand_pose/p36-tea-0010/rgb_vid/brics-odroid-010_cam1/brics-odroid-010_cam1_1727030430696645.mp4,brics-odroid-010_cam1_1727030430696645.mp4,381,1280,720,934.1341552734375,931.1641845703125,652.7617645263672,322.8159785270691,-0.3849821414501716,0.14036071391068702,0.0050933987821187915,-0.009334018226842164
p36,p36-tea-0010,brics-odroid-011_cam0,p36-tea-0010/brics-odroid-011_cam0,datasets/gigahands/hand_pose/p36-tea-0010/rgb_vid/brics-odroid-011_cam0/brics-odroid-011_cam0_1727030430698200.mp4,brics-odroid-011_cam0_1727030430698200.mp4,380,1280,720,922.7744140625,922.8363037109375,617.8164672851562,335.306339263916,-0.3731402092747139,0.11924382814112107,-0.001820351087452269,-0.004420538293179963
p36,p36-tea-0010,brics-odroid-012_cam0,p36-tea-0010/brics-odroid-012_cam0,datasets/gigahands/hand_pose/p36-tea-0010/rgb_vid/brics-odroid-012_cam0/brics-odroid-012_cam0_1727030430697565.mp4,brics-odroid-012_cam0_1727030430697565.mp4,380,1280,720,926.4254150390625,923.4918823242188,624.1591644287109,338.7071228027344,-0.398140870802775,0.1518132732744108,-0.001480356285506434,0.000943204433252899
p36,p36-tea-0010,brics-odroid-012_cam1,p36-tea-0010/brics-odroid-012_cam1,datasets/gigahands/hand_pose/p36-tea-0010/rgb_vid/brics-odroid-012_cam1/brics-odroid-012_cam1_1727030430699260.mp4,brics-odroid-012_cam1_1727030430699260.mp4,380,1280,720,926.5147094726562,925.8719482421875,644.9134826660156,370.0826597213745,-0.3832100818263047,0.13223798696253478,0.0015581201219296138,0.000309856454280324
p36,p36-tea-0010,brics-odroid-013_cam0,p36-tea-0010/brics-odroid-013_cam0,datasets/gigahands/hand_pose/p36-tea-0010/rgb_vid/brics-odroid-013_cam0/brics-odroid-013_cam0_1727030430696173.mp4,brics-odroid-013_cam0_1727030430696173.mp4,381,1280,720,924.2977294921875,925.7908935546875,623.7273406982422,334.60561752319336,-0.40644106685661463,0.1482884389289429,-0.0023434988229366193,0.001493874210572294
p36,p36-tea-0010,brics-odroid-013_cam1,p36-tea-0010/brics-odroid-013_cam1,datasets/gigahands/hand_pose/p36-tea-0010/rgb_vid/brics-odroid-013_cam1/brics-odroid-013_cam1_1727030430686132.mp4,brics-odroid-013_cam1_1727030430686132.mp4,381,1280,720,935.2611083984375,938.1834716796875,640.8376312255859,330.4135823249817,-0.3855109593784586,0.12633528133809238,0.0008865465285617544,0.0008587592292439329
p36,p36-tea-0010,brics-odroid-014_cam0,p36-tea-0010/brics-odroid-014_cam0,datasets/gigahands/hand_pose/p36-tea-0010/rgb_vid/brics-odroid-014_cam0/brics-odroid-014_cam0_1727030430697235.mp4,brics-odroid-014_cam0_1727030430697235.mp4,380,1280,720,931.2968139648438,932.8294677734375,651.3050842285156,309.1940689086914,-0.39771348927349215,0.14943662804034016,-0.0017024213308580553,0.002782959459437927
p36,p36-tea-0010,brics-odroid-014_cam1,p36-tea-0010/brics-odroid-014_cam1,datasets/gigahands/hand_pose/p36-tea-0010/rgb_vid/brics-odroid-014_cam1/brics-odroid-014_cam1_1727030430697557.mp4,brics-odroid-014_cam1_1727030430697557.mp4,380,1280,720,922.3148193359375,917.7147216796875,631.9222259521484,325.04729747772217,-0.4258498587022379,0.1889218967943538,0.0019481302751143891,0.000634202218505633
p36,p36-tea-0010,brics-odroid-015_cam0,p36-tea-0010/brics-odroid-015_cam0,datasets/gigahands/hand_pose/p36-tea-0010/rgb_vid/brics-odroid-015_cam0/brics-odroid-015_cam0_1727030430683306.mp4,brics-odroid-015_cam0_1727030430683306.mp4,381,1280,720,914.9793701171875,913.3538818359375,612.7621459960938,356.3930082321167,-0.3813372271429685,0.12345552819747498,-0.0011012558748613864,0.00030254708728941925
p36,p36-tea-0010,brics-odroid-015_cam1,p36-tea-0010/brics-odroid-015_cam1,datasets/gigahands/hand_pose/p36-tea-0010/rgb_vid/brics-odroid-015_cam1/brics-odroid-015_cam1_1727030430707818.mp4,brics-odroid-015_cam1_1727030430707818.mp4,380,1280,720,930.79443359375,925.1754150390625,653.3204650878906,386.0694408416748,-0.38241981186766033,0.12618926576756406,-0.0026648402645025222,-0.0032098505980462664
p36,p36-tea-0010,brics-odroid-016_cam0,p36-tea-0010/brics-odroid-016_cam0,datasets/gigahands/hand_pose/p36-tea-0010/rgb_vid/brics-odroid-016_cam0/brics-odroid-016_cam0_1727030430697566.mp4,brics-odroid-016_cam0_1727030430697566.mp4,380,1280,720,919.8408203125,921.8850708007812,656.5240478515625,284.0085554122925,-0.39464115167745245,0.13684709828651517,0.002119684723952545,-0.0006795210936348245
p36,p36-tea-0010,brics-odroid-017_cam0,p36-tea-0010/brics-odroid-017_cam0,datasets/gigahands/hand_pose/p36-tea-0010/rgb_vid/brics-odroid-017_cam0/brics-odroid-017_cam0_1727030430684830.mp4,brics-odroid-017_cam0_1727030430684830.mp4,381,1280,720,921.894775390625,921.9882202148438,608.491325378418,360.49262523651123,-0.4163212078435631,0.1688331034900507,0.001513407576208821,0.0038306155895171615
p36,p36-tea-0010,brics-odroid-017_cam1,p36-tea-0010/brics-odroid-017_cam1,datasets/gigahands/hand_pose/p36-tea-0010/rgb_vid/brics-odroid-017_cam1/brics-odroid-017_cam1_1727030430720961.mp4,brics-odroid-017_cam1_1727030430720961.mp4,380,1280,720,938.3211669921875,935.3563232421875,620.1540374755859,309.6004128456116,-0.38186061446315445,0.11773297914195069,-0.00020087644025625239,0.0008280795490012449
p36,p36-tea-0010,brics-odroid-018_cam0,p36-tea-0010/brics-odroid-018_cam0,datasets/gigahands/hand_pose/p36-tea-0010/rgb_vid/brics-odroid-018_cam0/brics-odroid-018_cam0_1727030430697476.mp4,brics-odroid-018_cam0_1727030430697476.mp4,380,1280,720,933.364501953125,933.05615234375,637.174072265625,343.703134059906,-0.3838342000657239,0.12138651714534686,0.003817498051686931,0.002260951897213325
p36,p36-tea-0010,brics-odroid-018_cam1,p36-tea-0010/brics-odroid-018_cam1,datasets/gigahands/hand_pose/p36-tea-0010/rgb_vid/brics-odroid-018_cam1/brics-odroid-018_cam1_1727030430684338.mp4,brics-odroid-018_cam1_1727030430684338.mp4,381,1280,720,932.9070434570312,931.55615234375,603.3852005004883,328.1579303741455,-0.38847121139582264,0.13200790407982246,0.0016350158115263664,-0.001994895058681588
p36,p36-tea-0010,brics-odroid-019_cam0,p36-tea-0010/brics-odroid-019_cam0,datasets/gigahands/hand_pose/p36-tea-0010/rgb_vid/brics-odroid-019_cam0/brics-odroid-019_cam0_1727030430685117.mp4,brics-odroid-019_cam0_1727030430685117.mp4,381,1280,720,926.3590698242188,928.089111328125,646.1726379394531,368.87523651123047,-0.4168348241458457,0.15342862278930663,0.0031414761275108147,0.0014951109661746047
p36,p36-tea-0010,brics-odroid-019_cam1,p36-tea-0010/brics-odroid-019_cam1,datasets/gigahands/hand_pose/p36-tea-0010/rgb_vid/brics-odroid-019_cam1/brics-odroid-019_cam1_1727030430684014.mp4,brics-odroid-019_cam1_1727030430684014.mp4,381,1280,720,920.9256591796875,917.8973999023438,638.9126586914062,331.9606590270996,-0.3984784976311732,0.13949358984958826,-0.00010662210625104163,0.0025280915532711772
p36,p36-tea-0010,brics-odroid-020_cam0,p36-tea-0010/brics-odroid-020_cam0,datasets/gigahands/hand_pose/p36-tea-0010/rgb_vid/brics-odroid-020_cam0/brics-odroid-020_cam0_1727030430696777.mp4,brics-odroid-020_cam0_1727030430696777.mp4,381,1280,720,899.42431640625,889.2589111328125,685.9248352050781,304.39342975616455,-0.34204711504788393,0.09551020599794915,0.0008817625043953267,0.002679690078260598
p36,p36-tea-0010,brics-odroid-020_cam1,p36-tea-0010/brics-odroid-020_cam1,datasets/gigahands/hand_pose/p36-tea-0010/rgb_vid/brics-odroid-020_cam1/brics-odroid-020_cam1_1727030430696192.mp4,brics-odroid-020_cam1_1727030430696192.mp4,381,1280,720,925.8585205078125,921.6965942382812,625.3491973876953,354.81505393981934,-0.3946598364862157,0.1361435431384612,-0.00024055593421963358,0.0007115444569156858
p36,p36-tea-0010,brics-odroid-021_cam0,p36-tea-0010/brics-odroid-021_cam0,datasets/gigahands/hand_pose/p36-tea-0010/rgb_vid/brics-odroid-021_cam0/brics-odroid-021_cam0_1727030430707850.mp4,brics-odroid-021_cam0_1727030430707850.mp4,380,1280,720,938.355224609375,936.9297485351562,611.1704254150391,329.6826696395874,-0.4136600780275338,0.14969404199160669,-0.003234904531865001,0.0023723956201899456
p36,p36-tea-0010,brics-odroid-021_cam1,p36-tea-0010/brics-odroid-021_cam1,datasets/gigahands/hand_pose/p36-tea-0010/rgb_vid/brics-odroid-021_cam1/brics-odroid-021_cam1_1727030430708952.mp4,brics-odroid-021_cam1_1727030430708952.mp4,380,1280,720,920.7830200195312,918.8512573242188,642.5816345214844,362.2698783874512,-0.39156563533820715,0.13168309570786726,0.0019920147214415552,0.000996887605343556
p36,p36-tea-0010,brics-odroid-022_cam0,p36-tea-0010/brics-odroid-022_cam0,datasets/gigahands/hand_pose/p36-tea-0010/rgb_vid/brics-odroid-022_cam0/brics-odroid-022_cam0_1727030430720946.mp4,brics-odroid-022_cam0_1727030430720946.mp4,380,1280,720,916.3121948242188,914.6825561523438,621.2845611572266,334.79968070983887,-0.36883153672517976,0.10328768939289024,-0.002852344679890759,0.00013244124934243772
p36,p36-tea-0010,brics-odroid-022_cam1,p36-tea-0010/brics-odroid-022_cam1,datasets/gigahands/hand_pose/p36-tea-0010/rgb_vid/brics-odroid-022_cam1/brics-odroid-022_cam1_1727030430697308.mp4,brics-odroid-022_cam1_1727030430697308.mp4,381,1280,720,903.016357421875,903.85205078125,628.7003707885742,381.1482095718384,-0.38285123024045603,0.1253048193195531,0.0014185812091165294,0.0005510671459739272
p36,p36-tea-0010,brics-odroid-023_cam0,p36-tea-0010/brics-odroid-023_cam0,datasets/gigahands/hand_pose/p36-tea-0010/rgb_vid/brics-odroid-023_cam0/brics-odroid-023_cam0_1727030430699458.mp4,brics-odroid-023_cam0_1727030430699458.mp4,380,1280,720,914.8876953125,905.2318115234375,639.6891403198242,334.0736389160156,-0.3433318945626385,0.10379930041599342,0.00424913387229851,0.010687499526799375
p36,p36-tea-0010,brics-odroid-024_cam0,p36-tea-0010/brics-odroid-024_cam0,datasets/gigahands/hand_pose/p36-tea-0010/rgb_vid/brics-odroid-024_cam0/brics-odroid-024_cam0_1727030430696732.mp4,brics-odroid-024_cam0_1727030430696732.mp4,381,1280,720,931.895263671875,932.3239135742188,640.01953125,325.4250383377075,-0.40192210604247575,0.15303534162665516,0.0004935809398347433,-0.006780304653671686
p36,p36-tea-0010,brics-odroid-024_cam1,p36-tea-0010/brics-odroid-024_cam1,datasets/gigahands/hand_pose/p36-tea-0010/rgb_vid/brics-odroid-024_cam1/brics-odroid-024_cam1_1727030430684210.mp4,brics-odroid-024_cam1_1727030430684210.mp4,381,1280,720,951.805908203125,953.156982421875,613.4120941162109,391.805419921875,-0.4160348849974509,0.1756344661283254,-0.0009646736913171326,-0.00038768658362464464
p36,p36-tea-0010,brics-odroid-025_cam0,p36-tea-0010/brics-odroid-025_cam0,datasets/gigahands/hand_pose/p36-tea-0010/rgb_vid/brics-odroid-025_cam0/brics-odroid-025_cam0_1727030430696938.mp4,brics-odroid-025_cam0_1727030430696938.mp4,381,1280,720,913.8671264648438,917.3972778320312,666.6793823242188,326.531503200531,-0.3880190160087328,0.13478151904807456,-0.0002676212607697484,-0.002094343439995603
p36,p36-tea-0010,brics-odroid-025_cam1,p36-tea-0010/brics-odroid-025_cam1,datasets/gigahands/hand_pose/p36-tea-0010/rgb_vid/brics-odroid-025_cam1/brics-odroid-025_cam1_1727030430696514.mp4,brics-odroid-025_cam1_1727030430696514.mp4,381,1280,720,879.8726806640625,881.9042358398438,611.2415313720703,336.8298554420471,-0.3832172200061303,0.127309096504403,0.0010462820753360015,0.0040457323669958805
p36,p36-tea-0010,brics-odroid-026_cam0,p36-tea-0010/brics-odroid-026_cam0,datasets/gigahands/hand_pose/p36-tea-0010/rgb_vid/brics-odroid-026_cam0/brics-odroid-026_cam0_1727030430684564.mp4,brics-odroid-026_cam0_1727030430684564.mp4,381,1280,720,921.928466796875,922.3346557617188,667.8852844238281,340.85857629776,-0.40420265559948576,0.14635605512264782,0.0006245964748167589,-0.00022381371919132315
p36,p36-tea-0010,brics-odroid-026_cam1,p36-tea-0010/brics-odroid-026_cam1,datasets/gigahands/hand_pose/p36-tea-0010/rgb_vid/brics-odroid-026_cam1/brics-odroid-026_cam1_1727030430697518.mp4,brics-odroid-026_cam1_1727030430697518.mp4,381,1280,720,927.7942504882812,927.5935668945312,623.895149230957,326.8566298484802,-0.3997476617211163,0.14110587439715852,0.0007270092059287505,-0.0010703442026005693
p36,p36-tea-0010,brics-odroid-027_cam0,p36-tea-0010/brics-odroid-027_cam0,datasets/gigahands/hand_pose/p36-tea-0010/rgb_vid/brics-odroid-027_cam0/brics-odroid-027_cam0_1727030430702484.mp4,brics-odroid-027_cam0_1727030430702484.mp4,380,1280,720,917.4498291015625,915.154296875,635.1963424682617,370.84985733032227,-0.37323785609015003,0.11656370799887368,9.806258044052828e-05,0.00271818610115922
p36,p36-tea-0010,brics-odroid-027_cam1,p36-tea-0010/brics-odroid-027_cam1,datasets/gigahands/hand_pose/p36-tea-0010/rgb_vid/brics-odroid-027_cam1/brics-odroid-027_cam1_1727030430701319.mp4,brics-odroid-027_cam1_1727030430701319.mp4,380,1280,720,919.9989013671875,919.3253784179688,637.5929641723633,348.4815001487732,-0.4011025168599942,0.14181829980988467,-0.00017907514836924002,0.0004825514988329115
p36,p36-tea-0010,brics-odroid-028_cam0,p36-tea-0010/brics-odroid-028_cam0,datasets/gigahands/hand_pose/p36-tea-0010/rgb_vid/brics-odroid-028_cam0/brics-odroid-028_cam0_1727030430681881.mp4,brics-odroid-028_cam0_1727030430681881.mp4,381,1280,720,919.0523071289062,921.2551879882812,634.1523361206055,352.4727988243103,-0.3755649840439221,0.11625547742407048,-0.0007972791982088045,0.0006183783101074984
p36,p36-tea-0010,brics-odroid-029_cam0,p36-tea-0010/brics-odroid-029_cam0,datasets/gigahands/hand_pose/p36-tea-0010/rgb_vid/brics-odroid-029_cam0/brics-odroid-029_cam0_1727030430696895.mp4,brics-odroid-029_cam0_1727030430696895.mp4,381,1280,720,907.9130859375,904.2305297851562,653.2911682128906,335.6834149360657,-0.3949745601266739,0.12665019043976725,-0.00163619294427792,-0.0035567161418857147
p36,p36-tea-0010,brics-odroid-029_cam1,p36-tea-0010/brics-odroid-029_cam1,datasets/gigahands/hand_pose/p36-tea-0010/rgb_vid/brics-odroid-029_cam1/brics-odroid-029_cam1_1727030430697774.mp4,brics-odroid-029_cam1_1727030430697774.mp4,380,1280,720,905.8577270507812,907.6231689453125,664.3782806396484,322.85582542419434,-0.39605667558783714,0.13283154571070743,-0.0014396146830208292,-0.002809347477491485
p36,p36-tea-0010,brics-odroid-030_cam0,p36-tea-0010/brics-odroid-030_cam0,datasets/gigahands/hand_pose/p36-tea-0010/rgb_vid/brics-odroid-030_cam0/brics-odroid-030_cam0_1727030430684613.mp4,brics-odroid-030_cam0_1727030430684613.mp4,381,1280,720,930.9971313476562,934.33935546875,637.9348754882812,303.9714002609253,-0.42760920654179274,0.18802710588040655,0.0018044460179482563,0.0012712223062649169
p36,p36-tea-0010,brics-odroid-030_cam1,p36-tea-0010/brics-odroid-030_cam1,datasets/gigahands/hand_pose/p36-tea-0010/rgb_vid/brics-odroid-030_cam1/brics-odroid-030_cam1_1727030430686153.mp4,brics-odroid-030_cam1_1727030430686153.mp4,381,1280,720,907.0451049804688,909.6337890625,643.7991333007812,359.6045136451721,-0.3826579689737999,0.1233483093087814,0.0002846688729328875,-0.002897305488412841
p41,p41-boxing-0021,brics-odroid-001_cam0,p41-boxing-0021/brics-odroid-001_cam0,datasets/gigahands/hand_pose/p41-boxing-0021/rgb_vid/brics-odroid-001_cam0/brics-odroid-001_cam0_1726962101790659.mp4,brics-odroid-001_cam0_1726962101790659.mp4,367,1280,720,921.6106567382812,919.3624267578125,633.3739471435547,338.67886304855347,-0.3937115229802904,0.13732041569597658,0.003028069136533753,0.0006952013931183503
p41,p41-boxing-0021,brics-odroid-001_cam1,p41-boxing-0021/brics-odroid-001_cam1,datasets/gigahands/hand_pose/p41-boxing-0021/rgb_vid/brics-odroid-001_cam1/brics-odroid-001_cam1_1726962101749017.mp4,brics-odroid-001_cam1_1726962101749017.mp4,367,1280,720,918.3540649414062,916.5333862304688,625.3665161132812,288.3064842224121,-0.38869975775925414,0.13218367913552156,0.0037125840797162294,-0.0008712390307942546
p41,p41-boxing-0021,brics-odroid-002_cam0,p41-boxing-0021/brics-odroid-002_cam0,datasets/gigahands/hand_pose/p41-boxing-0021/rgb_vid/brics-odroid-002_cam0/brics-odroid-002_cam0_1726962101790421.mp4,brics-odroid-002_cam0_1726962101790421.mp4,367,1280,720,940.3406372070312,932.530029296875,670.1333618164062,301.49548530578613,-0.4133612542409651,0.15940145202268866,0.0022339639467365475,-0.003212842191182992
p41,p41-boxing-0021,brics-odroid-004_cam0,p41-boxing-0021/brics-odroid-004_cam0,datasets/gigahands/hand_pose/p41-boxing-0021/rgb_vid/brics-odroid-004_cam0/brics-odroid-004_cam0_1726962101789973.mp4,brics-odroid-004_cam0_1726962101789973.mp4,367,1280,720,975.9902954101562,967.21923828125,620.64697265625,328.07705640792847,-0.3636750652304867,0.12380096310249294,0.002943855976986645,0.019762850409762094
p41,p41-boxing-0021,brics-odroid-006_cam0,p41-boxing-0021/brics-odroid-006_cam0,datasets/gigahands/hand_pose/p41-boxing-0021/rgb_vid/brics-odroid-006_cam0/brics-odroid-006_cam0_1726962101790308.mp4,brics-odroid-006_cam0_1726962101790308.mp4,367,1280,720,919.3837890625,926.6082153320312,687.2677612304688,373.17668437957764,-0.38405358249222077,0.12911259438079084,-0.0009942851036939568,-0.0067217989450539615
p41,p41-boxing-0021,brics-odroid-007_cam0,p41-boxing-0021/brics-odroid-007_cam0,datasets/gigahands/hand_pose/p41-boxing-0021/rgb_vid/brics-odroid-007_cam0/brics-odroid-007_cam0_1726962101746713.mp4,brics-odroid-007_cam0_1726962101746713.mp4,367,1280,720,924.4203491210938,919.0523071289062,666.9746398925781,361.8166923522949,-0.4057114094735548,0.14247953092954224,0.0014169773523534492,-0.0017331576846578928
p41,p41-boxing-0021,brics-odroid-007_cam1,p41-boxing-0021/brics-odroid-007_cam1,datasets/gigahands/hand_pose/p41-boxing-0021/rgb_vid/brics-odroid-007_cam1/brics-odroid-007_cam1_1726962101749600.mp4,brics-odroid-007_cam1_1726962101749600.mp4,366,1280,720,931.3045043945312,931.8587646484375,645.0102233886719,354.1438579559326,-0.4022495719671115,0.13878815614462675,-0.0011469232322341718,-0.003453579040506588
p41,p41-boxing-0021,brics-odroid-008_cam0,p41-boxing-0021/brics-odroid-008_cam0,datasets/gigahands/hand_pose/p41-boxing-0021/rgb_vid/brics-odroid-008_cam0/brics-odroid-008_cam0_1726962101792534.mp4,brics-odroid-008_cam0_1726962101792534.mp4,366,1280,720,919.474365234375,913.9844970703125,653.5253143310547,353.6737632751465,-0.41065524612490883,0.1638607876887913,0.004353760730438294,-0.0002477041030650889
p41,p41-boxing-0021,brics-odroid-008_cam1,p41-boxing-0021/brics-odroid-008_cam1,datasets/gigahands/hand_pose/p41-boxing-0021/rgb_vid/brics-odroid-008_cam1/brics-odroid-008_cam1_1726962101793626.mp4,brics-odroid-008_cam1_1726962101793626.mp4,367,1280,720,942.8668823242188,938.7058715820312,665.0613403320312,316.9718098640442,-0.37201287873285016,0.11183687410888901,0.006882385981309657,-0.007553805745861753
p41,p41-boxing-0021,brics-odroid-009_cam0,p41-boxing-0021/brics-odroid-009_cam0,datasets/gigahands/hand_pose/p41-boxing-0021/rgb_vid/brics-odroid-009_cam0/brics-odroid-009_cam0_1726962101791727.mp4,brics-odroid-009_cam0_1726962101791727.mp4,367,1280,720,949.8104248046875,949.0584716796875,646.026611328125,328.2222819328308,-0.3904076189372426,0.13297801380948565,0.005701875285277544,-0.0012731456457329476
p41,p41-boxing-0021,brics-odroid-009_cam1,p41-boxing-0021/brics-odroid-009_cam1,datasets/gigahands/hand_pose/p41-boxing-0021/rgb_vid/brics-odroid-009_cam1/brics-odroid-009_cam1_1726962101791178.mp4,brics-odroid-009_cam1_1726962101791178.mp4,367,1280,720,931.9349975585938,929.3892822265625,625.7890701293945,312.81891345977783,-0.43067915169367343,0.1979512485943698,0.0007360508401569067,-0.00022842155526070056
p41,p41-boxing-0021,brics-odroid-010_cam0,p41-boxing-0021/brics-odroid-010_cam0,datasets/gigahands/hand_pose/p41-boxing-0021/rgb_vid/brics-odroid-010_cam0/brics-odroid-010_cam0_1726962101794547.mp4,brics-odroid-010_cam0_1726962101794547.mp4,366,1280,720,932.0266723632812,928.0214233398438,653.8478088378906,332.363805770874,-0.3812979573845005,0.12359371191375748,-0.0017241295947976517,-0.0024447094523688115
p41,p41-boxing-0021,brics-odroid-010_cam1,p41-boxing-0021/brics-odroid-010_cam1,datasets/gigahands/hand_pose/p41-boxing-0021/rgb_vid/brics-odroid-010_cam1/brics-odroid-010_cam1_1726962101794367.mp4,brics-odroid-010_cam1_1726962101794367.mp4,366,1280,720,934.1341552734375,931.1641845703125,652.7617645263672,322.8159785270691,-0.3849821414501716,0.14036071391068702,0.0050933987821187915,-0.009334018226842164
p41,p41-boxing-0021,brics-odroid-011_cam0,p41-boxing-0021/brics-odroid-011_cam0,datasets/gigahands/hand_pose/p41-boxing-0021/rgb_vid/brics-odroid-011_cam0/brics-odroid-011_cam0_1726962101794635.mp4,brics-odroid-011_cam0_1726962101794635.mp4,366,1280,720,922.7744140625,922.8363037109375,617.8164672851562,335.306339263916,-0.3731402092747139,0.11924382814112107,-0.001820351087452269,-0.004420538293179963
p41,p41-boxing-0021,brics-odroid-012_cam0,p41-boxing-0021/brics-odroid-012_cam0,datasets/gigahands/hand_pose/p41-boxing-0021/rgb_vid/brics-odroid-012_cam0/brics-odroid-012_cam0_1726962101794196.mp4,brics-odroid-012_cam0_1726962101794196.mp4,366,1280,720,926.4254150390625,923.4918823242188,624.1591644287109,338.7071228027344,-0.398140870802775,0.1518132732744108,-0.001480356285506434,0.000943204433252899
p41,p41-boxing-0021,brics-odroid-012_cam1,p41-boxing-0021/brics-odroid-012_cam1,datasets/gigahands/hand_pose/p41-boxing-0021/rgb_vid/brics-odroid-012_cam1/brics-odroid-012_cam1_1726962101794809.mp4,brics-odroid-012_cam1_1726962101794809.mp4,366,1280,720,926.5147094726562,925.8719482421875,644.9134826660156,370.0826597213745,-0.3832100818263047,0.13223798696253478,0.0015581201219296138,0.000309856454280324
p41,p41-boxing-0021,brics-odroid-013_cam0,p41-boxing-0021/brics-odroid-013_cam0,datasets/gigahands/hand_pose/p41-boxing-0021/rgb_vid/brics-odroid-013_cam0/brics-odroid-013_cam0_1726962101752310.mp4,brics-odroid-013_cam0_1726962101752310.mp4,367,1280,720,924.2977294921875,925.7908935546875,623.7273406982422,334.60561752319336,-0.40644106685661463,0.1482884389289429,-0.0023434988229366193,0.001493874210572294
p41,p41-boxing-0021,brics-odroid-013_cam1,p41-boxing-0021/brics-odroid-013_cam1,datasets/gigahands/hand_pose/p41-boxing-0021/rgb_vid/brics-odroid-013_cam1/brics-odroid-013_cam1_1726962101790807.mp4,brics-odroid-013_cam1_1726962101790807.mp4,367,1280,720,935.2611083984375,938.1834716796875,640.8376312255859,330.4135823249817,-0.3855109593784586,0.12633528133809238,0.0008865465285617544,0.0008587592292439329
p41,p41-boxing-0021,brics-odroid-014_cam0,p41-boxing-0021/brics-odroid-014_cam0,datasets/gigahands/hand_pose/p41-boxing-0021/rgb_vid/brics-odroid-014_cam0/brics-odroid-014_cam0_1726962101795253.mp4,brics-odroid-014_cam0_1726962101795253.mp4,366,1280,720,931.2968139648438,932.8294677734375,651.3050842285156,309.1940689086914,-0.39771348927349215,0.14943662804034016,-0.0017024213308580553,0.002782959459437927
p41,p41-boxing-0021,brics-odroid-014_cam1,p41-boxing-0021/brics-odroid-014_cam1,datasets/gigahands/hand_pose/p41-boxing-0021/rgb_vid/brics-odroid-014_cam1/brics-odroid-014_cam1_1726962101795546.mp4,brics-odroid-014_cam1_1726962101795546.mp4,366,1280,720,922.3148193359375,917.7147216796875,631.9222259521484,325.04729747772217,-0.4258498587022379,0.1889218967943538,0.0019481302751143891,0.000634202218505633
p41,p41-boxing-0021,brics-odroid-015_cam0,p41-boxing-0021/brics-odroid-015_cam0,datasets/gigahands/hand_pose/p41-boxing-0021/rgb_vid/brics-odroid-015_cam0/brics-odroid-015_cam0_1726962101794043.mp4,brics-odroid-015_cam0_1726962101794043.mp4,366,1280,720,914.9793701171875,913.3538818359375,612.7621459960938,356.3930082321167,-0.3813372271429685,0.12345552819747498,-0.0011012558748613864,0.00030254708728941925
p41,p41-boxing-0021,brics-odroid-015_cam1,p41-boxing-0021/brics-odroid-015_cam1,datasets/gigahands/hand_pose/p41-boxing-0021/rgb_vid/brics-odroid-015_cam1/brics-odroid-015_cam1_1726962101794288.mp4,brics-odroid-015_cam1_1726962101794288.mp4,366,1280,720,930.79443359375,925.1754150390625,653.3204650878906,386.0694408416748,-0.38241981186766033,0.12618926576756406,-0.0026648402645025222,-0.0032098505980462664
p41,p41-boxing-0021,brics-odroid-016_cam0,p41-boxing-0021/brics-odroid-016_cam0,datasets/gigahands/hand_pose/p41-boxing-0021/rgb_vid/brics-odroid-016_cam0/brics-odroid-016_cam0_1726962101792376.mp4,brics-odroid-016_cam0_1726962101792376.mp4,367,1280,720,919.8408203125,921.8850708007812,656.5240478515625,284.0085554122925,-0.39464115167745245,0.13684709828651517,0.002119684723952545,-0.0006795210936348245
p41,p41-boxing-0021,brics-odroid-017_cam0,p41-boxing-0021/brics-odroid-017_cam0,datasets/gigahands/hand_pose/p41-boxing-0021/rgb_vid/brics-odroid-017_cam0/brics-odroid-017_cam0_1726962101791305.mp4,brics-odroid-017_cam0_1726962101791305.mp4,367,1280,720,921.894775390625,921.9882202148438,608.491325378418,360.49262523651123,-0.4163212078435631,0.1688331034900507,0.001513407576208821,0.0038306155895171615
p41,p41-boxing-0021,brics-odroid-017_cam1,p41-boxing-0021/brics-odroid-017_cam1,datasets/gigahands/hand_pose/p41-boxing-0021/rgb_vid/brics-odroid-017_cam1/brics-odroid-017_cam1_1726962101794802.mp4,brics-odroid-017_cam1_1726962101794802.mp4,366,1280,720,938.3211669921875,935.3563232421875,620.1540374755859,309.6004128456116,-0.38186061446315445,0.11773297914195069,-0.00020087644025625239,0.0008280795490012449
p41,p41-boxing-0021,brics-odroid-018_cam0,p41-boxing-0021/brics-odroid-018_cam0,datasets/gigahands/hand_pose/p41-boxing-0021/rgb_vid/brics-odroid-018_cam0/brics-odroid-018_cam0_1726962101794035.mp4,brics-odroid-018_cam0_1726962101794035.mp4,367,1280,720,933.364501953125,933.05615234375,637.174072265625,343.703134059906,-0.3838342000657239,0.12138651714534686,0.003817498051686931,0.002260951897213325
p41,p41-boxing-0021,brics-odroid-018_cam1,p41-boxing-0021/brics-odroid-018_cam1,datasets/gigahands/hand_pose/p41-boxing-0021/rgb_vid/brics-odroid-018_cam1/brics-odroid-018_cam1_1726962101793848.mp4,brics-odroid-018_cam1_1726962101793848.mp4,366,1280,720,932.9070434570312,931.55615234375,603.3852005004883,328.1579303741455,-0.38847121139582264,0.13200790407982246,0.0016350158115263664,-0.001994895058681588
p41,p41-boxing-0021,brics-odroid-019_cam0,p41-boxing-0021/brics-odroid-019_cam0,datasets/gigahands/hand_pose/p41-boxing-0021/rgb_vid/brics-odroid-019_cam0/brics-odroid-019_cam0_1726962101792590.mp4,brics-odroid-019_cam0_1726962101792590.mp4,366,1280,720,926.3590698242188,928.089111328125,646.1726379394531,368.87523651123047,-0.4168348241458457,0.15342862278930663,0.0031414761275108147,0.0014951109661746047
p41,p41-boxing-0021,brics-odroid-019_cam1,p41-boxing-0021/brics-odroid-019_cam1,datasets/gigahands/hand_pose/p41-boxing-0021/rgb_vid/brics-odroid-019_cam1/brics-odroid-019_cam1_1726962101792070.mp4,brics-odroid-019_cam1_1726962101792070.mp4,367,1280,720,920.9256591796875,917.8973999023438,638.9126586914062,331.9606590270996,-0.3984784976311732,0.13949358984958826,-0.00010662210625104163,0.0025280915532711772
p41,p41-boxing-0021,brics-odroid-020_cam0,p41-boxing-0021/brics-odroid-020_cam0,datasets/gigahands/hand_pose/p41-boxing-0021/rgb_vid/brics-odroid-020_cam0/brics-odroid-020_cam0_1726962101790605.mp4,brics-odroid-020_cam0_1726962101790605.mp4,367,1280,720,899.42431640625,889.2589111328125,685.9248352050781,304.39342975616455,-0.34204711504788393,0.09551020599794915,0.0008817625043953267,0.002679690078260598
p41,p41-boxing-0021,brics-odroid-020_cam1,p41-boxing-0021/brics-odroid-020_cam1,datasets/gigahands/hand_pose/p41-boxing-0021/rgb_vid/brics-odroid-020_cam1/brics-odroid-020_cam1_1726962101790890.mp4,brics-odroid-020_cam1_1726962101790890.mp4,367,1280,720,925.8585205078125,921.6965942382812,625.3491973876953,354.81505393981934,-0.3946598364862157,0.1361435431384612,-0.00024055593421963358,0.0007115444569156858
p41,p41-boxing-0021,brics-odroid-021_cam0,p41-boxing-0021/brics-odroid-021_cam0,datasets/gigahands/hand_pose/p41-boxing-0021/rgb_vid/brics-odroid-021_cam0/brics-odroid-021_cam0_1726962101795137.mp4,brics-odroid-021_cam0_1726962101795137.mp4,366,1280,720,938.355224609375,936.9297485351562,611.1704254150391,329.6826696395874,-0.4136600780275338,0.14969404199160669,-0.003234904531865001,0.0023723956201899456
p41,p41-boxing-0021,brics-odroid-021_cam1,p41-boxing-0021/brics-odroid-021_cam1,datasets/gigahands/hand_pose/p41-boxing-0021/rgb_vid/brics-odroid-021_cam1/brics-odroid-021_cam1_1726962101795724.mp4,brics-odroid-021_cam1_1726962101795724.mp4,366,1280,720,920.7830200195312,918.8512573242188,642.5816345214844,362.2698783874512,-0.39156563533820715,0.13168309570786726,0.0019920147214415552,0.000996887605343556
p41,p41-boxing-0021,brics-odroid-022_cam0,p41-boxing-0021/brics-odroid-022_cam0,datasets/gigahands/hand_pose/p41-boxing-0021/rgb_vid/brics-odroid-022_cam0/brics-odroid-022_cam0_1726962101791238.mp4,brics-odroid-022_cam0_1726962101791238.mp4,366,1280,720,916.3121948242188,914.6825561523438,621.2845611572266,334.79968070983887,-0.36883153672517976,0.10328768939289024,-0.002852344679890759,0.00013244124934243772
p41,p41-boxing-0021,brics-odroid-022_cam1,p41-boxing-0021/brics-odroid-022_cam1,datasets/gigahands/hand_pose/p41-boxing-0021/rgb_vid/brics-odroid-022_cam1/brics-odroid-022_cam1_1726962101791891.mp4,brics-odroid-022_cam1_1726962101791891.mp4,367,1280,720,903.016357421875,903.85205078125,628.7003707885742,381.1482095718384,-0.38285123024045603,0.1253048193195531,0.0014185812091165294,0.0005510671459739272
p41,p41-boxing-0021,brics-odroid-023_cam0,p41-boxing-0021/brics-odroid-023_cam0,datasets/gigahands/hand_pose/p41-boxing-0021/rgb_vid/brics-odroid-023_cam0/brics-odroid-023_cam0_1726962101752924.mp4,brics-odroid-023_cam0_1726962101752924.mp4,367,1280,720,914.8876953125,905.2318115234375,639.6891403198242,334.0736389160156,-0.3433318945626385,0.10379930041599342,0.00424913387229851,0.010687499526799375
p41,p41-boxing-0021,brics-odroid-024_cam0,p41-boxing-0021/brics-odroid-024_cam0,datasets/gigahands/hand_pose/p41-boxing-0021/rgb_vid/brics-odroid-024_cam0/brics-odroid-024_cam0_1726962101790325.mp4,brics-odroid-024_cam0_1726962101790325.mp4,366,1280,720,931.895263671875,932.3239135742188,640.01953125,325.4250383377075,-0.40192210604247575,0.15303534162665516,0.0004935809398347433,-0.006780304653671686
p41,p41-boxing-0021,brics-odroid-024_cam1,p41-boxing-0021/brics-odroid-024_cam1,datasets/gigahands/hand_pose/p41-boxing-0021/rgb_vid/brics-odroid-024_cam1/brics-odroid-024_cam1_1726962101794664.mp4,brics-odroid-024_cam1_1726962101794664.mp4,366,1280,720,951.805908203125,953.156982421875,613.4120941162109,391.805419921875,-0.4160348849974509,0.1756344661283254,-0.0009646736913171326,-0.00038768658362464464
p41,p41-boxing-0021,brics-odroid-025_cam0,p41-boxing-0021/brics-odroid-025_cam0,datasets/gigahands/hand_pose/p41-boxing-0021/rgb_vid/brics-odroid-025_cam0/brics-odroid-025_cam0_1726962101792093.mp4,brics-odroid-025_cam0_1726962101792093.mp4,367,1280,720,913.8671264648438,917.3972778320312,666.6793823242188,326.531503200531,-0.3880190160087328,0.13478151904807456,-0.0002676212607697484,-0.002094343439995603
p41,p41-boxing-0021,brics-odroid-025_cam1,p41-boxing-0021/brics-odroid-025_cam1,datasets/gigahands/hand_pose/p41-boxing-0021/rgb_vid/brics-odroid-025_cam1/brics-odroid-025_cam1_1726962101791786.mp4,brics-odroid-025_cam1_1726962101791786.mp4,367,1280,720,879.8726806640625,881.9042358398438,611.2415313720703,336.8298554420471,-0.3832172200061303,0.127309096504403,0.0010462820753360015,0.0040457323669958805
p41,p41-boxing-0021,brics-odroid-026_cam0,p41-boxing-0021/brics-odroid-026_cam0,datasets/gigahands/hand_pose/p41-boxing-0021/rgb_vid/brics-odroid-026_cam0/brics-odroid-026_cam0_1726962101795835.mp4,brics-odroid-026_cam0_1726962101795835.mp4,366,1280,720,921.928466796875,922.3346557617188,667.8852844238281,340.85857629776,-0.40420265559948576,0.14635605512264782,0.0006245964748167589,-0.00022381371919132315
p41,p41-boxing-0021,brics-odroid-026_cam1,p41-boxing-0021/brics-odroid-026_cam1,datasets/gigahands/hand_pose/p41-boxing-0021/rgb_vid/brics-odroid-026_cam1/brics-odroid-026_cam1_1726962101793664.mp4,brics-odroid-026_cam1_1726962101793664.mp4,366,1280,720,927.7942504882812,927.5935668945312,623.895149230957,326.8566298484802,-0.3997476617211163,0.14110587439715852,0.0007270092059287505,-0.0010703442026005693
p41,p41-boxing-0021,brics-odroid-027_cam0,p41-boxing-0021/brics-odroid-027_cam0,datasets/gigahands/hand_pose/p41-boxing-0021/rgb_vid/brics-odroid-027_cam0/brics-odroid-027_cam0_1726962101751713.mp4,brics-odroid-027_cam0_1726962101751713.mp4,367,1280,720,917.4498291015625,915.154296875,635.1963424682617,370.84985733032227,-0.37323785609015003,0.11656370799887368,9.806258044052828e-05,0.00271818610115922
p41,p41-boxing-0021,brics-odroid-027_cam1,p41-boxing-0021/brics-odroid-027_cam1,datasets/gigahands/hand_pose/p41-boxing-0021/rgb_vid/brics-odroid-027_cam1/brics-odroid-027_cam1_1726962101794866.mp4,brics-odroid-027_cam1_1726962101794866.mp4,366,1280,720,919.9989013671875,919.3253784179688,637.5929641723633,348.4815001487732,-0.4011025168599942,0.14181829980988467,-0.00017907514836924002,0.0004825514988329115
p41,p41-boxing-0021,brics-odroid-028_cam0,p41-boxing-0021/brics-odroid-028_cam0,datasets/gigahands/hand_pose/p41-boxing-0021/rgb_vid/brics-odroid-028_cam0/brics-odroid-028_cam0_1726962101794769.mp4,brics-odroid-028_cam0_1726962101794769.mp4,366,1280,720,919.0523071289062,921.2551879882812,634.1523361206055,352.4727988243103,-0.3755649840439221,0.11625547742407048,-0.0007972791982088045,0.0006183783101074984
p41,p41-boxing-0021,brics-odroid-029_cam0,p41-boxing-0021/brics-odroid-029_cam0,datasets/gigahands/hand_pose/p41-boxing-0021/rgb_vid/brics-odroid-029_cam0/brics-odroid-029_cam0_1726962101793779.mp4,brics-odroid-029_cam0_1726962101793779.mp4,366,1280,720,907.9130859375,904.2305297851562,653.2911682128906,335.6834149360657,-0.3949745601266739,0.12665019043976725,-0.00163619294427792,-0.0035567161418857147
p41,p41-boxing-0021,brics-odroid-029_cam1,p41-boxing-0021/brics-odroid-029_cam1,datasets/gigahands/hand_pose/p41-boxing-0021/rgb_vid/brics-odroid-029_cam1/brics-odroid-029_cam1_1726962101792257.mp4,brics-odroid-029_cam1_1726962101792257.mp4,367,1280,720,905.8577270507812,907.6231689453125,664.3782806396484,322.85582542419434,-0.39605667558783714,0.13283154571070743,-0.0014396146830208292,-0.002809347477491485
p41,p41-boxing-0021,brics-odroid-030_cam0,p41-boxing-0021/brics-odroid-030_cam0,datasets/gigahands/hand_pose/p41-boxing-0021/rgb_vid/brics-odroid-030_cam0/brics-odroid-030_cam0_1726962101794726.mp4,brics-odroid-030_cam0_1726962101794726.mp4,366,1280,720,930.9971313476562,934.33935546875,637.9348754882812,303.9714002609253,-0.42760920654179274,0.18802710588040655,0.0018044460179482563,0.0012712223062649169
p41,p41-boxing-0021,brics-odroid-030_cam1,p41-boxing-0021/brics-odroid-030_cam1,datasets/gigahands/hand_pose/p41-boxing-0021/rgb_vid/brics-odroid-030_cam1/brics-odroid-030_cam1_1726962101794249.mp4,brics-odroid-030_cam1_1726962101794249.mp4,367,1280,720,907.0451049804688,909.6337890625,643.7991333007812,359.6045136451721,-0.3826579689737999,0.1233483093087814,0.0002846688729328875,-0.002897305488412841
p41,p41-plant-0004,brics-odroid-001_cam0,p41-plant-0004/brics-odroid-001_cam0,datasets/gigahands/hand_pose/p41-plant-0004/rgb_vid/brics-odroid-001_cam0/brics-odroid-001_cam0_1726963265349585.mp4,brics-odroid-001_cam0_1726963265349585.mp4,174,1280,720,921.6106567382812,919.3624267578125,633.3739471435547,338.67886304855347,-0.3937115229802904,0.13732041569597658,0.003028069136533753,0.0006952013931183503
p41,p41-plant-0004,brics-odroid-001_cam1,p41-plant-0004/brics-odroid-001_cam1,datasets/gigahands/hand_pose/p41-plant-0004/rgb_vid/brics-odroid-001_cam1/brics-odroid-001_cam1_1726963265354849.mp4,brics-odroid-001_cam1_1726963265354849.mp4,174,1280,720,918.3540649414062,916.5333862304688,625.3665161132812,288.3064842224121,-0.38869975775925414,0.13218367913552156,0.0037125840797162294,-0.0008712390307942546
p41,p41-plant-0004,brics-odroid-002_cam0,p41-plant-0004/brics-odroid-002_cam0,datasets/gigahands/hand_pose/p41-plant-0004/rgb_vid/brics-odroid-002_cam0/brics-odroid-002_cam0_1726963265350194.mp4,brics-odroid-002_cam0_1726963265350194.mp4,174,1280,720,940.3406372070312,932.530029296875,670.1333618164062,301.49548530578613,-0.4133612542409651,0.15940145202268866,0.0022339639467365475,-0.003212842191182992
p41,p41-plant-0004,brics-odroid-004_cam0,p41-plant-0004/brics-odroid-004_cam0,datasets/gigahands/hand_pose/p41-plant-0004/rgb_vid/brics-odroid-004_cam0/brics-odroid-004_cam0_1726963265350392.mp4,brics-odroid-004_cam0_1726963265350392.mp4,174,1280,720,975.9902954101562,967.21923828125,620.64697265625,328.07705640792847,-0.3636750652304867,0.12380096310249294,0.002943855976986645,0.019762850409762094
p41,p41-plant-0004,brics-odroid-006_cam0,p41-plant-0004/brics-odroid-006_cam0,datasets/gigahands/hand_pose/p41-plant-0004/rgb_vid/brics-odroid-006_cam0/brics-odroid-006_cam0_1726963265350737.mp4,brics-odroid-006_cam0_1726963265350737.mp4,174,1280,720,919.3837890625,926.6082153320312,687.2677612304688,373.17668437957764,-0.38405358249222077,0.12911259438079084,-0.0009942851036939568,-0.0067217989450539615
p41,p41-plant-0004,brics-odroid-007_cam0,p41-plant-0004/brics-odroid-007_cam0,datasets/gigahands/hand_pose/p41-plant-0004/rgb_vid/brics-odroid-007_cam0/brics-odroid-007_cam0_1726963265350701.mp4,brics-odroid-007_cam0_1726963265350701.mp4,174,1280,720,924.4203491210938,919.0523071289062,666.9746398925781,361.8166923522949,-0.4057114094735548,0.14247953092954224,0.0014169773523534492,-0.0017331576846578928
p41,p41-plant-0004,brics-odroid-007_cam1,p41-plant-0004/brics-odroid-007_cam1,datasets/gigahands/hand_pose/p41-plant-0004/rgb_vid/brics-odroid-007_cam1/brics-odroid-007_cam1_1726963265352165.mp4,brics-odroid-007_cam1_1726963265352165.mp4,174,1280,720,931.3045043945312,931.8587646484375,645.0102233886719,354.1438579559326,-0.4022495719671115,0.13878815614462675,-0.0011469232322341718,-0.003453579040506588
p41,p41-plant-0004,brics-odroid-008_cam0,p41-plant-0004/brics-odroid-008_cam0,datasets/gigahands/hand_pose/p41-plant-0004/rgb_vid/brics-odroid-008_cam0/brics-odroid-008_cam0_1726963265354026.mp4,brics-odroid-008_cam0_1726963265354026.mp4,174,1280,720,919.474365234375,913.9844970703125,653.5253143310547,353.6737632751465,-0.41065524612490883,0.1638607876887913,0.004353760730438294,-0.0002477041030650889
p41,p41-plant-0004,brics-odroid-008_cam1,p41-plant-0004/brics-odroid-008_cam1,datasets/gigahands/hand_pose/p41-plant-0004/rgb_vid/brics-odroid-008_cam1/brics-odroid-008_cam1_1726963265349608.mp4,brics-odroid-008_cam1_1726963265349608.mp4,174,1280,720,942.8668823242188,938.7058715820312,665.0613403320312,316.9718098640442,-0.37201287873285016,0.11183687410888901,0.006882385981309657,-0.007553805745861753
p41,p41-plant-0004,brics-odroid-009_cam0,p41-plant-0004/brics-odroid-009_cam0,datasets/gigahands/hand_pose/p41-plant-0004/rgb_vid/brics-odroid-009_cam0/brics-odroid-009_cam0_1726963265349049.mp4,brics-odroid-009_cam0_1726963265349049.mp4,174,1280,720,949.8104248046875,949.0584716796875,646.026611328125,328.2222819328308,-0.3904076189372426,0.13297801380948565,0.005701875285277544,-0.0012731456457329476
p41,p41-plant-0004,brics-odroid-009_cam1,p41-plant-0004/brics-odroid-009_cam1,datasets/gigahands/hand_pose/p41-plant-0004/rgb_vid/brics-odroid-009_cam1/brics-odroid-009_cam1_1726963265351119.mp4,brics-odroid-009_cam1_1726963265351119.mp4,174,1280,720,931.9349975585938,929.3892822265625,625.7890701293945,312.81891345977783,-0.43067915169367343,0.1979512485943698,0.0007360508401569067,-0.00022842155526070056
p41,p41-plant-0004,brics-odroid-010_cam0,p41-plant-0004/brics-odroid-010_cam0,datasets/gigahands/hand_pose/p41-plant-0004/rgb_vid/brics-odroid-010_cam0/brics-odroid-010_cam0_1726963265351680.mp4,brics-odroid-010_cam0_1726963265351680.mp4,174,1280,720,932.0266723632812,928.0214233398438,653.8478088378906,332.363805770874,-0.3812979573845005,0.12359371191375748,-0.0017241295947976517,-0.0024447094523688115
p41,p41-plant-0004,brics-odroid-010_cam1,p41-plant-0004/brics-odroid-010_cam1,datasets/gigahands/hand_pose/p41-plant-0004/rgb_vid/brics-odroid-010_cam1/brics-odroid-010_cam1_1726963265351063.mp4,brics-odroid-010_cam1_1726963265351063.mp4,174,1280,720,934.1341552734375,931.1641845703125,652.7617645263672,322.8159785270691,-0.3849821414501716,0.14036071391068702,0.0050933987821187915,-0.009334018226842164
p41,p41-plant-0004,brics-odroid-011_cam0,p41-plant-0004/brics-odroid-011_cam0,datasets/gigahands/hand_pose/p41-plant-0004/rgb_vid/brics-odroid-011_cam0/brics-odroid-011_cam0_1726963265351014.mp4,brics-odroid-011_cam0_1726963265351014.mp4,174,1280,720,922.7744140625,922.8363037109375,617.8164672851562,335.306339263916,-0.3731402092747139,0.11924382814112107,-0.001820351087452269,-0.004420538293179963
p41,p41-plant-0004,brics-odroid-012_cam0,p41-plant-0004/brics-odroid-012_cam0,datasets/gigahands/hand_pose/p41-plant-0004/rgb_vid/brics-odroid-012_cam0/brics-odroid-012_cam0_1726963265351776.mp4,brics-odroid-012_cam0_1726963265351776.mp4,174,1280,720,926.4254150390625,923.4918823242188,624.1591644287109,338.7071228027344,-0.398140870802775,0.1518132732744108,-0.001480356285506434,0.000943204433252899
p41,p41-plant-0004,brics-odroid-012_cam1,p41-plant-0004/brics-odroid-012_cam1,datasets/gigahands/hand_pose/p41-plant-0004/rgb_vid/brics-odroid-012_cam1/brics-odroid-012_cam1_1726963265334558.mp4,brics-odroid-012_cam1_1726963265334558.mp4,175,1280,720,926.5147094726562,925.8719482421875,644.9134826660156,370.0826597213745,-0.3832100818263047,0.13223798696253478,0.0015581201219296138,0.000309856454280324
p41,p41-plant-0004,brics-odroid-013_cam0,p41-plant-0004/brics-odroid-013_cam0,datasets/gigahands/hand_pose/p41-plant-0004/rgb_vid/brics-odroid-013_cam0/brics-odroid-013_cam0_1726963265351092.mp4,brics-odroid-013_cam0_1726963265351092.mp4,174,1280,720,924.2977294921875,925.7908935546875,623.7273406982422,334.60561752319336,-0.40644106685661463,0.1482884389289429,-0.0023434988229366193,0.001493874210572294
p41,p41-plant-0004,brics-odroid-013_cam1,p41-plant-0004/brics-odroid-013_cam1,datasets/gigahands/hand_pose/p41-plant-0004/rgb_vid/brics-odroid-013_cam1/brics-odroid-013_cam1_1726963265350152.mp4,brics-odroid-013_cam1_1726963265350152.mp4,174,1280,720,935.2611083984375,938.1834716796875,640.8376312255859,330.4135823249817,-0.3855109593784586,0.12633528133809238,0.0008865465285617544,0.0008587592292439329
p41,p41-plant-0004,brics-odroid-014_cam0,p41-plant-0004/brics-odroid-014_cam0,datasets/gigahands/hand_pose/p41-plant-0004/rgb_vid/brics-odroid-014_cam0/brics-odroid-014_cam0_1726963265354321.mp4,brics-odroid-014_cam0_1726963265354321.mp4,174,1280,720,931.2968139648438,932.8294677734375,651.3050842285156,309.1940689086914,-0.39771348927349215,0.14943662804034016,-0.0017024213308580553,0.002782959459437927
p41,p41-plant-0004,brics-odroid-014_cam1,p41-plant-0004/brics-odroid-014_cam1,datasets/gigahands/hand_pose/p41-plant-0004/rgb_vid/brics-odroid-014_cam1/brics-odroid-014_cam1_1726963265350103.mp4,brics-odroid-014_cam1_1726963265350103.mp4,174,1280,720,922.3148193359375,917.7147216796875,631.9222259521484,325.04729747772217,-0.4258498587022379,0.1889218967943538,0.0019481302751143891,0.000634202218505633
p41,p41-plant-0004,brics-odroid-015_cam0,p41-plant-0004/brics-odroid-015_cam0,datasets/gigahands/hand_pose/p41-plant-0004/rgb_vid/brics-odroid-015_cam0/brics-odroid-015_cam0_1726963265349207.mp4,brics-odroid-015_cam0_1726963265349207.mp4,174,1280,720,914.9793701171875,913.3538818359375,612.7621459960938,356.3930082321167,-0.3813372271429685,0.12345552819747498,-0.0011012558748613864,0.00030254708728941925
p41,p41-plant-0004,brics-odroid-015_cam1,p41-plant-0004/brics-odroid-015_cam1,datasets/gigahands/hand_pose/p41-plant-0004/rgb_vid/brics-odroid-015_cam1/brics-odroid-015_cam1_1726963265354755.mp4,brics-odroid-015_cam1_1726963265354755.mp4,174,1280,720,930.79443359375,925.1754150390625,653.3204650878906,386.0694408416748,-0.38241981186766033,0.12618926576756406,-0.0026648402645025222,-0.0032098505980462664
p41,p41-plant-0004,brics-odroid-016_cam0,p41-plant-0004/brics-odroid-016_cam0,datasets/gigahands/hand_pose/p41-plant-0004/rgb_vid/brics-odroid-016_cam0/brics-odroid-016_cam0_1726963265350597.mp4,brics-odroid-016_cam0_1726963265350597.mp4,174,1280,720,919.8408203125,921.8850708007812,656.5240478515625,284.0085554122925,-0.39464115167745245,0.13684709828651517,0.002119684723952545,-0.0006795210936348245
p41,p41-plant-0004,brics-odroid-017_cam0,p41-plant-0004/brics-odroid-017_cam0,datasets/gigahands/hand_pose/p41-plant-0004/rgb_vid/brics-odroid-017_cam0/brics-odroid-017_cam0_1726963265348611.mp4,brics-odroid-017_cam0_1726963265348611.mp4,174,1280,720,921.894775390625,921.9882202148438,608.491325378418,360.49262523651123,-0.4163212078435631,0.1688331034900507,0.001513407576208821,0.0038306155895171615
p41,p41-plant-0004,brics-odroid-017_cam1,p41-plant-0004/brics-odroid-017_cam1,datasets/gigahands/hand_pose/p41-plant-0004/rgb_vid/brics-odroid-017_cam1/brics-odroid-017_cam1_1726963265352996.mp4,brics-odroid-017_cam1_1726963265352996.mp4,174,1280,720,938.3211669921875,935.3563232421875,620.1540374755859,309.6004128456116,-0.38186061446315445,0.11773297914195069,-0.00020087644025625239,0.0008280795490012449
p41,p41-plant-0004,brics-odroid-018_cam0,p41-plant-0004/brics-odroid-018_cam0,datasets/gigahands/hand_pose/p41-plant-0004/rgb_vid/brics-odroid-018_cam0/brics-odroid-018_cam0_1726963265351268.mp4,brics-odroid-018_cam0_1726963265351268.mp4,174,1280,720,933.364501953125,933.05615234375,637.174072265625,343.703134059906,-0.3838342000657239,0.12138651714534686,0.003817498051686931,0.002260951897213325
p41,p41-plant-0004,brics-odroid-018_cam1,p41-plant-0004/brics-odroid-018_cam1,datasets/gigahands/hand_pose/p41-plant-0004/rgb_vid/brics-odroid-018_cam1/brics-odroid-018_cam1_1726963265352416.mp4,brics-odroid-018_cam1_1726963265352416.mp4,174,1280,720,932.9070434570312,931.55615234375,603.3852005004883,328.1579303741455,-0.38847121139582264,0.13200790407982246,0.0016350158115263664,-0.001994895058681588
p41,p41-plant-0004,brics-odroid-019_cam0,p41-plant-0004/brics-odroid-019_cam0,datasets/gigahands/hand_pose/p41-plant-0004/rgb_vid/brics-odroid-019_cam0/brics-odroid-019_cam0_1726963265351230.mp4,brics-odroid-019_cam0_1726963265351230.mp4,174,1280,720,926.3590698242188,928.089111328125,646.1726379394531,368.87523651123047,-0.4168348241458457,0.15342862278930663,0.0031414761275108147,0.0014951109661746047
p41,p41-plant-0004,brics-odroid-019_cam1,p41-plant-0004/brics-odroid-019_cam1,datasets/gigahands/hand_pose/p41-plant-0004/rgb_vid/brics-odroid-019_cam1/brics-odroid-019_cam1_1726963265351058.mp4,brics-odroid-019_cam1_1726963265351058.mp4,174,1280,720,920.9256591796875,917.8973999023438,638.9126586914062,331.9606590270996,-0.3984784976311732,0.13949358984958826,-0.00010662210625104163,0.0025280915532711772
p41,p41-plant-0004,brics-odroid-020_cam0,p41-plant-0004/brics-odroid-020_cam0,datasets/gigahands/hand_pose/p41-plant-0004/rgb_vid/brics-odroid-020_cam0/brics-odroid-020_cam0_1726963265350849.mp4,brics-odroid-020_cam0_1726963265350849.mp4,174,1280,720,899.42431640625,889.2589111328125,685.9248352050781,304.39342975616455,-0.34204711504788393,0.09551020599794915,0.0008817625043953267,0.002679690078260598
p41,p41-plant-0004,brics-odroid-020_cam1,p41-plant-0004/brics-odroid-020_cam1,datasets/gigahands/hand_pose/p41-plant-0004/rgb_vid/brics-odroid-020_cam1/brics-odroid-020_cam1_1726963265349205.mp4,brics-odroid-020_cam1_1726963265349205.mp4,174,1280,720,925.8585205078125,921.6965942382812,625.3491973876953,354.81505393981934,-0.3946598364862157,0.1361435431384612,-0.00024055593421963358,0.0007115444569156858
p41,p41-plant-0004,brics-odroid-021_cam0,p41-plant-0004/brics-odroid-021_cam0,datasets/gigahands/hand_pose/p41-plant-0004/rgb_vid/brics-odroid-021_cam0/brics-odroid-021_cam0_1726963265352356.mp4,brics-odroid-021_cam0_1726963265352356.mp4,174,1280,720,938.355224609375,936.9297485351562,611.1704254150391,329.6826696395874,-0.4136600780275338,0.14969404199160669,-0.003234904531865001,0.0023723956201899456
p41,p41-plant-0004,brics-odroid-021_cam1,p41-plant-0004/brics-odroid-021_cam1,datasets/gigahands/hand_pose/p41-plant-0004/rgb_vid/brics-odroid-021_cam1/brics-odroid-021_cam1_1726963265351774.mp4,brics-odroid-021_cam1_1726963265351774.mp4,174,1280,720,920.7830200195312,918.8512573242188,642.5816345214844,362.2698783874512,-0.39156563533820715,0.13168309570786726,0.0019920147214415552,0.000996887605343556
p41,p41-plant-0004,brics-odroid-022_cam0,p41-plant-0004/brics-odroid-022_cam0,datasets/gigahands/hand_pose/p41-plant-0004/rgb_vid/brics-odroid-022_cam0/brics-odroid-022_cam0_1726963265348775.mp4,brics-odroid-022_cam0_1726963265348775.mp4,174,1280,720,916.3121948242188,914.6825561523438,621.2845611572266,334.79968070983887,-0.36883153672517976,0.10328768939289024,-0.002852344679890759,0.00013244124934243772
p41,p41-plant-0004,brics-odroid-022_cam1,p41-plant-0004/brics-odroid-022_cam1,datasets/gigahands/hand_pose/p41-plant-0004/rgb_vid/brics-odroid-022_cam1/brics-odroid-022_cam1_1726963265351942.mp4,brics-odroid-022_cam1_1726963265351942.mp4,174,1280,720,903.016357421875,903.85205078125,628.7003707885742,381.1482095718384,-0.38285123024045603,0.1253048193195531,0.0014185812091165294,0.0005510671459739272
p41,p41-plant-0004,brics-odroid-023_cam0,p41-plant-0004/brics-odroid-023_cam0,datasets/gigahands/hand_pose/p41-plant-0004/rgb_vid/brics-odroid-023_cam0/brics-odroid-023_cam0_1726963265350610.mp4,brics-odroid-023_cam0_1726963265350610.mp4,174,1280,720,914.8876953125,905.2318115234375,639.6891403198242,334.0736389160156,-0.3433318945626385,0.10379930041599342,0.00424913387229851,0.010687499526799375
p41,p41-plant-0004,brics-odroid-024_cam0,p41-plant-0004/brics-odroid-024_cam0,datasets/gigahands/hand_pose/p41-plant-0004/rgb_vid/brics-odroid-024_cam0/brics-odroid-024_cam0_1726963265329879.mp4,brics-odroid-024_cam0_1726963265329879.mp4,175,1280,720,931.895263671875,932.3239135742188,640.01953125,325.4250383377075,-0.40192210604247575,0.15303534162665516,0.0004935809398347433,-0.006780304653671686
p41,p41-plant-0004,brics-odroid-024_cam1,p41-plant-0004/brics-odroid-024_cam1,datasets/gigahands/hand_pose/p41-plant-0004/rgb_vid/brics-odroid-024_cam1/brics-odroid-024_cam1_1726963265349483.mp4,brics-odroid-024_cam1_1726963265349483.mp4,174,1280,720,951.805908203125,953.156982421875,613.4120941162109,391.805419921875,-0.4160348849974509,0.1756344661283254,-0.0009646736913171326,-0.00038768658362464464
p41,p41-plant-0004,brics-odroid-025_cam0,p41-plant-0004/brics-odroid-025_cam0,datasets/gigahands/hand_pose/p41-plant-0004/rgb_vid/brics-odroid-025_cam0/brics-odroid-025_cam0_1726963265350564.mp4,brics-odroid-025_cam0_1726963265350564.mp4,174,1280,720,913.8671264648438,917.3972778320312,666.6793823242188,326.531503200531,-0.3880190160087328,0.13478151904807456,-0.0002676212607697484,-0.002094343439995603
p41,p41-plant-0004,brics-odroid-025_cam1,p41-plant-0004/brics-odroid-025_cam1,datasets/gigahands/hand_pose/p41-plant-0004/rgb_vid/brics-odroid-025_cam1/brics-odroid-025_cam1_1726963265352144.mp4,brics-odroid-025_cam1_1726963265352144.mp4,174,1280,720,879.8726806640625,881.9042358398438,611.2415313720703,336.8298554420471,-0.3832172200061303,0.127309096504403,0.0010462820753360015,0.0040457323669958805
p41,p41-plant-0004,brics-odroid-026_cam0,p41-plant-0004/brics-odroid-026_cam0,datasets/gigahands/hand_pose/p41-plant-0004/rgb_vid/brics-odroid-026_cam0/brics-odroid-026_cam0_1726963265352214.mp4,brics-odroid-026_cam0_1726963265352214.mp4,174,1280,720,921.928466796875,922.3346557617188,667.8852844238281,340.85857629776,-0.40420265559948576,0.14635605512264782,0.0006245964748167589,-0.00022381371919132315
p41,p41-plant-0004,brics-odroid-026_cam1,p41-plant-0004/brics-odroid-026_cam1,datasets/gigahands/hand_pose/p41-plant-0004/rgb_vid/brics-odroid-026_cam1/brics-odroid-026_cam1_1726963265352723.mp4,brics-odroid-026_cam1_1726963265352723.mp4,174,1280,720,927.7942504882812,927.5935668945312,623.895149230957,326.8566298484802,-0.3997476617211163,0.14110587439715852,0.0007270092059287505,-0.0010703442026005693
p41,p41-plant-0004,brics-odroid-027_cam0,p41-plant-0004/brics-odroid-027_cam0,datasets/gigahands/hand_pose/p41-plant-0004/rgb_vid/brics-odroid-027_cam0/brics-odroid-027_cam0_1726963265349397.mp4,brics-odroid-027_cam0_1726963265349397.mp4,174,1280,720,917.4498291015625,915.154296875,635.1963424682617,370.84985733032227,-0.37323785609015003,0.11656370799887368,9.806258044052828e-05,0.00271818610115922
p41,p41-plant-0004,brics-odroid-027_cam1,p41-plant-0004/brics-odroid-027_cam1,datasets/gigahands/hand_pose/p41-plant-0004/rgb_vid/brics-odroid-027_cam1/brics-odroid-027_cam1_1726963265349565.mp4,brics-odroid-027_cam1_1726963265349565.mp4,174,1280,720,919.9989013671875,919.3253784179688,637.5929641723633,348.4815001487732,-0.4011025168599942,0.14181829980988467,-0.00017907514836924002,0.0004825514988329115
p41,p41-plant-0004,brics-odroid-028_cam0,p41-plant-0004/brics-odroid-028_cam0,datasets/gigahands/hand_pose/p41-plant-0004/rgb_vid/brics-odroid-028_cam0/brics-odroid-028_cam0_1726963265349758.mp4,brics-odroid-028_cam0_1726963265349758.mp4,174,1280,720,919.0523071289062,921.2551879882812,634.1523361206055,352.4727988243103,-0.3755649840439221,0.11625547742407048,-0.0007972791982088045,0.0006183783101074984
p41,p41-plant-0004,brics-odroid-029_cam0,p41-plant-0004/brics-odroid-029_cam0,datasets/gigahands/hand_pose/p41-plant-0004/rgb_vid/brics-odroid-029_cam0/brics-odroid-029_cam0_1726963265354691.mp4,brics-odroid-029_cam0_1726963265354691.mp4,174,1280,720,907.9130859375,904.2305297851562,653.2911682128906,335.6834149360657,-0.3949745601266739,0.12665019043976725,-0.00163619294427792,-0.0035567161418857147
p41,p41-plant-0004,brics-odroid-029_cam1,p41-plant-0004/brics-odroid-029_cam1,datasets/gigahands/hand_pose/p41-plant-0004/rgb_vid/brics-odroid-029_cam1/brics-odroid-029_cam1_1726963265353555.mp4,brics-odroid-029_cam1_1726963265353555.mp4,174,1280,720,905.8577270507812,907.6231689453125,664.3782806396484,322.85582542419434,-0.39605667558783714,0.13283154571070743,-0.0014396146830208292,-0.002809347477491485
p41,p41-plant-0004,brics-odroid-030_cam0,p41-plant-0004/brics-odroid-030_cam0,datasets/gigahands/hand_pose/p41-plant-0004/rgb_vid/brics-odroid-030_cam0/brics-odroid-030_cam0_1726963265350565.mp4,brics-odroid-030_cam0_1726963265350565.mp4,174,1280,720,930.9971313476562,934.33935546875,637.9348754882812,303.9714002609253,-0.42760920654179274,0.18802710588040655,0.0018044460179482563,0.0012712223062649169
p41,p41-plant-0004,brics-odroid-030_cam1,p41-plant-0004/brics-odroid-030_cam1,datasets/gigahands/hand_pose/p41-plant-0004/rgb_vid/brics-odroid-030_cam1/brics-odroid-030_cam1_1726963265353642.mp4,brics-odroid-030_cam1_1726963265353642.mp4,174,1280,720,907.0451049804688,909.6337890625,643.7991333007812,359.6045136451721,-0.3826579689737999,0.1233483093087814,0.0002846688729328875,-0.002897305488412841
p44,p44-dog-0004,brics-odroid-001_cam0,p44-dog-0004/brics-odroid-001_cam0,datasets/gigahands/hand_pose/p44-dog-0004/rgb_vid/brics-odroid-001_cam0/brics-odroid-001_cam0_1725202053205270.mp4,brics-odroid-001_cam0_1725202053205270.mp4,337,1280,720,931.9666748046875,935.1826171875,670.5307769775391,380.8651399612427,-0.36592643657904705,0.10855180232103151,0.001699029164030879,-0.001138563845147233
p44,p44-dog-0004,brics-odroid-001_cam1,p44-dog-0004/brics-odroid-001_cam1,datasets/gigahands/hand_pose/p44-dog-0004/rgb_vid/brics-odroid-001_cam1/brics-odroid-001_cam1_1725201965164249.mp4,brics-odroid-001_cam1_1725201965164249.mp4,378,1280,720,970.6071166992188,970.9442138671875,610.0424957275391,378.57985496520996,-0.3478329664382894,0.09359924879615579,-0.0045106716908030866,-0.00036357532687601143
p44,p44-dog-0004,brics-odroid-001_cam1,p44-dog-0004/brics-odroid-001_cam1,datasets/gigahands/hand_pose/p44-dog-0004/rgb_vid/brics-odroid-001_cam1/brics-odroid-001_cam1_1725202053202566.mp4,brics-odroid-001_cam1_1725202053202566.mp4,338,1280,720,970.6071166992188,970.9442138671875,610.0424957275391,378.57985496520996,-0.3478329664382894,0.09359924879615579,-0.0045106716908030866,-0.00036357532687601143
p44,p44-dog-0004,brics-odroid-002_cam0,p44-dog-0004/brics-odroid-002_cam0,datasets/gigahands/hand_pose/p44-dog-0004/rgb_vid/brics-odroid-002_cam0/brics-odroid-002_cam0_1725201932586757.mp4,brics-odroid-002_cam0_1725201932586757.mp4,410,1280,720,885.9535522460938,882.357177734375,679.0260314941406,350.5053663253784,-0.38300789092724336,0.1142760849612476,-0.002540514203886184,-0.005864209103811589
p44,p44-dog-0004,brics-odroid-002_cam0,p44-dog-0004/brics-odroid-002_cam0,datasets/gigahands/hand_pose/p44-dog-0004/rgb_vid/brics-odroid-002_cam0/brics-odroid-002_cam0_1725202053202970.mp4,brics-odroid-002_cam0_1725202053202970.mp4,337,1280,720,885.9535522460938,882.357177734375,679.0260314941406,350.5053663253784,-0.38300789092724336,0.1142760849612476,-0.002540514203886184,-0.005864209103811589
p44,p44-dog-0004,brics-odroid-004_cam0,p44-dog-0004/brics-odroid-004_cam0,datasets/gigahands/hand_pose/p44-dog-0004/rgb_vid/brics-odroid-004_cam0/brics-odroid-004_cam0_1725202053204084.mp4,brics-odroid-004_cam0_1725202053204084.mp4,337,1280,720,976.6917114257812,975.635986328125,698.1741333007812,352.06222772598267,-0.3928855232548211,0.13375027970749465,-0.005124117548683511,-0.0054573042455710345
p44,p44-dog-0004,brics-odroid-006_cam0,p44-dog-0004/brics-odroid-006_cam0,datasets/gigahands/hand_pose/p44-dog-0004/rgb_vid/brics-odroid-006_cam0/brics-odroid-006_cam0_1725202053205030.mp4,brics-odroid-006_cam0_1725202053205030.mp4,338,1280,720,899.0169067382812,896.3619384765625,587.8559494018555,380.48774242401123,-0.4436608110948864,0.23858234533295988,-0.003641484995047223,0.007396002853277708
p44,p44-dog-0004,brics-odroid-007_cam0,p44-dog-0004/brics-odroid-007_cam0,datasets/gigahands/hand_pose/p44-dog-0004/rgb_vid/brics-odroid-007_cam0/brics-odroid-007_cam0_1725202053202823.mp4,brics-odroid-007_cam0_1725202053202823.mp4,337,1280,720,932.0321044921875,931.6595458984375,675.9400177001953,387.7471733093262,-0.3775610570888933,0.11884223703383212,-0.004732923738057644,-0.002475668422216622
p44,p44-dog-0004,brics-odroid-007_cam1,p44-dog-0004/brics-odroid-007_cam1,datasets/gigahands/hand_pose/p44-dog-0004/rgb_vid/brics-odroid-007_cam1/brics-odroid-007_cam1_1725202053202970.mp4,brics-odroid-007_cam1_1725202053202970.mp4,338,1280,720,932.87451171875,939.5948486328125,668.4230804443359,377.46495723724365,-0.37202087060811456,0.11515529599281961,-0.0017688297816707995,-0.006076588575042211
p44,p44-dog-0004,brics-odroid-008_cam0,p44-dog-0004/brics-odroid-008_cam0,datasets/gigahands/hand_pose/p44-dog-0004/rgb_vid/brics-odroid-008_cam0/brics-odroid-008_cam0_1725202053207480.mp4,brics-odroid-008_cam0_1725202053207480.mp4,336,1280,720,941.9070434570312,946.5498046875,692.7289581298828,373.2903242111206,-0.37373882386044843,0.11340981880299573,0.002594167072066802,-0.004568630376071531
p44,p44-dog-0004,brics-odroid-008_cam1,p44-dog-0004/brics-odroid-008_cam1,datasets/gigahands/hand_pose/p44-dog-0004/rgb_vid/brics-odroid-008_cam1/brics-odroid-008_cam1_1725202053206178.mp4,brics-odroid-008_cam1_1725202053206178.mp4,337,1280,720,927.9784545898438,923.0689697265625,624.7743606567383,342.38471031188965,-0.3840392951412847,0.12587175885845953,0.0019216109432974651,-0.0019402067853628374
p44,p44-dog-0004,brics-odroid-009_cam0,p44-dog-0004/brics-odroid-009_cam0,datasets/gigahands/hand_pose/p44-dog-0004/rgb_vid/brics-odroid-009_cam0/brics-odroid-009_cam0_1725202053202838.mp4,brics-odroid-009_cam0_1725202053202838.mp4,338,1280,720,928.7517700195312,929.2652587890625,629.4390869140625,340.37131547927856,-0.39855065021466773,0.14580354908451784,0.0033210069302587147,0.0005957432253172162
p44,p44-dog-0004,brics-odroid-009_cam1,p44-dog-0004/brics-odroid-009_cam1,datasets/gigahands/hand_pose/p44-dog-0004/rgb_vid/brics-odroid-009_cam1/brics-odroid-009_cam1_1725202053203954.mp4,brics-odroid-009_cam1_1725202053203954.mp4,337,1280,720,959.593505859375,954.7446899414062,651.1485290527344,308.37170362472534,-0.4001576707009907,0.13642877154947264,0.0002882221457840598,-0.005292331532470809
p44,p44-dog-0004,brics-odroid-010_cam0,p44-dog-0004/brics-odroid-010_cam0,datasets/gigahands/hand_pose/p44-dog-0004/rgb_vid/brics-odroid-010_cam0/brics-odroid-010_cam0_1725202053205432.mp4,brics-odroid-010_cam0_1725202053205432.mp4,337,1280,720,933.870849609375,929.3663330078125,641.8650054931641,326.2760925292969,-0.39804166599084484,0.140237432112326,-0.0012182414609600942,-0.0011730126386145375
p44,p44-dog-0004,brics-odroid-010_cam1,p44-dog-0004/brics-odroid-010_cam1,datasets/gigahands/hand_pose/p44-dog-0004/rgb_vid/brics-odroid-010_cam1/brics-odroid-010_cam1_1725202053205831.mp4,brics-odroid-010_cam1_1725202053205831.mp4,336,1280,720,824.9450073242188,828.9351806640625,708.6177062988281,369.6755647659302,-0.34436957905847193,0.09829599385897358,-0.005750984841644455,-0.007694064866839099
p44,p44-dog-0004,brics-odroid-011_cam0,p44-dog-0004/brics-odroid-011_cam0,datasets/gigahands/hand_pose/p44-dog-0004/rgb_vid/brics-odroid-011_cam0/brics-odroid-011_cam0_1725201904862513.mp4,brics-odroid-011_cam0_1725201904862513.mp4,452,1280,720,938.384765625,938.859619140625,624.1059494018555,350.56403160095215,-0.3667268651614043,0.12155092888922979,-0.0013585520263378619,-0.008320321250412143
p44,p44-dog-0004,brics-odroid-011_cam0,p44-dog-0004/brics-odroid-011_cam0,datasets/gigahands/hand_pose/p44-dog-0004/rgb_vid/brics-odroid-011_cam0/brics-odroid-011_cam0_1725202053205609.mp4,brics-odroid-011_cam0_1725202053205609.mp4,337,1280,720,938.384765625,938.859619140625,624.1059494018555,350.56403160095215,-0.3667268651614043,0.12155092888922979,-0.0013585520263378619,-0.008320321250412143
p44,p44-dog-0004,brics-odroid-012_cam0,p44-dog-0004/brics-odroid-012_cam0,datasets/gigahands/hand_pose/p44-dog-0004/rgb_vid/brics-odroid-012_cam0/brics-odroid-012_cam0_1725202053207384.mp4,brics-odroid-012_cam0_1725202053207384.mp4,337,1280,720,953.7679443359375,955.6708374023438,650.0666809082031,343.18975925445557,-0.38887699233359047,0.13725638452674893,-0.0021115626818311787,-0.0021211814678849627
p44,p44-dog-0004,brics-odroid-012_cam1,p44-dog-0004/brics-odroid-012_cam1,datasets/gigahands/hand_pose/p44-dog-0004/rgb_vid/brics-odroid-012_cam1/brics-odroid-012_cam1_1725202053202233.mp4,brics-odroid-012_cam1_1725202053202233.mp4,338,1280,720,911.3265380859375,914.9212646484375,616.6062164306641,365.73065757751465,-0.3779070291880563,0.12175934471168086,0.0016052734580076626,0.0018670370670268502
p44,p44-dog-0004,brics-odroid-013_cam0,p44-dog-0004/brics-odroid-013_cam0,datasets/gigahands/hand_pose/p44-dog-0004/rgb_vid/brics-odroid-013_cam0/brics-odroid-013_cam0_1725202053204808.mp4,brics-odroid-013_cam0_1725202053204808.mp4,337,1280,720,922.4989624023438,929.1611328125,659.0275573730469,339.8770809173584,-0.41077242012046356,0.16167082410514247,-0.00044609534148030647,-0.001746362528905454
p44,p44-dog-0004,brics-odroid-013_cam1,p44-dog-0004/brics-odroid-013_cam1,datasets/gigahands/hand_pose/p44-dog-0004/rgb_vid/brics-odroid-013_cam1/brics-odroid-013_cam1_1725202053203493.mp4,brics-odroid-013_cam1_1725202053203493.mp4,338,1280,720,921.5771484375,926.74169921875,642.9377746582031,327.9874277114868,-0.38511012622669666,0.11974759506507006,2.924739621933734e-06,0.001822073779283511
p44,p44-dog-0004,brics-odroid-014_cam0,p44-dog-0004/brics-odroid-014_cam0,datasets/gigahands/hand_pose/p44-dog-0004/rgb_vid/brics-odroid-014_cam0/brics-odroid-014_cam0_1725202053205381.mp4,brics-odroid-014_cam0_1725202053205381.mp4,337,1280,720,952.8859252929688,959.3677368164062,689.2095184326172,314.90869760513306,-0.399324846539338,0.15593368178992684,0.0017499593793340296,-0.0033175432114366803
p44,p44-dog-0004,brics-odroid-014_cam1,p44-dog-0004/brics-odroid-014_cam1,datasets/gigahands/hand_pose/p44-dog-0004/rgb_vid/brics-odroid-014_cam1/brics-odroid-014_cam1_1725202053201585.mp4,brics-odroid-014_cam1_1725202053201585.mp4,338,1280,720,940.4672241210938,940.3468017578125,653.6765289306641,337.0584011077881,-0.4065085632884314,0.14993918343695653,0.0004189016617932842,-0.0019842054968213225
p44,p44-dog-0004,brics-odroid-015_cam0,p44-dog-0004/brics-odroid-015_cam0,datasets/gigahands/hand_pose/p44-dog-0004/rgb_vid/brics-odroid-015_cam0/brics-odroid-015_cam0_1725202053203502.mp4,brics-odroid-015_cam0_1725202053203502.mp4,337,1280,720,922.7343139648438,922.703857421875,633.542594909668,355.82433700561523,-0.4019715450670159,0.14145717628048962,-0.0028180791987798006,1.2762694946486688e-05
p44,p44-dog-0004,brics-odroid-015_cam1,p44-dog-0004/brics-odroid-015_cam1,datasets/gigahands/hand_pose/p44-dog-0004/rgb_vid/brics-odroid-015_cam1/brics-odroid-015_cam1_1725202053204578.mp4,brics-odroid-015_cam1_1725202053204578.mp4,338,1280,720,941.9862670898438,941.7184448242188,674.7239685058594,354.0002202987671,-0.3975294246929637,0.15721706778600725,0.003793614827103221,-0.006962929759875937
p44,p44-dog-0004,brics-odroid-016_cam0,p44-dog-0004/brics-odroid-016_cam0,datasets/gigahands/hand_pose/p44-dog-0004/rgb_vid/brics-odroid-016_cam0/brics-odroid-016_cam0_1725202053202956.mp4,brics-odroid-016_cam0_1725202053202956.mp4,338,1280,720,986.6185302734375,991.3124389648438,670.7192230224609,337.4772119522095,-0.3409788892523147,0.02725756374872055,-0.013279308783971879,-0.00154686905327833
p44,p44-dog-0004,brics-odroid-017_cam0,p44-dog-0004/brics-odroid-017_cam0,datasets/gigahands/hand_pose/p44-dog-0004/rgb_vid/brics-odroid-017_cam0/brics-odroid-017_cam0_1725202053206438.mp4,brics-odroid-017_cam0_1725202053206438.mp4,337,1280,720,917.8668823242188,918.12890625,620.8766937255859,409.426589012146,-0.40561459265647964,0.15702868057093342,-0.005586229206451778,0.0024876192030536862
p44,p44-dog-0004,brics-odroid-017_cam1,p44-dog-0004/brics-odroid-017_cam1,datasets/gigahands/hand_pose/p44-dog-0004/rgb_vid/brics-odroid-017_cam1/brics-odroid-017_cam1_1725202053172744.mp4,brics-odroid-017_cam1_1725202053172744.mp4,338,1280,720,931.6610717773438,929.88916015625,618.2506561279297,367.6295328140259,-0.38540756917771357,0.1278406722106328,-0.007350037990070833,0.0011120173196342933
p44,p44-dog-0004,brics-odroid-018_cam0,p44-dog-0004/brics-odroid-018_cam0,datasets/gigahands/hand_pose/p44-dog-0004/rgb_vid/brics-odroid-018_cam0/brics-odroid-018_cam0_1725202053207633.mp4,brics-odroid-018_cam0_1725202053207633.mp4,337,1280,720,969.103515625,965.899169921875,676.2515258789062,325.4240942001343,-0.34063386138629165,0.03262119351396566,0.0038927385923578704,0.00326700745968914
p44,p44-dog-0004,brics-odroid-018_cam1,p44-dog-0004/brics-odroid-018_cam1,datasets/gigahands/hand_pose/p44-dog-0004/rgb_vid/brics-odroid-018_cam1/brics-odroid-018_cam1_1725202053206244.mp4,brics-odroid-018_cam1_1725202053206244.mp4,336,1280,720,1017.0402221679688,1012.888671875,574.7541427612305,285.3808379173279,-0.365000161865796,0.12769784595770622,0.004904607160884111,-0.005825911251372641
p44,p44-dog-0004,brics-odroid-019_cam0,p44-dog-0004/brics-odroid-019_cam0,datasets/gigahands/hand_pose/p44-dog-0004/rgb_vid/brics-odroid-019_cam0/brics-odroid-019_cam0_1725202053173298.mp4,brics-odroid-019_cam0_1725202053173298.mp4,338,1280,720,941.5704345703125,942.9691162109375,615.7120513916016,386.4604425430298,-0.4069078562697338,0.15529629960645655,0.0008303426001643285,0.008108285086417531
p44,p44-dog-0004,brics-odroid-019_cam1,p44-dog-0004/brics-odroid-019_cam1,datasets/gigahands/hand_pose/p44-dog-0004/rgb_vid/brics-odroid-019_cam1/brics-odroid-019_cam1_1725202053205326.mp4,brics-odroid-019_cam1_1725202053205326.mp4,338,1280,720,958.9928588867188,956.706787109375,637.6643753051758,345.32029151916504,-0.3936809753166856,0.14875168445933018,-0.001118846881110674,0.007573621776568516
p44,p44-dog-0004,brics-odroid-020_cam0,p44-dog-0004/brics-odroid-020_cam0,datasets/gigahands/hand_pose/p44-dog-0004/rgb_vid/brics-odroid-020_cam0/brics-odroid-020_cam0_1725202053202151.mp4,brics-odroid-020_cam0_1725202053202151.mp4,338,1280,720,931.864013671875,929.7356567382812,681.0539245605469,287.29724407196045,-0.39225809981154997,0.12449878439517902,0.0015782519139273957,-0.003570180596275908
p44,p44-dog-0004,brics-odroid-020_cam1,p44-dog-0004/brics-odroid-020_cam1,datasets/gigahands/hand_pose/p44-dog-0004/rgb_vid/brics-odroid-020_cam1/brics-odroid-020_cam1_1725202053203666.mp4,brics-odroid-020_cam1_1725202053203666.mp4,337,1280,720,945.5619506835938,944.9210205078125,650.4307556152344,333.8037657737732,-0.42044041901239426,0.18235376277650733,0.001682258802777096,-0.002355916269683112
p44,p44-dog-0004,brics-odroid-021_cam0,p44-dog-0004/brics-odroid-021_cam0,datasets/gigahands/hand_pose/p44-dog-0004/rgb_vid/brics-odroid-021_cam0/brics-odroid-021_cam0_1725202053207678.mp4,brics-odroid-021_cam0_1725202053207678.mp4,337,1280,720,920.0050048828125,920.733154296875,628.6403656005859,334.26280975341797,-0.38810521937317877,0.12790676790710634,-0.0032426741410801615,0.0015753685801882444
p44,p44-dog-0004,brics-odroid-021_cam1,p44-dog-0004/brics-odroid-021_cam1,datasets/gigahands/hand_pose/p44-dog-0004/rgb_vid/brics-odroid-021_cam1/brics-odroid-021_cam1_1725202053206513.mp4,brics-odroid-021_cam1_1725202053206513.mp4,337,1280,720,920.71630859375,923.4461059570312,640.8912658691406,376.2822961807251,-0.3811283348106338,0.12143042747585281,-0.0007178098325782958,0.0015043379083169825
p44,p44-dog-0004,brics-odroid-022_cam0,p44-dog-0004/brics-odroid-022_cam0,datasets/gigahands/hand_pose/p44-dog-0004/rgb_vid/brics-odroid-022_cam0/brics-odroid-022_cam0_1725202053204377.mp4,brics-odroid-022_cam0_1725202053204377.mp4,337,1280,720,909.5492553710938,912.8909301757812,656.1916351318359,311.4992022514343,-0.3687237711737371,0.11723790509215348,-0.00022214057813559442,-0.005527418591052586
p44,p44-dog-0004,brics-odroid-022_cam1,p44-dog-0004/brics-odroid-022_cam1,datasets/gigahands/hand_pose/p44-dog-0004/rgb_vid/brics-odroid-022_cam1/brics-odroid-022_cam1_1725202053203081.mp4,brics-odroid-022_cam1_1725202053203081.mp4,338,1280,720,900.3135375976562,903.8128051757812,656.4004516601562,353.4234380722046,-0.37039254731295446,0.1061264426987515,0.0022405978793920748,-0.003170806502288457
p44,p44-dog-0004,brics-odroid-023_cam0,p44-dog-0004/brics-odroid-023_cam0,datasets/gigahands/hand_pose/p44-dog-0004/rgb_vid/brics-odroid-023_cam0/brics-odroid-023_cam0_1725202053208212.mp4,brics-odroid-023_cam0_1725202053208212.mp4,337,1280,720,901.9224243164062,881.418212890625,655.8317565917969,295.059449672699,-0.35413577534832463,0.10346330962611211,0.0065472989588508165,0.004953372514810191
p44,p44-dog-0004,brics-odroid-024_cam0,p44-dog-0004/brics-odroid-024_cam0,datasets/gigahands/hand_pose/p44-dog-0004/rgb_vid/brics-odroid-024_cam0/brics-odroid-024_cam0_1725202053207884.mp4,brics-odroid-024_cam0_1725202053207884.mp4,337,1280,720,892.5274658203125,891.990478515625,628.4254837036133,315.03729343414307,-0.37326648612817376,0.11558613264538922,0.001290661407192993,-0.0020149678837004205
p44,p44-dog-0004,brics-odroid-024_cam1,p44-dog-0004/brics-odroid-024_cam1,datasets/gigahands/hand_pose/p44-dog-0004/rgb_vid/brics-odroid-024_cam1/brics-odroid-024_cam1_1725202053208288.mp4,brics-odroid-024_cam1_1725202053208288.mp4,337,1280,720,920.3408203125,924.031005859375,642.7581787109375,368.7226724624634,-0.3665815943160847,0.1110865183304827,0.0005940311862465735,-0.0028000581790394467
p44,p44-dog-0004,brics-odroid-025_cam0,p44-dog-0004/brics-odroid-025_cam0,datasets/gigahands/hand_pose/p44-dog-0004/rgb_vid/brics-odroid-025_cam0/brics-odroid-025_cam0_1725202053236715.mp4,brics-odroid-025_cam0_1725202053236715.mp4,337,1280,720,903.5650634765625,908.6932983398438,600.8557891845703,321.66494607925415,-0.39218403993219825,0.13319246388631728,-4.500490953449227e-05,0.005650827089538621
p44,p44-dog-0004,brics-odroid-025_cam1,p44-dog-0004/brics-odroid-025_cam1,datasets/gigahands/hand_pose/p44-dog-0004/rgb_vid/brics-odroid-025_cam1/brics-odroid-025_cam1_1725202053207864.mp4,brics-odroid-025_cam1_1725202053207864.mp4,337,1280,720,894.81884765625,895.2319946289062,631.515998840332,359.03167963027954,-0.38060059887175574,0.11402958078451556,-0.0032037575301761758,-0.0004634816829728745
p44,p44-dog-0004,brics-odroid-026_cam0,p44-dog-0004/brics-odroid-026_cam0,datasets/gigahands/hand_pose/p44-dog-0004/rgb_vid/brics-odroid-026_cam0/brics-odroid-026_cam0_1725202053202472.mp4,brics-odroid-026_cam0_1725202053202472.mp4,337,1280,720,895.2032470703125,899.1801147460938,631.7919158935547,356.1080074310303,-0.39527402819689633,0.1446602562737179,-0.002968829209846935,0.002774757506855867
p44,p44-dog-0004,brics-odroid-026_cam1,p44-dog-0004/brics-odroid-026_cam1,datasets/gigahands/hand_pose/p44-dog-0004/rgb_vid/brics-odroid-026_cam1/brics-odroid-026_cam1_1725202053208122.mp4,brics-odroid-026_cam1_1725202053208122.mp4,337,1280,720,935.5433349609375,939.685302734375,660.6739807128906,326.1479902267456,-0.3943732534349086,0.14594572615523643,0.004329185391759245,-0.004898695021962528
p44,p44-dog-0004,brics-odroid-027_cam0,p44-dog-0004/brics-odroid-027_cam0,datasets/gigahands/hand_pose/p44-dog-0004/rgb_vid/brics-odroid-027_cam0/brics-odroid-027_cam0_1725202053207844.mp4,brics-odroid-027_cam0_1725202053207844.mp4,337,1280,720,920.3504638671875,917.961181640625,666.9508361816406,398.91833782196045,-0.3828764423835517,0.11221163261604322,-0.0034202655072506994,-0.00467843768790932
p44,p44-dog-0004,brics-odroid-027_cam1,p44-dog-0004/brics-odroid-027_cam1,datasets/gigahands/hand_pose/p44-dog-0004/rgb_vid/brics-odroid-027_cam1/brics-odroid-027_cam1_1725202053205951.mp4,brics-odroid-027_cam1_1725202053205951.mp4,337,1280,720,919.9456176757812,924.71630859375,654.2324066162109,355.7777953147888,-0.3955113849756968,0.13581292786469293,-0.001872279740734886,-0.0008899852699025722
p44,p44-dog-0004,brics-odroid-028_cam0,p44-dog-0004/brics-odroid-028_cam0,datasets/gigahands/hand_pose/p44-dog-0004/rgb_vid/brics-odroid-028_cam0/brics-odroid-028_cam0_1725202053202777.mp4,brics-odroid-028_cam0_1725202053202777.mp4,338,1280,720,857.6828002929688,859.202392578125,725.7297515869141,366.5015459060669,-0.27766915584597374,0.09710645841148435,-0.011180346442261044,-0.0304044520069727
p44,p44-dog-0004,brics-odroid-029_cam0,p44-dog-0004/brics-odroid-029_cam0,datasets/gigahands/hand_pose/p44-dog-0004/rgb_vid/brics-odroid-029_cam0/brics-odroid-029_cam0_1725202053207935.mp4,brics-odroid-029_cam0_1725202053207935.mp4,337,1280,720,919.4959716796875,921.8594360351562,649.7657775878906,352.9604458808899,-0.39259027422741616,0.12765811682177836,-0.00299888036072559,-0.0031446184273212266
p44,p44-dog-0004,brics-odroid-029_cam1,p44-dog-0004/brics-odroid-029_cam1,datasets/gigahands/hand_pose/p44-dog-0004/rgb_vid/brics-odroid-029_cam1/brics-odroid-029_cam1_1725202053201946.mp4,brics-odroid-029_cam1_1725202053201946.mp4,338,1280,720,927.1407470703125,927.0341186523438,624.1518020629883,334.70998764038086,-0.3969096837544972,0.1438691840927313,-0.0042311457138075066,0.0028492512667720985
p44,p44-dog-0004,brics-odroid-030_cam0,p44-dog-0004/brics-odroid-030_cam0,datasets/gigahands/hand_pose/p44-dog-0004/rgb_vid/brics-odroid-030_cam0/brics-odroid-030_cam0_1725202053202154.mp4,brics-odroid-030_cam0_1725202053202154.mp4,338,1280,720,945.35595703125,956.49755859375,663.6955261230469,298.351571559906,-0.44166343452357687,0.20826132480183165,0.005778024349056156,-0.0030531866558656134
p44,p44-dog-0004,brics-odroid-030_cam1,p44-dog-0004/brics-odroid-030_cam1,datasets/gigahands/hand_pose/p44-dog-0004/rgb_vid/brics-odroid-030_cam1/brics-odroid-030_cam1_1725202053170615.mp4,brics-odroid-030_cam1_1725202053170615.mp4,338,1280,720,916.5215454101562,929.8849487304688,646.1476135253906,320.0823140144348,-0.36518810076032254,0.11100286171022765,0.002781099015248972,-0.004316669999499622
p52,p52-instrument-0034,brics-odroid-001_cam0,p52-instrument-0034/brics-odroid-001_cam0,datasets/gigahands/hand_pose/p52-instrument-0034/rgb_vid/brics-odroid-001_cam0/brics-odroid-001_cam0_1726248089323148.mp4,brics-odroid-001_cam0_1726248089323148.mp4,166,1280,720,919.0155639648438,912.997314453125,635.7270050048828,335.80649614334106,-0.3993197911039142,0.14039354014284913,0.003490550913084711,-0.00020735472732821746
p52,p52-instrument-0034,brics-odroid-001_cam1,p52-instrument-0034/brics-odroid-001_cam1,datasets/gigahands/hand_pose/p52-instrument-0034/rgb_vid/brics-odroid-001_cam1/brics-odroid-001_cam1_1726248229960669.mp4,brics-odroid-001_cam1_1726248229960669.mp4,191,1280,720,907.9632568359375,904.1936645507812,654.2092132568359,279.79214429855347,-0.3746396549046697,0.12060150272756892,0.0050896283885345,-0.003847723828244439
p52,p52-instrument-0034,brics-odroid-002_cam0,p52-instrument-0034/brics-odroid-002_cam0,datasets/gigahands/hand_pose/p52-instrument-0034/rgb_vid/brics-odroid-002_cam0/brics-odroid-002_cam0_1726248075916486.mp4,brics-odroid-002_cam0_1726248075916486.mp4,139,1280,720,931.7862548828125,924.3668823242188,655.8716583251953,293.9609456062317,-0.41718440060904305,0.1565119025626004,0.0038477276274310394,-0.00394308910736642
p52,p52-instrument-0034,brics-odroid-004_cam0,p52-instrument-0034/brics-odroid-004_cam0,datasets/gigahands/hand_pose/p52-instrument-0034/rgb_vid/brics-odroid-004_cam0/brics-odroid-004_cam0_1726248089342253.mp4,brics-odroid-004_cam0_1726248089342253.mp4,165,1280,720,940.0447998046875,928.484375,639.0702056884766,322.74227142333984,-0.35098376912634577,0.10695121396982268,-2.4146838607788896e-05,0.011184670328252357
p52,p52-instrument-0034,brics-odroid-006_cam0,p52-instrument-0034/brics-odroid-006_cam0,datasets/gigahands/hand_pose/p52-instrument-0034/rgb_vid/brics-odroid-006_cam0/brics-odroid-006_cam0_1726248089322644.mp4,brics-odroid-006_cam0_1726248089322644.mp4,166,1280,720,914.7285766601562,922.5438842773438,703.9595031738281,366.71238899230957,-0.3779192198044568,0.12046721900946959,-0.0006520365959735913,-0.006510153615279409
p52,p52-instrument-0034,brics-odroid-007_cam0,p52-instrument-0034/brics-odroid-007_cam0,datasets/gigahands/hand_pose/p52-instrument-0034/rgb_vid/brics-odroid-007_cam0/brics-odroid-007_cam0_1726248075919485.mp4,brics-odroid-007_cam0_1726248075919485.mp4,139,1280,720,919.0001831054688,911.9093627929688,645.091552734375,348.02767038345337,-0.3910907296416324,0.12420228308370947,0.004540095851180838,0.0006749169087514971
p52,p52-instrument-0034,brics-odroid-007_cam1,p52-instrument-0034/brics-odroid-007_cam1,datasets/gigahands/hand_pose/p52-instrument-0034/rgb_vid/brics-odroid-007_cam1/brics-odroid-007_cam1_1726248075916352.mp4,brics-odroid-007_cam1_1726248075916352.mp4,139,1280,720,945.9033813476562,943.1841430664062,643.4779357910156,336.3803815841675,-0.41330364418895216,0.1582542779099586,0.000913607588575647,-0.003710962571159231
p52,p52-instrument-0034,brics-odroid-008_cam0,p52-instrument-0034/brics-odroid-008_cam0,datasets/gigahands/hand_pose/p52-instrument-0034/rgb_vid/brics-odroid-008_cam0/brics-odroid-008_cam0_1726248089322543.mp4,brics-odroid-008_cam0_1726248089322543.mp4,167,1280,720,948.404296875,945.42724609375,672.8056335449219,340.6128001213074,-0.41455333562194213,0.19070271399470182,0.008423635882926508,-0.002842228907339538
p52,p52-instrument-0034,brics-odroid-008_cam1,p52-instrument-0034/brics-odroid-008_cam1,datasets/gigahands/hand_pose/p52-instrument-0034/rgb_vid/brics-odroid-008_cam1/brics-odroid-008_cam1_1726248089342386.mp4,brics-odroid-008_cam1_1726248089342386.mp4,165,1280,720,938.0556640625,932.3248901367188,630.507698059082,336.68123960494995,-0.3956619130894939,0.13428467336413916,0.0010344450392994965,-0.0025014572803293304
p52,p52-instrument-0034,brics-odroid-009_cam0,p52-instrument-0034/brics-odroid-009_cam0,datasets/gigahands/hand_pose/p52-instrument-0034/rgb_vid/brics-odroid-009_cam0/brics-odroid-009_cam0_1726248089324678.mp4,brics-odroid-009_cam0_1726248089324678.mp4,166,1280,720,944.400146484375,937.4149169921875,629.2102813720703,312.9386258125305,-0.3956961214763334,0.1426373189042343,0.006479404936485392,0.0006068805783442875
p52,p52-instrument-0034,brics-odroid-009_cam1,p52-instrument-0034/brics-odroid-009_cam1,datasets/gigahands/hand_pose/p52-instrument-0034/rgb_vid/brics-odroid-009_cam1/brics-odroid-009_cam1_1726248089323255.mp4,brics-odroid-009_cam1_1726248089323255.mp4,166,1280,720,931.93994140625,925.9121704101562,624.811897277832,312.09583282470703,-0.4055507729180534,0.1494252564319995,-2.1136117622392873e-05,-0.0008883322107733843
p52,p52-instrument-0034,brics-odroid-010_cam0,p52-instrument-0034/brics-odroid-010_cam0,datasets/gigahands/hand_pose/p52-instrument-0034/rgb_vid/brics-odroid-010_cam0/brics-odroid-010_cam0_1726248089342000.mp4,brics-odroid-010_cam0_1726248089342000.mp4,166,1280,720,922.9335327148438,915.2575073242188,641.1907958984375,335.98764181137085,-0.3984885667831425,0.1384287019550653,-0.0006873367571701662,0.0006003966607648098
p52,p52-instrument-0034,brics-odroid-010_cam1,p52-instrument-0034/brics-odroid-010_cam1,datasets/gigahands/hand_pose/p52-instrument-0034/rgb_vid/brics-odroid-010_cam1/brics-odroid-010_cam1_1726248089324827.mp4,brics-odroid-010_cam1_1726248089324827.mp4,166,1280,720,926.759765625,924.0516967773438,657.5921630859375,312.8022837638855,-0.40241189910670433,0.14926886088699404,0.006077830607012413,-0.004764161749190109
p52,p52-instrument-0034,brics-odroid-011_cam0,p52-instrument-0034/brics-odroid-011_cam0,datasets/gigahands/hand_pose/p52-instrument-0034/rgb_vid/brics-odroid-011_cam0/brics-odroid-011_cam0_1726248089342746.mp4,brics-odroid-011_cam0_1726248089342746.mp4,165,1280,720,905.92041015625,903.046630859375,617.8012847900391,337.64681339263916,-0.37787799379150355,0.12009261396777844,-0.00028096432794701473,-0.0034574671040602982
p52,p52-instrument-0034,brics-odroid-012_cam0,p52-instrument-0034/brics-odroid-012_cam0,datasets/gigahands/hand_pose/p52-instrument-0034/rgb_vid/brics-odroid-012_cam0/brics-odroid-012_cam0_1726248089343649.mp4,brics-odroid-012_cam0_1726248089343649.mp4,166,1280,720,917.9967041015625,913.4425048828125,610.300407409668,338.1447172164917,-0.4010276869730683,0.15089209461302902,-0.0014509073775366736,0.001370153837006254
p52,p52-instrument-0034,brics-odroid-012_cam1,p52-instrument-0034/brics-odroid-012_cam1,datasets/gigahands/hand_pose/p52-instrument-0034/rgb_vid/brics-odroid-012_cam1/brics-odroid-012_cam1_1726248075898880.mp4,brics-odroid-012_cam1_1726248075898880.mp4,139,1280,720,919.386962890625,916.0771484375,662.5978088378906,377.63477325439453,-0.37115317764892153,0.10800423491951243,0.0003070686441173912,-0.0025617705153474866
p52,p52-instrument-0034,brics-odroid-013_cam0,p52-instrument-0034/brics-odroid-013_cam0,datasets/gigahands/hand_pose/p52-instrument-0034/rgb_vid/brics-odroid-013_cam0/brics-odroid-013_cam0_1726248089341861.mp4,brics-odroid-013_cam0_1726248089341861.mp4,166,1280,720,915.415283203125,914.1321411132812,626.0499954223633,331.3851857185364,-0.4132271549390442,0.15707849018850206,-0.0022713885797056577,0.0013247532578517342
p52,p52-instrument-0034,brics-odroid-013_cam1,p52-instrument-0034/brics-odroid-013_cam1,datasets/gigahands/hand_pose/p52-instrument-0034/rgb_vid/brics-odroid-013_cam1/brics-odroid-013_cam1_1726248075898083.mp4,brics-odroid-013_cam1_1726248075898083.mp4,140,1280,720,910.5880737304688,912.9522705078125,633.2953643798828,340.31121253967285,-0.37618636704861275,0.11628327946760039,-0.0016984764502636256,0.0013629224888322719
p52,p52-instrument-0034,brics-odroid-014_cam0,p52-instrument-0034/brics-odroid-014_cam0,datasets/gigahands/hand_pose/p52-instrument-0034/rgb_vid/brics-odroid-014_cam0/brics-odroid-014_cam0_1726248075899859.mp4,brics-odroid-014_cam0_1726248075899859.mp4,139,1280,720,915.38720703125,914.1709594726562,644.18701171875,310.3316903114319,-0.40185346254127396,0.14991301755582456,-0.002071683399187733,0.0034645391490530594
p52,p52-instrument-0034,brics-odroid-014_cam1,p52-instrument-0034/brics-odroid-014_cam1,datasets/gigahands/hand_pose/p52-instrument-0034/rgb_vid/brics-odroid-014_cam1/brics-odroid-014_cam1_1726248089324979.mp4,brics-odroid-014_cam1_1726248089324979.mp4,166,1280,720,909.0056762695312,902.9422607421875,635.4926681518555,331.9034743309021,-0.4180721101133682,0.17668973105638927,0.0009765134754770583,0.0001506257120176221
p52,p52-instrument-0034,brics-odroid-015_cam0,p52-instrument-0034/brics-odroid-015_cam0,datasets/gigahands/hand_pose/p52-instrument-0034/rgb_vid/brics-odroid-015_cam0/brics-odroid-015_cam0_1726248089324206.mp4,brics-odroid-015_cam0_1726248089324206.mp4,166,1280,720,934.6788330078125,926.6787109375,634.0142059326172,329.58218336105347,-0.3964401009090971,0.14495832560540994,0.002189865244718709,-0.000126080408287979
p52,p52-instrument-0034,brics-odroid-015_cam1,p52-instrument-0034/brics-odroid-015_cam1,datasets/gigahands/hand_pose/p52-instrument-0034/rgb_vid/brics-odroid-015_cam1/brics-odroid-015_cam1_1726248075916814.mp4,brics-odroid-015_cam1_1726248075916814.mp4,139,1280,720,908.3609008789062,900.9365844726562,643.3808135986328,375.45703411102295,-0.38089101864771663,0.11846273964072028,-0.0015155815828406577,0.0003580634606333928
p52,p52-instrument-0034,brics-odroid-016_cam0,p52-instrument-0034/brics-odroid-016_cam0,datasets/gigahands/hand_pose/p52-instrument-0034/rgb_vid/brics-odroid-016_cam0/brics-odroid-016_cam0_1726248075899055.mp4,brics-odroid-016_cam0_1726248075899055.mp4,139,1280,720,924.8901977539062,922.0997924804688,657.0854187011719,295.8845829963684,-0.4008745855994629,0.14194473622412634,0.0017391594901326874,-0.0004455808970591834
p52,p52-instrument-0034,brics-odroid-017_cam0,p52-instrument-0034/brics-odroid-017_cam0,datasets/gigahands/hand_pose/p52-instrument-0034/rgb_vid/brics-odroid-017_cam0/brics-odroid-017_cam0_1726248089342664.mp4,brics-odroid-017_cam0_1726248089342664.mp4,165,1280,720,910.3660888671875,906.3046875,600.0844192504883,364.6549415588379,-0.41736473845024447,0.17119901650563282,0.0027120461038557813,0.004552602853793077
p52,p52-instrument-0034,brics-odroid-017_cam1,p52-instrument-0034/brics-odroid-017_cam1,datasets/gigahands/hand_pose/p52-instrument-0034/rgb_vid/brics-odroid-017_cam1/brics-odroid-017_cam1_1726248089341882.mp4,brics-odroid-017_cam1_1726248089341882.mp4,165,1280,720,928.9606323242188,923.356689453125,617.9824829101562,307.59920597076416,-0.4003617475695833,0.1391018640152575,0.0005384084511033631,0.00010514221640674638
p52,p52-instrument-0034,brics-odroid-018_cam0,p52-instrument-0034/brics-odroid-018_cam0,datasets/gigahands/hand_pose/p52-instrument-0034/rgb_vid/brics-odroid-018_cam0/brics-odroid-018_cam0_1726248089324364.mp4,brics-odroid-018_cam0_1726248089324364.mp4,166,1280,720,913.64208984375,911.0062255859375,646.9474792480469,354.955837726593,-0.39417148156533366,0.13368481433540236,0.0006291085830717994,-0.0014369082223949835
p52,p52-instrument-0034,brics-odroid-018_cam1,p52-instrument-0034/brics-odroid-018_cam1,datasets/gigahands/hand_pose/p52-instrument-0034/rgb_vid/brics-odroid-018_cam1/brics-odroid-018_cam1_1726248089323054.mp4,brics-odroid-018_cam1_1726248089323054.mp4,166,1280,720,926.2606811523438,921.6882934570312,608.2300567626953,325.7762360572815,-0.39840884880921673,0.13730891745327556,0.000939818967066951,-0.0005253454071887672
p52,p52-instrument-0034,brics-odroid-019_cam0,p52-instrument-0034/brics-odroid-019_cam0,datasets/gigahands/hand_pose/p52-instrument-0034/rgb_vid/brics-odroid-019_cam0/brics-odroid-019_cam0_1726248075898577.mp4,brics-odroid-019_cam0_1726248075898577.mp4,139,1280,720,929.1569213867188,926.7723999023438,647.4400329589844,365.0028991699219,-0.4223655860270922,0.15978734202691658,0.003227452359737909,0.0013334004791938912
p52,p52-instrument-0034,brics-odroid-019_cam1,p52-instrument-0034/brics-odroid-019_cam1,datasets/gigahands/hand_pose/p52-instrument-0034/rgb_vid/brics-odroid-019_cam1/brics-odroid-019_cam1_1726248089324327.mp4,brics-odroid-019_cam1_1726248089324327.mp4,166,1280,720,907.7446899414062,899.4195556640625,637.2684860229492,328.0527663230896,-0.38904180348710304,0.1304850880008869,0.0007040586086497957,0.0028758625139504125
p52,p52-instrument-0034,brics-odroid-020_cam0,p52-instrument-0034/brics-odroid-020_cam0,datasets/gigahands/hand_pose/p52-instrument-0034/rgb_vid/brics-odroid-020_cam0/brics-odroid-020_cam0_1726248089342118.mp4,brics-odroid-020_cam0_1726248089342118.mp4,166,1280,720,903.8361206054688,894.0989990234375,631.2876129150391,318.4504795074463,-0.38427833570007464,0.1265397670198882,-0.0002680127498479081,0.0017453256979023022
p52,p52-instrument-0034,brics-odroid-020_cam1,p52-instrument-0034/brics-odroid-020_cam1,datasets/gigahands/hand_pose/p52-instrument-0034/rgb_vid/brics-odroid-020_cam1/brics-odroid-020_cam1_1726248089324791.mp4,brics-odroid-020_cam1_1726248089324791.mp4,166,1280,720,915.9207153320312,909.5924072265625,641.5613555908203,338.5292601585388,-0.4039675168393497,0.14979929960276456,0.00164342968763217,-0.0009512172778011239
p52,p52-instrument-0034,brics-odroid-021_cam0,p52-instrument-0034/brics-odroid-021_cam0,datasets/gigahands/hand_pose/p52-instrument-0034/rgb_vid/brics-odroid-021_cam0/brics-odroid-021_cam0_1726248075919118.mp4,brics-odroid-021_cam0_1726248075919118.mp4,139,1280,720,925.3299560546875,921.1654663085938,624.3373489379883,314.3892502784729,-0.4097446889613453,0.14345617839774658,0.0007002579647031161,0.00019288810879037753
p52,p52-instrument-0034,brics-odroid-021_cam1,p52-instrument-0034/brics-odroid-021_cam1,datasets/gigahands/hand_pose/p52-instrument-0034/rgb_vid/brics-odroid-021_cam1/brics-odroid-021_cam1_1726248089342510.mp4,brics-odroid-021_cam1_1726248089342510.mp4,165,1280,720,914.181640625,911.0122680664062,649.5960235595703,357.22846269607544,-0.3881578037413358,0.12573800238710814,0.003292931410616569,0.0002049029280746485
p52,p52-instrument-0034,brics-odroid-022_cam0,p52-instrument-0034/brics-odroid-022_cam0,datasets/gigahands/hand_pose/p52-instrument-0034/rgb_vid/brics-odroid-022_cam0/brics-odroid-022_cam0_1726248089323915.mp4,brics-odroid-022_cam0_1726248089323915.mp4,166,1280,720,921.6280517578125,922.1405029296875,649.4639587402344,309.9743986129761,-0.3785757253645878,0.12584191052710544,0.002214773644236593,-0.0039179139762985345
p52,p52-instrument-0034,brics-odroid-022_cam1,p52-instrument-0034/brics-odroid-022_cam1,datasets/gigahands/hand_pose/p52-instrument-0034/rgb_vid/brics-odroid-022_cam1/brics-odroid-022_cam1_1726248089321960.mp4,brics-odroid-022_cam1_1726248089321960.mp4,166,1280,720,896.6751098632812,895.23974609375,628.868408203125,374.64928150177,-0.3825348758032311,0.1210281298932448,0.0021811394867748304,0.00025885594842371397
p52,p52-instrument-0034,brics-odroid-023_cam0,p52-instrument-0034/brics-odroid-023_cam0,datasets/gigahands/hand_pose/p52-instrument-0034/rgb_vid/brics-odroid-023_cam0/brics-odroid-023_cam0_1726248075921458.mp4,brics-odroid-023_cam0_1726248075921458.mp4,139,1280,720,918.9691772460938,910.3208618164062,637.6885223388672,331.31317377090454,-0.3607548388607109,0.1148379973339986,0.0047085860582268425,0.008209019202586902
p52,p52-instrument-0034,brics-odroid-024_cam0,p52-instrument-0034/brics-odroid-024_cam0,datasets/gigahands/hand_pose/p52-instrument-0034/rgb_vid/brics-odroid-024_cam0/brics-odroid-024_cam0_1726248075919808.mp4,brics-odroid-024_cam0_1726248075919808.mp4,139,1280,720,924.8385009765625,919.4934692382812,623.887939453125,297.4704337120056,-0.399278471325123,0.13905860708864048,0.003375339995320404,-0.004027989101461784
p52,p52-instrument-0034,brics-odroid-024_cam1,p52-instrument-0034/brics-odroid-024_cam1,datasets/gigahands/hand_pose/p52-instrument-0034/rgb_vid/brics-odroid-024_cam1/brics-odroid-024_cam1_1726248089322560.mp4,brics-odroid-024_cam1_1726248089322560.mp4,166,1280,720,936.6181030273438,938.5813598632812,663.7396240234375,362.1051263809204,-0.38710822519624566,0.13292714644726697,-0.0005606055004737527,-0.002660542214477346
p52,p52-instrument-0034,brics-odroid-025_cam0,p52-instrument-0034/brics-odroid-025_cam0,datasets/gigahands/hand_pose/p52-instrument-0034/rgb_vid/brics-odroid-025_cam0/brics-odroid-025_cam0_1726248089342642.mp4,brics-odroid-025_cam0_1726248089342642.mp4,165,1280,720,902.3718872070312,906.9608154296875,682.9166412353516,338.23569774627686,-0.37842739899337535,0.1204739435057994,-0.0025603333134621266,-0.004050849811036415
p52,p52-instrument-0034,brics-odroid-025_cam1,p52-instrument-0034/brics-odroid-025_cam1,datasets/gigahands/hand_pose/p52-instrument-0034/rgb_vid/brics-odroid-025_cam1/brics-odroid-025_cam1_1726248075899060.mp4,brics-odroid-025_cam1_1726248075899060.mp4,139,1280,720,894.4088745117188,894.1065673828125,655.2424621582031,358.3931636810303,-0.4467451547271027,0.2735976228447087,0.0017047050698581097,-0.0023605817016545834
p52,p52-instrument-0034,brics-odroid-026_cam0,p52-instrument-0034/brics-odroid-026_cam0,datasets/gigahands/hand_pose/p52-instrument-0034/rgb_vid/brics-odroid-026_cam0/brics-odroid-026_cam0_1726248089323527.mp4,brics-odroid-026_cam0_1726248089323527.mp4,166,1280,720,910.462646484375,910.8295288085938,662.4488067626953,352.5595951080322,-0.38414667110461476,0.1228081071860045,-0.0016532938659356766,0.0007167534539907917
p52,p52-instrument-0034,brics-odroid-026_cam1,p52-instrument-0034/brics-odroid-026_cam1,datasets/gigahands/hand_pose/p52-instrument-0034/rgb_vid/brics-odroid-026_cam1/brics-odroid-026_cam1_1726248089342819.mp4,brics-odroid-026_cam1_1726248089342819.mp4,165,1280,720,924.591796875,925.7991943359375,610.5805587768555,330.0580072402954,-0.3867307405742171,0.12864928032542475,-0.00030439845335850075,-5.742860681636722e-05
p52,p52-instrument-0034,brics-odroid-027_cam0,p52-instrument-0034/brics-odroid-027_cam0,datasets/gigahands/hand_pose/p52-instrument-0034/rgb_vid/brics-odroid-027_cam0/brics-odroid-027_cam0_1726248075920761.mp4,brics-odroid-027_cam0_1726248075920761.mp4,139,1280,720,907.7672729492188,907.3082885742188,620.0333404541016,375.3972101211548,-0.3770206080096889,0.11703339495042618,-0.001112226924798173,0.0018290782180148193
p52,p52-instrument-0034,brics-odroid-027_cam1,p52-instrument-0034/brics-odroid-027_cam1,datasets/gigahands/hand_pose/p52-instrument-0034/rgb_vid/brics-odroid-027_cam1/brics-odroid-027_cam1_1726248075901290.mp4,brics-odroid-027_cam1_1726248075901290.mp4,139,1280,720,916.837646484375,914.7251586914062,636.8485260009766,357.72733211517334,-0.40497498769918283,0.1478355459895326,-0.0015332988388334912,0.0007522176580231547
p52,p52-instrument-0034,brics-odroid-028_cam0,p52-instrument-0034/brics-odroid-028_cam0,datasets/gigahands/hand_pose/p52-instrument-0034/rgb_vid/brics-odroid-028_cam0/brics-odroid-028_cam0_1726248075918916.mp4,brics-odroid-028_cam0_1726248075918916.mp4,139,1280,720,918.638916015625,920.089599609375,629.1923141479492,364.1336917877197,-0.3838920297328195,0.12516966010318922,-0.000636906309990723,0.00020537052534881615
p52,p52-instrument-0034,brics-odroid-029_cam0,p52-instrument-0034/brics-odroid-029_cam0,datasets/gigahands/hand_pose/p52-instrument-0034/rgb_vid/brics-odroid-029_cam0/brics-odroid-029_cam0_1726248089324241.mp4,brics-odroid-029_cam0_1726248089324241.mp4,166,1280,720,906.8135375976562,907.0401611328125,619.2978668212891,347.9756569862366,-0.41579445616881394,0.15730374207868678,-0.004071758896153205,-0.0004928501073810337
p52,p52-instrument-0034,brics-odroid-029_cam1,p52-instrument-0034/brics-odroid-029_cam1,datasets/gigahands/hand_pose/p52-instrument-0034/rgb_vid/brics-odroid-029_cam1/brics-odroid-029_cam1_1726248089322144.mp4,brics-odroid-029_cam1_1726248089322144.mp4,166,1280,720,908.94677734375,907.0374145507812,647.1992492675781,333.6599135398865,-0.4120509976806177,0.1554671962268896,-0.0016896137318568602,-0.00034416470092267883
p52,p52-instrument-0034,brics-odroid-030_cam0,p52-instrument-0034/brics-odroid-030_cam0,datasets/gigahands/hand_pose/p52-instrument-0034/rgb_vid/brics-odroid-030_cam0/brics-odroid-030_cam0_1726248075919248.mp4,brics-odroid-030_cam0_1726248075919248.mp4,139,1280,720,922.4474487304688,926.9227905273438,624.4154739379883,311.21883630752563,-0.41746277837746665,0.17341318095848768,-0.0004653695846022565,0.0019018328377477256
p52,p52-instrument-0034,brics-odroid-030_cam1,p52-instrument-0034/brics-odroid-030_cam1,datasets/gigahands/hand_pose/p52-instrument-0034/rgb_vid/brics-odroid-030_cam1/brics-odroid-030_cam1_1726248075898349.mp4,brics-odroid-030_cam1_1726248075898349.mp4,139,1280,720,898.4336547851562,901.8370361328125,653.3871459960938,377.02280044555664,-0.3933409696334333,0.13487758409107928,-0.0028287531419342107,-0.0047197413812361
