condition,sequence,camera,physical_camera_id,f_scene_only,f_reference,f_lam_0.01,f_lam_0.03,f_lam_0.1,f_lam_0.3,f_lam_1.0,f_lam_3.0,f_lam_10.0
N0,p36-tea-0010,brics-odroid-001_cam0,brics-odroid-001_cam0,782.4989626952857,921.610657,782.5038809919371,782.5136915457649,782.5477574674655,782.6428237332791,782.9512147754357,783.6659985792415,785.110799899989
N0,p36-tea-0010,brics-odroid-001_cam1,brics-odroid-001_cam1,809.0219434759466,918.354065,809.0172568895598,809.007877961274,808.9749911555339,808.8805066977683,808.543595891521,807.5243538519203,803.7672620395158
N0,p36-tea-0010,brics-odroid-002_cam0,brics-odroid-002_cam0,877.6286051128469,940.340637,877.62197687747,877.6087464408716,877.5627114901121,877.4334674415335,877.0061731392964,875.9659912130879,873.3554279520177
N0,p36-tea-0010,brics-odroid-006_cam0,brics-odroid-006_cam0,852.0559417524189,919.383789,852.0519933745493,852.0440917650618,852.0163850629237,851.9367827079344,851.6529328969693,850.7941634492158,847.7777715576865
N0,p36-tea-0010,brics-odroid-007_cam0,brics-odroid-007_cam0,883.5842022711734,924.420349,883.5813063702632,883.5755172549312,883.5552835158319,883.4977131653351,883.2989793907951,882.7538317289169,881.0758610664902
N0,p36-tea-0010,brics-odroid-007_cam1,brics-odroid-007_cam1,868.8830908524818,931.304504,868.8997746849221,868.9327108992912,869.043646956406,869.3275668478589,870.0494605384483,871.0593220732176,872.0055326538202
N0,p36-tea-0010,brics-odroid-009_cam1,brics-odroid-009_cam1,756.7067253516059,931.934998,756.7152694840362,756.7323626130394,756.7922396864717,756.9637564344104,757.5692388915334,759.344790017677,764.4549509715387
N0,p36-tea-0010,brics-odroid-010_cam0,brics-odroid-010_cam0,956.491645327415,932.026672,956.4946546214582,956.5006731467807,956.5217373264188,956.5819150488554,956.7924712052197,957.3934961347643,959.4905229738362
N0,p36-tea-0010,brics-odroid-010_cam1,brics-odroid-010_cam1,815.4442459749152,934.134155,815.4402594968968,815.432286560707,815.4043814924232,815.3246545121195,815.0456309234704,814.2485994008175,811.6306898865677
N0,p36-tea-0010,brics-odroid-011_cam0,brics-odroid-011_cam0,803.4896556604573,922.774414,803.4913473853295,803.4947308048992,803.5065724565876,803.5404030318498,803.6587783758192,803.9967224159229,805.1763709453952
N0,p36-tea-0010,brics-odroid-012_cam0,brics-odroid-012_cam0,862.0793186119304,926.425415,862.0820773955405,862.0875990668186,862.1069681159252,862.1626812191172,862.3621355386764,862.9731865260259,865.6464635715649
N0,p36-tea-0010,brics-odroid-012_cam1,brics-odroid-012_cam1,792.2679144959494,926.514709,792.2742430903262,792.2868997962183,792.3311931974097,792.4577023354896,792.899978160495,794.1593002961855,797.0793843780473
N0,p36-tea-0010,brics-odroid-014_cam1,brics-odroid-014_cam1,849.4111052225006,922.314819,849.4038580965507,849.3893637985736,849.3386332718449,849.193684763408,848.6863166316565,847.2362795136593,845.05971036165
N0,p36-tea-0010,brics-odroid-015_cam0,brics-odroid-015_cam0,820.315584057347,914.97937,820.3196458322125,820.3277692497761,820.3561998235642,820.4374181416783,820.7215435747088,821.5321435748309,824.3555708785624
N0,p36-tea-0010,brics-odroid-015_cam1,brics-odroid-015_cam1,794.5360420266629,930.794434,794.5366801039469,794.5379562485527,794.5424226500659,794.5551829006845,794.5998333205675,794.7273163820244,795.1724647614685
N0,p36-tea-0010,brics-odroid-016_cam0,brics-odroid-016_cam0,948.8801643148273,919.84082,948.8839391481001,948.8914886944983,948.917910845402,948.9933918939564,949.2574494953968,950.0108207804185,952.6350903390444
N0,p36-tea-0010,brics-odroid-017_cam0,brics-odroid-017_cam0,877.2437784375387,921.894775,877.2464827125214,877.2518912422036,877.2708208831115,877.3249037459046,877.5141724693103,878.0547577428214,879.9446782234032
N0,p36-tea-0010,brics-odroid-017_cam1,brics-odroid-017_cam1,865.5918614748437,938.321167,865.5918626738595,865.5918650701623,865.5918734390987,865.5918971960837,865.5919785868361,865.5921970385629,865.5928281360293
N0,p36-tea-0010,brics-odroid-019_cam1,brics-odroid-019_cam1,934.0149293545147,920.925659,934.0184576891487,934.0255146478569,934.050217042865,934.1208213776922,934.3682410235393,935.0777743971661,937.5846279705297
N0,p36-tea-0010,brics-odroid-020_cam0,brics-odroid-020_cam0,828.3357259746956,899.424316,828.3510013489523,828.3815494706597,828.4884403228168,828.7936066000539,829.8589407766023,832.8796696680306,843.501658463825
N0,p36-tea-0010,brics-odroid-020_cam1,brics-odroid-020_cam1,798.2892465201471,925.858521,798.2866541712486,798.2814710389478,798.2633464970817,798.2117024350948,798.0325697278522,797.5342667789898,795.9337839906731
N0,p36-tea-0010,brics-odroid-021_cam0,brics-odroid-021_cam0,831.4344809795211,938.355225,831.4306378941959,831.4229130981528,831.3954638711199,831.3133224323869,830.9740760304164,829.1323903056009,822.3412152795651
N0,p36-tea-0010,brics-odroid-021_cam1,brics-odroid-021_cam1,779.1639405913166,920.78302,779.1690597157949,779.1792978742892,779.215130479196,779.3175012094079,779.6757038032879,780.6983262346486,784.2681376031604
N0,p36-tea-0010,brics-odroid-022_cam0,brics-odroid-022_cam0,823.7421588992974,916.312195,823.7433577190266,823.7457553566629,823.7541470692532,823.7781232268981,823.8620378647737,824.1017775661882,824.9406750264384
N0,p36-tea-0010,brics-odroid-022_cam1,brics-odroid-022_cam1,835.8916955104934,903.016357,835.892182061972,835.8931565117042,835.8965812923577,835.9064898003887,835.9426769370667,836.0609919685357,836.7934638740297
N0,p36-tea-0010,brics-odroid-023_cam0,brics-odroid-023_cam0,867.6093786441263,914.887695,867.6099779305694,867.6111736191488,867.6153284855418,867.6269478789527,867.6648917501848,867.7543406134699,867.94182877355
N0,p36-tea-0010,brics-odroid-024_cam0,brics-odroid-024_cam0,814.3241897784673,931.895264,814.3256444623787,814.3285538262568,814.3387365584082,814.3678297237959,814.4696516604095,814.7605359729571,815.778216771996
N0,p36-tea-0010,brics-odroid-024_cam1,brics-odroid-024_cam1,852.580081177354,951.805908,852.5824635184675,852.5872279997333,852.603901574362,852.651522282345,852.8179841520872,853.2917915867062,854.9294232217659
N0,p36-tea-0010,brics-odroid-025_cam0,brics-odroid-025_cam0,651.0626477055922,913.867126,651.0574192313807,651.0469626671792,651.0103687263382,650.9058491737825,650.5404335266423,649.499829495217,645.898826398049
N0,p36-tea-0010,brics-odroid-025_cam1,brics-odroid-025_cam1,810.97006366984,879.872681,810.9494724956998,810.9082876583731,810.764114588171,810.3519673634943,808.9068323575979,805.2205170254618,800.3540354265716
N0,p36-tea-0010,brics-odroid-026_cam0,brics-odroid-026_cam0,853.7727997301757,921.928467,853.7754199163513,853.7806582705688,853.7989713471114,853.8511136968509,854.0315293803519,854.5297925055168,856.0950913900151
N0,p36-tea-0010,brics-odroid-026_cam1,brics-odroid-026_cam1,882.5094646800264,927.79425,882.51186673284,882.5166709086642,882.5334862611386,882.5815364441487,882.7497858379186,883.2311314329831,884.9232606399761
N0,p36-tea-0010,brics-odroid-027_cam0,brics-odroid-027_cam0,927.6569579127653,917.449829,927.6275804498364,927.5688248523533,927.3631732103704,926.775536686875,924.7180743378818,918.8345139610428,899.396533715306
N0,p36-tea-0010,brics-odroid-027_cam1,brics-odroid-027_cam1,788.4136662973157,919.998901,788.4266618679043,788.4526524752531,788.5436139959792,788.803456017305,789.7123428426802,792.3041364268088,801.3155987281757
N0,p36-tea-0010,brics-odroid-028_cam0,brics-odroid-028_cam0,815.2188431340077,919.052307,815.2247428146418,815.2365412848317,815.277826576513,815.395704433835,815.8073444750775,816.9755238925721,741.0318045805054
N0,p36-tea-0010,brics-odroid-029_cam0,brics-odroid-029_cam0,1006.9344573721727,907.913086,1006.9140179776441,1006.8731352705448,1006.7300046435421,1006.320706946149,1004.8840337330398,1000.7432610555088,538.1724469985223
N0,p36-tea-0010,brics-odroid-029_cam1,brics-odroid-029_cam1,801.7279978762488,905.857727,801.7262574806987,801.7227766972818,801.7105940359913,801.6757871237517,801.5539709976276,801.2059940622137,799.9888812544525
N0,p36-tea-0010,brics-odroid-030_cam0,brics-odroid-030_cam0,742.5395189832329,930.997131,742.5398853180565,742.5406180047977,742.5431825878796,742.5505115069225,742.576180689902,742.64967555779,742.908721972466
N0,p36-tea-0010,brics-odroid-030_cam1,brics-odroid-030_cam1,749.2307118736481,907.045105,749.2087479208617,749.1648220309844,749.0111025789553,748.5720854819818,747.0376390690408,742.673195520597,727.6469155319857
N0,p41-boxing-0021,brics-odroid-001_cam1,brics-odroid-001_cam1,846.1591519694568,918.354065,846.1881601836191,846.2475649945534,846.4712915032009,847.2859745265573,851.290274765428,857.1225210102697,888.5657862056471
N0,p41-boxing-0021,brics-odroid-002_cam0,brics-odroid-002_cam0,852.9806549235965,940.340637,853.0287885510244,853.1225193608283,853.426148097602,854.1273754707962,855.5341230210684,859.8115424839156,880.9721175179353
N0,p41-boxing-0021,brics-odroid-006_cam0,brics-odroid-006_cam0,842.8989894875734,919.383789,842.9000278633328,842.9021059554672,842.9093933847392,842.9303362856039,843.0050862334597,843.2319127187104,844.2215430080818
N0,p41-boxing-0021,brics-odroid-007_cam0,brics-odroid-007_cam0,904.1539967822707,924.420349,904.1513148305598,904.1459315297316,904.1268838280416,904.0706309861737,903.8495580582478,902.8977030959875,899.9860059164636
N0,p41-boxing-0021,brics-odroid-007_cam1,brics-odroid-007_cam1,863.9907566754739,931.304504,864.0233727648064,864.0885767656964,864.3164953253228,864.9651693108641,867.206509139682,871.6250983001454,952.0637177830183
N0,p41-boxing-0021,brics-odroid-008_cam0,brics-odroid-008_cam0,914.1252190987137,919.474365,914.1364178046165,914.1588120742367,914.2371590402855,914.4607252300584,915.2399283607535,917.4384951164772,924.83347732871
N0,p41-boxing-0021,brics-odroid-009_cam1,brics-odroid-009_cam1,786.0308231859165,931.934998,786.0290451908712,786.0254910214392,786.0130705127574,785.9777461191858,785.8559788474454,785.5233304335007,784.5118882792407
N0,p41-boxing-0021,brics-odroid-010_cam0,brics-odroid-010_cam0,870.7444800859297,932.026672,870.7409500638889,870.7338900618564,870.70918049625,870.6385855215807,870.391547253756,869.6861018623048,866.6895498008191
N0,p41-boxing-0021,brics-odroid-010_cam1,brics-odroid-010_cam1,758.0070488891337,934.134155,758.1215858334511,758.3502752596901,759.1466737574411,761.3887203776071,768.8926265466317,788.0346905534345,1120.644440975181
N0,p41-boxing-0021,brics-odroid-011_cam0,brics-odroid-011_cam0,880.3271220648005,922.774414,880.3272373786468,880.3274680061143,880.3282751998979,880.3305814476819,880.338653079634,880.3617128686133,880.4423986103468
N0,p41-boxing-0021,brics-odroid-012_cam0,brics-odroid-012_cam0,881.3812297723229,926.425415,881.3809359697278,881.3803483644167,881.3782917445594,881.3724156769596,881.3518493136106,881.2930871890568,881.0874070791119
N0,p41-boxing-0021,brics-odroid-012_cam1,brics-odroid-012_cam1,853.9131195599207,926.514709,853.9122666328418,853.9105623098658,853.9046132088342,853.8877519894614,853.8302820433206,853.6782644194097,853.2565576002469
N0,p41-boxing-0021,brics-odroid-014_cam1,brics-odroid-014_cam1,844.539339893959,922.314819,844.5426041382607,844.5491325799338,844.5719816330217,844.6372604183509,844.8656869018967,845.5179119552121,847.7957552010604
N0,p41-boxing-0021,brics-odroid-015_cam0,brics-odroid-015_cam0,853.3829681718595,914.97937,853.3837764705709,853.385393058272,853.3910510131633,853.4072157237775,853.4637820070154,853.6253125468742,854.1896515689571
N0,p41-boxing-0021,brics-odroid-015_cam1,brics-odroid-015_cam1,831.7036155116026,930.794434,831.7064372286005,831.7120840233705,831.7318831633374,831.788756959624,831.9914413571813,832.6035218582039,835.1495540994767
N0,p41-boxing-0021,brics-odroid-016_cam0,brics-odroid-016_cam0,923.7862912564566,919.84082,923.7934105123788,923.8076644135385,923.8577152390017,924.002122303261,924.5245286902035,926.1797045954409,931.7753899812517
N0,p41-boxing-0021,brics-odroid-017_cam0,brics-odroid-017_cam0,855.9795869264422,921.894775,855.9654212018619,855.9370891149518,855.8379201140999,855.5545227042375,854.5619617269246,851.7210299584458,845.5287902962255
N0,p41-boxing-0021,brics-odroid-017_cam1,brics-odroid-017_cam1,888.3527266288555,938.321167,888.3543296382209,888.3575258359906,888.3686104535839,888.399431077394,888.498283341736,888.7209713834258,889.1454469182165
N0,p41-boxing-0021,brics-odroid-019_cam1,brics-odroid-019_cam1,849.6829253015597,920.925659,849.6811644431217,849.6776577291508,849.6655395457803,849.6321946416695,849.5285972542226,849.3124263629272,848.9560960277978
N0,p41-boxing-0021,brics-odroid-020_cam0,brics-odroid-020_cam0,778.3577576982452,899.424316,778.3585685905457,778.3601903775328,778.3658666570497,778.382084813334,778.4388508665069,778.6010610732853,779.1690475114308
N0,p41-boxing-0021,brics-odroid-020_cam1,brics-odroid-020_cam1,839.8180567490759,925.858521,839.8204651058702,839.8252834948735,839.8421654686331,839.8905511506811,840.0616883027227,840.5665044461884,842.5418286395242
N0,p41-boxing-0021,brics-odroid-021_cam0,brics-odroid-021_cam0,833.8301414742394,938.355225,833.8396758397145,833.858743216459,833.9254648192167,834.1159762018044,834.7813486041916,836.670344398939,843.1492869104766
N0,p41-boxing-0021,brics-odroid-021_cam1,brics-odroid-021_cam1,771.5801695407569,920.78302,771.5875104440227,771.6021910894467,771.6535611599851,771.8002283966531,772.3123488744008,773.7652153828042,779.6378474662627
N0,p41-boxing-0021,brics-odroid-023_cam0,brics-odroid-023_cam0,845.5962857363553,914.887695,845.5987205237193,845.6035900577192,845.6206329990817,845.6693234520725,845.8396972875469,846.3261135158817,848.0243089686087
N0,p41-boxing-0021,brics-odroid-024_cam0,brics-odroid-024_cam0,813.1250320164094,931.895264,813.124824716095,813.1244095527453,813.1229505456319,813.118730403356,813.1033308779153,813.0531233663534,812.7470506717336
N0,p41-boxing-0021,brics-odroid-024_cam1,brics-odroid-024_cam1,867.4207494863066,951.805908,867.4337656585851,867.4597938142077,867.5508483984981,867.810628131751,868.7154905153739,871.2643151697471,879.8019839600216
N0,p41-boxing-0021,brics-odroid-025_cam0,brics-odroid-025_cam0,720.8625466941629,913.867126,720.8832038548816,720.9245146813518,721.0690658863101,721.481755098065,722.9225104581717,727.008005884508,734.3563205578888
N0,p41-boxing-0021,brics-odroid-025_cam1,brics-odroid-025_cam1,839.1444422205976,879.872681,839.1743901273323,839.23427994653,839.4438313928633,840.0420109610351,842.1293712308847,848.0409870973666,953.1850878924894
N0,p41-boxing-0021,brics-odroid-026_cam0,brics-odroid-026_cam0,842.8078334781248,921.928467,842.8119263239087,842.8201093834955,842.8487224858322,842.9302383153085,843.212819963293,843.9975527773684,846.5072886716055
N0,p41-boxing-0021,brics-odroid-026_cam1,brics-odroid-026_cam1,847.1409024963922,927.79425,847.1419157906092,847.1439311525461,847.1508691900008,847.1697507851966,847.2265220532726,847.3364989547265,847.49625408028
N0,p41-boxing-0021,brics-odroid-027_cam0,brics-odroid-027_cam0,883.7168011533483,917.449829,883.7179356005167,883.7202044603949,883.7281451081803,883.7508295726799,883.8301890423935,884.0566209274385,884.845539739679
N0,p41-boxing-0021,brics-odroid-028_cam0,brics-odroid-028_cam0,822.0958575649446,919.052307,822.0899670804769,822.0783188502146,822.0388927954991,821.9366180830647,821.6673440284085,821.2667819425304,820.8636362555445
N0,p41-boxing-0021,brics-odroid-029_cam0,brics-odroid-029_cam0,845.2771939269177,907.913086,845.2785676307644,845.2813150128104,845.290930580688,845.318401323834,845.4145220068848,845.6889220078014,846.646640496688
N0,p41-boxing-0021,brics-odroid-029_cam1,brics-odroid-029_cam1,893.2013291146847,905.857727,893.1996325431303,893.1962386768538,893.1843525462513,893.1503269074942,893.0304704565973,892.6813133053504,891.3751727242256
N0,p41-boxing-0021,brics-odroid-030_cam0,brics-odroid-030_cam0,784.0708621712438,930.997131,784.0669540500288,784.059137749414,784.0317800862947,783.9536100974258,783.679954027123,782.8975554968897,780.1530227902099
N0,p41-boxing-0021,brics-odroid-030_cam1,brics-odroid-030_cam1,755.7714836155608,907.045105,755.7681060343623,755.7613507239643,755.7377055834387,755.6701347152169,755.4334811246032,754.7559919660432,752.3688239373914
N0,p41-plant-0004,brics-odroid-001_cam1,brics-odroid-001_cam1,865.3520238189161,918.354065,865.3667396931679,865.3963814520213,865.5023860530184,865.8260413232254,867.274050703481,871.8614112711135,884.4989486076837
N0,p41-plant-0004,brics-odroid-002_cam0,brics-odroid-002_cam0,946.9852667792793,940.340637,946.9938662929086,947.0112031529674,947.0733688049195,947.2647914836373,948.152182420364,952.5444648933171,966.1114780833353
N0,p41-plant-0004,brics-odroid-006_cam0,brics-odroid-006_cam0,921.5813961501087,919.383789,921.5861419139106,921.5956444104072,921.6290187663683,921.7253762695478,922.0747737168309,923.1902950305148,929.7356496418533
N0,p41-plant-0004,brics-odroid-007_cam0,brics-odroid-007_cam0,831.3410361516222,924.420349,831.340634971978,831.3398326368123,831.3370247169868,831.3290042590363,831.3009579497276,831.2210418109343,830.9438330810102
N0,p41-plant-0004,brics-odroid-007_cam1,brics-odroid-007_cam1,867.858493644167,931.304504,867.8716843135229,867.898057604794,867.9902797117963,868.2530500345965,869.1644117491461,871.6994265167242,879.8684730666948
N0,p41-plant-0004,brics-odroid-009_cam1,brics-odroid-009_cam1,779.2906800982581,931.934998,779.2899874162948,779.2886020661534,779.2837534853935,779.2699016379839,779.2214346396468,779.0830813910554,778.6002857913415
N0,p41-plant-0004,brics-odroid-010_cam0,brics-odroid-010_cam0,713.8149084772119,932.026672,713.8168076878491,713.8206230634823,713.8341575755225,713.8744460692841,714.0375225059776,714.8388245275835,721.7453658166231
N0,p41-plant-0004,brics-odroid-010_cam1,brics-odroid-010_cam1,860.6616549818904,934.134155,860.6824776714003,860.7241217262639,860.8698620154715,861.2861436955428,862.7417403468279,866.8884142769839,881.2975150053229
N0,p41-plant-0004,brics-odroid-011_cam0,brics-odroid-011_cam0,889.6863753630073,922.774414,889.6857023498441,889.6843566390594,889.6796499619252,889.6662306254564,889.6195907753431,889.4890817791128,889.0621028209251
N0,p41-plant-0004,brics-odroid-012_cam0,brics-odroid-012_cam0,826.3524495294193,926.425415,826.349221832582,826.342766463606,826.3201729315231,826.2556222055558,826.0297205971201,825.3845096903312,823.128886720969
N0,p41-plant-0004,brics-odroid-012_cam1,brics-odroid-012_cam1,819.6770342275158,926.514709,819.6725210088567,819.6635008380267,819.6319958862362,819.5425406667434,819.2358250775221,818.4107281046435,815.5771283257496
N0,p41-plant-0004,brics-odroid-014_cam1,brics-odroid-014_cam1,823.8992633976708,922.314819,823.8956644408373,823.8884665398264,823.8632740191789,823.7912965278841,823.5393886009206,822.8197656733158,820.3023208773391
N0,p41-plant-0004,brics-odroid-015_cam0,brics-odroid-015_cam0,869.7098731115979,914.97937,869.7085838920011,869.7060054211428,869.6969804406584,869.6711919319639,869.5808988864967,869.3226332925559,868.4153601689046
N0,p41-plant-0004,brics-odroid-015_cam1,brics-odroid-015_cam1,752.3021231273955,930.794434,752.3024753305049,752.3031797290759,752.3056450437685,752.312688111775,752.3373308229158,752.4076698392392,752.6530573498726
N0,p41-plant-0004,brics-odroid-016_cam0,brics-odroid-016_cam0,1061.888286440248,919.84082,1061.8856467359228,1061.880375917445,1061.8620177622524,1061.8103229088017,1061.6377813842107,1061.2069813936605,1060.1768776831057
N0,p41-plant-0004,brics-odroid-017_cam0,brics-odroid-017_cam0,835.1065697471562,921.894775,835.1071651990908,835.1083560901782,835.1125240747723,835.124431451924,835.1660938568942,835.2850144322088,835.699900944594
N0,p41-plant-0004,brics-odroid-017_cam1,brics-odroid-017_cam1,880.725773203548,938.321167,880.7281854672405,880.7330099476943,880.7498951365301,880.7981343099766,880.966922160623,881.4487513377215,883.1302466890929
N0,p41-plant-0004,brics-odroid-019_cam1,brics-odroid-019_cam1,907.9958853612795,920.925659,908.0284755886721,908.0936417566202,908.3215734400072,908.9715245887913,911.2314974306123,917.5671521865123,927.969932426608
N0,p41-plant-0004,brics-odroid-020_cam0,brics-odroid-020_cam0,937.6948001048769,899.424316,937.6958972479057,937.6980915295584,937.705771469095,937.7277137570716,937.8045071403767,938.0238771731747,938.7912101174543
N0,p41-plant-0004,brics-odroid-020_cam1,brics-odroid-020_cam1,856.2704499750031,925.858521,856.2988011098378,856.3540540139697,856.5334445086581,856.9501306054462,857.7962336339957,858.6384747136316,859.205539522842
N0,p41-plant-0004,brics-odroid-021_cam0,brics-odroid-021_cam0,787.1708683968179,938.355225,787.1784458596263,787.1936002628406,787.246635189455,787.3981165548059,787.9277536169816,789.4363223410076,794.6621554224874
N0,p41-plant-0004,brics-odroid-021_cam1,brics-odroid-021_cam1,862.0287815005657,920.78302,862.0297409144407,862.0316597493517,862.0383757467491,862.0575649553908,862.1247347074102,862.3167127786583,862.9893893071103
N0,p41-plant-0004,brics-odroid-022_cam0,brics-odroid-022_cam0,915.1299798804619,916.312195,915.1261518339114,915.118498052233,915.0917340618863,915.0154727320796,914.7509522076197,914.0151189585332,911.5070273463903
N0,p41-plant-0004,brics-odroid-022_cam1,brics-odroid-022_cam1,773.103851241376,903.016357,773.1042280785044,773.1049817492061,773.1076195593492,773.1151558399401,773.1415290913721,773.2168492758775,773.4800975895581
N0,p41-plant-0004,brics-odroid-023_cam0,brics-odroid-023_cam0,873.3460426883619,914.887695,873.3519677138886,873.3638129163302,873.4052202837998,873.5230929843069,873.9306494675778,875.0538849837139,877.8608368427459
N0,p41-plant-0004,brics-odroid-024_cam0,brics-odroid-024_cam0,824.3345356316075,931.895264,824.3403348510694,824.3519544386278,824.3928464111951,824.5116299306843,824.9515389988936,826.4601192708772,831.96155958091
N0,p41-plant-0004,brics-odroid-024_cam1,brics-odroid-024_cam1,763.808745894917,951.805908,763.8096937680791,763.811589373911,763.8182225195125,763.8371617319114,763.9033019521365,764.0910227716715,764.7337891777429
N0,p41-plant-0004,brics-odroid-025_cam0,brics-odroid-025_cam0,690.0672879132552,913.867126,690.0731235317966,690.0847948039603,690.1256446248567,690.2423615554619,690.6509076220988,691.8184971558051,705.6296492585137
N0,p41-plant-0004,brics-odroid-025_cam1,brics-odroid-025_cam1,641.7300057365597,879.872681,641.7385733258362,641.7557078701233,641.8156721160738,641.9869414738893,642.5857192541885,644.2908045719088,650.1928656642817
N0,p44-dog-0004,brics-odroid-001_cam1,brics-odroid-001_cam1,877.708469617944,970.607117,877.7089932293721,877.7100374214897,877.7136605760595,877.723749659304,877.7562579413469,877.8303341602434,877.9748586139366
N0,p44-dog-0004,brics-odroid-002_cam0,brics-odroid-002_cam0,862.8782078035422,885.953552,862.8902952694768,862.9144604704742,862.9989366366451,863.2394258935957,864.07110455572,866.3652943798464,874.3915747729939
N0,p44-dog-0004,brics-odroid-006_cam0,brics-odroid-006_cam0,806.9283764989817,899.016907,806.9294250222857,806.9315220423753,806.9388613342646,806.9598283534594,807.0331850928966,807.2425375423678,807.9725029392338
N0,p44-dog-0004,brics-odroid-007_cam0,brics-odroid-007_cam0,860.4302706954345,932.032104,860.4275421794897,860.4220804229351,860.4029145225587,860.3477247606475,860.1493988889724,859.5344604033778,856.9444113035379
N0,p44-dog-0004,brics-odroid-007_cam1,brics-odroid-007_cam1,765.1459651858497,932.874512,765.1498954396819,765.157715321743,765.1846656013487,765.2582439148638,765.4815561255836,765.9232635019257,777.0908240640186
N0,p44-dog-0004,brics-odroid-008_cam0,brics-odroid-008_cam0,945.6842718550058,941.907043,945.6723148626942,945.6483995182604,945.5646815321212,945.325364815879,944.4863249571829,942.0872164678932,934.5868329422686
N0,p44-dog-0004,brics-odroid-009_cam1,brics-odroid-009_cam1,860.8326754964368,959.593506,860.8337181115992,860.8358033778551,860.8431021870388,860.8639591620006,860.9369963304397,861.145998115971,861.8813073603075
N0,p44-dog-0004,brics-odroid-010_cam0,brics-odroid-010_cam0,879.264499952649,933.87085,879.261187974963,879.254569726098,879.2314656016613,879.1659616993024,878.942462754148,878.349514671443,876.6911780294744
N0,p44-dog-0004,brics-odroid-011_cam0,brics-odroid-011_cam0,755.807616429484,938.384766,755.8095947301698,755.8135532782153,755.827428670024,755.8672489733599,756.0087104341521,756.4316995334743,758.1733932318541
N0,p44-dog-0004,brics-odroid-012_cam0,brics-odroid-012_cam0,846.313876096642,953.767944,846.3154659527011,846.3186482175631,846.3298130202494,846.3619446201496,846.4771859781241,846.8322915208156,848.4834288152211
N0,p44-dog-0004,brics-odroid-012_cam1,brics-odroid-012_cam1,841.4112574953982,911.326538,841.4100306686505,841.4075770133375,841.3989892006537,841.3744524293725,841.2885718211551,841.0431822964828,840.1841282002417
N0,p44-dog-0004,brics-odroid-014_cam1,brics-odroid-014_cam1,773.3426818171837,940.467224,773.344619478934,773.3484849699196,773.3619118149653,773.399417784157,773.5214543654619,773.8064947194476,774.3921522910485
N0,p44-dog-0004,brics-odroid-015_cam1,brics-odroid-015_cam1,765.482513050664,941.986267,765.482757051146,765.4832450532168,765.4849530720888,765.4898332256365,765.5069149254591,765.5557297477188,765.726697975331
N0,p44-dog-0004,brics-odroid-016_cam0,brics-odroid-016_cam0,930.2063354545531,986.61853,930.2046429740199,930.2012594077479,930.1894315510301,930.1557625363558,930.0393585517916,929.718626172371,928.7181167634874
N0,p44-dog-0004,brics-odroid-017_cam0,brics-odroid-017_cam0,873.7101784448885,917.866882,873.706326687251,873.6986231841183,873.671661050633,873.5946274763098,873.3250227184068,872.5548327960075,869.8605300955392
N0,p44-dog-0004,brics-odroid-017_cam1,brics-odroid-017_cam1,852.8450653186485,931.661072,852.843121188678,852.8392329134817,852.8256237901134,852.7867392074637,852.6506271480348,852.2615981951684,850.8983928734243
N0,p44-dog-0004,brics-odroid-019_cam1,brics-odroid-019_cam1,1002.7682279600791,958.992859,1002.8504519199073,1003.014881495012,1003.5901924326985,1005.2322883855473,1010.9606103358075,1027.167642876766,1054.2053008672033
N0,p44-dog-0004,brics-odroid-020_cam0,brics-odroid-020_cam0,756.7109672951323,931.864014,756.715543009063,756.7246942944624,756.7567222975758,756.8482180585962,757.1683037303596,758.0815545713073,761.2631064553823
N0,p44-dog-0004,brics-odroid-020_cam1,brics-odroid-020_cam1,841.4328944591408,945.561951,841.4326946347824,841.432294992833,841.430896317074,841.4269007096425,841.4129231850034,841.3730481697467,841.2341907329654
N0,p44-dog-0004,brics-odroid-021_cam0,brics-odroid-021_cam0,790.3062444968369,920.005005,790.3058815868259,790.3051548699328,790.3026019047561,790.29522568763,790.2684120729042,790.1820944023941,789.6899538032642
N0,p44-dog-0004,brics-odroid-021_cam1,brics-odroid-021_cam1,806.3634350704879,920.716309,806.3662660013538,806.3719276220822,806.391740764443,806.4483280641748,806.6461310439095,807.2091263604282,809.1547956917876
N0,p44-dog-0004,brics-odroid-022_cam0,brics-odroid-022_cam0,825.0639057775104,909.549255,825.0670944054065,825.0734716257023,825.095791524037,825.1595594676537,825.3827100056396,826.0199636696401,828.2465322236699
N0,p44-dog-0004,brics-odroid-022_cam1,brics-odroid-022_cam1,725.3905925267512,900.313538,725.3907466926811,725.3910550242091,725.3921341810702,725.3952174565029,725.4060085718761,725.436837342034,725.5447031887602
N0,p44-dog-0004,brics-odroid-023_cam0,brics-odroid-023_cam0,832.4122031859864,901.922424,832.4118011716391,832.4109974843633,832.4081881587248,832.4001920727934,832.3725574621643,832.2964971719224,832.0600049760404
N0,p44-dog-0004,brics-odroid-024_cam0,brics-odroid-024_cam0,737.3396896769275,892.527466,737.3444094572792,737.3538488697487,737.3868852570199,737.4812615963597,737.8114232364736,738.7534107135596,742.0351383152115
N0,p44-dog-0004,brics-odroid-024_cam1,brics-odroid-024_cam1,792.0252997403043,920.34082,792.0248744741526,792.0240212895977,792.0210070034346,792.0121460746077,791.9779061971025,791.8403612191703,789.0745075470819
N0,p44-dog-0004,brics-odroid-025_cam0,brics-odroid-025_cam0,658.8665115382561,903.565063,658.8677545467325,658.8702330285446,658.8788293896648,658.9027382106879,658.9794891140357,659.1527646201614,659.4845025255896
N0,p44-dog-0004,brics-odroid-025_cam1,brics-odroid-025_cam1,706.2935763939577,894.818848,706.2978444636352,706.3063418560957,706.3356819785283,706.4162206969669,706.6646332103389,707.1743315503412,707.9898604115067
N0,p44-dog-0004,brics-odroid-026_cam0,brics-odroid-026_cam0,891.5554550264447,895.203247,891.5554817411278,891.5555354317817,891.5557261378401,891.5562960980744,891.558638595099,891.5710418457388,909.8774671247189
N0,p44-dog-0004,brics-odroid-026_cam1,brics-odroid-026_cam1,895.3971910175553,935.543335,895.3954289532426,895.3919048196474,895.3795702998799,895.3443283675346,895.2209763860062,894.8684974274169,893.6342993836811
N0,p44-dog-0004,brics-odroid-027_cam0,brics-odroid-027_cam0,901.2559253790995,920.350464,901.2512195984808,901.2418078690782,901.2088650503289,901.114727572825,900.7850696934524,899.841672945172,897.3401789616439
N0,p44-dog-0004,brics-odroid-029_cam0,brics-odroid-029_cam0,825.6123677131714,919.495972,825.6168104995362,825.6256959471774,825.6567937005492,825.7456331683592,826.0564400376226,826.9433358714365,830.034613907614
N0,p44-dog-0004,brics-odroid-029_cam1,brics-odroid-029_cam1,793.1149604277394,927.140747,793.1251392584157,793.1454954438824,793.2167265998752,793.4201114808922,794.1304138461376,796.1466751379958,803.0614030614637
N0,p44-dog-0004,brics-odroid-030_cam0,brics-odroid-030_cam0,776.0543823634091,945.355957,776.0615624981486,776.0759223556194,776.126177531058,776.2697266785793,776.7717166043501,778.2022793529906,783.167399383166
N0,p52-instrument-0034,brics-odroid-002_cam0,brics-odroid-002_cam0,885.4076886710965,931.786255,885.43333612241,885.4841816969076,885.657558261298,886.1167207019887,887.394679080861,889.6639122415023,893.172572182257
N0,p52-instrument-0034,brics-odroid-007_cam0,brics-odroid-007_cam0,875.3183633226615,919.000183,875.3202651312923,875.3240645812372,875.3373190586208,875.3748192209164,875.5019033648664,875.8327008740115,876.7115193384606
N0,p52-instrument-0034,brics-odroid-007_cam1,brics-odroid-007_cam1,809.2392896759104,945.903381,809.2437102921685,809.2525139030188,809.2829370615417,809.3666542329449,809.6267833546542,810.1697410872267,811.0652127523038
N0,p52-instrument-0034,brics-odroid-012_cam1,brics-odroid-012_cam1,850.6044341269076,919.386963,850.606343417198,850.6101601437312,850.6234992505699,850.6614451683693,850.7923512603481,851.1507744235927,852.2479155392454
N0,p52-instrument-0034,brics-odroid-015_cam1,brics-odroid-015_cam1,789.217560371939,908.360901,789.2178324045192,789.2183769883538,789.2202884951955,789.2257972079345,789.2456466608454,789.3077324273587,789.616001298982
N0,p52-instrument-0034,brics-odroid-016_cam0,brics-odroid-016_cam0,984.5509726041142,924.890198,984.5606364071707,984.5799287851385,984.6470844503032,984.8358610547401,985.4624613582952,987.0039581845581,993.5033347175347
N0,p52-instrument-0034,brics-odroid-021_cam0,brics-odroid-021_cam0,802.6807872204057,925.329956,802.6888060443141,802.7048815995254,802.761547223739,802.926967977285,803.5503924311993,805.7942083306441,811.0344188682948
N0,p52-instrument-0034,brics-odroid-023_cam0,brics-odroid-023_cam0,855.3344758170588,918.969177,855.3405702019504,855.3527338758406,855.3950450274008,855.5137346624457,855.9050906405281,856.851133805153,858.934779978087
N0,p52-instrument-0034,brics-odroid-024_cam0,brics-odroid-024_cam0,863.1531406756964,924.838501,863.1595768580731,863.1724019695772,863.2167997203142,863.3395935537504,863.7270633759218,864.5658596454946,866.0452701975273
N0,p52-instrument-0034,brics-odroid-025_cam1,brics-odroid-025_cam1,874.7498818549676,894.408875,874.7544127661686,874.7634875093152,874.7953854250907,874.887707053156,875.225322559119,876.3340683898329,881.495814224779
N0,p52-instrument-0034,brics-odroid-027_cam0,brics-odroid-027_cam0,880.9151958184258,907.767273,880.9145338223296,880.9132098275322,880.9085758183882,880.8953355577909,880.8489919100546,880.7165580355902,880.252765708993
N0,p52-instrument-0034,brics-odroid-030_cam0,brics-odroid-030_cam0,772.4967955534099,922.447449,772.4791053539816,772.4437297532537,772.3199655087839,771.9667844692713,770.7356586938746,767.5796582937248,759.2362719040539
N0,p52-instrument-0034,brics-odroid-030_cam1,brics-odroid-030_cam1,777.1685486670453,898.433655,777.1612939474152,777.1468691926037,777.0972546707924,776.9625735038201,776.5606234038853,775.794529568423,774.7412050480301
N1,p36-tea-0010,brics-odroid-001_cam0,brics-odroid-001_cam0,782.4989626952857,921.610657,782.4962183669697,782.49068083412,782.4707707122193,782.4089283184661,782.1112750097859,779.5401970138655,773.5912172808453
N1,p36-tea-0010,brics-odroid-001_cam1,brics-odroid-001_cam1,809.0219434759466,918.354065,809.033069621326,809.0553204388441,809.1331828344318,809.3555143405288,810.1321321921469,812.3382848623863,819.9622156431212
N1,p36-tea-0010,brics-odroid-002_cam0,brics-odroid-002_cam0,877.6286051128469,940.340637,877.636613604398,877.6527456653048,877.7104456269293,877.8866997113695,878.676790323846,882.636536759474,895.0374475345145
N1,p36-tea-0010,brics-odroid-006_cam0,brics-odroid-006_cam0,852.0559417524189,919.383789,852.0525993951342,852.0459146493139,852.0225177108038,851.9556665023853,851.7216544560398,851.0527672619082,848.7056525870391
N1,p36-tea-0010,brics-odroid-007_cam0,brics-odroid-007_cam0,883.5842022711734,924.420349,883.5858778936939,883.589208989079,883.6006604331824,883.6316992332601,883.7239290100964,883.8980546302079,884.1408413067004
N1,p36-tea-0010,brics-odroid-007_cam1,brics-odroid-007_cam1,868.8830908524818,931.304504,868.9236791301657,869.004926105652,869.2900320688477,870.111030270613,872.90145675955,878.0615537441778,881.9260751608093
N1,p36-tea-0010,brics-odroid-009_cam1,brics-odroid-009_cam1,756.7067253516059,931.934998,756.7081200033522,756.7109093120176,756.7206719466556,756.7485656539835,756.8461990606226,757.1251982045148,758.1022384165985
N1,p36-tea-0010,brics-odroid-010_cam0,brics-odroid-010_cam0,956.491645327415,932.026672,956.4880825994807,956.4809550352503,956.4559864008106,956.3844569608692,956.1318601390755,955.3903558872478,952.5013532902091
N1,p36-tea-0010,brics-odroid-010_cam1,brics-odroid-010_cam1,815.4442459749152,934.134155,815.4403843469585,815.4326609984934,815.4056283070431,815.3283837149982,815.0579304173867,814.2843724960595,812.0197401083568
N1,p36-tea-0010,brics-odroid-011_cam0,brics-odroid-011_cam0,803.4896556604573,922.774414,803.4896511527736,803.4896421373421,803.4896105826726,803.4895204208187,803.4892047883271,803.48830241509,803.4851374891199
N1,p36-tea-0010,brics-odroid-012_cam0,brics-odroid-012_cam0,862.0793186119304,926.425415,862.0830330937539,862.0904619882014,862.1164623922074,862.1907430335868,862.4506526460389,863.1926294459785,865.7823103475447
N1,p36-tea-0010,brics-odroid-012_cam1,brics-odroid-012_cam1,792.2679144959494,926.514709,792.2742648378016,792.2869650053345,792.3314101726235,792.4583499333493,792.9020980849723,794.1653303322547,798.5348924970061
N1,p36-tea-0010,brics-odroid-014_cam1,brics-odroid-014_cam1,849.4111052225006,922.314819,849.4001433090139,849.3782198041146,849.3014909186625,849.0822945158973,848.3154451880362,846.1273783147191,840.2207364275724
N1,p36-tea-0010,brics-odroid-015_cam0,brics-odroid-015_cam0,820.315584057347,914.97937,820.3094786532978,820.2972626770805,820.2544524184451,820.131669693751,819.6963979680456,818.4033213182234,813.8763638094283
N1,p36-tea-0010,brics-odroid-015_cam1,brics-odroid-015_cam1,794.5360420266629,930.794434,794.5364849451321,794.5373707763881,794.540471126112,794.5493287567446,794.5803244984203,794.6688326586901,794.978016260712
N1,p36-tea-0010,brics-odroid-016_cam0,brics-odroid-016_cam0,948.8801643148273,919.84082,948.8842653631536,948.8924712514173,948.921231733649,949.0037478447953,949.2966202257522,950.1698817708093,953.2814120177443
N1,p36-tea-0010,brics-odroid-017_cam0,brics-odroid-017_cam0,877.2437784375387,921.894775,877.2453578856499,877.2485167659148,877.2595726792873,877.2911595671036,877.4016969223612,877.7173744113757,878.8205736245734
N1,p36-tea-0010,brics-odroid-017_cam1,brics-odroid-017_cam1,865.5918614748437,938.321167,865.5934341426372,865.596586603709,865.6076956030265,865.6400962078627,865.7618145537426,866.2009863766604,871.0251625618736
N1,p36-tea-0010,brics-odroid-019_cam1,brics-odroid-019_cam1,934.0149293545147,920.925659,934.0167843794409,934.0204946060579,934.0334822555415,934.0706057441587,934.2007239582424,934.5740919715067,935.8998584718495
N1,p36-tea-0010,brics-odroid-020_cam0,brics-odroid-020_cam0,828.3357259746956,899.424316,828.348853981022,828.3751308711547,828.4673197820848,828.7326152125283,829.6838831828729,832.5164037089634,842.0824956935376
N1,p36-tea-0010,brics-odroid-020_cam1,brics-odroid-020_cam1,798.2892465201471,925.858521,798.2865528530159,798.2811674891165,798.2623393790922,798.2087212716915,798.0230929131479,797.5095740690734,795.8880927259866
N1,p36-tea-0010,brics-odroid-021_cam0,brics-odroid-021_cam0,831.4344809795211,938.355225,831.4410902067713,831.4542465038003,831.4996510088768,831.6241109074156,832.0063792895579,832.7831751389656,834.0053639004803
N1,p36-tea-0010,brics-odroid-021_cam1,brics-odroid-021_cam1,779.1639405913166,920.78302,779.1688652006577,779.1787143217549,779.2131852209737,779.3116647225746,779.6562405457134,780.639865489691,783.9977923446884
N1,p36-tea-0010,brics-odroid-022_cam0,brics-odroid-022_cam0,823.7421588992974,916.312195,823.7434487343365,823.7460283986163,823.7550571627027,823.7808531095937,823.8711328348378,824.1290227238338,825.0310288139295
N1,p36-tea-0010,brics-odroid-022_cam1,brics-odroid-022_cam1,835.8916955104934,903.016357,835.8940691531164,835.8988123043378,835.9153700521034,835.9623100171001,836.1224254312681,836.5468898740202,837.7315124230037
N1,p36-tea-0010,brics-odroid-023_cam0,brics-odroid-023_cam0,867.6093786441263,914.887695,867.604117455017,867.5935952522809,867.5567693851793,867.4515684123772,867.0835491388164,866.0336414789085,863.696357218276
N1,p36-tea-0010,brics-odroid-024_cam0,brics-odroid-024_cam0,814.3241897784673,931.895264,814.3258298936873,814.3291101159218,814.3405908075991,814.3733920454498,814.4881877639461,814.8161017061622,815.9629395719026
N1,p36-tea-0010,brics-odroid-024_cam1,brics-odroid-024_cam1,852.580081177354,951.805908,852.5869566753811,852.6007072735537,852.6488301897704,852.786288439367,853.2669750520263,854.6367982507999,859.3898286519296
N1,p36-tea-0010,brics-odroid-025_cam0,brics-odroid-025_cam0,651.0626477055922,913.867126,651.0582810879814,651.0495370044753,651.0188183322163,650.9300583920503,650.6073372895453,649.5677401023432,645.9053342674844
N1,p36-tea-0010,brics-odroid-025_cam1,brics-odroid-025_cam1,810.97006366984,879.872681,810.9777073885548,810.9930293287541,811.0470211383963,811.2044818595052,811.7958464649089,813.9274057261,819.3530398055082
N1,p36-tea-0010,brics-odroid-026_cam0,brics-odroid-026_cam0,853.7727997301757,921.928467,853.7760776661631,853.7826473935246,853.80578795081,853.8731857952494,854.1251315114957,855.0181249401064,859.2649157804943
N1,p36-tea-0010,brics-odroid-026_cam1,brics-odroid-026_cam1,882.5094646800264,927.79425,882.5067083993839,882.5011958579046,882.4819021706677,882.4267791323196,882.2338692909096,881.682876512688,879.7564507362127
N1,p36-tea-0010,brics-odroid-027_cam0,brics-odroid-027_cam0,927.6569579127653,917.449829,927.6274911594377,927.5685563363655,927.3622706337744,926.7727644524604,924.7080792438762,918.797784266253,897.9895881882762
N1,p36-tea-0010,brics-odroid-027_cam1,brics-odroid-027_cam1,788.4136662973157,919.998901,788.4259187477048,788.4504233743345,788.5361866889184,788.7812000555178,789.638458916598,792.0852366953764,800.6182765005574
N1,p36-tea-0010,brics-odroid-028_cam0,brics-odroid-028_cam0,815.2188431340077,919.052307,815.2233438624113,815.2323447293514,815.26384157137,815.3537795053824,815.6679447387921,816.560299668438,729.5275329552176
N1,p36-tea-0010,brics-odroid-029_cam0,brics-odroid-029_cam0,1006.9344573721727,907.913086,1006.9142805425464,1006.8739231185863,1006.7326325934353,1006.3286061580678,1004.9105445040626,1000.824105765126,503.467209
N1,p36-tea-0010,brics-odroid-029_cam1,brics-odroid-029_cam1,801.7279978762488,905.857727,801.7264271349418,801.7232856734233,801.7122907796098,801.680878695743,801.5709585463645,801.2570906685003,800.160761677242
N1,p36-tea-0010,brics-odroid-030_cam0,brics-odroid-030_cam0,742.5395189832329,930.997131,742.5552577286182,742.5867347980974,742.6969001175281,743.0116202509118,744.1126981253216,746.7454801678905,750.9925635429983
N1,p36-tea-0010,brics-odroid-030_cam1,brics-odroid-030_cam1,749.2307118736481,907.045105,749.2090069685138,749.1655992981837,749.0136949186385,748.5798749086222,747.0637480913165,742.7520868475707,727.9286855166011
N1,p41-boxing-0021,brics-odroid-001_cam1,brics-odroid-001_cam1,846.1591519694568,918.354065,846.2792750835182,846.5386148913467,847.7119889721856,851.4626243788475,857.7439507222133,863.3268230567987,938.922153975989
N1,p41-boxing-0021,brics-odroid-002_cam0,brics-odroid-002_cam0,852.9806549235965,940.340637,853.1630782666721,853.5273326086814,854.7960362944275,858.1855977895422,865.9675917149789,890.0095267071738,920.8522333752587
N1,p41-boxing-0021,brics-odroid-006_cam0,brics-odroid-006_cam0,842.8989894875734,919.383789,842.900567417925,842.9037233166595,842.9147693615805,842.9463329133273,843.0568452993923,843.3729378370629,844.4832771531269
N1,p41-boxing-0021,brics-odroid-007_cam0,brics-odroid-007_cam0,904.1539967822707,924.420349,904.161552629091,904.1766477765158,904.2293076896775,904.3782963963649,904.8832136587075,906.197575657035,908.8857944219945
N1,p41-boxing-0021,brics-odroid-007_cam1,brics-odroid-007_cam1,863.9907566754739,931.304504,864.0617866627965,864.2012098679411,864.6631468136242,865.7940502193867,868.6639385007057,874.800184510709,886.7537510708993
N1,p41-boxing-0021,brics-odroid-008_cam0,brics-odroid-008_cam0,914.1252190987137,919.474365,914.1339147349616,914.151303552099,914.2121386429135,914.3857326095531,914.9907497311995,916.697706697569,923.123043094955
N1,p41-boxing-0021,brics-odroid-009_cam1,brics-odroid-009_cam1,786.0308231859165,931.934998,786.0441449919199,786.070781317936,786.1639320255968,786.4294234838692,787.3510869708344,789.6760208333229,793.2875692802118
N1,p41-boxing-0021,brics-odroid-010_cam0,brics-odroid-010_cam0,870.7444800859297,932.026672,870.7407583568706,870.733314933434,870.7072633155566,870.6328332428628,870.3723644008924,869.6284797644802,867.0285524591523
N1,p41-boxing-0021,brics-odroid-010_cam1,brics-odroid-010_cam1,758.0070488891337,934.134155,758.0294840274588,758.0742120560329,758.2292822178089,758.6600492051979,760.0376739354102,788.9436648772455,1137.0105285
N1,p41-boxing-0021,brics-odroid-011_cam0,brics-odroid-011_cam0,880.3271220648005,922.774414,880.3273093076164,880.3276837928047,880.3289944863127,880.3327392850385,880.3458456154838,880.3832882877922,880.5142911536566
N1,p41-boxing-0021,brics-odroid-012_cam0,brics-odroid-012_cam0,881.3812297723229,926.425415,881.3784650345671,881.3729355267279,881.3535819098547,881.2982829520749,881.1047026498003,880.5513249425502,878.6110654231721
N1,p41-boxing-0021,brics-odroid-012_cam1,brics-odroid-012_cam1,853.9131195599207,926.514709,853.9103089383708,853.9046876790201,853.8850131006551,853.828798556988,853.6320305901846,853.0696901356469,851.0787421606534
N1,p41-boxing-0021,brics-odroid-014_cam1,brics-odroid-014_cam1,844.539339893959,922.314819,844.5427720625738,844.5496363414678,844.5736607050737,844.642296494126,844.8824605218186,845.5681189524788,847.9617923006473
N1,p41-boxing-0021,brics-odroid-015_cam0,brics-odroid-015_cam0,853.3829681718595,914.97937,853.3825958139331,853.3818511024994,853.3792446588794,853.3717980748006,853.3457396693658,853.2713268212098,853.0113445877955
N1,p41-boxing-0021,brics-odroid-015_cam1,brics-odroid-015_cam1,831.7036155116026,930.794434,831.7049949289478,831.7077569305342,831.7174573160634,831.745462025374,831.8469840426809,832.1708560772827,833.935543408056
N1,p41-boxing-0021,brics-odroid-016_cam0,brics-odroid-016_cam0,923.7862912564566,919.84082,923.7971363383174,923.8186698990254,923.8924319477278,924.0903217725717,924.6613092004674,925.6745001665718,926.9611811324248
N1,p41-boxing-0021,brics-odroid-017_cam0,brics-odroid-017_cam0,855.9795869264422,921.894775,855.9875824261964,856.0035725784833,856.0595292172009,856.2193291291903,856.7777413221097,858.3656354626231,863.8396685684886
N1,p41-boxing-0021,brics-odroid-017_cam1,brics-odroid-017_cam1,888.3527266288555,938.321167,888.36784170568,888.3980660708319,888.5037906081918,888.8053410369712,889.8547417166652,892.8029422561272,901.0358845254659
N1,p41-boxing-0021,brics-odroid-019_cam1,brics-odroid-019_cam1,849.6829253015597,920.925659,849.6783275075912,849.6691318840839,849.6369468283077,849.5449863247331,849.2230872152273,848.3030554131021,845.0799433612356
N1,p41-boxing-0021,brics-odroid-020_cam0,brics-odroid-020_cam0,778.3577576982452,899.424316,778.3609317984378,778.3672837907484,778.3895556584342,778.4535335048904,778.6815476074254,779.3702399155493,782.115208057961
N1,p41-boxing-0021,brics-odroid-020_cam1,brics-odroid-020_cam1,839.8180567490759,925.858521,839.8186622593493,839.8198753920896,839.8241436641698,839.8365332094752,839.8823011800081,840.0378775334132,841.260176690303
N1,p41-boxing-0021,brics-odroid-021_cam0,brics-odroid-021_cam0,833.8301414742394,938.355225,833.8359118477583,833.8474554259427,833.8878877009435,834.0036641039796,834.4118875459258,835.604632047258,848.9438123642742
N1,p41-boxing-0021,brics-odroid-021_cam1,brics-odroid-021_cam1,771.5801695407569,920.78302,771.5876071049132,771.6024810370601,771.6545272431792,771.8031231456814,772.321957348607,773.7936958731648,778.8273024266642
N1,p41-boxing-0021,brics-odroid-023_cam0,brics-odroid-023_cam0,845.5962857363553,914.887695,845.5986927349139,845.6035066950345,845.6203551670168,845.668490329118,845.8369245635806,846.3178326018326,847.997138669969
N1,p41-boxing-0021,brics-odroid-024_cam0,brics-odroid-024_cam0,813.1250320164094,931.895264,813.1239810320573,813.1218739402274,813.11444488646,813.09274297202,813.0107572741367,812.7087877277152,810.0541166831833
N1,p41-boxing-0021,brics-odroid-024_cam1,brics-odroid-024_cam1,867.4207494863066,951.805908,867.4317487069738,867.4537364998337,867.530582145958,867.7491887713486,868.503372186242,870.5685975627425,874.0440053814048
N1,p41-boxing-0021,brics-odroid-025_cam0,brics-odroid-025_cam0,720.8625466941629,913.867126,720.8762458185445,720.9036425293823,720.9995148718671,721.2732975294567,722.2299257604467,724.9494695752161,734.3169063681315
N1,p41-boxing-0021,brics-odroid-025_cam1,brics-odroid-025_cam1,839.1444422205976,879.872681,839.1757047849072,839.2382232055529,839.4569672669851,840.0813473472194,842.259665326024,848.4251788884753,975.4478117219994
N1,p41-boxing-0021,brics-odroid-026_cam0,brics-odroid-026_cam0,842.8078334781248,921.928467,842.8183840850298,842.8394126686755,842.9122587746431,843.1141367458737,843.7550557386612,845.163157404725,846.9999644673513
N1,p41-boxing-0021,brics-odroid-026_cam1,brics-odroid-026_cam1,847.1409024963922,927.79425,847.1405445867046,847.1398287825444,847.1373236277278,847.130167411484,847.1051366147084,847.0337565727606,846.7855082963762
N1,p41-boxing-0021,brics-odroid-027_cam0,brics-odroid-027_cam0,883.7168011533483,917.449829,883.7168489606006,883.7169445735854,883.7172792030602,883.718235150403,883.7215793700785,883.7311206242535,883.7643564721093
N1,p41-boxing-0021,brics-odroid-028_cam0,brics-odroid-028_cam0,822.0958575649446,919.052307,822.0790527137746,822.0454372889537,821.9277231822862,821.5908810105049,820.405878658925,817.8791924118133,814.253840222943
N1,p41-boxing-0021,brics-odroid-029_cam0,brics-odroid-029_cam0,845.2771939269177,907.913086,845.2696076606863,845.2543754423227,845.2004276822298,845.04063383435,844.4057339931448,841.9775725798086,833.9821081844525
N1,p41-boxing-0021,brics-odroid-029_cam1,brics-odroid-029_cam1,893.2013291146847,905.857727,893.1968930511766,893.1880527317585,893.1574416355149,893.0727151487864,892.8047535590912,892.221469146162,891.1819116738834
N1,p41-boxing-0021,brics-odroid-030_cam0,brics-odroid-030_cam0,784.0708621712438,930.997131,784.0692551476654,784.0660514584685,784.054946145242,784.0241110339506,783.9256376391802,783.706151431118,783.2965702210056
N1,p41-boxing-0021,brics-odroid-030_cam1,brics-odroid-030_cam1,755.7714836155608,907.045105,755.7680804740463,755.7612740422403,755.7374499686541,755.6693677933796,755.4309238142847,754.7483122784516,752.3432300083354
N1,p41-plant-0004,brics-odroid-001_cam1,brics-odroid-001_cam1,865.3520238189161,918.354065,865.3861787091253,865.452385181871,865.6641378525862,866.137867202339,867.028428656311,867.8311323229497,920.2596758182389
N1,p41-plant-0004,brics-odroid-002_cam0,brics-odroid-002_cam0,946.9852667792793,940.340637,946.9734540936313,946.9498347341957,946.8672300472987,946.6317559414318,945.8138369793362,943.7395309699792,941.4092945376441
N1,p41-plant-0004,brics-odroid-006_cam0,brics-odroid-006_cam0,921.5813961501087,919.383789,921.6033643216864,921.6473249973259,921.8014433247348,922.2439871564417,923.8190928826389,928.3428057399,941.017056998237
N1,p41-plant-0004,brics-odroid-007_cam0,brics-odroid-007_cam0,831.3410361516222,924.420349,831.3408706774211,831.3405397418113,831.3393816014633,831.3360737796488,831.3245098103112,831.2915843874696,831.1776646390488
N1,p41-plant-0004,brics-odroid-007_cam1,brics-odroid-007_cam1,867.858493644167,931.304504,867.8724242759957,867.900276828847,867.9976693954146,868.2751530691588,869.2373275580661,871.9121002665953,880.5150946600986
N1,p41-plant-0004,brics-odroid-009_cam1,brics-odroid-009_cam1,779.2906800982581,931.934998,779.2918989792851,779.2943366614805,779.3028677107546,779.3272349531343,779.412436575299,779.6551543900296,780.4964078130631
N1,p41-plant-0004,brics-odroid-010_cam0,brics-odroid-010_cam0,713.8149084772119,932.026672,713.8133545678787,713.810246777654,713.7993698104956,713.7682953209302,713.6595644593399,713.3491605115552,712.2657209286668
N1,p41-plant-0004,brics-odroid-010_cam1,brics-odroid-010_cam1,860.6616549818904,934.134155,860.6848117301683,860.731122958938,860.8931884508693,861.3560287131668,862.9735925423234,867.5748659830042,885.9478254088582
N1,p41-plant-0004,brics-odroid-011_cam0,brics-odroid-011_cam0,889.6863753630073,922.774414,889.6861772219978,889.6857809402978,889.6843939576942,889.6804311789439,889.6665617879985,889.626937825214,889.4882874129547
N1,p41-plant-0004,brics-odroid-012_cam0,brics-odroid-012_cam0,826.3524495294193,926.425415,826.3491841178676,826.3426533194067,826.3197957835272,826.2544907558805,826.0259490319826,825.3731944310408,823.091129377344
N1,p41-plant-0004,brics-odroid-012_cam1,brics-odroid-012_cam1,819.6770342275158,926.514709,819.6712271329683,819.6596599889506,819.619662350931,819.5094029895781,819.1649599373571,818.4369163898696,817.2085796667584
N1,p41-plant-0004,brics-odroid-014_cam1,brics-odroid-014_cam1,823.8992633976708,922.314819,823.8959386321402,823.8892891219618,823.8660160555905,823.7995234595877,823.5668212997905,822.9021459386297,820.577974958096
N1,p41-plant-0004,brics-odroid-015_cam0,brics-odroid-015_cam0,869.7098731115979,914.97937,869.7090487406324,869.7074000593738,869.701630311952,869.6851507772369,869.6275360058054,869.4634655853868,868.8954821310859
N1,p41-plant-0004,brics-odroid-015_cam1,brics-odroid-015_cam1,752.3021231273955,930.794434,752.3024755888615,752.3031805046866,752.305647635438,752.3126959407848,752.3373575492401,752.4077554047876,752.6534050167234
N1,p41-plant-0004,brics-odroid-016_cam0,brics-odroid-016_cam0,1061.888286440248,919.84082,1061.8848599340201,1061.878006935397,1061.8540215854534,1061.7854932591129,1061.545658641912,1060.8605414006968,1058.4640588675022
N1,p41-plant-0004,brics-odroid-017_cam0,brics-odroid-017_cam0,835.1065697471562,921.894775,835.1071495132048,835.1083084915931,835.1123591112553,835.1238827844234,835.1636466243751,835.272595291354,835.6067701998791
N1,p41-plant-0004,brics-odroid-017_cam1,brics-odroid-017_cam1,880.725773203548,938.321167,880.7283406840943,880.7334755711983,880.7514468992226,880.8027868929888,880.9823992326861,881.4949127706817,883.2809916346245
N1,p41-plant-0004,brics-odroid-019_cam1,brics-odroid-019_cam1,907.9958853612795,920.925659,907.9931910550238,907.9878023441952,907.9689408239108,907.9150419154137,907.7262924196187,907.186121046219,905.2851115550932
N1,p41-plant-0004,brics-odroid-020_cam0,brics-odroid-020_cam0,937.6948001048769,899.424316,937.6988335613617,937.7069003335088,937.7351325574492,937.8157833829862,938.0979135185515,938.9027351957457,941.704920455977
N1,p41-plant-0004,brics-odroid-020_cam1,brics-odroid-020_cam1,856.2704499750031,925.858521,856.2708238433868,856.271571583844,856.2741887141751,856.2816665614131,856.3078429007701,856.3826656634516,856.6449335344842
N1,p41-plant-0004,brics-odroid-021_cam0,brics-odroid-021_cam0,787.1708683968179,938.355225,787.1699453165021,787.1680992158045,787.1616384926002,787.1431846752272,787.0786591526369,786.8948374467213,786.2576606704865
N1,p41-plant-0004,brics-odroid-021_cam1,brics-odroid-021_cam1,862.0287815005657,920.78302,862.0297758458364,862.0317645433176,862.0387250573813,862.05861286511,862.1282274809591,862.3271888781758,863.0242836304132
N1,p41-plant-0004,brics-odroid-022_cam0,brics-odroid-022_cam0,915.1299798804619,916.312195,915.1239810866107,915.1119961306459,915.0701809537015,914.951830474701,914.5502567179652,913.5013608814571,910.6509001565432
N1,p41-plant-0004,brics-odroid-022_cam1,brics-odroid-022_cam1,773.103851241376,903.016357,773.1042195390454,773.1049559840798,773.1075319645796,773.1148784173055,773.1404346319957,773.2121379894294,773.4487125662623
N1,p41-plant-0004,brics-odroid-023_cam0,brics-odroid-023_cam0,873.3460426883619,914.887695,873.346653980114,873.3478765714314,873.3521557230739,873.364382573806,873.4071847568418,873.5295470840839,873.9586379640289
N1,p41-plant-0004,brics-odroid-024_cam0,brics-odroid-024_cam0,824.3345356316075,931.895264,824.342096358051,824.357217211488,824.410133905073,824.5612705342173,825.0896203965359,826.5938254055148,831.7983069392512
N1,p41-plant-0004,brics-odroid-024_cam1,brics-odroid-024_cam1,763.808745894917,951.805908,763.822046553958,763.8483694895772,763.9376762821508,764.1708747677116,764.7956092850912,765.7548616413246,766.8836894504672
N1,p41-plant-0004,brics-odroid-025_cam0,brics-odroid-025_cam0,690.0672879132552,913.867126,690.0782031121815,690.1000311349914,690.1764042857748,690.3943998313789,691.1549025061418,693.3069212933841,714.9131148356615
N1,p41-plant-0004,brics-odroid-025_cam1,brics-odroid-025_cam1,641.7300057365597,879.872681,641.7458625119792,641.7775470580696,641.8881393454944,642.2015376276199,643.2691993193866,645.2568347934704,647.2759212816773
N1,p44-dog-0004,brics-odroid-001_cam1,brics-odroid-001_cam1,877.708469617944,970.607117,877.6862034919144,877.6414992794473,877.4832055002322,877.0146538612864,875.1576444530435,871.9553713811123,867.0934304171237
N1,p44-dog-0004,brics-odroid-002_cam0,brics-odroid-002_cam0,862.8782078035422,885.953552,862.8800554183186,862.8837575858807,862.8967884793694,862.9346595498312,863.0751568750906,863.5598972544329,921.8464693233564
N1,p44-dog-0004,brics-odroid-006_cam0,brics-odroid-006_cam0,806.9283764989817,899.016907,806.9310946401489,806.9365308212938,806.9555563928785,807.0099060639585,807.2000237515032,807.7423087854125,809.6297707398469
N1,p44-dog-0004,brics-odroid-007_cam0,brics-odroid-007_cam0,860.4302706954345,932.032104,860.4326653194985,860.4374539194022,860.4542072157744,860.5020155391094,860.6686681901655,861.1390950557497,862.7216098467954
N1,p44-dog-0004,brics-odroid-007_cam1,brics-odroid-007_cam1,765.1459651858497,932.874512,765.156152226767,765.1764628774284,765.2468909893444,765.442629579605,766.0695798290058,767.4772002717149,775.5157730787689
N1,p44-dog-0004,brics-odroid-008_cam0,brics-odroid-008_cam0,945.6842718550058,941.907043,945.6947949372561,945.7158394684567,945.7894781823943,945.9997276569704,946.7338917793682,948.8169620657984,951.4128782937306
N1,p44-dog-0004,brics-odroid-009_cam1,brics-odroid-009_cam1,860.8326754964368,959.593506,860.8286532362779,860.8206085636452,860.7924506100231,860.7119856023629,860.4301980134056,859.6237162548923,856.7848740627061
N1,p44-dog-0004,brics-odroid-010_cam0,brics-odroid-010_cam0,879.264499952649,933.87085,879.2708564324362,879.2835721280028,879.3281058109959,879.4555918342528,879.9046939234306,881.2132366264577,883.7347188245976
N1,p44-dog-0004,brics-odroid-011_cam0,brics-odroid-011_cam0,755.807616429484,938.384766,755.8089707318981,755.8116793305285,755.8211593606545,755.8482446031942,755.9430364444469,756.2138145035095,757.1608872847866
N1,p44-dog-0004,brics-odroid-012_cam0,brics-odroid-012_cam0,846.313876096642,953.767944,846.3162434037989,846.3209779887039,846.3375487270832,846.3848910472534,846.550558295787,847.0236288086107,848.6762952190992
N1,p44-dog-0004,brics-odroid-012_cam1,brics-odroid-012_cam1,841.4112574953982,911.326538,841.4096423965549,841.4064138947317,841.395131913793,841.3630492738758,841.2524990796005,840.950828378819,840.036573618234
N1,p44-dog-0004,brics-odroid-014_cam1,brics-odroid-014_cam1,773.3426818171837,940.467224,773.3408142909661,773.3370792747256,773.32400709792,773.2866612784985,773.1559888994317,772.7829645736024,771.4811636284799
N1,p44-dog-0004,brics-odroid-015_cam1,brics-odroid-015_cam1,765.482513050664,941.986267,765.4846714772395,765.4889900891993,765.5041237236459,765.5475218136448,765.7012964801999,766.1574403218833,767.9796399336402
N1,p44-dog-0004,brics-odroid-016_cam0,brics-odroid-016_cam0,930.2063354545531,986.61853,930.2053232679446,930.2033006469661,930.1962398190575,930.1762219667693,930.1079292733767,929.9268078297422,929.4207211350388
N1,p44-dog-0004,brics-odroid-017_cam0,brics-odroid-017_cam0,873.7101784448885,917.866882,873.7064330736915,873.6989423390072,873.6727248485693,873.5978184270308,873.3356540515271,872.586682489177,869.9661684290645
N1,p44-dog-0004,brics-odroid-017_cam1,brics-odroid-017_cam1,852.8450653186485,931.661072,852.8493341146142,852.8578714535785,852.8877494840646,852.9730925270723,853.2715279118416,854.1219330887579,857.0721704109191
N1,p44-dog-0004,brics-odroid-019_cam1,brics-odroid-019_cam1,1002.7682279600791,958.992859,1002.8492674138766,1003.011328784857,1003.5783594874874,1005.1968702073625,1010.8431176201177,1026.820660253052,1095.9764317109168
N1,p44-dog-0004,brics-odroid-020_cam0,brics-odroid-020_cam0,756.7109672951323,931.864014,756.7128154431376,756.716506269784,756.7293670169759,756.7656290996928,756.8871696862986,757.1940921869584,757.9486577630412
N1,p44-dog-0004,brics-odroid-020_cam1,brics-odroid-020_cam1,841.4328944591408,945.561951,841.4342502998769,841.4369619253838,841.4464520270724,841.4735615678902,841.5683862529722,841.8388117124265,842.7794803355158
N1,p44-dog-0004,brics-odroid-021_cam0,brics-odroid-021_cam0,790.3062444968369,920.005005,790.3034309675525,790.2978037279964,790.2781064889816,790.2218123676067,790.0245926311577,789.4594713864195,787.4621180546231
N1,p44-dog-0004,brics-odroid-021_cam1,brics-odroid-021_cam1,806.3634350704879,920.716309,806.3668323954836,806.3736497126683,806.3977509957531,806.4687433000378,806.745090450215,807.8886170334148,811.7078263368876
N1,p44-dog-0004,brics-odroid-022_cam0,brics-odroid-022_cam0,825.0639057775104,909.549255,825.0674340528019,825.0744905131187,825.0991871764736,825.1697409490758,825.4165844243048,826.1210404535938,828.5774257604327
N1,p44-dog-0004,brics-odroid-022_cam1,brics-odroid-022_cam1,725.3905925267512,900.313538,725.3907336907323,725.391016018401,725.3920041621471,725.3948274034884,725.4047084389648,725.4329373187035,725.5317074890281
N1,p44-dog-0004,brics-odroid-023_cam0,brics-odroid-023_cam0,832.4122031859864,901.922424,832.4130681413973,832.4147980685611,832.4208529852492,832.4381542183193,832.4987257021326,832.6719343726368,833.2798882990901
N1,p44-dog-0004,brics-odroid-024_cam0,brics-odroid-024_cam0,737.3396896769275,892.527466,737.3431986644115,737.350216518488,737.3747777384725,737.4449417748448,737.6903890602896,738.3905815071776,740.6198615434114
N1,p44-dog-0004,brics-odroid-024_cam1,brics-odroid-024_cam1,792.0252997403043,920.34082,792.0234696795313,792.0198045361888,792.006923563692,791.9696606526006,791.8336230500477,791.389405170255,789.1780963223571
N1,p44-dog-0004,brics-odroid-025_cam0,brics-odroid-025_cam0,658.8665115382561,903.565063,658.8664311278492,658.8662700023601,658.8657028437664,658.8640542818135,658.8579349799394,658.8367820071087,658.649143097579
N1,p44-dog-0004,brics-odroid-025_cam1,brics-odroid-025_cam1,706.2935763939577,894.818848,706.2971416544616,706.3042670553551,706.3291523257311,706.3997965592812,706.6418459400114,707.291688963273,709.1753166520973
N1,p44-dog-0004,brics-odroid-026_cam0,brics-odroid-026_cam0,891.5554550264447,895.203247,891.5687049266772,891.5952207182074,891.6881942328042,891.955283393562,892.9073551118449,895.9804527679541,909.8497655537184
N1,p44-dog-0004,brics-odroid-026_cam1,brics-odroid-026_cam1,895.3971910175553,935.543335,895.3956345020496,895.3925214739313,895.3816259059123,895.3504959720765,895.2415442430274,894.9302796442013,893.8411576784881
N1,p44-dog-0004,brics-odroid-027_cam0,brics-odroid-027_cam0,901.2559253790995,920.350464,901.250216180649,901.2387975655325,901.1988301212295,901.0846177793576,900.6846452743964,899.5398978518546,895.5097482062982
N1,p44-dog-0004,brics-odroid-029_cam0,brics-odroid-029_cam0,825.6123677131714,919.495972,825.6176978743074,825.6283579479013,825.6656655945379,825.7722364959106,826.1449737976317,827.2077063766691,830.9022121897485
N1,p44-dog-0004,brics-odroid-029_cam1,brics-odroid-029_cam1,793.1149604277394,927.140747,793.119909942937,793.1298330145478,793.1648182531442,793.2670097578832,793.6529603596483,795.0730012840403,804.640295656208
N1,p44-dog-0004,brics-odroid-030_cam0,brics-odroid-030_cam0,776.0543823634091,945.355957,776.0608541408393,776.0737975006184,776.1190972115703,776.2485074024797,776.7012383431087,777.9930024787196,782.493981047133
N1,p52-instrument-0034,brics-odroid-002_cam0,brics-odroid-002_cam0,885.4076886710965,931.786255,885.4391712094114,885.5023923166424,885.7263912979133,886.3906993871169,888.9628248530304,893.3016163099,906.6319795316005
N1,p52-instrument-0034,brics-odroid-007_cam0,brics-odroid-007_cam0,875.3183633226615,919.000183,875.321133257165,875.3266702794111,875.3460200174442,875.4010504778938,875.5907363865791,876.1088448637752,877.6834489835003
N1,p52-instrument-0034,brics-odroid-007_cam1,brics-odroid-007_cam1,809.2392896759104,945.903381,809.2383571779017,809.2364882083549,809.229904795084,809.2107273097338,809.1389984762386,808.8842565767252,806.6446660405456
N1,p52-instrument-0034,brics-odroid-012_cam1,brics-odroid-012_cam1,850.6044341269076,919.386963,850.6075006796419,850.6136229949101,850.6349384629518,850.6948905172374,850.8942438308194,851.3870152756278,852.5372800873141
N1,p52-instrument-0034,brics-odroid-015_cam1,brics-odroid-015_cam1,789.217560371939,908.360901,789.2182867981599,789.2197374881845,789.2247923101507,789.2390437527488,789.2867988303201,789.4073119123115,789.7030979872472
N1,p52-instrument-0034,brics-odroid-016_cam0,brics-odroid-016_cam0,984.5509726041142,924.890198,984.5664722249967,984.5975585545493,984.7072837491601,985.0289165154516,986.2589858588047,989.9287392778498,1003.5869844419019
N1,p52-instrument-0034,brics-odroid-021_cam0,brics-odroid-021_cam0,802.6807872204057,925.329956,802.6910039585149,802.7113885867161,802.7822259456162,802.9803555803658,803.627644669474,805.1552862677636,809.6839832058965
N1,p52-instrument-0034,brics-odroid-023_cam0,brics-odroid-023_cam0,855.3344758170588,918.969177,855.3330103733454,855.3300795726835,855.3198226813182,855.2905250833209,855.1880744723634,854.8961360674124,853.8833381754325
N1,p52-instrument-0034,brics-odroid-024_cam0,brics-odroid-024_cam0,863.1531406756964,924.838501,863.1565367095342,863.1633286889057,863.1870996895364,863.2550088879707,863.4925984128221,864.1706322440291,866.5052184808941
N1,p52-instrument-0034,brics-odroid-025_cam1,brics-odroid-025_cam1,874.7498818549676,894.408875,874.7626361069958,874.7881397980694,874.8773522121361,875.1318127111327,876.0174135780463,878.4136818703151,882.7703913727626
N1,p52-instrument-0034,brics-odroid-027_cam0,brics-odroid-027_cam0,880.9151958184258,907.767273,880.9146828730279,880.9136569808256,880.9100663433378,880.8998072524209,880.8638989563592,880.7612911560042,880.4020159959477
N1,p52-instrument-0034,brics-odroid-030_cam0,brics-odroid-030_cam0,772.4967955534099,922.447449,772.4900016634656,772.4764117355655,772.4288244219409,772.2926669507689,771.813844174832,770.426006467401,765.326574571151
N1,p52-instrument-0034,brics-odroid-030_cam1,brics-odroid-030_cam1,777.1685486670453,898.433655,777.1896998211964,777.2319938721902,777.3799364044992,777.8018880511279,779.2701237463809,783.3922946432324,791.0218570464564
N2,p36-tea-0010,brics-odroid-001_cam0,brics-odroid-001_cam0,782.4989626952857,921.610657,782.5102000482129,782.5326936332432,782.6116199682263,782.8388416124569,783.6547181184811,786.2406837274258,797.4994868738355
N2,p36-tea-0010,brics-odroid-001_cam1,brics-odroid-001_cam1,809.0219434759466,918.354065,808.9954357764176,808.9422428248955,808.7541822190672,808.2001673275747,806.0694284339427,799.6616191489828,788.0836012333559
N2,p36-tea-0010,brics-odroid-002_cam0,brics-odroid-002_cam0,877.6286051128469,940.340637,877.6399949555133,877.6628546850686,877.743714128328,877.9822858357489,878.9165908368484,881.8349819462223,885.9053489180061
N2,p36-tea-0010,brics-odroid-006_cam0,brics-odroid-006_cam0,852.0559417524189,919.383789,852.051473498241,852.0425297342578,852.011150169673,851.9208343172648,851.5968218091145,850.5975133386142,847.2039972311277
N2,p36-tea-0010,brics-odroid-007_cam0,brics-odroid-007_cam0,883.5842022711734,924.420349,883.5974914414755,883.6241959716116,883.7190080213475,884.001991616648,885.1590917196169,889.1196872188459,896.5835681711709
N2,p36-tea-0010,brics-odroid-007_cam1,brics-odroid-007_cam1,868.8830908524818,931.304504,868.8779155393147,868.8675466219242,868.8310622190025,868.725136391681,868.3335503824279,866.9990626996325,888.8661164290922
N2,p36-tea-0010,brics-odroid-009_cam1,brics-odroid-009_cam1,756.7067253516059,931.934998,756.7077260761619,756.7097298706268,756.7167678738962,756.7370907890545,756.8108200351471,757.0466072278285,767.0232374058105
N2,p36-tea-0010,brics-odroid-010_cam0,brics-odroid-010_cam0,956.491645327415,932.026672,956.5028804216706,956.5255955728991,956.6077666178899,956.868081882874,958.2393715701717,963.7042984313695,979.7054928326463
N2,p36-tea-0010,brics-odroid-010_cam1,brics-odroid-010_cam1,815.4442459749152,934.134155,815.4392507757276,815.4292770380969,815.3945429255231,815.2967700847245,814.970809822147,814.159469121842,812.2651841286109
N2,p36-tea-0010,brics-odroid-011_cam0,brics-odroid-011_cam0,803.4896556604573,922.774414,803.491541584056,803.4953133228792,803.5085132709578,803.5462176584073,803.6780693705009,804.0538171410516,805.3577050374072
N2,p36-tea-0010,brics-odroid-012_cam0,brics-odroid-012_cam0,862.0793186119304,926.425415,862.0804369709838,862.0826736963941,862.090502312031,862.1128704427263,862.191166571084,862.4149355640607,863.1988950605572
N2,p36-tea-0010,brics-odroid-012_cam1,brics-odroid-012_cam1,792.2679144959494,926.514709,792.2766054139657,792.2941946073943,792.3580230947417,792.5623252890477,793.6939844862501,796.2813137792161,797.4488147088252
N2,p36-tea-0010,brics-odroid-014_cam1,brics-odroid-014_cam1,849.4111052225006,922.314819,849.4338830419222,849.4794312787238,849.6387724273125,850.0933680444678,851.6767363373918,855.5478562792538,861.8213622897396
N2,p36-tea-0010,brics-odroid-015_cam0,brics-odroid-015_cam0,820.315584057347,914.97937,820.3178235431162,820.32229806994,820.3379123983252,820.3821298516672,820.5324268487225,820.9269253824115,821.9985571054034
N2,p36-tea-0010,brics-odroid-015_cam1,brics-odroid-015_cam1,794.5360420266629,930.794434,794.5379674948035,794.5418169434972,794.5552744143467,794.5935911179505,794.7261645991558,795.0922621839336,796.2420056017821
N2,p36-tea-0010,brics-odroid-016_cam0,brics-odroid-016_cam0,948.8801643148273,919.84082,948.8838765607321,948.8913009599324,948.9172853847595,948.9915182648572,949.2512361551,949.9924551415905,952.577034296243
N2,p36-tea-0010,brics-odroid-017_cam0,brics-odroid-017_cam0,877.2437784375387,921.894775,877.2440775114841,877.2446756576478,877.2467691510892,877.2527504055155,877.2736829831009,877.3334748127251,877.542565143073
N2,p36-tea-0010,brics-odroid-017_cam1,brics-odroid-017_cam1,865.5918614748437,938.321167,865.5916258527906,865.5911546223324,865.5895054590081,865.5847947915553,865.5683217659445,865.5213782973129,865.3584899760846
N2,p36-tea-0010,brics-odroid-019_cam1,brics-odroid-019_cam1,934.0149293545147,920.925659,934.0188405201816,934.0266631254237,934.0540451201458,934.1323040536795,934.4064983775063,935.1923880826089,937.95364668476
N2,p36-tea-0010,brics-odroid-020_cam0,brics-odroid-020_cam0,828.3357259746956,899.424316,828.3401151933253,828.3488936334664,828.3796182042112,828.4674029511789,828.7746525824866,829.652534371393,859.5910231052901
N2,p36-tea-0010,brics-odroid-020_cam1,brics-odroid-020_cam1,798.2892465201471,925.858521,798.2837828829706,798.2728556035474,798.2346100723563,798.1253366703256,797.742874458882,796.6500801500885,790.6735935848485
N2,p36-tea-0010,brics-odroid-021_cam0,brics-odroid-021_cam0,831.4344809795211,938.355225,831.4460220373079,831.4691021389888,831.5498613550486,831.7804209236765,832.585273009279,834.8669804778197,841.0333652924577
N2,p36-tea-0010,brics-odroid-021_cam1,brics-odroid-021_cam1,779.1639405913166,920.78302,779.1616855384603,779.1571779310019,779.1414274882119,779.0966494557498,778.9424848997052,778.5228320116286,777.2601799376145
N2,p36-tea-0010,brics-odroid-022_cam0,brics-odroid-022_cam0,823.7421588992974,916.312195,823.7456766958223,823.752703933222,823.7772118761345,823.8464940385472,824.0806615575104,824.6857227117827,826.2624426766787
N2,p36-tea-0010,brics-odroid-022_cam1,brics-odroid-022_cam1,835.8916955104934,903.016357,835.8942980450212,835.8995031372799,835.9177212038215,835.96977491089,836.1519872522488,836.6728028556663,838.4980970245667
N2,p36-tea-0010,brics-odroid-023_cam0,brics-odroid-023_cam0,867.6093786441263,914.887695,867.620287734334,867.6421098589885,867.7185287346456,867.9372241934219,868.7068337799636,870.9302501356116,874.4544595861872
N2,p36-tea-0010,brics-odroid-024_cam0,brics-odroid-024_cam0,814.3241897784673,931.895264,814.325265672911,814.327417464625,814.3349487653198,814.3564670218344,814.4317838891575,814.6470003925001,815.4005551462908
N2,p36-tea-0010,brics-odroid-024_cam1,brics-odroid-024_cam1,852.580081177354,951.805908,852.6070160763416,852.6608497220371,852.8488887294642,853.3829174865583,855.2151846897574,860.1467473112936,865.2408258048841
N2,p36-tea-0010,brics-odroid-025_cam0,brics-odroid-025_cam0,651.0626477055922,913.867126,651.0603942033867,651.0558555509307,651.0396300552022,650.9901440962996,650.7697396339261,648.9870612415466,643.2072899066579
N2,p36-tea-0010,brics-odroid-025_cam1,brics-odroid-025_cam1,810.97006366984,879.872681,810.9747655002942,810.9841682045543,811.017067628062,811.110979996124,811.4386734090814,812.3664531867508,815.5194890537837
N2,p36-tea-0010,brics-odroid-026_cam0,brics-odroid-026_cam0,853.7727997301757,921.928467,853.7720649682591,853.770595483843,853.7654527022298,853.7507625867793,853.6993885203992,853.5529588811261,853.0445428155992
N2,p36-tea-0010,brics-odroid-026_cam1,brics-odroid-026_cam1,882.5094646800264,927.79425,882.5090680789106,882.5082748970217,882.5054989739798,882.4975695954248,882.4698381043934,882.3907876829115,882.1162218318077
N2,p36-tea-0010,brics-odroid-027_cam0,brics-odroid-027_cam0,927.6569579127653,917.449829,927.6268899622415,927.5667527763841,927.3562591360811,926.7547331257477,924.6480184321111,918.6184924655226,899.3693965718719
N2,p36-tea-0010,brics-odroid-027_cam1,brics-odroid-027_cam1,788.4136662973157,919.998901,788.4257262684876,788.4498458672426,788.5342608552269,788.7754156129696,789.6190965287273,792.0264759677616,800.4842586287053
N2,p36-tea-0010,brics-odroid-028_cam0,brics-odroid-028_cam0,815.2188431340077,919.052307,815.2161026252619,815.2106469465031,815.1918140713592,815.1401552253363,814.9811643770314,814.6565657322938,677.5609075539398
N2,p36-tea-0010,brics-odroid-029_cam0,brics-odroid-029_cam0,1006.9344573721727,907.913086,1006.9157348262445,1006.878286311033,1006.7471805519372,1006.372284211642,1005.0565380183366,1001.2658145719147,530.5859128159868
N2,p36-tea-0010,brics-odroid-029_cam1,brics-odroid-029_cam1,801.7279978762488,905.857727,801.6963198342444,801.6329485599365,801.410989476766,800.7754493570333,798.5347167326086,791.9850204018023,780.6505176258821
N2,p36-tea-0010,brics-odroid-030_cam0,brics-odroid-030_cam0,742.5395189832329,930.997131,742.5595742604746,742.5996829432823,742.7400436828007,743.1409059928127,744.5419619307971,748.5282965896794,757.5962447603969
N2,p36-tea-0010,brics-odroid-030_cam1,brics-odroid-030_cam1,749.2307118736481,907.045105,749.2588932852952,749.3152356995807,749.5122201113303,750.0732044523056,752.0155648010144,757.3931635590804,771.7195638156085
N2,p41-boxing-0021,brics-odroid-001_cam1,brics-odroid-001_cam1,846.1591519694568,918.354065,846.271932682083,846.5006044579632,847.3351652815569,849.8274386256948,854.1332409056622,858.2243195476283,926.6233046394024
N2,p41-boxing-0021,brics-odroid-002_cam0,brics-odroid-002_cam0,852.9806549235965,940.340637,853.1745195717734,853.5631473234406,854.9328509608031,858.8153061101698,871.500551847152,926.0550792519998,965.9899473154089
N2,p41-boxing-0021,brics-odroid-006_cam0,brics-odroid-006_cam0,842.8989894875734,919.383789,842.8957052019801,842.8891371964045,842.8661551141073,842.8005428699998,842.5714915997319,841.9220883317374,839.7067851913936
N2,p41-boxing-0021,brics-odroid-007_cam0,brics-odroid-007_cam0,904.1539967822707,924.420349,904.1678096714514,904.1953590885294,904.2909875948618,904.557579829475,905.4196262656038,907.4015368897694,912.0363391051576
N2,p41-boxing-0021,brics-odroid-007_cam1,brics-odroid-007_cam1,863.9907566754739,931.304504,864.0055308974113,864.035071273577,864.1383779560218,864.4328163748106,865.4549833000705,868.3100856993625,1044.7075448173243
N2,p41-boxing-0021,brics-odroid-008_cam0,brics-odroid-008_cam0,914.1252190987137,919.474365,914.1294799777478,914.1379950427526,914.1677276767531,914.2520817873472,914.5405369450234,915.3106403454386,917.5023674605892
N2,p41-boxing-0021,brics-odroid-009_cam1,brics-odroid-009_cam1,786.0308231859165,931.934998,786.0298365057549,786.0278586331668,786.0208883372796,786.000554755274,785.9241155399492,785.6476217140927,782.3390071734354
N2,p41-boxing-0021,brics-odroid-010_cam0,brics-odroid-010_cam0,870.7444800859297,932.026672,870.7445062794668,870.7445586657406,870.7447420092931,870.7452657759625,870.7470981191332,870.7523261944731,870.7705409772921
N2,p41-boxing-0021,brics-odroid-010_cam1,brics-odroid-010_cam1,758.0070488891337,934.134155,758.0160844009877,758.0341545783991,758.0973913145339,758.2779915808196,758.9092056927885,760.7051058816915,818.4609484426779
N2,p41-boxing-0021,brics-odroid-011_cam0,brics-odroid-011_cam0,880.3271220648005,922.774414,880.3272162601485,880.3274046507323,880.3280640165907,880.3299479089034,880.3365414137023,880.3553789849201,880.4212986573528
N2,p41-boxing-0021,brics-odroid-012_cam0,brics-odroid-012_cam0,881.3812297723229,926.425415,881.3790949596115,881.3748260573373,881.3598924881717,881.3172900881683,881.1689352011372,880.751418792294,879.3604063156071
N2,p41-boxing-0021,brics-odroid-012_cam1,brics-odroid-012_cam1,853.9131195599207,926.514709,853.9132178444562,853.913414358335,853.9141015779394,853.9160601133267,853.9228577660391,853.9418021160917,854.0029989298132
N2,p41-boxing-0021,brics-odroid-014_cam1,brics-odroid-014_cam1,844.539339893959,922.314819,844.5423714043752,844.5484343835318,844.5696543729894,844.6302791637098,844.8424221821326,845.4481702978499,847.5639238349253
N2,p41-boxing-0021,brics-odroid-015_cam0,brics-odroid-015_cam0,853.3829681718595,914.97937,853.384095161354,853.3863491173139,853.3942377213928,853.4167745179657,853.4956291379297,853.7207210992893,854.5061363644813
N2,p41-boxing-0021,brics-odroid-015_cam1,brics-odroid-015_cam1,831.7036155116026,930.794434,831.7052641879145,831.7085615072232,831.720101774996,831.7530709705693,831.8684281887732,832.1977208136412,833.3467627330036
N2,p41-boxing-0021,brics-odroid-016_cam0,brics-odroid-016_cam0,923.7862912564566,919.84082,923.785682525634,923.7844650455783,923.7802036720435,923.7680266616643,923.7253877792898,923.6033963353652,923.1744793403261
N2,p41-boxing-0021,brics-odroid-017_cam0,brics-odroid-017_cam0,855.9795869264422,921.894775,855.9892129653658,856.0084486147205,856.0756013779202,856.2660041158367,856.9158115502298,858.640923070189,862.8367650684
N2,p41-boxing-0021,brics-odroid-017_cam1,brics-odroid-017_cam1,888.3527266288555,938.321167,888.3605972968044,888.3763373057195,888.4314134074847,888.5886543994794,889.1376098047879,890.694251478119,894.3590708208794
N2,p41-boxing-0021,brics-odroid-019_cam1,brics-odroid-019_cam1,849.6829253015597,920.925659,849.6835232489386,849.6846977054346,849.6885961123585,849.698187029676,849.7203266656194,849.7468019714014,849.7678399625131
N2,p41-boxing-0021,brics-odroid-020_cam0,brics-odroid-020_cam0,778.3577576982452,899.424316,778.3531961258168,778.3440835380294,778.3122999035784,778.222425522603,777.9183913922604,777.1308920015999,775.1004214221321
N2,p41-boxing-0021,brics-odroid-020_cam1,brics-odroid-020_cam1,839.8180567490759,925.858521,839.81846317767,839.8192753615269,839.8221109545356,839.8301526963805,839.8576175922555,839.9306819662012,840.1365761263577
N2,p41-boxing-0021,brics-odroid-021_cam0,brics-odroid-021_cam0,833.8301414742394,938.355225,833.8475694869239,833.8825496842102,834.0062997915561,834.3715831581676,835.8044972281725,843.6944027230521,881.4983643560375
N2,p41-boxing-0021,brics-odroid-021_cam1,brics-odroid-021_cam1,771.5801695407569,920.78302,771.586793819366,771.600041514952,771.6463994043004,771.7787730345016,772.2411786531734,773.5546530687587,778.0659205153422
N2,p41-boxing-0021,brics-odroid-023_cam0,brics-odroid-023_cam0,845.5962857363553,914.887695,845.5990451218306,845.6045527484451,845.6237132100254,845.6774802157826,845.8549631477164,846.2852517418926,847.2453035565362
N2,p41-boxing-0021,brics-odroid-024_cam0,brics-odroid-024_cam0,813.1250320164094,931.895264,813.1234747290468,813.120340706973,813.1091631197143,813.0753256300694,812.9290982037212,811.89644480635,805.8734784807386
N2,p41-boxing-0021,brics-odroid-024_cam1,brics-odroid-024_cam1,867.4207494863066,951.805908,867.4132728548477,867.3983132772403,867.34588835797,867.195531420288,866.6625229119962,865.0792378361989,859.7544256898132
N2,p41-boxing-0021,brics-odroid-025_cam0,brics-odroid-025_cam0,720.8625466941629,913.867126,720.865286635468,720.8708196253376,720.8907611466396,720.9531813230882,721.2641564736855,724.4221926821646,734.8907170772934
N2,p41-boxing-0021,brics-odroid-025_cam1,brics-odroid-025_cam1,839.1444422205976,879.872681,839.1783518244514,839.2461615342932,839.4833958347748,840.1603547713162,842.5197896290092,849.1800106139286,964.2175352811278
N2,p41-boxing-0021,brics-odroid-026_cam0,brics-odroid-026_cam0,842.8078334781248,921.928467,842.8156137380333,842.8311772748453,842.885681352584,843.0416795030717,843.5908688612628,845.1878966803978,848.8094699915473
N2,p41-boxing-0021,brics-odroid-026_cam1,brics-odroid-026_cam1,847.1409024963922,927.79425,847.1401862009051,847.1387536374283,847.1337399539478,847.1194176180344,847.0693182881502,846.9264241382423,846.4291561313994
N2,p41-boxing-0021,brics-odroid-027_cam0,brics-odroid-027_cam0,883.7168011533483,917.449829,883.7128778634137,883.705031079379,883.6775651913282,883.5990728444104,883.3241350079113,882.5367541755762,879.7591036723169
N2,p41-boxing-0021,brics-odroid-028_cam0,brics-odroid-028_cam0,822.0958575649446,919.052307,822.0750474495567,822.0335852296894,821.8901057636706,821.4937087205262,820.2470598553341,817.351129162852,812.3347889604808
N2,p41-boxing-0021,brics-odroid-029_cam0,brics-odroid-029_cam0,845.2771939269177,907.913086,845.2679352768122,845.2494497413164,845.18508199712,845.0039702819367,844.4009865243387,842.9055435002304,840.828512401674
N2,p41-boxing-0021,brics-odroid-029_cam1,brics-odroid-029_cam1,893.2013291146847,905.857727,893.2051309260402,893.2127336773276,893.2393341603984,893.3152572292424,893.580077707284,894.3289907733891,896.8635414340981
N2,p41-boxing-0021,brics-odroid-030_cam0,brics-odroid-030_cam0,784.0708621712438,930.997131,784.0764752437298,784.0877079035967,784.1270907520205,784.2402039648701,784.6431245351682,785.8581177024313,793.3721900546182
N2,p41-boxing-0021,brics-odroid-030_cam1,brics-odroid-030_cam1,755.7714836155608,907.045105,755.7744331290294,755.7803322782065,755.8009805839253,755.8599867475516,756.0666367890186,756.6581687911114,758.7017240819475
N2,p41-plant-0004,brics-odroid-001_cam1,brics-odroid-001_cam1,865.3520238189161,918.354065,865.3718743208029,865.4114497871441,865.5486595675533,865.9298396254228,867.1491499783867,871.4333349690539,880.4461564401618
N2,p41-plant-0004,brics-odroid-002_cam0,brics-odroid-002_cam0,946.9852667792793,940.340637,946.9909297394273,947.0023659596102,947.0435893494883,947.1726855395284,947.8172040208111,961.6002726588947,966.0887103940526
N2,p41-plant-0004,brics-odroid-006_cam0,brics-odroid-006_cam0,921.5813961501087,919.383789,921.5867914115054,921.5975661993853,921.6351135407028,921.7410019843278,922.0961286623502,922.9944128741568,925.2026803090465
N2,p41-plant-0004,brics-odroid-007_cam0,brics-odroid-007_cam0,831.3410361516222,924.420349,831.3339336719692,831.3197151048976,831.2698067813667,831.1259714775723,830.607617735981,828.9855428014129,826.0468693264588
N2,p41-plant-0004,brics-odroid-007_cam1,brics-odroid-007_cam1,867.858493644167,931.304504,867.8675596983538,867.8858494525879,867.9515678388811,868.1552744163803,869.1269311762729,873.3838215670919,885.8595071673585
N2,p41-plant-0004,brics-odroid-009_cam1,brics-odroid-009_cam1,779.2906800982581,931.934998,779.2974915727868,779.3111142689218,779.3587910498587,779.4949876656201,779.971410439651,781.3303470720272,783.7411020036652
N2,p41-plant-0004,brics-odroid-010_cam0,brics-odroid-010_cam0,713.8149084772119,932.026672,713.8224102311536,713.8374578474347,713.8905922124494,714.0465306337803,714.6455073710631,720.4675772865604,750.0881673314461
N2,p41-plant-0004,brics-odroid-010_cam1,brics-odroid-010_cam1,860.6616549818904,934.134155,860.6867909158761,860.7370593304014,860.9129625272435,861.4152325194262,863.1695611227759,867.5586423866091,880.0867486707974
N2,p41-plant-0004,brics-odroid-011_cam0,brics-odroid-011_cam0,889.6863753630073,922.774414,889.6873409422367,889.6892699400207,889.6959988295864,889.7150325655634,889.7794926435688,889.9469682351225,890.3897121654761
N2,p41-plant-0004,brics-odroid-012_cam0,brics-odroid-012_cam0,826.3524495294193,926.425415,826.3561240448296,826.363472938033,826.3891926193489,826.4626650404376,826.7196741334649,827.452750420273,829.8451868757724
N2,p41-plant-0004,brics-odroid-012_cam1,brics-odroid-012_cam1,819.6770342275158,926.514709,819.6754332837991,819.6722314165293,819.6610250928084,819.6290088396867,819.5169731207284,819.1970523952676,818.0794413679961
N2,p41-plant-0004,brics-odroid-014_cam1,brics-odroid-014_cam1,823.8992633976708,922.314819,823.9029629986225,823.9103620465145,823.9362570971267,824.0102290986213,824.2689695391633,825.0068457847384,827.5734477145669
N2,p41-plant-0004,brics-odroid-015_cam0,brics-odroid-015_cam0,869.7098731115979,914.97937,869.724320173227,869.7532112153863,869.8542975227002,870.1428386217865,871.1495126149134,873.9986169078404,883.6738865729349
N2,p41-plant-0004,brics-odroid-015_cam1,brics-odroid-015_cam1,752.3021231273955,930.794434,752.301754093903,752.3010160437652,752.2984330451492,752.2910545647819,752.2652475533723,752.1916643578327,751.9358733633975
N2,p41-plant-0004,brics-odroid-016_cam0,brics-odroid-016_cam0,1061.888286440248,919.84082,1061.8905760004386,1061.895155062339,1061.9111811649727,1061.9569647672695,1062.1171460057897,1062.574281297582,1064.168149943849
N2,p41-plant-0004,brics-odroid-017_cam0,brics-odroid-017_cam0,835.1065697471562,921.894775,835.11675061908,835.1370846126011,835.2079635309241,835.4080208617368,836.0808013317358,837.7952825554112,841.8522232906988
N2,p41-plant-0004,brics-odroid-017_cam1,brics-odroid-017_cam1,880.725773203548,938.321167,880.7305745705986,880.7401754162953,880.77375856096,880.869540879786,881.2028137154915,882.1384904958272,885.1232458561295
N2,p41-plant-0004,brics-odroid-019_cam1,brics-odroid-019_cam1,907.9958853612795,920.925659,908.0184740721473,908.0634929099984,908.2194130360888,908.6512562043714,910.0197633825765,912.4411657180082,914.6263872352431
N2,p41-plant-0004,brics-odroid-020_cam0,brics-odroid-020_cam0,937.6948001048769,899.424316,937.6930362668961,937.6895085790528,937.677161546838,937.6418832425197,937.518396699811,937.1654710288522,935.928982068486
N2,p41-plant-0004,brics-odroid-020_cam1,brics-odroid-020_cam1,856.2704499750031,925.858521,856.2694301654595,856.2673917086072,856.2602692899354,856.2400233528192,856.1703520141833,855.9809546605055,855.4133413335976
N2,p41-plant-0004,brics-odroid-021_cam0,brics-odroid-021_cam0,787.1708683968179,938.355225,787.1717825320679,787.1736097501444,787.179993984144,787.1981406394616,787.2605771531088,787.4302235368932,787.9379139462941
N2,p41-plant-0004,brics-odroid-021_cam1,brics-odroid-021_cam1,862.0287815005657,920.78302,862.0321504678424,862.0388881883935,862.0624679635349,862.1298194973139,862.3653254827396,863.0362822657605,865.3624706138366
N2,p41-plant-0004,brics-odroid-022_cam0,brics-odroid-022_cam0,915.1299798804619,916.312195,915.1202818888846,915.1008854277444,915.0329927945432,914.8389708119275,914.1593915042793,912.2133818751648,905.3505845320869
N2,p41-plant-0004,brics-odroid-022_cam1,brics-odroid-022_cam1,773.103851241376,903.016357,773.1031686877212,773.101806239558,773.097065411559,773.0837535648354,773.039723497397,772.9324123733811,772.6900588691954
N2,p41-plant-0004,brics-odroid-023_cam0,brics-odroid-023_cam0,873.3460426883619,914.887695,873.3527846769985,873.3662685919352,873.4134616396558,873.5482933081045,874.0201386782294,875.3677068686711,880.0775975117289
N2,p41-plant-0004,brics-odroid-024_cam0,brics-odroid-024_cam0,824.3345356316075,931.895264,824.3458917641052,824.3686767218707,824.4491955523922,824.6860726803249,825.6039369118283,828.4457447797848,833.374201661853
N2,p41-plant-0004,brics-odroid-024_cam1,brics-odroid-024_cam1,763.808745894917,951.805908,763.8164982806132,763.8319909948559,763.8860892221593,764.0395813283521,764.5645780560507,765.9670909663963,770.7746318422107
N2,p41-plant-0004,brics-odroid-025_cam0,brics-odroid-025_cam0,690.0672879132552,913.867126,690.0787372534716,690.1016352003863,690.1817703133026,690.4106617840886,691.2110126307646,693.5187500917551,701.6399003969943
N2,p41-plant-0004,brics-odroid-025_cam1,brics-odroid-025_cam1,641.7300057365597,879.872681,641.7420411128116,641.7661931456154,641.8515883857707,642.1032220563682,643.0840924926364,646.1219461554591,655.848483549754
N2,p44-dog-0004,brics-odroid-001_cam1,brics-odroid-001_cam1,877.708469617944,970.607117,877.7041058601453,877.6953770467235,877.6648125658346,877.5773684474004,877.2699420898626,876.3796501395976,874.6560976330808
N2,p44-dog-0004,brics-odroid-002_cam0,brics-odroid-002_cam0,862.8782078035422,885.953552,862.893106543794,862.9226950076704,863.0241104457411,863.2966623165076,864.0869631573114,865.5036826975011,880.341530713278
N2,p44-dog-0004,brics-odroid-006_cam0,brics-odroid-006_cam0,806.9283764989817,899.016907,806.9263776359903,806.9223798964766,806.9083876661174,806.8684086473805,806.7284678742724,806.3285152913079,804.9272592916656
N2,p44-dog-0004,brics-odroid-007_cam0,brics-odroid-007_cam0,860.4302706954345,932.032104,860.4348101716348,860.4439154316584,860.4760627579958,860.5703717308215,860.9321131833645,862.3436215923646,869.5949077303243
N2,p44-dog-0004,brics-odroid-007_cam1,brics-odroid-007_cam1,765.1459651858497,932.874512,765.163821822869,765.1995299957235,765.3244550632686,765.6809255554742,766.9232498622875,770.4286857938738,777.1036192094953
N2,p44-dog-0004,brics-odroid-008_cam0,brics-odroid-008_cam0,945.6842718550058,941.907043,945.6787886984312,945.6678222424141,945.6294381461771,945.5197564397594,945.1357203798221,944.0371866500831,940.1768032172077
N2,p44-dog-0004,brics-odroid-009_cam1,brics-odroid-009_cam1,860.8326754964368,959.593506,860.8402493624957,860.8553958576492,860.9083956060731,861.0597122490403,861.5880264404051,863.0864897397603,866.2950525953084
N2,p44-dog-0004,brics-odroid-010_cam0,brics-odroid-010_cam0,879.264499952649,933.87085,879.2644047169804,879.2642143380191,879.2635489800109,879.2616562186108,879.2551264495839,879.2372469741895,879.1825097195086
N2,p44-dog-0004,brics-odroid-011_cam0,brics-odroid-011_cam0,755.807616429484,938.384766,755.8093769296305,755.81289792588,755.8252213702967,755.8604308475617,755.9836597718712,756.335706009047,757.5674428019641
N2,p44-dog-0004,brics-odroid-012_cam0,brics-odroid-012_cam0,846.313876096642,953.767944,846.3143444062339,846.315281014174,846.3185590239126,846.3279237542504,846.360688511009,846.4542010808651,846.780321047631
N2,p44-dog-0004,brics-odroid-012_cam1,brics-odroid-012_cam1,841.4112574953982,911.326538,841.4078972000643,841.4011765291409,841.3776533381874,841.3104369970933,841.0750954924636,840.4019677646318,838.0374579149023
N2,p44-dog-0004,brics-odroid-014_cam1,brics-odroid-014_cam1,773.3426818171837,940.467224,773.3424104984756,773.3418678639146,773.3399686729159,773.3345426697679,773.3155546547912,773.2613288507746,773.0718374824136
N2,p44-dog-0004,brics-odroid-015_cam1,brics-odroid-015_cam1,765.482513050664,941.986267,765.4810583935172,765.4781490800567,765.4679664917007,765.4388734571576,765.3370487120334,765.0461283821463,764.0279951426444
N2,p44-dog-0004,brics-odroid-016_cam0,brics-odroid-016_cam0,930.2063354545531,986.61853,930.2020243878018,930.1934027878568,930.1632327892618,930.0770807750764,929.776107399941,928.9209437567164,926.3266528824247
N2,p44-dog-0004,brics-odroid-017_cam0,brics-odroid-017_cam0,873.7101784448885,917.866882,873.7125824935181,873.7173904571522,873.7342169269363,873.7822805329268,873.9503630226598,874.4294007772736,876.0921806093037
N2,p44-dog-0004,brics-odroid-017_cam1,brics-odroid-017_cam1,852.8450653186485,931.661072,852.8466189930525,852.8497263488446,852.8606021674321,852.8916765632808,853.0004442809698,853.3112720431794,854.3999027839321
N2,p44-dog-0004,brics-odroid-019_cam1,brics-odroid-019_cam1,1002.7682279600791,958.992859,1002.8508736099329,1003.0161460457265,1003.5944015458053,1005.2448639010473,1011.0015530432524,1027.2828824760936,1057.0954717198215
N2,p44-dog-0004,brics-odroid-020_cam0,brics-odroid-020_cam0,756.7109672951323,931.864014,756.7197688851738,756.7373269110068,756.7983099115266,756.9686153701186,757.5223277760124,758.8130979281902,762.1698750936821
N2,p44-dog-0004,brics-odroid-020_cam1,brics-odroid-020_cam1,841.4328944591408,945.561951,841.4307620138661,841.4264971757362,841.411570792664,841.3689287009157,841.2197363906571,840.793943626949,839.3091426593792
N2,p44-dog-0004,brics-odroid-021_cam0,brics-odroid-021_cam0,790.3062444968369,920.005005,790.3066036210603,790.3073218538478,790.3098355042005,790.3170159534577,790.3421311003618,790.4137481689369,790.6627802795789
N2,p44-dog-0004,brics-odroid-021_cam1,brics-odroid-021_cam1,806.3634350704879,920.716309,806.364774015947,806.3674479588287,806.3767655075397,806.4030384652436,806.4911117550911,806.7136131167881,807.2611958145613
N2,p44-dog-0004,brics-odroid-022_cam0,brics-odroid-022_cam0,825.0639057775104,909.549255,825.0652163681106,825.0678374980953,825.0770109153153,825.1032160705882,825.1948803853206,825.4563187593793,826.3660237722985
N2,p44-dog-0004,brics-odroid-022_cam1,brics-odroid-022_cam1,725.3905925267512,900.313538,725.3938609507223,725.4003976016674,725.4232738117141,725.4886166889679,725.7171101903275,726.3681832312042,728.4151449936966
N2,p44-dog-0004,brics-odroid-023_cam0,brics-odroid-023_cam0,832.4122031859864,901.922424,832.4123842079592,832.4127462532081,832.4140134252782,832.4176340343176,832.4303075359024,832.4665292869214,832.5934426172995
N2,p44-dog-0004,brics-odroid-024_cam0,brics-odroid-024_cam0,737.3396896769275,892.527466,737.3368053911828,737.3310328206917,737.3107867372706,737.25257760891,737.0445114619384,736.4102135594487,734.4170368843111
N2,p44-dog-0004,brics-odroid-024_cam1,brics-odroid-024_cam1,792.0252997403043,920.34082,792.0302406599792,792.0401238323923,792.0747289392833,792.1737208592499,792.5216008818451,793.5277742484918,798.5259241247778
N2,p44-dog-0004,brics-odroid-025_cam0,brics-odroid-025_cam0,658.8665115382561,903.565063,658.8645047886467,658.8604912251044,658.8464430772669,658.806299721665,658.6657303888691,658.2635235219103,656.8489961708632
N2,p44-dog-0004,brics-odroid-025_cam1,brics-odroid-025_cam1,706.2935763939577,894.818848,706.2977840454855,706.3061843757309,706.3354292456219,706.4176690994681,706.6909803370672,707.3655518860226,708.9345976903429
N2,p44-dog-0004,brics-odroid-026_cam0,brics-odroid-026_cam0,891.5554550264447,895.203247,891.5656176223481,891.5859413735641,891.6570593801231,891.8601241484982,892.5693429723673,894.5828441712019,919.1694542072769
N2,p44-dog-0004,brics-odroid-026_cam1,brics-odroid-026_cam1,895.3971910175553,935.543335,895.3954227643324,895.3918862529358,895.3795084110652,895.3441427030125,895.2203575266863,894.8666410418065,893.628113682257
N2,p44-dog-0004,brics-odroid-027_cam0,brics-odroid-027_cam0,901.2559253790995,920.350464,901.2531359218402,901.2475664705285,901.228172194987,901.1735931933565,900.9917820995881,900.5402214644605,899.4740819170767
N2,p44-dog-0004,brics-odroid-029_cam0,brics-odroid-029_cam0,825.6123677131714,919.495972,825.6179651354848,825.6291597148879,825.6683379581632,825.7802519329102,826.171672640775,827.2876380330581,831.1664542684033
N2,p44-dog-0004,brics-odroid-029_cam1,brics-odroid-029_cam1,793.1149604277394,927.140747,793.1416175534011,793.1924321626408,793.3477344212897,793.659781861746,794.1413681171281,794.488177671712,817.5444757878315
N2,p44-dog-0004,brics-odroid-030_cam0,brics-odroid-030_cam0,776.0543823634091,945.355957,776.0692159214203,776.0988831354861,776.2027194138935,776.4994033098018,777.5378995194271,780.5058039463395,790.9114215013018
N2,p52-instrument-0034,brics-odroid-002_cam0,brics-odroid-002_cam0,885.4076886710965,931.786255,885.4021247305577,885.3908508128563,885.3497895195991,885.2167591342501,884.432723629474,881.6539074742111,880.1040070185852
N2,p52-instrument-0034,brics-odroid-007_cam0,brics-odroid-007_cam0,875.3183633226615,919.000183,875.3286893121646,875.3493193945941,875.4212955795357,875.6249980122326,876.3160303484777,878.119900981617,884.1793038815298
N2,p52-instrument-0034,brics-odroid-007_cam1,brics-odroid-007_cam1,809.2392896759104,945.903381,809.247863006473,809.2650055700806,809.3249615529533,809.495896725712,810.0899135887787,811.7514446845829,815.4333179630646
N2,p52-instrument-0034,brics-odroid-012_cam1,brics-odroid-012_cam1,850.6044341269076,919.386963,850.6056943862227,850.6082155714935,850.6170467258372,850.6423387998279,850.7315695021272,850.99274615948,851.9863851253164
N2,p52-instrument-0034,brics-odroid-015_cam1,brics-odroid-015_cam1,789.217560371939,908.360901,789.2222397225826,789.2315936099698,789.2642817564295,789.3572460919357,789.6776824308483,790.5528847035988,794.3362219099836
N2,p52-instrument-0034,brics-odroid-016_cam0,brics-odroid-016_cam0,984.5509726041142,924.890198,984.5557101054909,984.5651844672916,984.5983380051214,984.6930047638413,985.0236674720695,985.9627043073608,989.1849351899147
N2,p52-instrument-0034,brics-odroid-021_cam0,brics-odroid-021_cam0,802.6807872204057,925.329956,802.7014376562792,802.74286074655,802.8891376027983,803.3185068495374,804.9688266134076,808.9732556101936,816.5928724184478
N2,p52-instrument-0034,brics-odroid-023_cam0,brics-odroid-023_cam0,855.3344758170588,918.969177,855.3349003439542,855.3357494180092,855.3387213899832,855.3472145627373,855.3769619668295,855.462137538717,855.7624035093593
N2,p52-instrument-0034,brics-odroid-024_cam0,brics-odroid-024_cam0,863.1531406756964,924.838501,863.1538189377688,863.1551805874734,863.1600008636792,863.1742579072323,863.2306010631027,863.4790398544673,868.4281616786685
N2,p52-instrument-0034,brics-odroid-025_cam1,brics-odroid-025_cam1,874.7498818549676,894.408875,874.7619952529914,874.7861784866504,874.870365129363,875.1070678377833,875.8932928533916,877.8310537404845,886.1792842754522
N2,p52-instrument-0034,brics-odroid-027_cam0,brics-odroid-027_cam0,880.9151958184258,907.767273,880.9142295843212,880.9122971096749,880.9055333808274,880.886207861935,880.8185617863197,880.6252293289123,879.9478889092383
N2,p52-instrument-0034,brics-odroid-030_cam0,brics-odroid-030_cam0,772.4967955534099,922.447449,772.5113318890105,772.5404714938842,772.6431683368675,772.9427963494068,774.0697516342304,777.515567064267,783.1609939842712
N2,p52-instrument-0034,brics-odroid-030_cam1,brics-odroid-030_cam1,777.1685486670453,898.433655,777.1457831726032,777.1001179195559,776.938865807859,776.4655848033697,774.6549915224728,769.3075474262765,766.650673043346
N3,p36-tea-0010,brics-odroid-001_cam0,brics-odroid-001_cam0,782.4989626952857,921.610657,782.5107564521462,782.5343778443771,782.6174101502074,782.8577521117002,783.7369600811245,786.472566177777,796.0608445661837
N3,p36-tea-0010,brics-odroid-001_cam1,brics-odroid-001_cam1,809.0219434759466,918.354065,809.0178044158234,809.0095437219253,808.9808129922712,808.9002515100478,808.6349585569288,807.9958186372663,806.5900459435616
N3,p36-tea-0010,brics-odroid-002_cam0,brics-odroid-002_cam0,877.6286051128469,940.340637,877.6442072546305,877.6753973800189,877.7844143823479,878.0946247700962,879.1657956813694,881.9155232182102,887.6514474304669
N3,p36-tea-0010,brics-odroid-006_cam0,brics-odroid-006_cam0,852.0559417524189,919.383789,852.0522347843327,852.0448207057791,852.0188699357478,851.9447120611406,851.6850098746503,850.941718831335,848.334951286649
N3,p36-tea-0010,brics-odroid-007_cam0,brics-odroid-007_cam0,883.5842022711734,924.420349,883.5907160508101,883.6037620006497,883.6496168376707,883.7823166072652,884.2673759170991,885.8579403423454,890.7054341479997
N3,p36-tea-0010,brics-odroid-007_cam1,brics-odroid-007_cam1,868.8830908524818,931.304504,868.88590305104,868.891595585527,868.9122646300574,868.9785457739952,869.3491334983123,873.4494627510451,886.4526788827569
N3,p36-tea-0010,brics-odroid-009_cam1,brics-odroid-009_cam1,756.7067253516059,931.934998,756.7090650588361,756.713732007969,756.7299365990232,756.7751514151342,756.921759334738,757.2611710776795,757.9455534685096
N3,p36-tea-0010,brics-odroid-010_cam0,brics-odroid-010_cam0,956.491645327415,932.026672,956.4882003235784,956.48131005339,956.4571913509814,956.3882571347224,956.1467112639216,955.4542048234798,953.0030868437755
N3,p36-tea-0010,brics-odroid-010_cam1,brics-odroid-010_cam1,815.4442459749152,934.134155,815.4454628492194,815.4478965367672,815.4564138020877,815.4807433520768,815.5658327347296,815.8083976470542,816.6510373279615
N3,p36-tea-0010,brics-odroid-011_cam0,brics-odroid-011_cam0,803.4896556604573,922.774414,803.4934331660136,803.5009879899411,803.5274279084189,803.6029536913896,803.8670976035758,804.6201155949907,807.236379623046
N3,p36-tea-0010,brics-odroid-012_cam0,brics-odroid-012_cam0,862.0793186119304,926.425415,862.0817807262671,862.0867049056635,862.1039390161642,862.1531748975265,862.325448763894,862.8172169124001,864.5332539415128
N3,p36-tea-0010,brics-odroid-012_cam1,brics-odroid-012_cam1,792.2679144959494,926.514709,792.249854541106,792.2131329037892,792.0779239942173,791.6234763775713,789.0494647186617,780.8757586978923,775.8204845779293
N3,p36-tea-0010,brics-odroid-014_cam1,brics-odroid-014_cam1,849.4111052225006,922.314819,849.4257838555797,849.4551390580726,849.5578606031642,849.851165164097,850.8755708570491,853.7841773141306,863.7610662223846
N3,p36-tea-0010,brics-odroid-015_cam0,brics-odroid-015_cam0,820.315584057347,914.97937,820.3206073410109,820.3306610589194,820.3659243311032,820.4673260854466,820.8299887785038,821.9375733373478,831.7304599369048
N3,p36-tea-0010,brics-odroid-015_cam1,brics-odroid-015_cam1,794.5360420266629,930.794434,794.540623517838,794.5497694481925,794.5816022643165,794.6710549517394,794.967652218388,795.695221750847,797.3632973469402
N3,p36-tea-0010,brics-odroid-016_cam0,brics-odroid-016_cam0,948.8801643148273,919.84082,948.8838608826334,948.891253957959,948.9171290886102,948.9910526080567,949.2497216451384,949.9882339826752,952.5666948417368
N3,p36-tea-0010,brics-odroid-017_cam0,brics-odroid-017_cam0,877.2437784375387,921.894775,877.2466003143652,877.2522477492306,877.2720525081455,877.3289716699152,877.5321709761463,878.1491746158302,880.7875610336479
N3,p36-tea-0010,brics-odroid-017_cam1,brics-odroid-017_cam1,865.5918614748437,938.321167,865.5930008156228,865.595279515198,865.6032551528825,865.6260443107252,865.7058252865734,865.9339332539116,866.7342096493837
N3,p36-tea-0010,brics-odroid-019_cam1,brics-odroid-019_cam1,934.0149293545147,920.925659,934.0180830221199,934.0243902206734,934.0464639808285,934.1095195713771,934.33007078811,934.95899092718,937.1460035353207
N3,p36-tea-0010,brics-odroid-020_cam0,brics-odroid-020_cam0,828.3357259746956,899.424316,828.3550233228399,828.3935143823893,828.5271545840841,828.8999736736987,830.1081202991949,833.2751395841594,844.6100779772803
N3,p36-tea-0010,brics-odroid-020_cam1,brics-odroid-020_cam1,798.2892465201471,925.858521,798.2819265043468,798.2672982563596,798.216222785043,798.0713423830115,797.5761947838554,796.2564063519619,794.3996647784328
N3,p36-tea-0010,brics-odroid-021_cam0,brics-odroid-021_cam0,831.4344809795211,938.355225,831.4348395668994,831.4355530214465,831.4380117175158,831.4447232310122,831.46508303875,831.5053109007256,851.3018292846732
N3,p36-tea-0010,brics-odroid-021_cam1,brics-odroid-021_cam1,779.1639405913166,920.78302,779.1613323206841,779.1561203774542,779.1379267139569,779.086353940097,778.9104900590155,778.4446830595986,777.1477935783347
N3,p36-tea-0010,brics-odroid-022_cam0,brics-odroid-022_cam0,823.7421588992974,916.312195,823.7426953355836,823.7437681830168,823.7475228850781,823.7582483433065,823.7957610776919,823.9027148057434,824.2744416370015
N3,p36-tea-0010,brics-odroid-022_cam1,brics-odroid-022_cam1,835.8916955104934,903.016357,835.8943123447373,835.8995535399187,835.9179771334614,835.9713062193317,836.1664036184246,836.8079499431377,840.0048947575791
N3,p36-tea-0010,brics-odroid-023_cam0,brics-odroid-023_cam0,867.6093786441263,914.887695,867.6237800203978,867.6525171650223,867.7524134907324,868.0320978833224,868.9486888687306,871.0963323159053,874.4191969940789
N3,p36-tea-0010,brics-odroid-024_cam0,brics-odroid-024_cam0,814.3241897784673,931.895264,814.3244438346195,814.3249519465598,814.3267303345348,814.3318114103204,814.3495947939231,814.4004011902801,814.5781854225181
N3,p36-tea-0010,brics-odroid-024_cam1,brics-odroid-024_cam1,852.580081177354,951.805908,852.584066101414,852.592037454342,852.6199530000086,852.6998474674542,852.981071759473,853.7984835908094,860.6653838862813
N3,p36-tea-0010,brics-odroid-025_cam0,brics-odroid-025_cam0,651.0626477055922,913.867126,651.0790258521686,651.1116767916526,651.2248606371403,651.5391455589269,652.5430028721544,654.3822718525956,656.2514091388023
N3,p36-tea-0010,brics-odroid-025_cam1,brics-odroid-025_cam1,810.97006366984,879.872681,810.9340419343896,810.8626870206066,810.6199493685184,809.9813446345833,808.2982274988177,806.7105723539429,805.5920724299344
N3,p36-tea-0010,brics-odroid-026_cam0,brics-odroid-026_cam0,853.7727997301757,921.928467,853.7786701605683,853.7904108831038,853.831501960401,853.9488925973582,854.3596147224366,855.5318638115509,859.0578203449289
N3,p36-tea-0010,brics-odroid-026_cam1,brics-odroid-026_cam1,882.5094646800264,927.79425,882.5098198904604,882.5105302402002,882.5130157176885,882.5201106886911,882.5448687399546,882.6149748742715,882.853213566138
N3,p36-tea-0010,brics-odroid-027_cam0,brics-odroid-027_cam0,927.6569579127653,917.449829,927.6269461101136,927.5669206918238,927.3568126911844,926.7563409402754,924.6527576664871,918.6271136357204,897.3596706003398
N3,p36-tea-0010,brics-odroid-027_cam1,brics-odroid-027_cam1,788.4136662973157,919.998901,788.4243286852759,788.4456545303688,788.5203062162622,788.7336930321042,789.4816719334059,791.6272743208068,799.1243979551062
N3,p36-tea-0010,brics-odroid-028_cam0,brics-odroid-028_cam0,815.2188431340077,919.052307,815.2115521135752,815.1969623860009,815.1458174870728,814.9989926362659,814.4768381493947,812.9102949488265,638.5446283924736
N3,p36-tea-0010,brics-odroid-029_cam0,brics-odroid-029_cam0,1006.9344573721727,907.913086,1006.914293461949,1006.8739474487477,1006.7325450914951,1006.3268913781485,1004.8876046507164,1000.7163044129204,503.467209
N3,p36-tea-0010,brics-odroid-029_cam1,brics-odroid-029_cam1,801.7279978762488,905.857727,801.6998845192824,801.6436466400648,801.4466967514754,800.8829753702763,798.8980207720707,793.1196966095849,771.4398385307967
N3,p36-tea-0010,brics-odroid-030_cam0,brics-odroid-030_cam0,742.5395189832329,930.997131,742.5384876482466,742.5364262645392,742.529224899307,742.5087644011038,742.438465874706,742.2482300192214,741.685582923909
N3,p36-tea-0010,brics-odroid-030_cam1,brics-odroid-030_cam1,749.2307118736481,907.045105,749.2576080867965,749.3113818657725,749.4993945195498,750.0349027487462,751.8899034721682,757.0328872008538,768.7070215461969
N3,p41-boxing-0021,brics-odroid-001_cam1,brics-odroid-001_cam1,846.1591519694568,918.354065,846.2691291946722,846.506587103053,847.5813430002166,850.9515956492551,855.1479302949846,913.8528117402905,996.3823555394401
N3,p41-boxing-0021,brics-odroid-002_cam0,brics-odroid-002_cam0,852.9806549235965,940.340637,853.0456921043699,853.1782382548505,853.6698238076292,855.3641219752802,869.7125490348697,994.3779815165228,1041.1032563721278
N3,p41-boxing-0021,brics-odroid-006_cam0,brics-odroid-006_cam0,842.8989894875734,919.383789,842.9803682477549,843.1567254944662,843.9661783273475,847.001650177871,849.5719215523931,851.0267566215855,851.6981968278473
N3,p41-boxing-0021,brics-odroid-007_cam0,brics-odroid-007_cam0,904.1539967822707,924.420349,904.1663490065777,904.1911253534092,904.2786048722337,904.5352691615236,905.5201739996535,908.411007629513,911.9963630762854
N3,p41-boxing-0021,brics-odroid-007_cam1,brics-odroid-007_cam1,863.9907566754739,931.304504,864.044028881336,864.1488219496234,864.4981789367575,865.3677046097488,867.4552039229318,870.7993654881382,877.6199549238705
N3,p41-boxing-0021,brics-odroid-008_cam0,brics-odroid-008_cam0,914.1252190987137,919.474365,914.1304745334644,914.1409844587961,914.1777592866366,914.282745346902,914.6492091918791,915.6878582343797,919.2309938592805
N3,p41-boxing-0021,brics-odroid-009_cam1,brics-odroid-009_cam1,786.0308231859165,931.934998,786.0380757073635,786.0524817356833,786.101886467174,786.2348727052968,786.6222405153824,787.3232568291421,788.2395844526752
N3,p41-boxing-0021,brics-odroid-010_cam0,brics-odroid-010_cam0,870.7444800859297,932.026672,870.748619336013,870.756971143258,870.7869953922601,870.8802076050574,871.3278870536103,875.4119861519719,882.1389912299304
N3,p41-boxing-0021,brics-odroid-010_cam1,brics-odroid-010_cam1,758.0070488891337,934.134155,758.0306813289719,758.0779397900156,758.2432770373226,758.7150924739407,760.3597466185714,765.0031858269975,861.8572973133624
N3,p41-boxing-0021,brics-odroid-011_cam0,brics-odroid-011_cam0,880.3271220648005,922.774414,880.3272877705773,880.327619181832,880.3287791180869,880.3320931947998,880.3436921497797,880.3768293340928,880.492778139032
N3,p41-boxing-0021,brics-odroid-012_cam0,brics-odroid-012_cam0,881.3812297723229,926.425415,881.3786960014769,881.3736309335891,881.3559291287107,881.3055737795648,881.1318710407905,880.6563769824471,879.2018537551605
N3,p41-boxing-0021,brics-odroid-012_cam1,brics-odroid-012_cam1,853.9131195599207,926.514709,853.9105824143481,853.9055081707595,853.8877488175356,853.8370120879707,853.6594834497198,853.1526862556768,851.3838694840856
N3,p41-boxing-0021,brics-odroid-014_cam1,brics-odroid-014_cam1,844.539339893959,922.314819,844.5427223345313,844.5494871530716,844.5731633606314,844.6408040341155,844.8774806801865,845.5531368636948,847.9113587043178
N3,p41-boxing-0021,brics-odroid-015_cam0,brics-odroid-015_cam0,853.3829681718595,914.97937,853.3795148367852,853.3726081729346,853.3484349155854,853.2793690329044,853.0376450598992,852.3470619176751,849.9306860050368
N3,p41-boxing-0021,brics-odroid-015_cam1,brics-odroid-015_cam1,831.7036155116026,930.794434,831.7041748142044,831.7052934100655,831.7092083974876,831.7203932351225,831.7595303611355,831.8712667397057,832.2613669066862
N3,p41-boxing-0021,brics-odroid-016_cam0,brics-odroid-016_cam0,923.7862912564566,919.84082,923.7937439926761,923.8086485429372,923.8608047879421,924.0097397005565,924.5300462821359,926.008408417574,931.090531557452
N3,p41-boxing-0021,brics-odroid-017_cam0,brics-odroid-017_cam0,855.9795869264422,921.894775,856.0134473437498,856.082913096963,856.3460391404524,857.3247993426482,860.3299498763873,861.8601297790299,862.6857004791342
N3,p41-boxing-0021,brics-odroid-017_cam1,brics-odroid-017_cam1,888.3527266288555,938.321167,888.3683129721394,888.3994800453148,888.5085058959189,888.8195042931021,889.9021520980938,892.946352359929,903.0737104470888
N3,p41-boxing-0021,brics-odroid-019_cam1,brics-odroid-019_cam1,849.6829253015597,920.925659,849.6720424552083,849.650165928835,849.5724143422982,849.3395971431273,848.3757212329654,844.7514706597394,910.1827431703733
N3,p41-boxing-0021,brics-odroid-020_cam0,brics-odroid-020_cam0,778.3577576982452,899.424316,778.3651112569629,778.3798893441766,778.4323699549203,778.5891222871089,779.2318619546321,781.7078002996567,784.1069137144746
N3,p41-boxing-0021,brics-odroid-020_cam1,brics-odroid-020_cam1,839.8180567490759,925.858521,839.8266315231078,839.8438015334655,839.9041122806518,840.0782992080465,840.7106516594073,842.7373728653181,849.2140934700142
N3,p41-boxing-0021,brics-odroid-021_cam0,brics-odroid-021_cam0,833.8301414742394,938.355225,833.842985635208,833.868420020558,833.9548599124773,834.1816537191327,834.7970464064861,835.7647254476209,836.807707378467
N3,p41-boxing-0021,brics-odroid-021_cam1,brics-odroid-021_cam1,771.5801695407569,920.78302,771.586681188403,771.599706714197,771.645319488115,771.7758428915001,772.2350350922655,773.5675839354882,778.179395732817
N3,p41-boxing-0021,brics-odroid-023_cam0,brics-odroid-023_cam0,845.5962857363553,914.887695,845.5947871853808,845.5917900100986,845.5812991265468,845.5513185714367,845.4463095432501,845.1456214568967,844.0854250376061
N3,p41-boxing-0021,brics-odroid-024_cam0,brics-odroid-024_cam0,813.1250320164094,931.895264,813.1274312503269,813.1322296007968,813.1490225951978,813.1969920195855,813.3647619057226,813.8430517631012,825.9586836936011
N3,p41-boxing-0021,brics-odroid-024_cam1,brics-odroid-024_cam1,867.4207494863066,951.805908,867.4359737287921,867.4664182635279,867.5729326753108,867.8769046355263,868.9366827020873,871.891523994308,877.909869532776
N3,p41-boxing-0021,brics-odroid-025_cam0,brics-odroid-025_cam0,720.8625466941629,913.867126,720.8699816530213,720.8849062078294,720.9377229262807,721.0937887819308,721.7083479430631,723.9449820967742,745.6438857207792
N3,p41-boxing-0021,brics-odroid-025_cam1,brics-odroid-025_cam1,839.1444422205976,879.872681,839.1791015312825,839.2484103820688,839.4908888137867,840.1828064863784,842.5943084240006,849.3999406523981,994.8203329276092
N3,p41-boxing-0021,brics-odroid-026_cam0,brics-odroid-026_cam0,842.8078334781248,921.928467,842.8141791241562,842.8268584887475,842.8711114178169,842.9964878807734,843.4232981224674,844.5483895305093,847.4098301228931
N3,p41-boxing-0021,brics-odroid-026_cam1,brics-odroid-026_cam1,847.1409024963922,927.79425,847.1479203472788,847.1619555038837,847.2110728284506,847.3513590002892,847.8417891475076,849.2381376633066,854.0701777399817
N3,p41-boxing-0021,brics-odroid-027_cam0,brics-odroid-027_cam0,883.7168011533483,917.449829,883.7132643061836,883.7061904371108,883.6814300603908,883.6106703949449,883.362827882543,882.6531282956511,880.1505018212189
N3,p41-boxing-0021,brics-odroid-028_cam0,brics-odroid-028_cam0,822.0958575649446,919.052307,822.0929269623862,822.0870664627225,822.0665621181789,822.0080416681816,821.8039567962346,821.227099202289,804.2684012420601
N3,p41-boxing-0021,brics-odroid-029_cam0,brics-odroid-029_cam0,845.2771939269177,907.913086,845.2811272850114,845.2889935945,845.3165214080973,845.395135725593,845.6698597955432,846.4511519754362,849.1443807799682
N3,p41-boxing-0021,brics-odroid-029_cam1,brics-odroid-029_cam1,893.2013291146847,905.857727,893.1938994953805,893.1790390879167,893.1270153856274,892.9782709325482,892.456433697633,890.9548329646225,885.7300559761073
N3,p41-boxing-0021,brics-odroid-030_cam0,brics-odroid-030_cam0,784.0708621712438,930.997131,784.071503101016,784.0727840559707,784.0772579224304,784.0899597267415,784.1334958724358,784.2505005923858,784.5897900109319
N3,p41-boxing-0021,brics-odroid-030_cam1,brics-odroid-030_cam1,755.7714836155608,907.045105,755.774414368141,755.7802759943679,755.8007929574371,755.8594237506836,756.064758762013,756.6525229323515,758.6626138404666
N3,p41-plant-0004,brics-odroid-001_cam1,brics-odroid-001_cam1,865.3520238189161,918.354065,865.4686646806083,865.7056692321788,866.5764345281742,869.2799421855856,875.5863331422263,880.6686752946922,883.3800226365346
N3,p41-plant-0004,brics-odroid-002_cam0,brics-odroid-002_cam0,946.9852667792793,940.340637,946.997110925035,947.0212097678229,947.1101260414645,947.411122790412,949.7105844409596,953.4114046992329,956.540837961795
N3,p41-plant-0004,brics-odroid-006_cam0,brics-odroid-006_cam0,921.5813961501087,919.383789,921.5791132630364,921.5745446599799,921.5585247842747,921.5124970455632,921.3483443177082,920.851474125057,918.7204240139012
N3,p41-plant-0004,brics-odroid-007_cam0,brics-odroid-007_cam0,831.3410361516222,924.420349,831.3517364870139,831.3730837157269,831.4472425182977,831.6544674421591,832.3294781236896,833.9105451031393,836.5665128859586
N3,p41-plant-0004,brics-odroid-007_cam1,brics-odroid-007_cam1,867.858493644167,931.304504,867.85974899098,867.8622842497595,867.8714241983891,867.9000599401398,868.0433172334183,871.5571208086538,886.0629940116671
N3,p41-plant-0004,brics-odroid-009_cam1,brics-odroid-009_cam1,779.2906800982581,931.934998,779.2913646047037,779.2927350979024,779.2975474235047,779.3114320457482,779.3616617405467,779.5208156947117,780.3599076875178
N3,p41-plant-0004,brics-odroid-010_cam0,brics-odroid-010_cam0,713.8149084772119,932.026672,713.8381012826593,713.8845358078943,714.0475720552884,714.5178531287225,716.2177444882662,721.4554094685518,736.872259486308
N3,p41-plant-0004,brics-odroid-010_cam1,brics-odroid-010_cam1,860.6616549818904,934.134155,860.6838197554852,860.7281473620412,860.8832736105496,861.3263168801159,862.8749336540818,867.2818880402409,883.5570967131282
N3,p41-plant-0004,brics-odroid-011_cam0,brics-odroid-011_cam0,889.6863753630073,922.774414,889.6861962120906,889.6858379106106,889.6845838591344,889.6810008866704,889.6684608535091,889.6326353624146,889.5072831747818
N3,p41-plant-0004,brics-odroid-012_cam0,brics-odroid-012_cam0,826.3524495294193,926.425415,826.3579704111271,826.3690325882422,826.4079658786055,826.5210860509261,826.9403617327687,828.3822692252578,831.3158746456115
N3,p41-plant-0004,brics-odroid-012_cam1,brics-odroid-012_cam1,819.6770342275158,926.514709,819.6740829574336,819.6681737850851,819.6474217824195,819.587524634096,819.3705515641103,818.6800923505502,815.6758524373703
N3,p41-plant-0004,brics-odroid-014_cam1,brics-odroid-014_cam1,823.8992633976708,922.314819,823.8984316205846,823.8967680704459,823.8909456873118,823.8743106699303,823.8160923438138,823.649790559408,823.0681574112137
N3,p41-plant-0004,brics-odroid-015_cam0,brics-odroid-015_cam0,869.7098731115979,914.97937,869.7117733743186,869.715561445,869.7286903351119,869.765126791493,869.8813179219168,870.139364616475,870.6174964065365
N3,p41-plant-0004,brics-odroid-015_cam1,brics-odroid-015_cam1,752.3021231273955,930.794434,752.3057865330767,752.3131106113228,752.3387162230991,752.4116303217045,752.664007789212,753.3617397751892,755.6042374428308
N3,p41-plant-0004,brics-odroid-016_cam0,brics-odroid-016_cam0,1061.888286440248,919.84082,1061.8850142378517,1061.8784698561615,1061.8555647628061,1061.7901237180083,1061.5611043159104,1060.9069710340223,1058.619888719908
N3,p41-plant-0004,brics-odroid-017_cam0,brics-odroid-017_cam0,835.1065697471562,921.894775,835.1300488372121,835.1776659393447,835.3515790432775,835.9202962684293,838.6949182667682,841.576653443779,844.2990475142759
N3,p41-plant-0004,brics-odroid-017_cam1,brics-odroid-017_cam1,880.725773203548,938.321167,880.7291354079603,880.7358591948955,880.7593859213572,880.8265492370494,881.0609705849703,881.7252215475391,883.9875171014634
N3,p41-plant-0004,brics-odroid-019_cam1,brics-odroid-019_cam1,907.9958853612795,920.925659,908.0122855959943,908.0458145337236,908.1714119315474,908.6199077438755,912.1133725605599,920.1956993970404,928.4678937969743
N3,p41-plant-0004,brics-odroid-020_cam0,brics-odroid-020_cam0,937.6948001048769,899.424316,937.6968424128341,937.700926908743,937.715221384479,937.7560519472396,937.8988330769763,938.3057035760248,939.7173193987321
N3,p41-plant-0004,brics-odroid-020_cam1,brics-odroid-020_cam1,856.2704499750031,925.858521,856.2690812579876,856.2663450443059,856.2567810910483,856.2295647078673,856.1355632360137,855.877307918521,855.0787023393405
N3,p41-plant-0004,brics-odroid-021_cam0,brics-odroid-021_cam0,787.1708683968179,938.355225,787.1725767471712,787.1759750845195,787.1876798615353,787.219579075413,787.3158897495891,787.504184778975,787.7818284222951
N3,p41-plant-0004,brics-odroid-021_cam1,brics-odroid-021_cam1,862.0287815005657,920.78302,862.0320763324796,862.0386657877631,862.0617266917769,862.127596227672,862.3579209429164,863.014122979804,865.2892484323677
N3,p41-plant-0004,brics-odroid-022_cam0,brics-odroid-022_cam0,915.1299798804619,916.312195,915.1246911741647,915.1140840977998,915.0766449300971,914.9669060705917,914.5472832646153,912.9294460689296,906.8029923942329
N3,p41-plant-0004,brics-odroid-022_cam1,brics-odroid-022_cam1,773.103851241376,903.016357,773.0996433590814,773.0912046030317,773.0614253340251,772.9741969757882,772.6414514355373,771.3703358195822,766.8027421051627
N3,p41-plant-0004,brics-odroid-023_cam0,brics-odroid-023_cam0,873.3460426883619,914.887695,873.3511995486728,873.3615009311116,873.3974267338782,873.4989785174482,873.8421288275158,874.7281769713227,876.9996243567635
N3,p41-plant-0004,brics-odroid-024_cam0,brics-odroid-024_cam0,824.3345356316075,931.895264,824.3388955676472,824.3476152274002,824.3781318072809,824.4653029319413,824.7701791624307,825.6393495245479,828.6591203335597
N3,p41-plant-0004,brics-odroid-024_cam1,brics-odroid-024_cam1,763.808745894917,951.805908,763.8160918298497,763.8307829978476,763.88219471737,764.0290222145221,764.5421830387929,766.0020813631464,771.0406791705935
N3,p41-plant-0004,brics-odroid-025_cam0,brics-odroid-025_cam0,690.0672879132552,913.867126,690.0696727022882,690.074429537705,690.0909458480062,690.1370272842556,690.2864132691051,690.6320693260077,749.5731910714975
N3,p41-plant-0004,brics-odroid-025_cam1,brics-odroid-025_cam1,641.7300057365597,879.872681,641.7471389889008,641.7813497532998,641.9005053165766,642.2360375613443,643.3559542618873,645.6529872097364,649.3717264857214
N3,p44-dog-0004,brics-odroid-001_cam1,brics-odroid-001_cam1,877.708469617944,970.607117,877.7112962156045,877.7170263900899,877.7379281736307,877.805988510618,878.2180567390034,882.6780419768688,891.5722477754215
N3,p44-dog-0004,brics-odroid-002_cam0,brics-odroid-002_cam0,862.8782078035422,885.953552,862.9201828258769,863.0019026973832,863.2664579902122,863.8764803333797,865.0962125557508,866.4288315416784,868.6608806974813
N3,p44-dog-0004,brics-odroid-006_cam0,brics-odroid-006_cam0,806.9283764989817,899.016907,806.9274594708322,806.9256254425333,806.9192066374849,806.9008697140956,806.8367198631883,806.6536860420655,806.0159871018154
N3,p44-dog-0004,brics-odroid-007_cam0,brics-odroid-007_cam0,860.4302706954345,932.032104,860.4397099451515,860.4586330036979,860.5253352806695,860.7200494857891,861.4537926740331,864.079306208713,871.4266101224894
N3,p44-dog-0004,brics-odroid-007_cam1,brics-odroid-007_cam1,765.1459651858497,932.874512,765.1617510576807,765.1933859358521,765.3047753609494,765.6288636079395,766.8359247488901,773.1016179532207,788.0243568605877
N3,p44-dog-0004,brics-odroid-008_cam0,brics-odroid-008_cam0,945.6842718550058,941.907043,945.6791231429494,945.668825228008,945.6327773712129,945.5297392930559,945.1685895459922,944.1322859188714,940.4510844552908
N3,p44-dog-0004,brics-odroid-009_cam1,brics-odroid-009_cam1,860.8326754964368,959.593506,860.8392975936819,860.8525552761906,860.8990992710577,861.0333122673742,861.517898202251,863.0435594033961,866.5477272864806
N3,p44-dog-0004,brics-odroid-010_cam0,brics-odroid-010_cam0,879.264499952649,933.87085,879.2638159260231,879.2624470328694,879.257647069783,879.2438566913793,879.194683384225,879.0459228509212,867.0737009950515
N3,p44-dog-0004,brics-odroid-011_cam0,brics-odroid-011_cam0,755.807616429484,938.384766,755.8092934909024,755.8126476162,755.8243870805975,755.857928629037,755.9753266334479,756.3107716500272,757.4850872289243
N3,p44-dog-0004,brics-odroid-012_cam0,brics-odroid-012_cam0,846.313876096642,953.767944,846.3163616793458,846.3213328106953,846.338731412798,846.3884386393971,846.5623781795362,847.0590420152462,848.7937990033826
N3,p44-dog-0004,brics-odroid-012_cam1,brics-odroid-012_cam1,841.4112574953982,911.326538,841.4076757507871,841.4005121627637,841.3754385672178,841.3037908291554,841.0529199437763,840.3352551500864,837.8128662606945
N3,p44-dog-0004,brics-odroid-014_cam1,brics-odroid-014_cam1,773.3426818171837,940.467224,773.3423686256778,773.3417422455748,773.3395499457504,773.3332864936943,773.3113674645348,773.248767824157,773.0299737955969
N3,p44-dog-0004,brics-odroid-015_cam1,brics-odroid-015_cam1,765.482513050664,941.986267,765.4812200355215,765.4786304031728,765.4695286920906,765.4431936663005,765.3469878333677,765.0321440155166,763.0980424509705
N3,p44-dog-0004,brics-odroid-016_cam0,brics-odroid-016_cam0,930.2063354545531,986.61853,930.2019184980619,930.1930841281131,930.1621590343271,930.0737604690586,929.76388455606,928.8743819218014,926.0479136214466
N3,p44-dog-0004,brics-odroid-017_cam0,brics-odroid-017_cam0,873.7101784448885,917.866882,873.7094096774355,873.70787215165,873.7024909071633,873.6871167436841,873.6333167453256,873.4796844793728,872.9429265895611
N3,p44-dog-0004,brics-odroid-017_cam1,brics-odroid-017_cam1,852.8450653186485,931.661072,852.8456537306064,852.8468316544786,852.8509659736388,852.862878524167,852.9057780019335,853.0397100743039,853.6991426217606
N3,p44-dog-0004,brics-odroid-019_cam1,brics-odroid-019_cam1,1002.7682279600791,958.992859,1002.8496011345475,1003.012329590919,1003.5816913570127,1005.2068302925286,1010.875721586327,1026.9142761787493,1098.963792061208
N3,p44-dog-0004,brics-odroid-020_cam0,brics-odroid-020_cam0,756.7109672951323,931.864014,756.7208158577275,756.7405370265353,756.809814605396,757.0099492201006,757.7371254889499,760.0731347922783,767.4812577604424
N3,p44-dog-0004,brics-odroid-020_cam1,brics-odroid-020_cam1,841.4328944591408,945.561951,841.430646471835,841.4261506082015,841.4104162506673,841.3654709283463,841.2082786988656,840.7601533917666,839.2032360834728
N3,p44-dog-0004,brics-odroid-021_cam0,brics-odroid-021_cam0,790.3062444968369,920.005005,790.3061462776998,790.3059499704785,790.3052642682034,790.3033168119613,790.2966342542181,790.2786166090301,790.2258857388036
N3,p44-dog-0004,brics-odroid-021_cam1,brics-odroid-021_cam1,806.3634350704879,920.716309,806.3631134983444,806.3624703510073,806.3602193033042,806.3537874639399,806.3312728231771,806.2669178114418,806.0413543360714
N3,p44-dog-0004,brics-odroid-022_cam0,brics-odroid-022_cam0,825.0639057775104,909.549255,825.0666803286152,825.0722263022816,825.0916044220528,825.1466909619281,825.3362912048299,825.8519718965902,827.3997514551822
N3,p44-dog-0004,brics-odroid-022_cam1,brics-odroid-022_cam1,725.3905925267512,900.313538,725.3900883648064,725.3890759157206,725.3854884329927,725.3748466489928,725.3323321269283,725.1356900834355,721.9211672687194
N3,p44-dog-0004,brics-odroid-023_cam0,brics-odroid-023_cam0,832.4122031859864,901.922424,832.4125228681993,832.4131636636123,832.4154215856153,832.4220054111221,832.4467167338086,832.5355906462784,833.6618921939677
N3,p44-dog-0004,brics-odroid-024_cam0,brics-odroid-024_cam0,737.3396896769275,892.527466,737.3420502262406,737.3467641483843,737.3631879032872,737.4094796103384,737.5644581355747,737.9545997944526,738.9063880455772
N3,p44-dog-0004,brics-odroid-024_cam1,brics-odroid-024_cam1,792.0252997403043,920.34082,792.0313773680984,792.0435317623269,792.0860630999709,792.2075037559233,792.6316444973199,793.8357996901852,797.4905047395686
N3,p44-dog-0004,brics-odroid-025_cam0,brics-odroid-025_cam0,658.8665115382561,903.565063,658.8675383957394,658.8695921681159,658.8767809742906,658.8973255892333,658.9692920978138,659.1754294318489,659.90301712702
N3,p44-dog-0004,brics-odroid-025_cam1,brics-odroid-025_cam1,706.2935763939577,894.818848,706.2974481823219,706.3052361794257,706.3329696226862,706.4165216332784,706.7707387455835,708.9772147952049,711.0150833063121
N3,p44-dog-0004,brics-odroid-026_cam0,brics-odroid-026_cam0,891.5554550264447,895.203247,891.5694610342032,891.59747144686,891.6954910641657,891.975402957461,892.9534156935364,895.7332546412401,905.2913325065266
N3,p44-dog-0004,brics-odroid-026_cam1,brics-odroid-026_cam1,895.3971910175553,935.543335,895.395629267522,895.39250577065,895.3815735651308,895.3503389796465,895.2410212839069,894.9287137576351,893.8359729316139
N3,p44-dog-0004,brics-odroid-027_cam0,brics-odroid-027_cam0,901.2559253790995,920.350464,901.2501680585827,901.2386531959698,901.1983488501202,901.0831736296495,900.6798275146245,899.5254108324843,896.3802384722113
N3,p44-dog-0004,brics-odroid-029_cam0,brics-odroid-029_cam0,825.6123677131714,919.495972,825.619043050313,825.6323932618875,825.6791141444777,825.8125607545369,826.2791387755599,827.6080740365117,832.2127865142148
N3,p44-dog-0004,brics-odroid-029_cam1,brics-odroid-029_cam1,793.1149604277394,927.140747,793.1379542778095,793.1849364091389,793.3606080068648,793.9838112968234,797.0716751855688,800.3455191122312,811.4985542043905
N3,p44-dog-0004,brics-odroid-030_cam0,brics-odroid-030_cam0,776.0543823634091,945.355957,776.0564335899309,776.060536064966,776.0748949584978,776.1159223478991,776.2595413060234,776.6700792293207,778.1092757401694
N3,p52-instrument-0034,brics-odroid-002_cam0,brics-odroid-002_cam0,885.4076886710965,931.786255,885.3887204071567,885.3504726619857,885.2132466700255,884.7899168494623,882.8119745906673,877.2634866843042,869.7395439030769
N3,p52-instrument-0034,brics-odroid-007_cam0,brics-odroid-007_cam0,875.3183633226615,919.000183,875.3262589364015,875.3420918523111,875.3979486623236,875.5614236749191,876.1831300061208,878.5308106090829,885.7714817385207
N3,p52-instrument-0034,brics-odroid-007_cam1,brics-odroid-007_cam1,809.2392896759104,945.903381,809.2479969422614,809.2654262522431,809.3265844383166,809.5026668598748,810.1350865850391,812.092648036233,818.0586686052156
N3,p52-instrument-0034,brics-odroid-012_cam1,brics-odroid-012_cam1,850.6044341269076,919.386963,850.6036597408311,850.602103640939,850.5965791230673,850.5800927659905,850.5127210504178,850.1660425642538,846.6917091972953
N3,p52-instrument-0034,brics-odroid-015_cam1,brics-odroid-015_cam1,789.217560371939,908.360901,789.222738584447,789.2331458315302,789.2701136580872,789.3806164507605,789.8350527583758,792.2229730162929,794.6926888518491
N3,p52-instrument-0034,brics-odroid-016_cam0,brics-odroid-016_cam0,984.5509726041142,924.890198,984.5581476039785,984.5725374922812,984.6233248374256,984.7721548511422,985.3407881902937,987.5262152867344,992.9851181557335
N3,p52-instrument-0034,brics-odroid-021_cam0,brics-odroid-021_cam0,802.6807872204057,925.329956,802.6953591219294,802.724278734315,802.8232026721957,803.0875414905623,803.8417436649045,805.1496998891878,833.8062406355604
N3,p52-instrument-0034,brics-odroid-023_cam0,brics-odroid-023_cam0,855.3344758170588,918.969177,855.338127082783,855.3454247106847,855.3709150361448,855.443307045328,855.6916834611459,856.36111690841,858.3182521805668
N3,p52-instrument-0034,brics-odroid-024_cam0,brics-odroid-024_cam0,863.1531406756964,924.838501,863.1517349283013,863.1489204246468,863.1390379557947,863.1105277254294,863.0074233608742,862.6811032676515,860.9698878388097
N3,p52-instrument-0034,brics-odroid-025_cam1,brics-odroid-025_cam1,874.7498818549676,894.408875,874.7598025681926,874.7796630913065,874.8493760818575,875.0502964607883,875.774474621695,878.0416552439527,883.1985905061239
N3,p52-instrument-0034,brics-odroid-027_cam0,brics-odroid-027_cam0,880.9151958184258,907.767273,880.9143523067593,880.9126652780182,880.9067606206314,880.8898896841577,880.8308357266457,880.6620614351924,880.0707827152274
N3,p52-instrument-0034,brics-odroid-030_cam0,brics-odroid-030_cam0,772.4967955534099,922.447449,772.5056357388487,772.5233579068448,772.5858278420393,772.7681934465367,773.4554870307185,775.865545231183,782.5678216366217
N3,p52-instrument-0034,brics-odroid-030_cam1,brics-odroid-030_cam1,777.1685486670453,898.433655,777.2304768929629,777.3514181761504,777.7463798281235,778.6775842073222,780.6073732941828,782.4871509154464,783.7454477993168
N4,p36-tea-0010,brics-odroid-001_cam0,brics-odroid-001_cam0,782.4989626952857,921.610657,782.5096328781723,782.5309740832176,782.6056771142787,782.8191899154797,783.567367386072,785.668990558318,790.018074954515
N4,p36-tea-0010,brics-odroid-001_cam1,brics-odroid-001_cam1,809.0219434759466,918.354065,809.0144489720394,808.9994619587477,808.9470283454606,808.7973972198207,808.2757699996993,806.803024088648,801.8925140925752
N4,p36-tea-0010,brics-odroid-002_cam0,brics-odroid-002_cam0,877.6286051128469,940.340637,877.6417167756413,877.6679809502211,877.7603367107382,878.0279623147031,879.0107467660573,882.1253074375738,895.315900992983
N4,p36-tea-0010,brics-odroid-006_cam0,brics-odroid-006_cam0,852.0559417524189,919.383789,852.0522556284936,852.0448833305065,852.0190797611159,851.9453507646317,851.6872466229232,850.949354691359,848.356915874441
N4,p36-tea-0010,brics-odroid-007_cam0,brics-odroid-007_cam0,883.5842022711734,924.420349,883.5873193973301,883.5935590957245,883.615455390803,883.6785119952939,883.9051621095044,884.608466948727,903.5016053464185
N4,p36-tea-0010,brics-odroid-007_cam1,brics-odroid-007_cam1,868.8830908524818,931.304504,868.8745078700721,868.8573107146534,868.7967911774322,868.6210035567643,867.9701159604556,865.7360847099534,859.0115558107209
N4,p36-tea-0010,brics-odroid-009_cam1,brics-odroid-009_cam1,756.7067253516059,931.934998,756.7108854996432,756.7191884670277,756.748068158677,756.8290633639041,757.0959517562969,757.739990444435,759.1618065721007
N4,p36-tea-0010,brics-odroid-010_cam0,brics-odroid-010_cam0,956.491645327415,932.026672,956.5115195314963,956.5512622226111,956.690301640826,957.087043532833,958.4696755956933,962.3703367139346,972.9126269715091
N4,p36-tea-0010,brics-odroid-010_cam1,brics-odroid-010_cam1,815.4442459749152,934.134155,815.4397023292042,815.4306149409439,815.3988080651932,815.3079225608436,814.9897215754056,814.0797033011387,810.8840490236547
N4,p36-tea-0010,brics-odroid-011_cam0,brics-odroid-011_cam0,803.4896556604573,922.774414,803.4876786608394,803.4837246531628,803.4698855376581,803.430344447921,803.2919417703807,802.8964295762872,801.5112505505426
N4,p36-tea-0010,brics-odroid-012_cam0,brics-odroid-012_cam0,862.0793186119304,926.425415,862.0802298664389,862.0820534077058,862.088446661248,862.1068066902449,862.1721790475974,862.3690438135166,863.2022949388804
N4,p36-tea-0010,brics-odroid-012_cam1,brics-odroid-012_cam1,792.2679144959494,926.514709,792.2988721439772,792.3615295521599,792.5889429341353,793.3172614915915,796.5320406806861,802.3802987444761,806.083252318876
N4,p36-tea-0010,brics-odroid-014_cam1,brics-odroid-014_cam1,849.4111052225006,922.314819,849.4111533696978,849.4112489141891,849.4115756466756,849.4124480244357,849.414931492991,849.419218935387,849.4244542007452
N4,p36-tea-0010,brics-odroid-015_cam0,brics-odroid-015_cam0,820.315584057347,914.97937,820.3228450703131,820.3373662853552,820.3881820252078,820.5332969251726,821.0403497508239,822.4818305419847,828.1653470848712
N4,p36-tea-0010,brics-odroid-015_cam1,brics-odroid-015_cam1,794.5360420266629,930.794434,794.5397609770253,794.547198715917,794.5732291029062,794.6475870761312,794.9076702190237,795.6493127467919,798.2283288226022
N4,p36-tea-0010,brics-odroid-016_cam0,brics-odroid-016_cam0,948.8801643148273,919.84082,948.8838412793008,948.8911951504192,948.9169330921545,948.990464864468,949.2477653660187,949.9823896805917,952.547492100778
N4,p36-tea-0010,brics-odroid-017_cam0,brics-odroid-017_cam0,877.2437784375387,921.894775,877.2436705591579,877.2434549226471,877.2427014551599,877.2405594355649,877.2331855022658,877.2131186760508,877.1527929565027
N4,p36-tea-0010,brics-odroid-017_cam1,brics-odroid-017_cam1,865.5918614748437,938.321167,865.5923064655111,865.5931961309572,865.5963066471045,865.6051655368024,865.6358452383361,865.7207964443778,865.989806058979
N4,p36-tea-0010,brics-odroid-019_cam1,brics-odroid-019_cam1,934.0149293545147,920.925659,934.0197367195736,934.0293633074918,934.0631813854201,934.1608889857549,934.5160438217075,935.6590673104207,945.8169850990208
N4,p36-tea-0010,brics-odroid-020_cam0,brics-odroid-020_cam0,828.3357259746956,899.424316,828.3484427037836,828.3739390592476,828.4638422004465,828.7265555559962,829.7201986842391,832.9712252214072,873.1075267516985
N4,p36-tea-0010,brics-odroid-020_cam1,brics-odroid-020_cam1,798.2892465201471,925.858521,798.2818663827712,798.2671062663013,798.2154475205969,798.0678653488484,797.5514939086358,796.0775705195239,790.9368855418029
N4,p36-tea-0010,brics-odroid-021_cam0,brics-odroid-021_cam0,831.4344809795211,938.355225,831.443720176657,831.4621916220024,831.5267688083131,831.7106526958546,832.3470726165865,834.1060802465083,840.2268507857975
N4,p36-tea-0010,brics-odroid-021_cam1,brics-odroid-021_cam1,779.1639405913166,920.78302,779.1661966599297,779.1707084680047,779.1864963410317,779.2315749542224,779.389005631568,779.8358756241854,781.3665014256334
N4,p36-tea-0010,brics-odroid-022_cam0,brics-odroid-022_cam0,823.7421588992974,916.312195,823.7449188105446,823.7504385454702,823.7697566982775,823.8249435409003,824.0180056060085,824.5688250943197,826.4875637701598
N4,p36-tea-0010,brics-odroid-022_cam1,brics-odroid-022_cam1,835.8916955104934,903.016357,835.8954978240266,835.9031042945433,835.9297463132095,836.0060328009037,836.2749925773952,837.0606266040495,839.5113216230169
N4,p36-tea-0010,brics-odroid-023_cam0,brics-odroid-023_cam0,867.6093786441263,914.887695,867.6106683559073,867.6132476971522,867.6222745272602,867.6480580648657,867.7382141371924,867.9950653926988,868.8855280721999
N4,p36-tea-0010,brics-odroid-024_cam0,brics-odroid-024_cam0,814.3241897784673,931.895264,814.3210452794021,814.3147568258088,814.2927529542317,814.2299337030868,814.010635854531,813.3889118094753,811.2682745691188
N4,p36-tea-0010,brics-odroid-024_cam1,brics-odroid-024_cam1,852.580081177354,951.805908,852.5873817006542,852.6018719914251,852.6514539662202,852.7840635912004,853.163379721961,853.8245864093466,854.6430737347325
N4,p36-tea-0010,brics-odroid-025_cam0,brics-odroid-025_cam0,651.0626477055922,913.867126,651.0808883065537,651.1173584705203,651.2448882619179,651.6082695494799,652.8686705107594,654.9152229501213,656.8185895540275
N4,p36-tea-0010,brics-odroid-025_cam1,brics-odroid-025_cam1,810.97006366984,879.872681,810.9404774850482,810.881858367082,810.682323415223,810.1564731093264,808.7124043661024,806.6342987321672,804.614157313075
N4,p36-tea-0010,brics-odroid-026_cam0,brics-odroid-026_cam0,853.7727997301757,921.928467,853.7723827128426,853.7715486757381,853.7686295202693,853.760288856613,853.7310939732121,853.64765806653,853.3553760246198
N4,p36-tea-0010,brics-odroid-026_cam1,brics-odroid-026_cam1,882.5094646800264,927.79425,882.5106730686938,882.5130898070695,882.5215479823225,882.5457106916451,882.630239295798,882.8713997486315,883.7114008596366
N4,p36-tea-0010,brics-odroid-027_cam0,brics-odroid-027_cam0,927.6569579127653,917.449829,927.6641243669868,927.6784577186988,927.7286291044616,927.8720158303524,928.3743354251337,929.8135404326146,934.8956021538958
N4,p36-tea-0010,brics-odroid-027_cam1,brics-odroid-027_cam1,788.4136662973157,919.998901,788.4332577003701,788.4724385062143,788.6095503268397,789.0011184602456,790.3695106441837,794.2614127522136,807.6822583129605
N4,p36-tea-0010,brics-odroid-028_cam0,brics-odroid-028_cam0,815.2188431340077,919.052307,815.1142452879615,814.908202502768,814.2185516827057,812.5315130466802,810.0638316353643,808.2303020725279,639.6869399369965
N4,p36-tea-0010,brics-odroid-029_cam0,brics-odroid-029_cam0,1006.9344573721727,907.913086,1006.9133725502548,1006.871198815623,1006.7235477776419,1006.3013190489796,1004.8192048760495,1000.546793940293,551.8463716703493
N4,p36-tea-0010,brics-odroid-029_cam1,brics-odroid-029_cam1,801.7279978762488,905.857727,801.7264382641938,801.7233190217004,801.712401479938,801.6812068487984,801.572006331898,801.2598392720055,800.1653193750362
N4,p36-tea-0010,brics-odroid-030_cam0,brics-odroid-030_cam0,742.5395189832329,930.997131,742.53897513646,742.537887423283,742.5340802210145,742.5232007329519,742.485101894243,742.3760709279121,741.9923837771549
N4,p36-tea-0010,brics-odroid-030_cam1,brics-odroid-030_cam1,749.2307118736481,907.045105,749.258782954792,749.3149054254884,749.5111275506912,750.0699979358365,752.0056901650448,755.7043156349599,759.340984508526
N4,p41-boxing-0021,brics-odroid-001_cam1,brics-odroid-001_cam1,846.1591519694568,918.354065,846.1974177949302,846.274055394383,846.543404597792,847.3226829298804,850.8214050040185,917.6894176464955,994.4993146849422
N4,p41-boxing-0021,brics-odroid-002_cam0,brics-odroid-002_cam0,852.9806549235965,940.340637,852.9982152239801,853.0342419183216,853.1707199256341,853.6785797925489,857.6852951052639,1007.1165805380301,1085.1085846236288
N4,p41-boxing-0021,brics-odroid-006_cam0,brics-odroid-006_cam0,842.8989894875734,919.383789,842.8310925664982,842.6909929521864,842.1502734575005,840.1594570240173,837.7708936787706,836.0696191317882,835.1724573054724
N4,p41-boxing-0021,brics-odroid-007_cam0,brics-odroid-007_cam0,904.1539967822707,924.420349,904.1733258806785,904.211932004366,904.3465091162961,904.7264095548771,906.0045713039043,909.0017616525795,914.3739585337571
N4,p41-boxing-0021,brics-odroid-007_cam1,brics-odroid-007_cam1,863.9907566754739,931.304504,864.0090187408692,864.0457065334931,864.1758581951445,864.5633468318865,866.1327576385711,874.2712139155132,1006.8484583656737
N4,p41-boxing-0021,brics-odroid-008_cam0,brics-odroid-008_cam0,914.1252190987137,919.474365,914.1309254501833,914.1423370726817,914.1822664103644,914.296253111818,914.6940769409902,915.8211214518549,919.6612627883163
N4,p41-boxing-0021,brics-odroid-009_cam1,brics-odroid-009_cam1,786.0308231859165,931.934998,786.0331419909758,786.0377798473337,786.0540149305682,786.1004230595715,786.2631106855434,786.7301654049662,788.3913619560295
N4,p41-boxing-0021,brics-odroid-010_cam0,brics-odroid-010_cam0,870.7444800859297,932.026672,870.744991219926,870.746006291402,870.7494852226465,870.7588327852121,870.7859208958896,870.834418991075,870.8968167352704
N4,p41-boxing-0021,brics-odroid-010_cam1,brics-odroid-010_cam1,758.0070488891337,934.134155,757.9987360518397,757.9821088830272,757.9238980981647,757.7574469341755,757.173292582802,755.4905350847131,1137.0105285
N4,p41-boxing-0021,brics-odroid-011_cam0,brics-odroid-011_cam0,880.3271220648005,922.774414,880.3298378140528,880.3352692688038,880.3542789010319,880.4085881985222,880.598624813512,881.1411931899501,883.0356036883079
N4,p41-boxing-0021,brics-odroid-012_cam0,brics-odroid-012_cam0,881.3812297723229,926.425415,881.382377761722,881.3846737192109,881.3927093467029,881.4156663649546,881.4959935653242,881.7253083341195,882.5256822345622
N4,p41-boxing-0021,brics-odroid-012_cam1,brics-odroid-012_cam1,853.9131195599207,926.514709,853.9158792072416,853.921398398017,853.9407144752021,853.9958939214251,854.1889130144746,854.7394637784267,856.6555782760388
N4,p41-boxing-0021,brics-odroid-014_cam1,brics-odroid-014_cam1,844.539339893959,922.314819,844.5420114505305,844.5473545183415,844.5660547797142,844.6194800185073,844.8064207728204,845.3401296720359,847.2033678289681
N4,p41-boxing-0021,brics-odroid-015_cam0,brics-odroid-015_cam0,853.3829681718595,914.97937,853.382747170743,853.3823051711356,853.3807582000813,853.376338519101,853.3608723921652,853.3167070716466,853.1624034142138
N4,p41-boxing-0021,brics-odroid-015_cam1,brics-odroid-015_cam1,831.7036155116026,930.794434,831.7053250033217,831.7087439349041,831.7207096509704,831.7548927449341,831.8744791608294,832.2156889112943,833.404515749275
N4,p41-boxing-0021,brics-odroid-016_cam0,brics-odroid-016_cam0,923.7862912564566,919.84082,923.7937697496629,923.8087258067987,923.8610622513451,924.0105113816438,924.5326103028866,926.0160303697661,931.1152315283655
N4,p41-boxing-0021,brics-odroid-017_cam0,brics-odroid-017_cam0,855.9795869264422,921.894775,855.9938218593891,856.0223447020687,856.1227343728093,856.4144473777897,857.4960874242722,860.393064107749,864.8601514284346
N4,p41-boxing-0021,brics-odroid-017_cam1,brics-odroid-017_cam1,888.3527266288555,938.321167,888.3651299932452,888.3900744793883,888.4788537594851,888.7458532147587,889.8701068217867,893.6915294031874,901.1885480042988
N4,p41-boxing-0021,brics-odroid-019_cam1,brics-odroid-019_cam1,849.6829253015597,920.925659,849.6872632966044,849.695971224393,849.7267884680007,849.8178548020693,850.1765416441601,851.7355731156332,887.078394820186
N4,p41-boxing-0021,brics-odroid-020_cam0,brics-odroid-020_cam0,778.3577576982452,899.424316,778.3621995473957,778.3710831783425,778.402175179436,778.4910034066564,778.8018314930214,779.6893059193237,782.7882876891479
N4,p41-boxing-0021,brics-odroid-020_cam1,brics-odroid-020_cam1,839.8180567490759,925.858521,839.8189361281947,839.8206948961597,839.8268506861659,839.8444395330595,839.9060107125059,840.0820159735164,840.699058232169
N4,p41-boxing-0021,brics-odroid-021_cam0,brics-odroid-021_cam0,833.8301414742394,938.355225,833.8296784709298,833.8287514712109,833.8254965072961,833.8161059722814,833.7821436699697,833.6746300951249,833.1102180379288
N4,p41-boxing-0021,brics-odroid-021_cam1,brics-odroid-021_cam1,771.5801695407569,920.78302,771.5844901086709,771.5931308232671,771.6233689021288,771.7097255260503,772.0115323822342,772.8700724447335,775.8323376280543
N4,p41-boxing-0021,brics-odroid-023_cam0,brics-odroid-023_cam0,845.5962857363553,914.887695,845.5956226964173,845.5942962532614,845.5896498843023,845.5763417325539,845.5293769753025,845.3917913332995,844.8667015159276
N4,p41-boxing-0021,brics-odroid-024_cam0,brics-odroid-024_cam0,813.1250320164094,931.895264,813.1236611115219,813.1209193141723,813.1113231539044,813.0839066712905,812.9879620255243,812.7139462227511,811.7561930295954
N4,p41-boxing-0021,brics-odroid-024_cam1,brics-odroid-024_cam1,867.4207494863066,951.805908,867.4162404462437,867.40722183497,867.375651117375,867.2854012274083,866.9689674240926,866.0600505132311,862.8201654199855
N4,p41-boxing-0021,brics-odroid-025_cam0,brics-odroid-025_cam0,720.8625466941629,913.867126,720.8655658466947,720.8716337146451,720.8931867871152,720.9576054764258,721.2224146475706,731.8473242020812,735.5036339851171
N4,p41-boxing-0021,brics-odroid-025_cam1,brics-odroid-025_cam1,839.1444422205976,879.872681,839.1826260819308,839.2589809015739,839.5260873607108,840.2880898090431,842.9241107761986,849.7882685482996,977.6912699365714
N4,p41-boxing-0021,brics-odroid-026_cam0,brics-odroid-026_cam0,842.8078334781248,921.928467,842.812126118896,842.8207138419101,842.850796532223,842.9369676228116,843.2411633589354,844.1331828109534,847.2018039176033
N4,p41-boxing-0021,brics-odroid-026_cam1,brics-odroid-026_cam1,847.1409024963922,927.79425,847.148016041493,847.1622425642144,847.2120294359665,847.3542265933776,847.8513218307388,849.2665144730668,853.9134191094007
N4,p41-boxing-0021,brics-odroid-027_cam0,brics-odroid-027_cam0,883.7168011533483,917.449829,883.7134620299107,883.7067836326373,883.6834076628878,883.6166056382134,883.3826404762713,882.7128107580211,880.3523581196906
N4,p41-boxing-0021,brics-odroid-028_cam0,brics-odroid-028_cam0,822.0958575649446,919.052307,822.0884610117175,822.0737102912984,822.0225236008092,821.8799524402882,821.4202094053752,820.3705362144503,817.2778334680268
N4,p41-boxing-0021,brics-odroid-029_cam0,brics-odroid-029_cam0,845.2771939269177,907.913086,845.2830853366405,845.2948673390662,845.3360957708226,845.4538178241288,845.864989810289,847.0324850602851,851.0375940720686
N4,p41-boxing-0021,brics-odroid-029_cam1,brics-odroid-029_cam1,893.2013291146847,905.857727,893.1984419131712,893.1926656250484,893.1724288015778,893.1144389251899,892.9094653782732,892.3060453286918,888.8229296916853
N4,p41-boxing-0021,brics-odroid-030_cam0,brics-odroid-030_cam0,784.0708621712438,930.997131,784.0661377759443,784.0566978550025,784.0237509723315,783.9304056383351,783.6126264785264,782.7748701304989,780.7146967490582
N4,p41-boxing-0021,brics-odroid-030_cam1,brics-odroid-030_cam1,755.7714836155608,907.045105,755.7743802892905,755.7801731084837,755.8004424305288,755.8583072913627,756.0602819056492,756.6326586954915,758.5827845633556
N4,p41-plant-0004,brics-odroid-001_cam1,brics-odroid-001_cam1,865.3520238189161,918.354065,865.4731503419454,865.7221398108163,866.6713464177947,869.4353525780979,872.9831237468205,877.5747829097857,892.7967788657102
N4,p41-plant-0004,brics-odroid-002_cam0,brics-odroid-002_cam0,946.9852667792793,940.340637,946.9784403914322,946.9646868593015,946.9154650731813,946.7648260602789,946.0842777292784,943.5989464074082,975.2402298503882
N4,p41-plant-0004,brics-odroid-006_cam0,brics-odroid-006_cam0,921.5813961501087,919.383789,921.5851609566886,921.5926741977332,921.6187998738301,921.6920119554043,921.9326372627188,922.5094303283439,923.7637472430494
N4,p41-plant-0004,brics-odroid-007_cam0,brics-odroid-007_cam0,831.3410361516222,924.420349,831.3407221860604,831.340094624032,831.3379020248425,831.3316704218497,831.3102372429032,831.2520610043883,831.0784819418559
N4,p41-plant-0004,brics-odroid-007_cam1,brics-odroid-007_cam1,867.858493644167,931.304504,867.8774184669606,867.9152646469372,868.0476898985694,868.4257362105548,869.7452738312865,873.4835032847199,886.2146101634926
N4,p41-plant-0004,brics-odroid-009_cam1,brics-odroid-009_cam1,779.2906800982581,931.934998,779.2949120766465,779.3033695021805,779.3329020895782,779.4166989511925,779.7033637092793,780.4695611647794,782.838110273224
N4,p41-plant-0004,brics-odroid-010_cam0,brics-odroid-010_cam0,713.8149084772119,932.026672,713.8415083537267,713.8946940126998,714.080695960181,714.6108659238869,716.4518355733783,721.5933201798927,742.3743198175227
N4,p41-plant-0004,brics-odroid-010_cam1,brics-odroid-010_cam1,860.6616549818904,934.134155,860.683772270168,860.7280048636427,860.8827981208075,861.3248861710111,862.8701153012616,867.2668538160266,883.4121705668811
N4,p41-plant-0004,brics-odroid-011_cam0,brics-odroid-011_cam0,889.6863753630073,922.774414,889.6854147008727,889.6834933762749,889.676768736745,889.6575554514616,889.5903086090503,889.3981718271293,888.7256587702426
N4,p41-plant-0004,brics-odroid-012_cam0,brics-odroid-012_cam0,826.3524495294193,926.425415,826.3579216497877,826.3688673589226,826.4071927659606,826.5168263151551,826.9020949604572,828.0163331582194,831.2516160621283
N4,p41-plant-0004,brics-odroid-012_cam1,brics-odroid-012_cam1,819.6770342275158,926.514709,819.675859737173,819.6735107885478,819.6652898049812,819.6418041654587,819.5596380702025,819.3251657903954,818.5078580819727
N4,p41-plant-0004,brics-odroid-014_cam1,brics-odroid-014_cam1,823.8992633976708,922.314819,823.8956221835958,823.8883397621829,823.8628513579666,823.7900279522681,823.5351531097868,822.8070000255473,820.2592330154492
N4,p41-plant-0004,brics-odroid-015_cam0,brics-odroid-015_cam0,869.7098731115979,914.97937,869.704731777172,869.6944488269672,869.658455546783,869.5555922729335,869.1952750398686,868.1632555338213,864.5204710382333
N4,p41-plant-0004,brics-odroid-015_cam1,brics-odroid-015_cam1,752.3021231273955,930.794434,752.3060835026819,752.3140037606664,752.3417194925005,752.420863000419,752.6973495075924,753.4829163409356,756.1827199135105
N4,p41-plant-0004,brics-odroid-016_cam0,brics-odroid-016_cam0,1061.888286440248,919.84082,1061.885009304678,1061.878455057117,1061.855515438238,1061.7899757921261,1061.560611787428,1060.905498226907,1058.6150351487547
N4,p41-plant-0004,brics-odroid-017_cam0,brics-odroid-017_cam0,835.1065697471562,921.894775,835.1065122834866,835.1063973550475,835.1059950939552,835.1048456774873,835.100821563776,835.0893141776629,835.04892225256
N4,p41-plant-0004,brics-odroid-017_cam1,brics-odroid-017_cam1,880.725773203548,938.321167,880.727338120409,880.7304679295206,880.741422003,880.7727171410302,880.8822242914661,881.1948806030205,882.286602610966
N4,p41-plant-0004,brics-odroid-019_cam1,brics-odroid-019_cam1,907.9958853612795,920.925659,907.8658337501154,907.5721731385936,905.9752165707275,903.2582552393714,900.9481238793974,899.8073067279282,899.31552740602
N4,p41-plant-0004,brics-odroid-020_cam0,brics-odroid-020_cam0,937.6948001048769,899.424316,937.6947209774626,937.6945627221735,937.694008823831,937.6924262157227,937.6868866041276,937.6710549993901,937.6155960019397
N4,p41-plant-0004,brics-odroid-020_cam1,brics-odroid-020_cam1,856.2704499750031,925.858521,856.2714708702532,856.2735126338023,856.2806585232325,856.3010729248712,856.3724950473518,856.5763161336131,857.2868771236662
N4,p41-plant-0004,brics-odroid-021_cam0,brics-odroid-021_cam0,787.1708683968179,938.355225,787.1769828675523,787.1892698174667,787.2328929694149,787.3630888473854,787.8953688608354,790.3273212322268,793.1192013679612
N4,p41-plant-0004,brics-odroid-021_cam1,brics-odroid-021_cam1,862.0287815005657,920.78302,862.0317071870426,862.0375505373614,862.0579184095584,862.1154029921505,862.308674714723,862.800883256086,864.0368240499976
N4,p41-plant-0004,brics-odroid-022_cam0,brics-odroid-022_cam0,915.1299798804619,916.312195,915.1245836540221,915.1137735923778,915.0757524751966,914.965501765089,914.5596846758514,913.1971479830016,909.3630518015984
N4,p41-plant-0004,brics-odroid-022_cam1,brics-odroid-022_cam1,773.103851241376,903.016357,773.0997184520436,773.0914606766521,773.0626401398783,772.9809895034767,772.7030663383476,771.9707022493202,770.1449868420439
N4,p41-plant-0004,brics-odroid-023_cam0,brics-odroid-023_cam0,873.3460426883619,914.887695,873.3461146759387,873.3462586490273,873.3467625331449,873.3482020161509,873.3532380388443,873.3676081194418,873.417687918351
N4,p41-plant-0004,brics-odroid-024_cam0,brics-odroid-024_cam0,824.3345356316075,931.895264,824.3415864380544,824.3557187646701,824.4055067551691,824.5506023574568,825.0941331034012,827.0351712660539,833.5771951117576
N4,p41-plant-0004,brics-odroid-024_cam1,brics-odroid-024_cam1,763.808745894917,951.805908,763.8248748655207,763.8572049762035,763.9711238235179,764.3032946096176,765.5500075740306,769.2654472837244,781.6145940446305
N4,p41-plant-0004,brics-odroid-025_cam0,brics-odroid-025_cam0,690.0672879132552,913.867126,690.0700982844401,690.0757494455312,690.0958537413832,690.1562355946845,690.4091612701108,691.8900092021333,745.9617267227115
N4,p41-plant-0004,brics-odroid-025_cam1,brics-odroid-025_cam1,641.7300057365597,879.872681,641.7455105440216,641.7763937468485,641.8831754956959,642.1774688893696,643.096196866734,645.102661324507,650.1142636659514
N4,p44-dog-0004,brics-odroid-001_cam1,brics-odroid-001_cam1,877.708469617944,970.607117,877.72115212071,877.7466365233732,877.8371054916146,878.1070231629606,879.2090913722562,883.0231130186708,890.9559606969964
N4,p44-dog-0004,brics-odroid-002_cam0,brics-odroid-002_cam0,862.8782078035422,885.953552,862.8821508462966,862.8900787058797,862.9182726841078,863.0028595604686,863.3556847535389,865.3743038358094,872.7207656303851
N4,p44-dog-0004,brics-odroid-006_cam0,brics-odroid-006_cam0,806.9283764989817,899.016907,806.924603952721,806.9170357170259,806.8903013863019,806.8117490826132,806.5087315167331,805.2997402094946,801.2505558346772
N4,p44-dog-0004,brics-odroid-007_cam0,brics-odroid-007_cam0,860.4302706954345,932.032104,860.4319344899516,860.435261985655,860.4469072407338,860.4801710013855,860.5964962904226,860.9280176057525,875.6273885183666
N4,p44-dog-0004,brics-odroid-007_cam1,brics-odroid-007_cam1,765.1459651858497,932.874512,765.162334238055,765.1952240649324,765.3119564236886,765.659994039128,767.0773363526058,772.2401558243204,785.0788337681174
N4,p44-dog-0004,brics-odroid-008_cam0,brics-odroid-008_cam0,945.6842718550058,941.907043,945.6792041263832,945.6690681853438,945.6335873110652,945.5321698162865,945.1766995098695,944.1566865297849,940.5334899898079
N4,p44-dog-0004,brics-odroid-009_cam1,brics-odroid-009_cam1,860.8326754964368,959.593506,860.8270888657661,860.8159156847162,860.7768103940879,860.665088218204,860.2741448973235,859.1578863117078,855.4211934870671
N4,p44-dog-0004,brics-odroid-010_cam0,brics-odroid-010_cam0,879.264499952649,933.87085,879.2637683908757,879.2623053661051,879.2571858163271,879.2425674133104,879.1915064011599,879.0464983222901,878.5490235695768
N4,p44-dog-0004,brics-odroid-011_cam0,brics-odroid-011_cam0,755.807616429484,938.384766,755.8120590821046,755.8209443633745,755.8520425961219,755.9408925321256,756.2518421310054,757.1400536087833,760.2462578903248
N4,p44-dog-0004,brics-odroid-012_cam0,brics-odroid-012_cam0,846.313876096642,953.767944,846.311619650732,846.307106796132,846.2913121958144,846.2461881156669,846.0882929010745,845.637498321456,844.0636114456523
N4,p44-dog-0004,brics-odroid-012_cam1,brics-odroid-012_cam1,841.4112574953982,911.326538,841.4133096148767,841.4174125272712,841.4317588067346,841.4726292860182,841.6143032515764,842.0076761198994,843.2639274832007
N4,p44-dog-0004,brics-odroid-014_cam1,brics-odroid-014_cam1,773.3426818171837,940.467224,773.3442222727326,773.3473031581685,773.3580859877424,773.3888917628312,773.4966850395114,773.8044351266914,774.8788758143484
N4,p44-dog-0004,brics-odroid-015_cam1,brics-odroid-015_cam1,765.482513050664,941.986267,765.4843723811405,765.4880910218488,765.5011060517667,765.5382900296603,765.668412700282,766.0400096806882,767.3384780414029
N4,p44-dog-0004,brics-odroid-016_cam0,brics-odroid-016_cam0,930.2063354545531,986.61853,930.2019185014162,930.1930841384453,930.1621590718996,930.0737606086448,929.7638853358023,928.8743869816096,926.0450784614411
N4,p44-dog-0004,brics-odroid-017_cam0,brics-odroid-017_cam0,873.7101784448885,917.866882,873.7037473038087,873.6908844166609,873.6458579582775,873.517156452603,873.0660646123603,871.7717500045751,867.177806060931
N4,p44-dog-0004,brics-odroid-017_cam1,brics-odroid-017_cam1,852.8450653186485,931.661072,852.8454611857024,852.8462529250701,852.8490240680845,852.8569420929744,852.8846607044934,852.9639041197694,853.2418100531352
N4,p44-dog-0004,brics-odroid-019_cam1,brics-odroid-019_cam1,1002.7682279600791,958.992859,1002.849148167785,1003.0109705769157,1003.577159985404,1005.193224865656,1010.8308767806541,1026.782956254445,1050.3029618471155
N4,p44-dog-0004,brics-odroid-020_cam0,brics-odroid-020_cam0,756.7109672951323,931.864014,756.7172230190739,756.7297152711741,756.773237624882,756.8958935342783,757.3063635802206,758.3385484364023,760.5154766019583
N4,p44-dog-0004,brics-odroid-020_cam1,brics-odroid-020_cam1,841.4328944591408,945.561951,841.4331051610782,841.4335265479103,841.4350012229158,841.439213047181,841.4539365716867,841.4958512912789,841.6407966744873
N4,p44-dog-0004,brics-odroid-021_cam0,brics-odroid-021_cam0,790.3062444968369,920.005005,790.2999365492141,790.2872636870578,790.2423014179357,790.1083959573839,789.5653848165974,787.4825581079517,784.6792169450697
N4,p44-dog-0004,brics-odroid-021_cam1,brics-odroid-021_cam1,806.3634350704879,920.716309,806.3662098661847,806.371759428048,806.3911825844857,806.4466746594145,806.6408659182416,807.1954324365546,809.1333196687804
N4,p44-dog-0004,brics-odroid-022_cam0,brics-odroid-022_cam0,825.0639057775104,909.549255,825.0652829664289,825.0680373041532,825.0776770650223,825.1052156294309,825.2015585136427,825.4764636174316,826.4344477233778
N4,p44-dog-0004,brics-odroid-022_cam1,brics-odroid-022_cam1,725.3905925267512,900.313538,725.3940995913356,725.401113511308,725.4256600348672,725.4957741388308,725.7409541376984,726.4395934480782,728.863298721571
N4,p44-dog-0004,brics-odroid-023_cam0,brics-odroid-023_cam0,832.4122031859864,901.922424,832.4113640161777,832.4096856764493,832.403811486244,832.3870280757493,832.3282860234593,832.1604505989566,831.5730151135568
N4,p44-dog-0004,brics-odroid-024_cam0,brics-odroid-024_cam0,737.3396896769275,892.527466,737.3350180655665,737.3256832570586,737.2930995118871,737.2007515883643,736.8860191836618,736.0537019613287,734.1990714016509
N4,p44-dog-0004,brics-odroid-024_cam1,brics-odroid-024_cam1,792.0252997403043,920.34082,792.0344409695387,792.0527213694198,792.1166811618834,792.299238421965,792.9360382195371,794.7372293046742,800.7627753577808
N4,p44-dog-0004,brics-odroid-025_cam0,brics-odroid-025_cam0,658.8665115382561,903.565063,658.8675478992699,658.8696206801502,658.8768760312439,658.8976109045055,658.9702448358477,659.1783021668866,659.912764678582
N4,p44-dog-0004,brics-odroid-025_cam1,brics-odroid-025_cam1,706.2935763939577,894.818848,706.2965344440966,706.3024681673282,706.323423089836,706.3849436199217,706.6215583989476,707.5546459657871,714.7441307850514
N4,p44-dog-0004,brics-odroid-026_cam0,brics-odroid-026_cam0,891.5554550264447,895.203247,891.5653554522007,891.5851549344645,891.6544387485377,891.8522693793154,892.5432432866476,894.5052490362114,915.0790106787929
N4,p44-dog-0004,brics-odroid-026_cam1,brics-odroid-026_cam1,895.3971910175553,935.543335,895.3958313663746,895.3931120706644,895.3835946055015,895.3564024463882,895.2612368715183,894.9893950649179,894.0386464349368
N4,p44-dog-0004,brics-odroid-027_cam0,brics-odroid-027_cam0,901.2559253790995,920.350464,901.2532572677837,901.2479285082984,901.2293558489891,901.1769507437019,901.0008956731051,900.5534963916264,899.4361335936732
N4,p44-dog-0004,brics-odroid-029_cam0,brics-odroid-029_cam0,825.6123677131714,919.495972,825.6191195463808,825.6326227286361,825.6798787834069,825.8148525276279,826.2867530548166,827.6307040559325,832.2860207722713
N4,p44-dog-0004,brics-odroid-029_cam1,brics-odroid-029_cam1,793.1149604277394,927.140747,793.1463680413679,793.2093753626998,793.4319386806254,794.085830676284,796.4003501663555,798.8305901898459,800.8272879765841
N4,p44-dog-0004,brics-odroid-030_cam0,brics-odroid-030_cam0,776.0543823634091,945.355957,776.0671347677651,776.0926835233307,776.1825682706173,776.4434271570661,777.4064130048578,780.3853290969423,790.6977199230281
N4,p52-instrument-0034,brics-odroid-002_cam0,brics-odroid-002_cam0,885.4076886710965,931.786255,885.3771364954669,885.3158482607403,885.0993891599543,884.4637181306329,882.132837871989,876.9801783217374,872.5786428074877
N4,p52-instrument-0034,brics-odroid-007_cam0,brics-odroid-007_cam0,875.3183633226615,919.000183,875.3292010149116,875.3508739458102,875.4267034507769,875.6431386768666,876.398098738262,878.5333926208393,885.4605704252131
N4,p52-instrument-0034,brics-odroid-007_cam1,brics-odroid-007_cam1,809.2392896759104,945.903381,809.2439824448253,809.2533938265756,809.2866075306854,809.3839153398534,809.7553766497292,811.1782844884383,819.0430667867198
N4,p52-instrument-0034,brics-odroid-012_cam1,brics-odroid-012_cam1,850.6044341269076,919.386963,850.6071005840666,850.6124268901176,850.6309998602512,850.6834802110262,850.8605962322044,851.3163728757213,852.491552918594
N4,p52-instrument-0034,brics-odroid-015_cam1,brics-odroid-015_cam1,789.217560371939,908.360901,789.2251369648384,789.2402306526734,789.2924419337292,789.4365254145737,789.8881072986229,790.850022243685,792.5698470316306
N4,p52-instrument-0034,brics-odroid-016_cam0,brics-odroid-016_cam0,984.5509726041142,924.890198,984.5588044753907,984.5745408020391,984.6303919791139,984.7969114703409,985.4750298976915,988.5866072099593,995.7995318445112
N4,p52-instrument-0034,brics-odroid-021_cam0,brics-odroid-021_cam0,802.6807872204057,925.329956,802.7091131441904,802.765766394464,802.9640674981734,803.5307683022675,805.5156930897705,811.2089775428644,880.8472565173342
N4,p52-instrument-0034,brics-odroid-023_cam0,brics-odroid-023_cam0,855.3344758170588,918.969177,855.337688088768,855.3441309978816,855.366875869467,855.4335773178534,855.689092600294,856.6811006978083,860.8200034739293
N4,p52-instrument-0034,brics-odroid-024_cam0,brics-odroid-024_cam0,863.1531406756964,924.838501,863.1553576105142,863.1597954206052,863.1753692535101,863.22022469293,863.3815282615865,863.8828139356473,866.3011523560224
N4,p52-instrument-0034,brics-odroid-025_cam1,brics-odroid-025_cam1,874.7498818549676,894.408875,874.7537988366536,874.7616185872452,874.7888393788106,874.8653635618165,875.1194283648416,875.744848162123,877.1905538077128
N4,p52-instrument-0034,brics-odroid-027_cam0,brics-odroid-027_cam0,880.9151958184258,907.767273,880.9144302502448,880.9128991102109,880.9075400815383,880.8922282405656,880.8386329413011,880.6854704576965,880.1490158287918
N4,p52-instrument-0034,brics-odroid-030_cam0,brics-odroid-030_cam0,772.4967955534099,922.447449,772.5029993294777,772.5154000693898,772.5587312614467,772.681925919127,773.1061290181235,774.2613351361015,777.7667932593878
N4,p52-instrument-0034,brics-odroid-030_cam1,brics-odroid-030_cam1,777.1685486670453,898.433655,777.2324422631158,777.3571585794148,777.7638672186617,778.7192588357815,780.6749573147459,782.5350538007145,783.7586239756323
