sequence,camera,subset,n_frames,frame_hash_scene,frame_hash_fusion,scene_prediction_hash_scene,scene_prediction_hash_fusion,grid_hash_scene,grid_hash_fusion,f_scene_scene,f_scene_fusion,same_frames,same_scene,same_grid,same_scene_nuisance,C3_flat_hand_reproduces_S0,only_hand_term_differs
p36-tea-0010,brics-odroid-001_cam0,ALL_COMMON,2,fa75a4a5d99c1c64655fdbc1daf907c4899cd06ced7842dc9b84504a97a871b1,fa75a4a5d99c1c64655fdbc1daf907c4899cd06ced7842dc9b84504a97a871b1,a418d112041b18dfec03a9a7878927fe4cb81653464246e5af321b6d29e01a42,a418d112041b18dfec03a9a7878927fe4cb81653464246e5af321b6d29e01a42,2f7b480a97aa5d777a9573136b6ca1bdee46e8f65220882a73ce230ea5767f8e,2f7b480a97aa5d777a9573136b6ca1bdee46e8f65220882a73ce230ea5767f8e,782.4989318847656,782.4989318847656,1,1,1,1,1,1
p36-tea-0010,brics-odroid-001_cam1,ALL_COMMON,45,24d015af26dee75de0b70953d7b44b38564db4c52df95beb1c67cc836c1645d6,24d015af26dee75de0b70953d7b44b38564db4c52df95beb1c67cc836c1645d6,3c48327659b5233657501164ed480c7e2312882be60a49789530b7ebcf74cd3a,3c48327659b5233657501164ed480c7e2312882be60a49789530b7ebcf74cd3a,bbc1733caf7012533b14f5f6d4eeb64f797841351db217e8f8a6de6ffe637b6e,bbc1733caf7012533b14f5f6d4eeb64f797841351db217e8f8a6de6ffe637b6e,809.0219116210938,809.0219116210938,1,1,1,1,1,1
p36-tea-0010,brics-odroid-001_cam1,DIVERSE16,16,450f82e53c9b0cfc34950ed7a40ceceff0b5ff715b6392e9dfc9ce89219af7e4,450f82e53c9b0cfc34950ed7a40ceceff0b5ff715b6392e9dfc9ce89219af7e4,0817cb75863b287dd9ac10e7e9ac4e67a6b95123a3023857b6e2ac17f658f48a,0817cb75863b287dd9ac10e7e9ac4e67a6b95123a3023857b6e2ac17f658f48a,bbc1733caf7012533b14f5f6d4eeb64f797841351db217e8f8a6de6ffe637b6e,bbc1733caf7012533b14f5f6d4eeb64f797841351db217e8f8a6de6ffe637b6e,810.5741577148438,810.5741577148438,1,1,1,1,1,1
p36-tea-0010,brics-odroid-001_cam1,DIVERSE32,32,c818e93986cc9ebb75b04a3db3113a1d09b75423e468f8c1f6f7679322017795,c818e93986cc9ebb75b04a3db3113a1d09b75423e468f8c1f6f7679322017795,f3a7ccaa59d57787c2e659d74bdb639a9b1a0a5bdb5b2bda7207e998cb12add6,f3a7ccaa59d57787c2e659d74bdb639a9b1a0a5bdb5b2bda7207e998cb12add6,bbc1733caf7012533b14f5f6d4eeb64f797841351db217e8f8a6de6ffe637b6e,bbc1733caf7012533b14f5f6d4eeb64f797841351db217e8f8a6de6ffe637b6e,811.2046508789062,811.2046508789062,1,1,1,1,1,1
p36-tea-0010,brics-odroid-001_cam1,LOW16,16,449a5216d006bcd8fa8c7781424cfb0439348269bfacb0be93a08c7b417bcf44,449a5216d006bcd8fa8c7781424cfb0439348269bfacb0be93a08c7b417bcf44,4e7e49e6aa367e7514ab2e121e8fe5f6e53eb592a6c123c709612153d35c43da,4e7e49e6aa367e7514ab2e121e8fe5f6e53eb592a6c123c709612153d35c43da,bbc1733caf7012533b14f5f6d4eeb64f797841351db217e8f8a6de6ffe637b6e,bbc1733caf7012533b14f5f6d4eeb64f797841351db217e8f8a6de6ffe637b6e,796.6028137207031,796.6028137207031,1,1,1,1,1,1
p36-tea-0010,brics-odroid-001_cam1,LOW32,32,012b768480adfb152b2bf54a76c1461e6594b39c152e324b2c67aaf8e0952833,012b768480adfb152b2bf54a76c1461e6594b39c152e324b2c67aaf8e0952833,eb58cf992aeff2c66d2987b61d06844af484a5d44bc087c3b3630273c80ef63d,eb58cf992aeff2c66d2987b61d06844af484a5d44bc087c3b3630273c80ef63d,bbc1733caf7012533b14f5f6d4eeb64f797841351db217e8f8a6de6ffe637b6e,bbc1733caf7012533b14f5f6d4eeb64f797841351db217e8f8a6de6ffe637b6e,804.5909423828125,804.5909423828125,1,1,1,1,1,1
p36-tea-0010,brics-odroid-001_cam1,N16,16,96825b630f45e361e8fd079837696cd32534b342177c893f04270d092d09b89b,96825b630f45e361e8fd079837696cd32534b342177c893f04270d092d09b89b,86e38635c7b914f7085db17998b58cf76663e468a5800c3aa2665178c7c6652d,86e38635c7b914f7085db17998b58cf76663e468a5800c3aa2665178c7c6652d,bbc1733caf7012533b14f5f6d4eeb64f797841351db217e8f8a6de6ffe637b6e,bbc1733caf7012533b14f5f6d4eeb64f797841351db217e8f8a6de6ffe637b6e,810.9009399414062,810.9009399414062,1,1,1,1,1,1
p36-tea-0010,brics-odroid-001_cam1,N32,32,4bb2242f39495c74c473263a04e2dbb43a80802ee945e1e3c3c56e0a5f6084bb,4bb2242f39495c74c473263a04e2dbb43a80802ee945e1e3c3c56e0a5f6084bb,800bef1893ed2c52f4e3c27ff2468fe9a0908f3ca11fcb3052ea1db02e037093,800bef1893ed2c52f4e3c27ff2468fe9a0908f3ca11fcb3052ea1db02e037093,bbc1733caf7012533b14f5f6d4eeb64f797841351db217e8f8a6de6ffe637b6e,bbc1733caf7012533b14f5f6d4eeb64f797841351db217e8f8a6de6ffe637b6e,807.9064331054688,807.9064331054688,1,1,1,1,1,1
p36-tea-0010,brics-odroid-001_cam1,N8,8,02d5c605d216f3ccd40b265dd2eb957e741acd82e376ff7a60af2a9d70aabdfd,02d5c605d216f3ccd40b265dd2eb957e741acd82e376ff7a60af2a9d70aabdfd,95053cb4370b54c76e1f188a8137ba1feda3481c7cbebb22f095f0155a06a4e5,95053cb4370b54c76e1f188a8137ba1feda3481c7cbebb22f095f0155a06a4e5,bbc1733caf7012533b14f5f6d4eeb64f797841351db217e8f8a6de6ffe637b6e,bbc1733caf7012533b14f5f6d4eeb64f797841351db217e8f8a6de6ffe637b6e,808.73486328125,808.73486328125,1,1,1,1,1,1
p36-tea-0010,brics-odroid-002_cam0,ALL_COMMON,40,4fe172329ea8ceadfd7949bf4068b2a61e863326c595d52ed7202dc1cb0e2c9d,4fe172329ea8ceadfd7949bf4068b2a61e863326c595d52ed7202dc1cb0e2c9d,cd57e79bbf9a5f8ffccc1836f4c1f07f99b88e9bba5ccadcc4ee1a7a20567bac,cd57e79bbf9a5f8ffccc1836f4c1f07f99b88e9bba5ccadcc4ee1a7a20567bac,b07acb88da033d3fa972e5bc08d94e16ad73d9cac8f922a1e65d109df7910045,b07acb88da033d3fa972e5bc08d94e16ad73d9cac8f922a1e65d109df7910045,877.6285705566406,877.6285705566406,1,1,1,1,1,1
p36-tea-0010,brics-odroid-002_cam0,DIVERSE16,16,b9139c9ca51509d56f25e614673f0742ac90dfc3ad742e3ae1013ac273d1122b,b9139c9ca51509d56f25e614673f0742ac90dfc3ad742e3ae1013ac273d1122b,a23d0eb3cbe3decc08fe51b484b0d9764dad7c42c3e5fb0ea786bfc67a997304,a23d0eb3cbe3decc08fe51b484b0d9764dad7c42c3e5fb0ea786bfc67a997304,b07acb88da033d3fa972e5bc08d94e16ad73d9cac8f922a1e65d109df7910045,b07acb88da033d3fa972e5bc08d94e16ad73d9cac8f922a1e65d109df7910045,883.7166748046875,883.7166748046875,1,1,1,1,1,1
p36-tea-0010,brics-odroid-002_cam0,DIVERSE32,32,42dee5e6fda5646fe5c41c7e4369ed2ab2bdf907b48bd865ca117793bd64778b,42dee5e6fda5646fe5c41c7e4369ed2ab2bdf907b48bd865ca117793bd64778b,9b9263ed4add46bd21470c80a5d1345d059db875b6b63259ecaffb1987d958f4,9b9263ed4add46bd21470c80a5d1345d059db875b6b63259ecaffb1987d958f4,b07acb88da033d3fa972e5bc08d94e16ad73d9cac8f922a1e65d109df7910045,b07acb88da033d3fa972e5bc08d94e16ad73d9cac8f922a1e65d109df7910045,882.2941589355469,882.2941589355469,1,1,1,1,1,1
p36-tea-0010,brics-odroid-002_cam0,LOW16,16,720a9695cb5a8931edb86505bda9a698c2a766840173a533d156a6f3f4c06944,720a9695cb5a8931edb86505bda9a698c2a766840173a533d156a6f3f4c06944,dd7e0e5028b12c666e0d433556eeb446c7c174d3b6db8cec8e343c944f009ebf,dd7e0e5028b12c666e0d433556eeb446c7c174d3b6db8cec8e343c944f009ebf,b07acb88da033d3fa972e5bc08d94e16ad73d9cac8f922a1e65d109df7910045,b07acb88da033d3fa972e5bc08d94e16ad73d9cac8f922a1e65d109df7910045,872.5909423828125,872.5909423828125,1,1,1,1,1,1
p36-tea-0010,brics-odroid-002_cam0,LOW32,32,532883f0e0f7bce4b39fa278ae5161453a419e931c1548e786e8daa42af9a84c,532883f0e0f7bce4b39fa278ae5161453a419e931c1548e786e8daa42af9a84c,2cb541da254b6c42a82dd572be63497106c5dae84a1082e8bb1fe7bae5cc6684,2cb541da254b6c42a82dd572be63497106c5dae84a1082e8bb1fe7bae5cc6684,b07acb88da033d3fa972e5bc08d94e16ad73d9cac8f922a1e65d109df7910045,b07acb88da033d3fa972e5bc08d94e16ad73d9cac8f922a1e65d109df7910045,875.3583374023438,875.3583374023438,1,1,1,1,1,1
p36-tea-0010,brics-odroid-002_cam0,N16,16,0af5bf782a77a2ce4ec8caefc47f24e48f323d2745d8165c1cef33c40fcde507,0af5bf782a77a2ce4ec8caefc47f24e48f323d2745d8165c1cef33c40fcde507,0b66d190f4fce784854f3f53a28bf506faeec86c90ffa6af4b59ac2acca8c62b,0b66d190f4fce784854f3f53a28bf506faeec86c90ffa6af4b59ac2acca8c62b,b07acb88da033d3fa972e5bc08d94e16ad73d9cac8f922a1e65d109df7910045,b07acb88da033d3fa972e5bc08d94e16ad73d9cac8f922a1e65d109df7910045,880.6496887207031,880.6496887207031,1,1,1,1,1,1
p36-tea-0010,brics-odroid-002_cam0,N32,32,0868e41db47ebf325f0c6f1dc7c134c7b6acc29ff991413a8a051f5980c3cf1d,0868e41db47ebf325f0c6f1dc7c134c7b6acc29ff991413a8a051f5980c3cf1d,6b2b74437f96451f388ff3a3869eb87830b2dd5b8aeddcbf913ce4daf3001a71,6b2b74437f96451f388ff3a3869eb87830b2dd5b8aeddcbf913ce4daf3001a71,b07acb88da033d3fa972e5bc08d94e16ad73d9cac8f922a1e65d109df7910045,b07acb88da033d3fa972e5bc08d94e16ad73d9cac8f922a1e65d109df7910045,879.3855285644531,879.3855285644531,1,1,1,1,1,1
p36-tea-0010,brics-odroid-002_cam0,N8,8,5e39a1d10e8e79f03b8023076e1204d191f2990a97eb26ec7bc197b762ff6625,5e39a1d10e8e79f03b8023076e1204d191f2990a97eb26ec7bc197b762ff6625,b46d92448feded325dd33ffdfa4dd2e7d976e8e88d91db2943a96bf1e6fc131e,b46d92448feded325dd33ffdfa4dd2e7d976e8e88d91db2943a96bf1e6fc131e,b07acb88da033d3fa972e5bc08d94e16ad73d9cac8f922a1e65d109df7910045,b07acb88da033d3fa972e5bc08d94e16ad73d9cac8f922a1e65d109df7910045,884.5640563964844,884.5640563964844,1,1,1,1,1,1
p36-tea-0010,brics-odroid-006_cam0,ALL_COMMON,27,9d0e4caf10f9b69c0cb195fb61849754db9fb12f8da6784c2ef89490d291c83e,9d0e4caf10f9b69c0cb195fb61849754db9fb12f8da6784c2ef89490d291c83e,65e2642237d9245b6591d0f77f6274cdfe80eee90cce593d030b2dafad2c0403,65e2642237d9245b6591d0f77f6274cdfe80eee90cce593d030b2dafad2c0403,e3e1e5534321be1b9acca290ee00bd593a61dfe6f44163640e8a67eae353e038,e3e1e5534321be1b9acca290ee00bd593a61dfe6f44163640e8a67eae353e038,852.055908203125,852.055908203125,1,1,1,1,1,1
p36-tea-0010,brics-odroid-006_cam0,N16,16,79182e1b0ec28fa360cef0d717ec2ccdb1cada1048ff125b7a84cdecfd38e1c8,79182e1b0ec28fa360cef0d717ec2ccdb1cada1048ff125b7a84cdecfd38e1c8,b8ee203ead90047bc5e7da35bdfcdab8fe5c0715cf97bf258d5574acc432c766,b8ee203ead90047bc5e7da35bdfcdab8fe5c0715cf97bf258d5574acc432c766,e3e1e5534321be1b9acca290ee00bd593a61dfe6f44163640e8a67eae353e038,e3e1e5534321be1b9acca290ee00bd593a61dfe6f44163640e8a67eae353e038,851.936279296875,851.936279296875,1,1,1,1,1,1
p36-tea-0010,brics-odroid-006_cam0,N8,8,3f4bd5a4c7b43ff5cc39c15e4b79a82324e5c5482958f79b3c138f68b49eb873,3f4bd5a4c7b43ff5cc39c15e4b79a82324e5c5482958f79b3c138f68b49eb873,e68eac9149a8a4d8f1ec3e20b3d20e39bba3e1ced675d637c98bf40f19660b09,e68eac9149a8a4d8f1ec3e20b3d20e39bba3e1ced675d637c98bf40f19660b09,e3e1e5534321be1b9acca290ee00bd593a61dfe6f44163640e8a67eae353e038,e3e1e5534321be1b9acca290ee00bd593a61dfe6f44163640e8a67eae353e038,852.9641418457031,852.9641418457031,1,1,1,1,1,1
p36-tea-0010,brics-odroid-007_cam0,ALL_COMMON,60,b1f354b3eaa7c56c82010fe81d21d646d0bc3e4b16105434185043aa5806b6b8,b1f354b3eaa7c56c82010fe81d21d646d0bc3e4b16105434185043aa5806b6b8,d63137c9deb3c38d5df0c308c175c505f7fd4a5645a2c9086cb1eb0fa6661889,d63137c9deb3c38d5df0c308c175c505f7fd4a5645a2c9086cb1eb0fa6661889,d3ad10dbfeaa6b46aeb6edad70bd4f6d37097023f788a0519042531db063f31a,d3ad10dbfeaa6b46aeb6edad70bd4f6d37097023f788a0519042531db063f31a,883.5841674804688,883.5841674804688,1,1,1,1,1,1
p36-tea-0010,brics-odroid-007_cam0,DIVERSE16,16,40c26e30edc639ef821f23e967cab5b38b7c048da2d927e2ad719484af4ec49c,40c26e30edc639ef821f23e967cab5b38b7c048da2d927e2ad719484af4ec49c,8d14f509b4194fdb1490ea546edbd8f015bd82475524def789de892483c136ee,8d14f509b4194fdb1490ea546edbd8f015bd82475524def789de892483c136ee,d3ad10dbfeaa6b46aeb6edad70bd4f6d37097023f788a0519042531db063f31a,d3ad10dbfeaa6b46aeb6edad70bd4f6d37097023f788a0519042531db063f31a,885.8265380859375,885.8265380859375,1,1,1,1,1,1
p36-tea-0010,brics-odroid-007_cam0,DIVERSE32,32,17e999b0b180dbacf6e12a64a6fd39ecf908b9282121fa125c321b274065793d,17e999b0b180dbacf6e12a64a6fd39ecf908b9282121fa125c321b274065793d,264d29a35d84b6a16927046ac974682b8635eb52bb676b8121a820f65849a7c2,264d29a35d84b6a16927046ac974682b8635eb52bb676b8121a820f65849a7c2,d3ad10dbfeaa6b46aeb6edad70bd4f6d37097023f788a0519042531db063f31a,d3ad10dbfeaa6b46aeb6edad70bd4f6d37097023f788a0519042531db063f31a,882.3865051269531,882.3865051269531,1,1,1,1,1,1
p36-tea-0010,brics-odroid-007_cam0,LOW16,16,a6cd928ce23fef04b441e91249e841945ca9c9482ebdfe240d8af4aa8c9261c3,a6cd928ce23fef04b441e91249e841945ca9c9482ebdfe240d8af4aa8c9261c3,de196a34dd6293a0cafa81c67596b3934a9c585a048ed36a03256b898cd31f61,de196a34dd6293a0cafa81c67596b3934a9c585a048ed36a03256b898cd31f61,d3ad10dbfeaa6b46aeb6edad70bd4f6d37097023f788a0519042531db063f31a,d3ad10dbfeaa6b46aeb6edad70bd4f6d37097023f788a0519042531db063f31a,902.6737976074219,902.6737976074219,1,1,1,1,1,1
p36-tea-0010,brics-odroid-007_cam0,LOW32,32,ad29e8ea96a91bcf647941a33793df256a873cba8b1b9acc22bf0aae8afdee0d,ad29e8ea96a91bcf647941a33793df256a873cba8b1b9acc22bf0aae8afdee0d,4125ed55b906b085e81cf05b87c03fa38066d0e1d0dbea2889a4d83893200ed2,4125ed55b906b085e81cf05b87c03fa38066d0e1d0dbea2889a4d83893200ed2,d3ad10dbfeaa6b46aeb6edad70bd4f6d37097023f788a0519042531db063f31a,d3ad10dbfeaa6b46aeb6edad70bd4f6d37097023f788a0519042531db063f31a,901.5436401367188,901.5436401367188,1,1,1,1,1,1
p36-tea-0010,brics-odroid-007_cam0,N16,16,009b8dcaa836c179f119b74998a63a4b2829e56a33765af7e7c7f35d8daeecd0,009b8dcaa836c179f119b74998a63a4b2829e56a33765af7e7c7f35d8daeecd0,f46ae032d53e8931ee308c97bc9acef27d15fbe4e06eb7a39f89924fe3f6752b,f46ae032d53e8931ee308c97bc9acef27d15fbe4e06eb7a39f89924fe3f6752b,d3ad10dbfeaa6b46aeb6edad70bd4f6d37097023f788a0519042531db063f31a,d3ad10dbfeaa6b46aeb6edad70bd4f6d37097023f788a0519042531db063f31a,882.5112915039062,882.5112915039062,1,1,1,1,1,1
p36-tea-0010,brics-odroid-007_cam0,N32,32,06283d9cfaf13af21dbda4412b2dce66fbf55e40c54e07a0adf0dc85d4eb3952,06283d9cfaf13af21dbda4412b2dce66fbf55e40c54e07a0adf0dc85d4eb3952,70f4658565dd0815d806db45c83d915cf9ea7dc7ac21db5183a566f9895c8972,70f4658565dd0815d806db45c83d915cf9ea7dc7ac21db5183a566f9895c8972,d3ad10dbfeaa6b46aeb6edad70bd4f6d37097023f788a0519042531db063f31a,d3ad10dbfeaa6b46aeb6edad70bd4f6d37097023f788a0519042531db063f31a,882.5112915039062,882.5112915039062,1,1,1,1,1,1
p36-tea-0010,brics-odroid-007_cam0,N8,8,b15b89af0e452ade37d5890e13f3bbf81fd138c0a996d6577406e7190a5e3cf1,b15b89af0e452ade37d5890e13f3bbf81fd138c0a996d6577406e7190a5e3cf1,4574bd3bc5d962c7ce7b785709fbf97354bdfec2f4ecbe85b47fb23124ac4e7c,4574bd3bc5d962c7ce7b785709fbf97354bdfec2f4ecbe85b47fb23124ac4e7c,d3ad10dbfeaa6b46aeb6edad70bd4f6d37097023f788a0519042531db063f31a,d3ad10dbfeaa6b46aeb6edad70bd4f6d37097023f788a0519042531db063f31a,887.0146789550781,887.0146789550781,1,1,1,1,1,1
p36-tea-0010,brics-odroid-007_cam1,ALL_COMMON,59,9f52dc8c394a73ea5aefadc34946f0578c169fbf6504acd15804f4d0cf138eeb,9f52dc8c394a73ea5aefadc34946f0578c169fbf6504acd15804f4d0cf138eeb,fc98491ad84d168d06ec28ea6f646124a5b0f6f2d2b7878d3327eafdd6ffbc87,fc98491ad84d168d06ec28ea6f646124a5b0f6f2d2b7878d3327eafdd6ffbc87,ce659a7768e8e3c9c6df03933a77b6286c808ea69d5ae18d5aececc7b7640821,ce659a7768e8e3c9c6df03933a77b6286c808ea69d5ae18d5aececc7b7640821,868.883056640625,868.883056640625,1,1,1,1,1,1
p36-tea-0010,brics-odroid-007_cam1,DIVERSE16,16,be55b01ac179a0a64e317efbd880bb253210d33b8e494a1d4e202f3fa2e7e000,be55b01ac179a0a64e317efbd880bb253210d33b8e494a1d4e202f3fa2e7e000,f9d343d160f21403b5a1803fbbbf7cad551a85232c2c2025e37ed378a6d056cf,f9d343d160f21403b5a1803fbbbf7cad551a85232c2c2025e37ed378a6d056cf,ce659a7768e8e3c9c6df03933a77b6286c808ea69d5ae18d5aececc7b7640821,ce659a7768e8e3c9c6df03933a77b6286c808ea69d5ae18d5aececc7b7640821,868.2949523925781,868.2949523925781,1,1,1,1,1,1
p36-tea-0010,brics-odroid-007_cam1,DIVERSE32,32,a152bb248ad78f07797d6aa3c9d7e12acfe71d53e17142dcd7a6f93cae2d619c,a152bb248ad78f07797d6aa3c9d7e12acfe71d53e17142dcd7a6f93cae2d619c,63211353da81a7fd521a9c710acee42fed2e62350cfad48bae894e9408d0944e,63211353da81a7fd521a9c710acee42fed2e62350cfad48bae894e9408d0944e,ce659a7768e8e3c9c6df03933a77b6286c808ea69d5ae18d5aececc7b7640821,ce659a7768e8e3c9c6df03933a77b6286c808ea69d5ae18d5aececc7b7640821,868.2949523925781,868.2949523925781,1,1,1,1,1,1
p36-tea-0010,brics-odroid-007_cam1,LOW16,16,e0639ce46b4adee72cea0f9ebbeb7772781cee5dd620b3eb1ec8b8264eae9f68,e0639ce46b4adee72cea0f9ebbeb7772781cee5dd620b3eb1ec8b8264eae9f68,9bc2503e81f747806c7182ad3011493d2f919fd9e70a916993873c86ac7022c0,9bc2503e81f747806c7182ad3011493d2f919fd9e70a916993873c86ac7022c0,ce659a7768e8e3c9c6df03933a77b6286c808ea69d5ae18d5aececc7b7640821,ce659a7768e8e3c9c6df03933a77b6286c808ea69d5ae18d5aececc7b7640821,879.4874877929688,879.4874877929688,1,1,1,1,1,1
p36-tea-0010,brics-odroid-007_cam1,LOW32,32,1b0afe0d428e4402ad5def8eb3bf243a19b66a3528b77ae0d5d8169dbc501a23,1b0afe0d428e4402ad5def8eb3bf243a19b66a3528b77ae0d5d8169dbc501a23,5cd707df21e50dc7e4c356fe12473bfc222e330e92b80af413b8dfbb25816593,5cd707df21e50dc7e4c356fe12473bfc222e330e92b80af413b8dfbb25816593,ce659a7768e8e3c9c6df03933a77b6286c808ea69d5ae18d5aececc7b7640821,ce659a7768e8e3c9c6df03933a77b6286c808ea69d5ae18d5aececc7b7640821,879.1078796386719,879.1078796386719,1,1,1,1,1,1
p36-tea-0010,brics-odroid-007_cam1,N16,16,009b8dcaa836c179f119b74998a63a4b2829e56a33765af7e7c7f35d8daeecd0,009b8dcaa836c179f119b74998a63a4b2829e56a33765af7e7c7f35d8daeecd0,0fd2ec75ae281852dc5395f6a08a10c161a89b1b832fce763de422ffba2824aa,0fd2ec75ae281852dc5395f6a08a10c161a89b1b832fce763de422ffba2824aa,ce659a7768e8e3c9c6df03933a77b6286c808ea69d5ae18d5aececc7b7640821,ce659a7768e8e3c9c6df03933a77b6286c808ea69d5ae18d5aececc7b7640821,863.5027160644531,863.5027160644531,1,1,1,1,1,1
p36-tea-0010,brics-odroid-007_cam1,N32,32,06283d9cfaf13af21dbda4412b2dce66fbf55e40c54e07a0adf0dc85d4eb3952,06283d9cfaf13af21dbda4412b2dce66fbf55e40c54e07a0adf0dc85d4eb3952,caad20580dd6c3ff94e6a85ebfc11f237332423d0fb239d80985dd8064c8d732,caad20580dd6c3ff94e6a85ebfc11f237332423d0fb239d80985dd8064c8d732,ce659a7768e8e3c9c6df03933a77b6286c808ea69d5ae18d5aececc7b7640821,ce659a7768e8e3c9c6df03933a77b6286c808ea69d5ae18d5aececc7b7640821,868.9289855957031,868.9289855957031,1,1,1,1,1,1
p36-tea-0010,brics-odroid-007_cam1,N8,8,b15b89af0e452ade37d5890e13f3bbf81fd138c0a996d6577406e7190a5e3cf1,b15b89af0e452ade37d5890e13f3bbf81fd138c0a996d6577406e7190a5e3cf1,5c7ad75a33bc9da97cf8b36232289d1b8db16837c1ff33040ef6b378d9247c3a,5c7ad75a33bc9da97cf8b36232289d1b8db16837c1ff33040ef6b378d9247c3a,ce659a7768e8e3c9c6df03933a77b6286c808ea69d5ae18d5aececc7b7640821,ce659a7768e8e3c9c6df03933a77b6286c808ea69d5ae18d5aececc7b7640821,863.5027160644531,863.5027160644531,1,1,1,1,1,1
p36-tea-0010,brics-odroid-009_cam1,ALL_COMMON,60,b1f354b3eaa7c56c82010fe81d21d646d0bc3e4b16105434185043aa5806b6b8,b1f354b3eaa7c56c82010fe81d21d646d0bc3e4b16105434185043aa5806b6b8,2a1955dc024336b98051a2aee60a8dd33384c4d2e79b96197b0791e198884191,2a1955dc024336b98051a2aee60a8dd33384c4d2e79b96197b0791e198884191,b434456ffdc19b23fb707d041dcaaea1f6a4ad578fad25b7b49f18b439733b30,b434456ffdc19b23fb707d041dcaaea1f6a4ad578fad25b7b49f18b439733b30,756.7066955566406,756.7066955566406,1,1,1,1,1,1
p36-tea-0010,brics-odroid-009_cam1,DIVERSE16,16,01e92806cdda4446639beb2ab97bef79f6477b75c9c0e939f90da0c85fa57f71,01e92806cdda4446639beb2ab97bef79f6477b75c9c0e939f90da0c85fa57f71,743ebd967bb14a80c3d29ecf53a92034ebfa5b091e4fd787cdcd6f5363595975,743ebd967bb14a80c3d29ecf53a92034ebfa5b091e4fd787cdcd6f5363595975,b434456ffdc19b23fb707d041dcaaea1f6a4ad578fad25b7b49f18b439733b30,b434456ffdc19b23fb707d041dcaaea1f6a4ad578fad25b7b49f18b439733b30,752.61474609375,752.61474609375,1,1,1,1,1,1
p36-tea-0010,brics-odroid-009_cam1,DIVERSE32,32,fe7e6ba69a0d2ab0e37549151d4e063d410f118e8a7cd50dd5c8865022f47a7f,fe7e6ba69a0d2ab0e37549151d4e063d410f118e8a7cd50dd5c8865022f47a7f,b60d618fe94868b51c4f7debd27160e742b9ef03e8271a65644f3b73fc80f0fc,b60d618fe94868b51c4f7debd27160e742b9ef03e8271a65644f3b73fc80f0fc,b434456ffdc19b23fb707d041dcaaea1f6a4ad578fad25b7b49f18b439733b30,b434456ffdc19b23fb707d041dcaaea1f6a4ad578fad25b7b49f18b439733b30,752.4557495117188,752.4557495117188,1,1,1,1,1,1
p36-tea-0010,brics-odroid-009_cam1,LOW16,16,d1ab42894311640b1fe21ae425392ce11edb6d9822d6c1c2e404203520778a4a,d1ab42894311640b1fe21ae425392ce11edb6d9822d6c1c2e404203520778a4a,3a4f93ff2dfef112c37f224caa494ef972abb98adbd75bc1be142fbd513ecee9,3a4f93ff2dfef112c37f224caa494ef972abb98adbd75bc1be142fbd513ecee9,b434456ffdc19b23fb707d041dcaaea1f6a4ad578fad25b7b49f18b439733b30,b434456ffdc19b23fb707d041dcaaea1f6a4ad578fad25b7b49f18b439733b30,759.8449096679688,759.8449096679688,1,1,1,1,1,1
p36-tea-0010,brics-odroid-009_cam1,LOW32,32,a0ff6f4f6480dace7c2772e5c40cfa62bdd95e6907c1e59309cae49baaaf7821,a0ff6f4f6480dace7c2772e5c40cfa62bdd95e6907c1e59309cae49baaaf7821,e94626009f5f96aac68a4b9c4fd26b0e2fe988eb63b00ac5ed5a3ac994a14bb2,e94626009f5f96aac68a4b9c4fd26b0e2fe988eb63b00ac5ed5a3ac994a14bb2,b434456ffdc19b23fb707d041dcaaea1f6a4ad578fad25b7b49f18b439733b30,b434456ffdc19b23fb707d041dcaaea1f6a4ad578fad25b7b49f18b439733b30,756.7066955566406,756.7066955566406,1,1,1,1,1,1
p36-tea-0010,brics-odroid-009_cam1,N16,16,009b8dcaa836c179f119b74998a63a4b2829e56a33765af7e7c7f35d8daeecd0,009b8dcaa836c179f119b74998a63a4b2829e56a33765af7e7c7f35d8daeecd0,78b554e75af4b3deef1afe2fa3bdb19ec250e3395776b4d2953db4b6ca52dc58,78b554e75af4b3deef1afe2fa3bdb19ec250e3395776b4d2953db4b6ca52dc58,b434456ffdc19b23fb707d041dcaaea1f6a4ad578fad25b7b49f18b439733b30,b434456ffdc19b23fb707d041dcaaea1f6a4ad578fad25b7b49f18b439733b30,755.1985778808594,755.1985778808594,1,1,1,1,1,1
p36-tea-0010,brics-odroid-009_cam1,N32,32,06283d9cfaf13af21dbda4412b2dce66fbf55e40c54e07a0adf0dc85d4eb3952,06283d9cfaf13af21dbda4412b2dce66fbf55e40c54e07a0adf0dc85d4eb3952,79278150fb7cc48fab8e78eb2b9521e24b7b8201245ab35bf8e0cd37f8a1c87d,79278150fb7cc48fab8e78eb2b9521e24b7b8201245ab35bf8e0cd37f8a1c87d,b434456ffdc19b23fb707d041dcaaea1f6a4ad578fad25b7b49f18b439733b30,b434456ffdc19b23fb707d041dcaaea1f6a4ad578fad25b7b49f18b439733b30,758.182373046875,758.182373046875,1,1,1,1,1,1
p36-tea-0010,brics-odroid-009_cam1,N8,8,b15b89af0e452ade37d5890e13f3bbf81fd138c0a996d6577406e7190a5e3cf1,b15b89af0e452ade37d5890e13f3bbf81fd138c0a996d6577406e7190a5e3cf1,f6a7ba3acf4b43c6ed1bc6aeb8ba138a04ed82c1b9b2c6075c4515e7e7d7229d,f6a7ba3acf4b43c6ed1bc6aeb8ba138a04ed82c1b9b2c6075c4515e7e7d7229d,b434456ffdc19b23fb707d041dcaaea1f6a4ad578fad25b7b49f18b439733b30,b434456ffdc19b23fb707d041dcaaea1f6a4ad578fad25b7b49f18b439733b30,754.1251831054688,754.1251831054688,1,1,1,1,1,1
p36-tea-0010,brics-odroid-010_cam0,ALL_COMMON,24,85bc9c280ec50b679213f55bc2bc0f4dadb6cac8950d72bbb658d582cd8ecf60,85bc9c280ec50b679213f55bc2bc0f4dadb6cac8950d72bbb658d582cd8ecf60,a4358b114c4c36170e99bb774107312b9906182c50dc0e72e1aa1eea2f0e01dc,a4358b114c4c36170e99bb774107312b9906182c50dc0e72e1aa1eea2f0e01dc,b6d46f12a0b41299dd964ac6814f70b39ca5ce5b8b23d2a239547e8955a66299,b6d46f12a0b41299dd964ac6814f70b39ca5ce5b8b23d2a239547e8955a66299,956.4916076660156,956.4916076660156,1,1,1,1,1,1
p36-tea-0010,brics-odroid-010_cam0,N16,16,6053eb85bf44b79e0e9e2467ae56673bad8d37ce92f40468b4349621069abdb6,6053eb85bf44b79e0e9e2467ae56673bad8d37ce92f40468b4349621069abdb6,f19ea1eb1045db0bfa97d75bcf9429fba880d0f685db2d79f66e29143d4438bf,f19ea1eb1045db0bfa97d75bcf9429fba880d0f685db2d79f66e29143d4438bf,b6d46f12a0b41299dd964ac6814f70b39ca5ce5b8b23d2a239547e8955a66299,b6d46f12a0b41299dd964ac6814f70b39ca5ce5b8b23d2a239547e8955a66299,954.9689636230469,954.9689636230469,1,1,1,1,1,1
p36-tea-0010,brics-odroid-010_cam0,N8,8,775e273ae005733d699cf876c53849f0622b6332994d5e47e300b7c1be3df992,775e273ae005733d699cf876c53849f0622b6332994d5e47e300b7c1be3df992,f6e0952264ea488bd615047242359bc8506359f01d71b4017b925050880fd017,f6e0952264ea488bd615047242359bc8506359f01d71b4017b925050880fd017,b6d46f12a0b41299dd964ac6814f70b39ca5ce5b8b23d2a239547e8955a66299,b6d46f12a0b41299dd964ac6814f70b39ca5ce5b8b23d2a239547e8955a66299,960.9405212402344,960.9405212402344,1,1,1,1,1,1
p36-tea-0010,brics-odroid-010_cam1,ALL_COMMON,28,21afbf4dcc2cf2c2474088e486824a5456003a3dc52f61be1146dfbcb19f1964,21afbf4dcc2cf2c2474088e486824a5456003a3dc52f61be1146dfbcb19f1964,d450a6f348475d16eb60a27130d031e8acbf2e703eedbd805fc57ec5f1433853,d450a6f348475d16eb60a27130d031e8acbf2e703eedbd805fc57ec5f1433853,221a36526e16d01270fabc7b24714d2ac401c34b25b56b30fe8d6bfeae53ca47,221a36526e16d01270fabc7b24714d2ac401c34b25b56b30fe8d6bfeae53ca47,815.4442138671875,815.4442138671875,1,1,1,1,1,1
p36-tea-0010,brics-odroid-010_cam1,N16,16,85cd478c9757caf8ff3ad7fe48b637d465d83b38029a4af4db0ca7b3e5cc3b4c,85cd478c9757caf8ff3ad7fe48b637d465d83b38029a4af4db0ca7b3e5cc3b4c,9be9974084b12b3ca12bb05f8a39dc1c8b21b7d50c557d2220c836eb1c7b851d,9be9974084b12b3ca12bb05f8a39dc1c8b21b7d50c557d2220c836eb1c7b851d,221a36526e16d01270fabc7b24714d2ac401c34b25b56b30fe8d6bfeae53ca47,221a36526e16d01270fabc7b24714d2ac401c34b25b56b30fe8d6bfeae53ca47,813.0814819335938,813.0814819335938,1,1,1,1,1,1
p36-tea-0010,brics-odroid-010_cam1,N8,8,80f32912f24b604ec8788ca304699e649344f3a76a28e1e3277289892789fc2d,80f32912f24b604ec8788ca304699e649344f3a76a28e1e3277289892789fc2d,199ae22c7994609987aa6f06f3684df53f5e1bf82b4a244bbfafea030ed20487,199ae22c7994609987aa6f06f3684df53f5e1bf82b4a244bbfafea030ed20487,221a36526e16d01270fabc7b24714d2ac401c34b25b56b30fe8d6bfeae53ca47,221a36526e16d01270fabc7b24714d2ac401c34b25b56b30fe8d6bfeae53ca47,813.0814819335938,813.0814819335938,1,1,1,1,1,1
p36-tea-0010,brics-odroid-011_cam0,ALL_COMMON,59,60e011a6e22d9f4450348fb723e897e00b0397d7759f3252ef34aea59288628b,60e011a6e22d9f4450348fb723e897e00b0397d7759f3252ef34aea59288628b,7c9310b1a405f4a6cf3d133ebc0d3971b9676af645dfbc71e6aee0a478f3cbde,7c9310b1a405f4a6cf3d133ebc0d3971b9676af645dfbc71e6aee0a478f3cbde,66a07d1ca6bd14c62174d2a933879f3abf9ff4e5a9cd8447c94a821780a54203,66a07d1ca6bd14c62174d2a933879f3abf9ff4e5a9cd8447c94a821780a54203,803.4896240234375,803.4896240234375,1,1,1,1,1,1
p36-tea-0010,brics-odroid-011_cam0,DIVERSE16,16,6b369af247a7219946f26275118df63974a57fc7d64189b8e3d2402a8f015ff0,6b369af247a7219946f26275118df63974a57fc7d64189b8e3d2402a8f015ff0,4adba05bc1ac1d0b26af6689e3d89500b74b6f2a45004fa7ac23b2f9ec7c995a,4adba05bc1ac1d0b26af6689e3d89500b74b6f2a45004fa7ac23b2f9ec7c995a,66a07d1ca6bd14c62174d2a933879f3abf9ff4e5a9cd8447c94a821780a54203,66a07d1ca6bd14c62174d2a933879f3abf9ff4e5a9cd8447c94a821780a54203,803.8992614746094,803.8992614746094,1,1,1,1,1,1
p36-tea-0010,brics-odroid-011_cam0,DIVERSE32,32,c0f9cc914fe4a9f78c447a45bf44b691d2ef97467731b55f7db543408908ef90,c0f9cc914fe4a9f78c447a45bf44b691d2ef97467731b55f7db543408908ef90,6f3dee35e14e676df1779258e706782c46af3d500ee0bf3abc23bcf59c849d0f,6f3dee35e14e676df1779258e706782c46af3d500ee0bf3abc23bcf59c849d0f,66a07d1ca6bd14c62174d2a933879f3abf9ff4e5a9cd8447c94a821780a54203,66a07d1ca6bd14c62174d2a933879f3abf9ff4e5a9cd8447c94a821780a54203,804.8680419921875,804.8680419921875,1,1,1,1,1,1
p36-tea-0010,brics-odroid-011_cam0,LOW16,16,2f0ac0aa30ff256f40ba2fb6f21a7fa306336f5220321e278b36bf6f5e8967e3,2f0ac0aa30ff256f40ba2fb6f21a7fa306336f5220321e278b36bf6f5e8967e3,1021cba77f841ac9d65a527593af4e5256da2d4ffe0eb142fdf60d2d2c63bcc3,1021cba77f841ac9d65a527593af4e5256da2d4ffe0eb142fdf60d2d2c63bcc3,66a07d1ca6bd14c62174d2a933879f3abf9ff4e5a9cd8447c94a821780a54203,66a07d1ca6bd14c62174d2a933879f3abf9ff4e5a9cd8447c94a821780a54203,793.5036315917969,793.5036315917969,1,1,1,1,1,1
p36-tea-0010,brics-odroid-011_cam0,LOW32,32,b4e3fcf7ed2ed00f26552c118c3a424badf932c8a825cdd77537b148cd8702f3,b4e3fcf7ed2ed00f26552c118c3a424badf932c8a825cdd77537b148cd8702f3,82bde88a74c23b4b6554ca7d03d4d423d4a184984d33b15f5e3d26a8b5446f8e,82bde88a74c23b4b6554ca7d03d4d423d4a184984d33b15f5e3d26a8b5446f8e,66a07d1ca6bd14c62174d2a933879f3abf9ff4e5a9cd8447c94a821780a54203,66a07d1ca6bd14c62174d2a933879f3abf9ff4e5a9cd8447c94a821780a54203,797.4765014648438,797.4765014648438,1,1,1,1,1,1
p36-tea-0010,brics-odroid-011_cam0,N16,16,009b8dcaa836c179f119b74998a63a4b2829e56a33765af7e7c7f35d8daeecd0,009b8dcaa836c179f119b74998a63a4b2829e56a33765af7e7c7f35d8daeecd0,ff30baa1556da6cebeacd6734962bf4d8c04bb77a817a0c863aaac3db0147e4e,ff30baa1556da6cebeacd6734962bf4d8c04bb77a817a0c863aaac3db0147e4e,66a07d1ca6bd14c62174d2a933879f3abf9ff4e5a9cd8447c94a821780a54203,66a07d1ca6bd14c62174d2a933879f3abf9ff4e5a9cd8447c94a821780a54203,803.2255554199219,803.2255554199219,1,1,1,1,1,1
p36-tea-0010,brics-odroid-011_cam0,N32,32,06283d9cfaf13af21dbda4412b2dce66fbf55e40c54e07a0adf0dc85d4eb3952,06283d9cfaf13af21dbda4412b2dce66fbf55e40c54e07a0adf0dc85d4eb3952,4c39d7641f5ff7265a9ce7dd4584a70b7147e29935b15c6da3605c2851ba4a68,4c39d7641f5ff7265a9ce7dd4584a70b7147e29935b15c6da3605c2851ba4a68,66a07d1ca6bd14c62174d2a933879f3abf9ff4e5a9cd8447c94a821780a54203,66a07d1ca6bd14c62174d2a933879f3abf9ff4e5a9cd8447c94a821780a54203,804.3548889160156,804.3548889160156,1,1,1,1,1,1
p36-tea-0010,brics-odroid-011_cam0,N8,8,b15b89af0e452ade37d5890e13f3bbf81fd138c0a996d6577406e7190a5e3cf1,b15b89af0e452ade37d5890e13f3bbf81fd138c0a996d6577406e7190a5e3cf1,ba9fee510639f14be3de0724d3325452aa3971744e4655ad5c7a370a61ba909b,ba9fee510639f14be3de0724d3325452aa3971744e4655ad5c7a370a61ba909b,66a07d1ca6bd14c62174d2a933879f3abf9ff4e5a9cd8447c94a821780a54203,66a07d1ca6bd14c62174d2a933879f3abf9ff4e5a9cd8447c94a821780a54203,804.4972534179688,804.4972534179688,1,1,1,1,1,1
p36-tea-0010,brics-odroid-012_cam0,ALL_COMMON,50,df341276fa6b66ba06aab4db16b97689ec6268c3f21630c65be821633b8cb081,df341276fa6b66ba06aab4db16b97689ec6268c3f21630c65be821633b8cb081,a2d8b7715b822c3f2352a6441c8ba9dc4651a8fe643673bb00634e6be7bddc74,a2d8b7715b822c3f2352a6441c8ba9dc4651a8fe643673bb00634e6be7bddc74,61d952a13e50358d74f6b65bcb08883fa690bbfe0248443f422b5c8eca50c1a2,61d952a13e50358d74f6b65bcb08883fa690bbfe0248443f422b5c8eca50c1a2,862.0792846679688,862.0792846679688,1,1,1,1,1,1
p36-tea-0010,brics-odroid-012_cam0,DIVERSE16,16,91afbb5544e9d5498de09ea1d15707dea41c476cec863525430808254a062817,91afbb5544e9d5498de09ea1d15707dea41c476cec863525430808254a062817,0426716fb9a4a7e3f9f433d26f099ff359533a098e9ba253f3bc1492e898eefb,0426716fb9a4a7e3f9f433d26f099ff359533a098e9ba253f3bc1492e898eefb,61d952a13e50358d74f6b65bcb08883fa690bbfe0248443f422b5c8eca50c1a2,61d952a13e50358d74f6b65bcb08883fa690bbfe0248443f422b5c8eca50c1a2,859.0325012207031,859.0325012207031,1,1,1,1,1,1
p36-tea-0010,brics-odroid-012_cam0,DIVERSE32,32,a7604753dfc7d8e4dda2774097f5c24abb3658ba3aab9ff4d920d391a798cbf8,a7604753dfc7d8e4dda2774097f5c24abb3658ba3aab9ff4d920d391a798cbf8,ef050f335c39aab3cc21f43e8249e649ce5460c69636e8c58ed5ccb553842c7f,ef050f335c39aab3cc21f43e8249e649ce5460c69636e8c58ed5ccb553842c7f,61d952a13e50358d74f6b65bcb08883fa690bbfe0248443f422b5c8eca50c1a2,61d952a13e50358d74f6b65bcb08883fa690bbfe0248443f422b5c8eca50c1a2,857.0116577148438,857.0116577148438,1,1,1,1,1,1
p36-tea-0010,brics-odroid-012_cam0,LOW16,16,d7e597de0da8f8419146600c243068f6ce4bb2f3ec39c53493c3ef4d94e08b2a,d7e597de0da8f8419146600c243068f6ce4bb2f3ec39c53493c3ef4d94e08b2a,0585ff8de90c2153555a88057b6e5615d1a38f08ec895c96613299118ae740f7,0585ff8de90c2153555a88057b6e5615d1a38f08ec895c96613299118ae740f7,61d952a13e50358d74f6b65bcb08883fa690bbfe0248443f422b5c8eca50c1a2,61d952a13e50358d74f6b65bcb08883fa690bbfe0248443f422b5c8eca50c1a2,884.0228881835938,884.0228881835938,1,1,1,1,1,1
p36-tea-0010,brics-odroid-012_cam0,LOW32,32,510606d7848d1c8f8f2cdc8abaa94a13e4a00fdd24cd794eafcf3e01ee208456,510606d7848d1c8f8f2cdc8abaa94a13e4a00fdd24cd794eafcf3e01ee208456,0eaf3387774cc22a33378bbce7e95d25fbc7d9da749637afd46408de0a205eec,0eaf3387774cc22a33378bbce7e95d25fbc7d9da749637afd46408de0a205eec,61d952a13e50358d74f6b65bcb08883fa690bbfe0248443f422b5c8eca50c1a2,61d952a13e50358d74f6b65bcb08883fa690bbfe0248443f422b5c8eca50c1a2,866.6479797363281,866.6479797363281,1,1,1,1,1,1
p36-tea-0010,brics-odroid-012_cam0,N16,16,d3076432b988458a48f4e7d07c18d5c5d0270e825630c9c3fbbd1b76d0105fd0,d3076432b988458a48f4e7d07c18d5c5d0270e825630c9c3fbbd1b76d0105fd0,e4995d4e7edfc9e95dab6ba659751da866e7f6247cf41a238c1f9a8f26ccf366,e4995d4e7edfc9e95dab6ba659751da866e7f6247cf41a238c1f9a8f26ccf366,61d952a13e50358d74f6b65bcb08883fa690bbfe0248443f422b5c8eca50c1a2,61d952a13e50358d74f6b65bcb08883fa690bbfe0248443f422b5c8eca50c1a2,861.7938232421875,861.7938232421875,1,1,1,1,1,1
p36-tea-0010,brics-odroid-012_cam0,N32,32,adb1d716070bc7374990b18e810f65ed7830ba1bb6e647d1c34716f1b3612942,adb1d716070bc7374990b18e810f65ed7830ba1bb6e647d1c34716f1b3612942,b62aeb8cd19261be8552926159a80929d6c6df7db85c1c501e4f3403bc3e054b,b62aeb8cd19261be8552926159a80929d6c6df7db85c1c501e4f3403bc3e054b,61d952a13e50358d74f6b65bcb08883fa690bbfe0248443f422b5c8eca50c1a2,61d952a13e50358d74f6b65bcb08883fa690bbfe0248443f422b5c8eca50c1a2,862.8038330078125,862.8038330078125,1,1,1,1,1,1
p36-tea-0010,brics-odroid-012_cam0,N8,8,70599b242a010a73c3c2ca7cfea9dd40222cd6c2cd4941a03a47310d50595e14,70599b242a010a73c3c2ca7cfea9dd40222cd6c2cd4941a03a47310d50595e14,cef1d07774b760b8a0094fc8112d756e18789e739e630069273c82de38d0b688,cef1d07774b760b8a0094fc8112d756e18789e739e630069273c82de38d0b688,61d952a13e50358d74f6b65bcb08883fa690bbfe0248443f422b5c8eca50c1a2,61d952a13e50358d74f6b65bcb08883fa690bbfe0248443f422b5c8eca50c1a2,867.69970703125,867.69970703125,1,1,1,1,1,1
p36-tea-0010,brics-odroid-012_cam1,ALL_COMMON,47,d174c479dcbffd9359ec5bf40b97505ef2f776296527cd10dabda7b9d9bad8f8,d174c479dcbffd9359ec5bf40b97505ef2f776296527cd10dabda7b9d9bad8f8,0b2ef18b63eed2f04412f2924e9c22a8285bb3d31c7028214b2557e69074575a,0b2ef18b63eed2f04412f2924e9c22a8285bb3d31c7028214b2557e69074575a,4687d0985543b96a715a9b96ba1533b35ea84f6ac047aacd5d259106880f411c,4687d0985543b96a715a9b96ba1533b35ea84f6ac047aacd5d259106880f411c,792.2678833007812,792.2678833007812,1,1,1,1,1,1
p36-tea-0010,brics-odroid-012_cam1,DIVERSE16,16,08cab47212269952e1691297dc7046674f6a4f8a6387862aa5188f0acbf2b785,08cab47212269952e1691297dc7046674f6a4f8a6387862aa5188f0acbf2b785,44596858b16d7c4b00dcfda1570e38a17ce2ba3d31524ee191f1289400493d7b,44596858b16d7c4b00dcfda1570e38a17ce2ba3d31524ee191f1289400493d7b,4687d0985543b96a715a9b96ba1533b35ea84f6ac047aacd5d259106880f411c,4687d0985543b96a715a9b96ba1533b35ea84f6ac047aacd5d259106880f411c,800.4304504394531,800.4304504394531,1,1,1,1,1,1
p36-tea-0010,brics-odroid-012_cam1,DIVERSE32,32,3b8a8d2ed3f58ea06d5d5dc8483531e7b065d1c2cc335799d789a0523bc65051,3b8a8d2ed3f58ea06d5d5dc8483531e7b065d1c2cc335799d789a0523bc65051,3bb688762087c72cc3815f77b135c37d9f4804c9d9e0e090bdda7b3996e85893,3bb688762087c72cc3815f77b135c37d9f4804c9d9e0e090bdda7b3996e85893,4687d0985543b96a715a9b96ba1533b35ea84f6ac047aacd5d259106880f411c,4687d0985543b96a715a9b96ba1533b35ea84f6ac047aacd5d259106880f411c,797.3079833984375,797.3079833984375,1,1,1,1,1,1
p36-tea-0010,brics-odroid-012_cam1,LOW16,16,857094461e9c0da3cf4710f970e631315a3efbf29c578744efad70e661896fd9,857094461e9c0da3cf4710f970e631315a3efbf29c578744efad70e661896fd9,365e8ba58cbcdf4dd5b0d7febe93ef59b7e4dd556b9988f8a7f508a3458ab250,365e8ba58cbcdf4dd5b0d7febe93ef59b7e4dd556b9988f8a7f508a3458ab250,4687d0985543b96a715a9b96ba1533b35ea84f6ac047aacd5d259106880f411c,4687d0985543b96a715a9b96ba1533b35ea84f6ac047aacd5d259106880f411c,789.6227111816406,789.6227111816406,1,1,1,1,1,1
p36-tea-0010,brics-odroid-012_cam1,LOW32,32,80ead59e0be8ce45a9fab424a50755278041fee69fa0e3d1d714dc961cbf312e,80ead59e0be8ce45a9fab424a50755278041fee69fa0e3d1d714dc961cbf312e,6d95dcdf888cdfe6b503470989ee2fc27d03cae4c7f9d1207bae6d91afce1d51,6d95dcdf888cdfe6b503470989ee2fc27d03cae4c7f9d1207bae6d91afce1d51,4687d0985543b96a715a9b96ba1533b35ea84f6ac047aacd5d259106880f411c,4687d0985543b96a715a9b96ba1533b35ea84f6ac047aacd5d259106880f411c,792.5687561035156,792.5687561035156,1,1,1,1,1,1
p36-tea-0010,brics-odroid-012_cam1,N16,16,83d870a3725457085e02b40a37c8d355d7a5a23f36bcb0f2125886e208ffbe1f,83d870a3725457085e02b40a37c8d355d7a5a23f36bcb0f2125886e208ffbe1f,04d85fec0c34ca98d62ca2ea62a66413c681cfbec11947fbaf463c9873e0d1a1,04d85fec0c34ca98d62ca2ea62a66413c681cfbec11947fbaf463c9873e0d1a1,4687d0985543b96a715a9b96ba1533b35ea84f6ac047aacd5d259106880f411c,4687d0985543b96a715a9b96ba1533b35ea84f6ac047aacd5d259106880f411c,808.1744384765625,808.1744384765625,1,1,1,1,1,1
p36-tea-0010,brics-odroid-012_cam1,N32,32,990fa51fcf499d13cb7e1910a5ac45e9e074e2e8cd3c089630388bf82d8aba31,990fa51fcf499d13cb7e1910a5ac45e9e074e2e8cd3c089630388bf82d8aba31,564c6cf491956a5f22c9cba1ddcfd60d19b137ffefc9761f1a5e316d26258cd7,564c6cf491956a5f22c9cba1ddcfd60d19b137ffefc9761f1a5e316d26258cd7,4687d0985543b96a715a9b96ba1533b35ea84f6ac047aacd5d259106880f411c,4687d0985543b96a715a9b96ba1533b35ea84f6ac047aacd5d259106880f411c,792.8173217773438,792.8173217773438,1,1,1,1,1,1
p36-tea-0010,brics-odroid-012_cam1,N8,8,e10516ecf2610ff7e3b1e22528dd5c5c7fcd31bb1bf93a3b2bc2af66d08d283e,e10516ecf2610ff7e3b1e22528dd5c5c7fcd31bb1bf93a3b2bc2af66d08d283e,bd45496d559919fd484aec15cdc0870a771c1427e30211c54a33499210201644,bd45496d559919fd484aec15cdc0870a771c1427e30211c54a33499210201644,4687d0985543b96a715a9b96ba1533b35ea84f6ac047aacd5d259106880f411c,4687d0985543b96a715a9b96ba1533b35ea84f6ac047aacd5d259106880f411c,801.5152282714844,801.5152282714844,1,1,1,1,1,1
p36-tea-0010,brics-odroid-014_cam1,ALL_COMMON,18,a1925117c6f16fe9b5712d747be0d52cb0a1949d58067fac72436b9f8919324b,a1925117c6f16fe9b5712d747be0d52cb0a1949d58067fac72436b9f8919324b,3bbfafe0304b2ca968a3f28de517813e017c9fda73a5b2f9bf2ec0aa098654b8,3bbfafe0304b2ca968a3f28de517813e017c9fda73a5b2f9bf2ec0aa098654b8,164956378ddabe9cef23029fa4c00c34bb60da0247fca0e3e59af4dc76c823ea,164956378ddabe9cef23029fa4c00c34bb60da0247fca0e3e59af4dc76c823ea,849.4110717773438,849.4110717773438,1,1,1,1,1,1
p36-tea-0010,brics-odroid-014_cam1,N16,16,656598240182f3dc706d846d6f485879af2cbd9d50a41338a7edbc1103f35d16,656598240182f3dc706d846d6f485879af2cbd9d50a41338a7edbc1103f35d16,de2430fc3f5c0575dc5a1c0eb1a0c617de398cc284b147c83ff5aa958ec1ef98,de2430fc3f5c0575dc5a1c0eb1a0c617de398cc284b147c83ff5aa958ec1ef98,164956378ddabe9cef23029fa4c00c34bb60da0247fca0e3e59af4dc76c823ea,164956378ddabe9cef23029fa4c00c34bb60da0247fca0e3e59af4dc76c823ea,846.5774841308594,846.5774841308594,1,1,1,1,1,1
p36-tea-0010,brics-odroid-014_cam1,N8,8,77d6dd7714e34290692ea725cfb5c994a2f7da71b1b879a61c5d2a2228cab7f5,77d6dd7714e34290692ea725cfb5c994a2f7da71b1b879a61c5d2a2228cab7f5,3bbed72c209304f13193b616640b9939a8b40a0d8fcc31acffac3951ed294115,3bbed72c209304f13193b616640b9939a8b40a0d8fcc31acffac3951ed294115,164956378ddabe9cef23029fa4c00c34bb60da0247fca0e3e59af4dc76c823ea,164956378ddabe9cef23029fa4c00c34bb60da0247fca0e3e59af4dc76c823ea,846.1340942382812,846.1340942382812,1,1,1,1,1,1
p36-tea-0010,brics-odroid-015_cam0,ALL_COMMON,49,7dd2e08896835bf5e1a54928aa04d97e4eef4600bfce95c1758b44dbf6868d09,7dd2e08896835bf5e1a54928aa04d97e4eef4600bfce95c1758b44dbf6868d09,ba4b211ef5f17b6c07c44bf09648c4cc7ca540c9461817e134af58285cc55e74,ba4b211ef5f17b6c07c44bf09648c4cc7ca540c9461817e134af58285cc55e74,84fa5fc51325eada77e9b0808bd4f1134cc7d70eef257213b1dc99934c3c8d7e,84fa5fc51325eada77e9b0808bd4f1134cc7d70eef257213b1dc99934c3c8d7e,820.3155517578125,820.3155517578125,1,1,1,1,1,1
p36-tea-0010,brics-odroid-015_cam0,DIVERSE16,16,4af377f6549737d03c8d0bb1f12f54f4aa68d3665934502f14591127b6696318,4af377f6549737d03c8d0bb1f12f54f4aa68d3665934502f14591127b6696318,014634139f3ec12c3434d9343d5af685397f93e34d21737c5a74b018d5542366,014634139f3ec12c3434d9343d5af685397f93e34d21737c5a74b018d5542366,84fa5fc51325eada77e9b0808bd4f1134cc7d70eef257213b1dc99934c3c8d7e,84fa5fc51325eada77e9b0808bd4f1134cc7d70eef257213b1dc99934c3c8d7e,817.0254516601562,817.0254516601562,1,1,1,1,1,1
p36-tea-0010,brics-odroid-015_cam0,DIVERSE32,32,9c37f14f36b103e9e14fae08a144879445c6fdff95f379823f46ef72b9499fc4,9c37f14f36b103e9e14fae08a144879445c6fdff95f379823f46ef72b9499fc4,295d9e3055af71a92ad6987697c8491767e1979d18a34f620d74e302c75d8613,295d9e3055af71a92ad6987697c8491767e1979d18a34f620d74e302c75d8613,84fa5fc51325eada77e9b0808bd4f1134cc7d70eef257213b1dc99934c3c8d7e,84fa5fc51325eada77e9b0808bd4f1134cc7d70eef257213b1dc99934c3c8d7e,820.9433898925781,820.9433898925781,1,1,1,1,1,1
p36-tea-0010,brics-odroid-015_cam0,LOW16,16,c43aed7662daede78f7a4765f4662ac30101d114ed86f2d9f731f0a83d318f5f,c43aed7662daede78f7a4765f4662ac30101d114ed86f2d9f731f0a83d318f5f,badd5562d056fb0125435b98a3a1bfdd82fdd3d36c9c8f630c1ae6fc9b36dc05,badd5562d056fb0125435b98a3a1bfdd82fdd3d36c9c8f630c1ae6fc9b36dc05,84fa5fc51325eada77e9b0808bd4f1134cc7d70eef257213b1dc99934c3c8d7e,84fa5fc51325eada77e9b0808bd4f1134cc7d70eef257213b1dc99934c3c8d7e,818.5838012695312,818.5838012695312,1,1,1,1,1,1
p36-tea-0010,brics-odroid-015_cam0,LOW32,32,3bc0b71f1720a62fb61db69a13fa3655263bd9aeae10d387cbd2619f2d85b3b6,3bc0b71f1720a62fb61db69a13fa3655263bd9aeae10d387cbd2619f2d85b3b6,ece9d5bcb2d0b784cda8cacd62209f1011c230857af7109de63d25e94e756855,ece9d5bcb2d0b784cda8cacd62209f1011c230857af7109de63d25e94e756855,84fa5fc51325eada77e9b0808bd4f1134cc7d70eef257213b1dc99934c3c8d7e,84fa5fc51325eada77e9b0808bd4f1134cc7d70eef257213b1dc99934c3c8d7e,819.6087341308594,819.6087341308594,1,1,1,1,1,1
p36-tea-0010,brics-odroid-015_cam0,N16,16,975a6c794ae6a44db689051ee8a1fd54ab2d6d4a5036a91d33121b6d3c2a8214,975a6c794ae6a44db689051ee8a1fd54ab2d6d4a5036a91d33121b6d3c2a8214,bb73345493b95f6a4a6a90ea9b1b5fe0e68847cbb74d3312710e963ceb16da85,bb73345493b95f6a4a6a90ea9b1b5fe0e68847cbb74d3312710e963ceb16da85,84fa5fc51325eada77e9b0808bd4f1134cc7d70eef257213b1dc99934c3c8d7e,84fa5fc51325eada77e9b0808bd4f1134cc7d70eef257213b1dc99934c3c8d7e,819.935546875,819.935546875,1,1,1,1,1,1
p36-tea-0010,brics-odroid-015_cam0,N32,32,bf543941a1dbea03bca2fdd2f0d1d5936e259bd18a01f8cc483d5ef035686eda,bf543941a1dbea03bca2fdd2f0d1d5936e259bd18a01f8cc483d5ef035686eda,c0f2bac5b1204f8769b42aac0d01a191c836b7d7399666ba67e8bc08864afb33,c0f2bac5b1204f8769b42aac0d01a191c836b7d7399666ba67e8bc08864afb33,84fa5fc51325eada77e9b0808bd4f1134cc7d70eef257213b1dc99934c3c8d7e,84fa5fc51325eada77e9b0808bd4f1134cc7d70eef257213b1dc99934c3c8d7e,821.060302734375,821.060302734375,1,1,1,1,1,1
p36-tea-0010,brics-odroid-015_cam0,N8,8,e22bbaad0aad214c12e05ab6bb8cfec55c48cb6a80edcaa06b6ebb462d87fabe,e22bbaad0aad214c12e05ab6bb8cfec55c48cb6a80edcaa06b6ebb462d87fabe,244b853f321cbccacad2daabaeacb34420c7e46d5b18408930bd37300b68e8f6,244b853f321cbccacad2daabaeacb34420c7e46d5b18408930bd37300b68e8f6,84fa5fc51325eada77e9b0808bd4f1134cc7d70eef257213b1dc99934c3c8d7e,84fa5fc51325eada77e9b0808bd4f1134cc7d70eef257213b1dc99934c3c8d7e,819.935546875,819.935546875,1,1,1,1,1,1
p36-tea-0010,brics-odroid-015_cam1,ALL_COMMON,60,b1f354b3eaa7c56c82010fe81d21d646d0bc3e4b16105434185043aa5806b6b8,b1f354b3eaa7c56c82010fe81d21d646d0bc3e4b16105434185043aa5806b6b8,29ad48c0d712a3e9cff5140de4af0b3099d369edcf84debb73261d7518fb3ab1,29ad48c0d712a3e9cff5140de4af0b3099d369edcf84debb73261d7518fb3ab1,7498bc712b32d1669c644dc9560304f87383d38491b73a82e14b8d6cc2ea7327,7498bc712b32d1669c644dc9560304f87383d38491b73a82e14b8d6cc2ea7327,794.5360107421875,794.5360107421875,1,1,1,1,1,1
p36-tea-0010,brics-odroid-015_cam1,DIVERSE16,16,d4189a637af6e682ce4919619d2abe900a990b4daad0640b7abe5d44d02a9233,d4189a637af6e682ce4919619d2abe900a990b4daad0640b7abe5d44d02a9233,d211dc7a5286db0f239feb2ff8d6afea094364d4a2aa50b4beaa6783b84c0f4e,d211dc7a5286db0f239feb2ff8d6afea094364d4a2aa50b4beaa6783b84c0f4e,7498bc712b32d1669c644dc9560304f87383d38491b73a82e14b8d6cc2ea7327,7498bc712b32d1669c644dc9560304f87383d38491b73a82e14b8d6cc2ea7327,796.2803649902344,796.2803649902344,1,1,1,1,1,1
p36-tea-0010,brics-odroid-015_cam1,DIVERSE32,32,c3dceff2a1f6fd080e5cd1cf80ed5510f76de1291517ee84261f180f9ee80acf,c3dceff2a1f6fd080e5cd1cf80ed5510f76de1291517ee84261f180f9ee80acf,a1c742437e0aa67a395b78d6f5cdc9b543dd3293531ebb37a312189fd48a1d30,a1c742437e0aa67a395b78d6f5cdc9b543dd3293531ebb37a312189fd48a1d30,7498bc712b32d1669c644dc9560304f87383d38491b73a82e14b8d6cc2ea7327,7498bc712b32d1669c644dc9560304f87383d38491b73a82e14b8d6cc2ea7327,796.2803649902344,796.2803649902344,1,1,1,1,1,1
p36-tea-0010,brics-odroid-015_cam1,LOW16,16,1f973447bb8503784423238d676487729b0023cca6a206960112e31b2d99cec1,1f973447bb8503784423238d676487729b0023cca6a206960112e31b2d99cec1,a4e990c64b687c44b5011d9aca5d1482d711325bdf60fb96031a4e3fbfd325e9,a4e990c64b687c44b5011d9aca5d1482d711325bdf60fb96031a4e3fbfd325e9,7498bc712b32d1669c644dc9560304f87383d38491b73a82e14b8d6cc2ea7327,7498bc712b32d1669c644dc9560304f87383d38491b73a82e14b8d6cc2ea7327,804.6659851074219,804.6659851074219,1,1,1,1,1,1
p36-tea-0010,brics-odroid-015_cam1,LOW32,32,1be18ebe2036dd19ddd845ac4d031148ac43993722ddd37f06d68745f615eece,1be18ebe2036dd19ddd845ac4d031148ac43993722ddd37f06d68745f615eece,fe0faa1f606104fe4a93d8708335bc3e78ae544ee0c557042eba0a8fd01c5fb4,fe0faa1f606104fe4a93d8708335bc3e78ae544ee0c557042eba0a8fd01c5fb4,7498bc712b32d1669c644dc9560304f87383d38491b73a82e14b8d6cc2ea7327,7498bc712b32d1669c644dc9560304f87383d38491b73a82e14b8d6cc2ea7327,798.9853515625,798.9853515625,1,1,1,1,1,1
p36-tea-0010,brics-odroid-015_cam1,N16,16,009b8dcaa836c179f119b74998a63a4b2829e56a33765af7e7c7f35d8daeecd0,009b8dcaa836c179f119b74998a63a4b2829e56a33765af7e7c7f35d8daeecd0,31171e3ddd20a9d94b6a20ef71d8ddbb75bafa10bc6e2935ca05cd3ea5db24fb,31171e3ddd20a9d94b6a20ef71d8ddbb75bafa10bc6e2935ca05cd3ea5db24fb,7498bc712b32d1669c644dc9560304f87383d38491b73a82e14b8d6cc2ea7327,7498bc712b32d1669c644dc9560304f87383d38491b73a82e14b8d6cc2ea7327,795.4229125976562,795.4229125976562,1,1,1,1,1,1
p36-tea-0010,brics-odroid-015_cam1,N32,32,06283d9cfaf13af21dbda4412b2dce66fbf55e40c54e07a0adf0dc85d4eb3952,06283d9cfaf13af21dbda4412b2dce66fbf55e40c54e07a0adf0dc85d4eb3952,bf42c988ea8fe89f38d00baad1218d527f0a0f10cd0d824bc6d7c0f29d4ed793,bf42c988ea8fe89f38d00baad1218d527f0a0f10cd0d824bc6d7c0f29d4ed793,7498bc712b32d1669c644dc9560304f87383d38491b73a82e14b8d6cc2ea7327,7498bc712b32d1669c644dc9560304f87383d38491b73a82e14b8d6cc2ea7327,795.4229125976562,795.4229125976562,1,1,1,1,1,1
p36-tea-0010,brics-odroid-015_cam1,N8,8,b15b89af0e452ade37d5890e13f3bbf81fd138c0a996d6577406e7190a5e3cf1,b15b89af0e452ade37d5890e13f3bbf81fd138c0a996d6577406e7190a5e3cf1,9c56d9ff932635abf41b53378f8548c056c44cb9d4a0b6c5ab62719962e676c1,9c56d9ff932635abf41b53378f8548c056c44cb9d4a0b6c5ab62719962e676c1,7498bc712b32d1669c644dc9560304f87383d38491b73a82e14b8d6cc2ea7327,7498bc712b32d1669c644dc9560304f87383d38491b73a82e14b8d6cc2ea7327,793.9434814453125,793.9434814453125,1,1,1,1,1,1
p36-tea-0010,brics-odroid-016_cam0,ALL_COMMON,53,f01587f7140237685d9771a654f28368b6d2c67bfa5c282a5a8255cf3c9a1cf2,f01587f7140237685d9771a654f28368b6d2c67bfa5c282a5a8255cf3c9a1cf2,13b84f3ff679b20a33ae342efe9260de7b20d0373829eae27a7199f176a72554,13b84f3ff679b20a33ae342efe9260de7b20d0373829eae27a7199f176a72554,bf8ac2417590c9667029ae597391796e4301798a916e41180d03c04c97eafc72,bf8ac2417590c9667029ae597391796e4301798a916e41180d03c04c97eafc72,948.880126953125,948.880126953125,1,1,1,1,1,1
p36-tea-0010,brics-odroid-016_cam0,DIVERSE16,16,db2d3507967c5bd50b23da26f0d852af3dd9f45fbdf6e12b43d4a318df80ac4f,db2d3507967c5bd50b23da26f0d852af3dd9f45fbdf6e12b43d4a318df80ac4f,b093bff0f4b1038be02bb6501daa9550827d65e497a309d602fe65e839c6730d,b093bff0f4b1038be02bb6501daa9550827d65e497a309d602fe65e839c6730d,bf8ac2417590c9667029ae597391796e4301798a916e41180d03c04c97eafc72,bf8ac2417590c9667029ae597391796e4301798a916e41180d03c04c97eafc72,944.3693542480469,944.3693542480469,1,1,1,1,1,1
p36-tea-0010,brics-odroid-016_cam0,DIVERSE32,32,cafce4c96b6d238a1f3d8be8523903832716fe4ce5f260bf19889f17d73e6d38,cafce4c96b6d238a1f3d8be8523903832716fe4ce5f260bf19889f17d73e6d38,d30ae16c60a4bd934521cd5704de5d3285470537d9b2ce2a7755dfa578b8bad8,d30ae16c60a4bd934521cd5704de5d3285470537d9b2ce2a7755dfa578b8bad8,bf8ac2417590c9667029ae597391796e4301798a916e41180d03c04c97eafc72,bf8ac2417590c9667029ae597391796e4301798a916e41180d03c04c97eafc72,941.7425842285156,941.7425842285156,1,1,1,1,1,1
p36-tea-0010,brics-odroid-016_cam0,LOW16,16,d77a6bdaf1da269cc46e1761b0d59d51d145aade65d11e3b55eb5bc31904930f,d77a6bdaf1da269cc46e1761b0d59d51d145aade65d11e3b55eb5bc31904930f,b3fa1e644c41297e26f70ad72168c536c33b7745e1b63289bb813111a22d5560,b3fa1e644c41297e26f70ad72168c536c33b7745e1b63289bb813111a22d5560,bf8ac2417590c9667029ae597391796e4301798a916e41180d03c04c97eafc72,bf8ac2417590c9667029ae597391796e4301798a916e41180d03c04c97eafc72,962.4470520019531,962.4470520019531,1,1,1,1,1,1
p36-tea-0010,brics-odroid-016_cam0,LOW32,32,0d081a94e69df6b9895080a6f3b4521acc2c41aaea3275e8e15319d2948e8070,0d081a94e69df6b9895080a6f3b4521acc2c41aaea3275e8e15319d2948e8070,f142aab68dd90a324b77edb07c3e831d93a58ad35775a285d225323d95666b87,f142aab68dd90a324b77edb07c3e831d93a58ad35775a285d225323d95666b87,bf8ac2417590c9667029ae597391796e4301798a916e41180d03c04c97eafc72,bf8ac2417590c9667029ae597391796e4301798a916e41180d03c04c97eafc72,960.2101440429688,960.2101440429688,1,1,1,1,1,1
p36-tea-0010,brics-odroid-016_cam0,N16,16,06e87e4f4d5696d6ea8c93407f16c67d23ab687c0b3c65ac0fc4295576295853,06e87e4f4d5696d6ea8c93407f16c67d23ab687c0b3c65ac0fc4295576295853,0b6c593c40d8c360ec78b41b101e1521ee14a0327cc81203a71b57775b72b5b7,0b6c593c40d8c360ec78b41b101e1521ee14a0327cc81203a71b57775b72b5b7,bf8ac2417590c9667029ae597391796e4301798a916e41180d03c04c97eafc72,bf8ac2417590c9667029ae597391796e4301798a916e41180d03c04c97eafc72,944.3693542480469,944.3693542480469,1,1,1,1,1,1
p36-tea-0010,brics-odroid-016_cam0,N32,32,d16a96a251f5f0a654a30ed88c88a5c4b4a153fd8e454f18c797fa0ad53c8259,d16a96a251f5f0a654a30ed88c88a5c4b4a153fd8e454f18c797fa0ad53c8259,f929090af2f555ec9200ac8a61d0edb53bc01959fdb532fe79ba5f8353aeb863,f929090af2f555ec9200ac8a61d0edb53bc01959fdb532fe79ba5f8353aeb863,bf8ac2417590c9667029ae597391796e4301798a916e41180d03c04c97eafc72,bf8ac2417590c9667029ae597391796e4301798a916e41180d03c04c97eafc72,944.1828918457031,944.1828918457031,1,1,1,1,1,1
p36-tea-0010,brics-odroid-016_cam0,N8,8,4be2fd7661f9605024cb891a0583084066427f3976af02158f36ed2f80d1170e,4be2fd7661f9605024cb891a0583084066427f3976af02158f36ed2f80d1170e,591a47e915576266ba83b400125e03d24bcf2c33e41ec418e7bfa777ee48803f,591a47e915576266ba83b400125e03d24bcf2c33e41ec418e7bfa777ee48803f,bf8ac2417590c9667029ae597391796e4301798a916e41180d03c04c97eafc72,bf8ac2417590c9667029ae597391796e4301798a916e41180d03c04c97eafc72,957.5020141601562,957.5020141601562,1,1,1,1,1,1
p36-tea-0010,brics-odroid-017_cam0,ALL_COMMON,50,cce4ae3de0b698a07a3af6509983bf63511f3831c5a425a187009b0746566576,cce4ae3de0b698a07a3af6509983bf63511f3831c5a425a187009b0746566576,e8ab1d1bb93eb06532a6483cc46001b96d5badaa2905683015ec86365c788b45,e8ab1d1bb93eb06532a6483cc46001b96d5badaa2905683015ec86365c788b45,84c3fa5a7c334c439786238f256745599d27512eef5602221eeed70ea04e946f,84c3fa5a7c334c439786238f256745599d27512eef5602221eeed70ea04e946f,877.2437438964844,877.2437438964844,1,1,1,1,1,1
p36-tea-0010,brics-odroid-017_cam0,DIVERSE16,16,7e5590e169bea99a4c791165630f937375574ecdab47813cc58a5ec1e3e88bc1,7e5590e169bea99a4c791165630f937375574ecdab47813cc58a5ec1e3e88bc1,177f904cf3b6ca39eea6a54d279611718954af4c472251391057bf30e45aa8db,177f904cf3b6ca39eea6a54d279611718954af4c472251391057bf30e45aa8db,84c3fa5a7c334c439786238f256745599d27512eef5602221eeed70ea04e946f,84c3fa5a7c334c439786238f256745599d27512eef5602221eeed70ea04e946f,876.3998413085938,876.3998413085938,1,1,1,1,1,1
p36-tea-0010,brics-odroid-017_cam0,DIVERSE32,32,09b34e2e7234783cd9f84546fa104979a35f095b6695667fca9ea31bbb7ac861,09b34e2e7234783cd9f84546fa104979a35f095b6695667fca9ea31bbb7ac861,abe22a049c607051ab4862c95d8a604e4201f6375552fa2d9702f3f2f844d749,abe22a049c607051ab4862c95d8a604e4201f6375552fa2d9702f3f2f844d749,84c3fa5a7c334c439786238f256745599d27512eef5602221eeed70ea04e946f,84c3fa5a7c334c439786238f256745599d27512eef5602221eeed70ea04e946f,881.840576171875,881.840576171875,1,1,1,1,1,1
p36-tea-0010,brics-odroid-017_cam0,LOW16,16,67dd6042a10e181a1978e71a1fc42c9dbad777180e4c5eac7e62476be35d111a,67dd6042a10e181a1978e71a1fc42c9dbad777180e4c5eac7e62476be35d111a,d73b75ab0540d50210d8d00d132967ca4d17522a33eda0ca75bbbcebc9d81ea5,d73b75ab0540d50210d8d00d132967ca4d17522a33eda0ca75bbbcebc9d81ea5,84c3fa5a7c334c439786238f256745599d27512eef5602221eeed70ea04e946f,84c3fa5a7c334c439786238f256745599d27512eef5602221eeed70ea04e946f,882.9805297851562,882.9805297851562,1,1,1,1,1,1
p36-tea-0010,brics-odroid-017_cam0,LOW32,32,96f5ab04ad0b881a1153c1d8cdff5ac4810f0ae3c1e2822eca58ef8e60ddeddc,96f5ab04ad0b881a1153c1d8cdff5ac4810f0ae3c1e2822eca58ef8e60ddeddc,795c1917db858fdac0baaff53e6e5470abc73f3141edbf6e1d85a80bc9bd9b9e,795c1917db858fdac0baaff53e6e5470abc73f3141edbf6e1d85a80bc9bd9b9e,84c3fa5a7c334c439786238f256745599d27512eef5602221eeed70ea04e946f,84c3fa5a7c334c439786238f256745599d27512eef5602221eeed70ea04e946f,883.6948852539062,883.6948852539062,1,1,1,1,1,1
p36-tea-0010,brics-odroid-017_cam0,N16,16,dc03e9a6a23006fdddc630370a56c9b59031261f651749ca5e5b8d4483c5994d,dc03e9a6a23006fdddc630370a56c9b59031261f651749ca5e5b8d4483c5994d,b13f8ba0c99e565e3ad97f1978940139a56d0729709b0eab77326402a6fdf487,b13f8ba0c99e565e3ad97f1978940139a56d0729709b0eab77326402a6fdf487,84c3fa5a7c334c439786238f256745599d27512eef5602221eeed70ea04e946f,84c3fa5a7c334c439786238f256745599d27512eef5602221eeed70ea04e946f,880.223876953125,880.223876953125,1,1,1,1,1,1
p36-tea-0010,brics-odroid-017_cam0,N32,32,2b99d0b3d2eec799543778a88e5b987d8fd5e4af8d98504c48b6a5fd6c1c1cd8,2b99d0b3d2eec799543778a88e5b987d8fd5e4af8d98504c48b6a5fd6c1c1cd8,115fe04bb1a273e1d9125c8b495218015b9371c1631c6f719b7bdb35c84e3f00,115fe04bb1a273e1d9125c8b495218015b9371c1631c6f719b7bdb35c84e3f00,84c3fa5a7c334c439786238f256745599d27512eef5602221eeed70ea04e946f,84c3fa5a7c334c439786238f256745599d27512eef5602221eeed70ea04e946f,881.5522155761719,881.5522155761719,1,1,1,1,1,1
p36-tea-0010,brics-odroid-017_cam0,N8,8,36a5008063fa6225d824f0b89709e2662303db87965a60b2446eb1a3acf76ff4,36a5008063fa6225d824f0b89709e2662303db87965a60b2446eb1a3acf76ff4,6ce8f009cff6376fe89200be704cef5c57538f68b46869179f691d0ae010c15f,6ce8f009cff6376fe89200be704cef5c57538f68b46869179f691d0ae010c15f,84c3fa5a7c334c439786238f256745599d27512eef5602221eeed70ea04e946f,84c3fa5a7c334c439786238f256745599d27512eef5602221eeed70ea04e946f,873.0576477050781,873.0576477050781,1,1,1,1,1,1
p36-tea-0010,brics-odroid-017_cam1,ALL_COMMON,54,49e9cf16658a54e7373337ea914713aa0bcefbe2d690344cf8ce9460588eb200,49e9cf16658a54e7373337ea914713aa0bcefbe2d690344cf8ce9460588eb200,e9ce9e86ecabb49ddbd21a7f3a9208577bffc7d301baf5110269ced9b9dc1c0a,e9ce9e86ecabb49ddbd21a7f3a9208577bffc7d301baf5110269ced9b9dc1c0a,44a3df0b62864aab1924baca2d1d693055256890483d54d7cdc6d5f1ad39b33c,44a3df0b62864aab1924baca2d1d693055256890483d54d7cdc6d5f1ad39b33c,865.5918273925781,865.5918273925781,1,1,1,1,1,1
p36-tea-0010,brics-odroid-017_cam1,DIVERSE16,16,71820955d648e40d0e8b8f63e8c414db7779f72168f991017ca4ab114ecaea0b,71820955d648e40d0e8b8f63e8c414db7779f72168f991017ca4ab114ecaea0b,b37542597708d1bc033052858396bbc2c09f6ba4d040331f1a9d7a1dee276f17,b37542597708d1bc033052858396bbc2c09f6ba4d040331f1a9d7a1dee276f17,44a3df0b62864aab1924baca2d1d693055256890483d54d7cdc6d5f1ad39b33c,44a3df0b62864aab1924baca2d1d693055256890483d54d7cdc6d5f1ad39b33c,868.2472229003906,868.2472229003906,1,1,1,1,1,1
p36-tea-0010,brics-odroid-017_cam1,DIVERSE32,32,397945db09d9847a76e368ed6175e1e24cec19cb94955a35ee859d0a43089c25,397945db09d9847a76e368ed6175e1e24cec19cb94955a35ee859d0a43089c25,5b58e4592206a0c1f2eb44022884d88d63550f63e41f9749df56226ef56a851f,5b58e4592206a0c1f2eb44022884d88d63550f63e41f9749df56226ef56a851f,44a3df0b62864aab1924baca2d1d693055256890483d54d7cdc6d5f1ad39b33c,44a3df0b62864aab1924baca2d1d693055256890483d54d7cdc6d5f1ad39b33c,868.2472229003906,868.2472229003906,1,1,1,1,1,1
p36-tea-0010,brics-odroid-017_cam1,LOW16,16,cd2af6b8010d21fb4d665239afbe4be05f810c81437b5c9c6a63f1c91e41e77f,cd2af6b8010d21fb4d665239afbe4be05f810c81437b5c9c6a63f1c91e41e77f,633ab86a5a4f823e8b866fc37796626ed500b450bc5471eed261cbbe884adc88,633ab86a5a4f823e8b866fc37796626ed500b450bc5471eed261cbbe884adc88,44a3df0b62864aab1924baca2d1d693055256890483d54d7cdc6d5f1ad39b33c,44a3df0b62864aab1924baca2d1d693055256890483d54d7cdc6d5f1ad39b33c,859.250244140625,859.250244140625,1,1,1,1,1,1
p36-tea-0010,brics-odroid-017_cam1,LOW32,32,571679d84933adb31ca185740fda51216a9c468500d4e6b74291c05913510ce1,571679d84933adb31ca185740fda51216a9c468500d4e6b74291c05913510ce1,e5ce2a0e7a36f9ecbdcec8329ea0b7b73e09323dbf2a7c17a1a6527b6a190e4b,e5ce2a0e7a36f9ecbdcec8329ea0b7b73e09323dbf2a7c17a1a6527b6a190e4b,44a3df0b62864aab1924baca2d1d693055256890483d54d7cdc6d5f1ad39b33c,44a3df0b62864aab1924baca2d1d693055256890483d54d7cdc6d5f1ad39b33c,864.6047668457031,864.6047668457031,1,1,1,1,1,1
p36-tea-0010,brics-odroid-017_cam1,N16,16,3560976d3b16e7b4cc3db385514b6e2d1cc71ebbbcff756d04ca6d3832f38160,3560976d3b16e7b4cc3db385514b6e2d1cc71ebbbcff756d04ca6d3832f38160,c13a30b081236bbb90f86ec0e9147746c3c4d8c6a8fe416bb310765d64aefbb5,c13a30b081236bbb90f86ec0e9147746c3c4d8c6a8fe416bb310765d64aefbb5,44a3df0b62864aab1924baca2d1d693055256890483d54d7cdc6d5f1ad39b33c,44a3df0b62864aab1924baca2d1d693055256890483d54d7cdc6d5f1ad39b33c,868.4687805175781,868.4687805175781,1,1,1,1,1,1
p36-tea-0010,brics-odroid-017_cam1,N32,32,b00adf187cfd8e3c36dc8351dd5eed680f2d035f88aa96f2e2462d08c29256d3,b00adf187cfd8e3c36dc8351dd5eed680f2d035f88aa96f2e2462d08c29256d3,810f104c98d3cfef90e4fba3ecf83e89e40ce61b3fd84d80c7027b450f64077f,810f104c98d3cfef90e4fba3ecf83e89e40ce61b3fd84d80c7027b450f64077f,44a3df0b62864aab1924baca2d1d693055256890483d54d7cdc6d5f1ad39b33c,44a3df0b62864aab1924baca2d1d693055256890483d54d7cdc6d5f1ad39b33c,868.2472229003906,868.2472229003906,1,1,1,1,1,1
p36-tea-0010,brics-odroid-017_cam1,N8,8,70599b242a010a73c3c2ca7cfea9dd40222cd6c2cd4941a03a47310d50595e14,70599b242a010a73c3c2ca7cfea9dd40222cd6c2cd4941a03a47310d50595e14,5a29925dc92a9e62041bf7ba8cc6af0172906f2f1f7fbece2cb67c5a9b74a1fc,5a29925dc92a9e62041bf7ba8cc6af0172906f2f1f7fbece2cb67c5a9b74a1fc,44a3df0b62864aab1924baca2d1d693055256890483d54d7cdc6d5f1ad39b33c,44a3df0b62864aab1924baca2d1d693055256890483d54d7cdc6d5f1ad39b33c,864.0514526367188,864.0514526367188,1,1,1,1,1,1
p36-tea-0010,brics-odroid-019_cam1,ALL_COMMON,36,6d2c449faea0e080725585b436a9f6993b87343f6ef93c9c080f4611f6990f34,6d2c449faea0e080725585b436a9f6993b87343f6ef93c9c080f4611f6990f34,6156815d8f6097d2487cf58cab030813fdf803b86782cdda0fb7deb5f7234540,6156815d8f6097d2487cf58cab030813fdf803b86782cdda0fb7deb5f7234540,107fafb92abcae8e14ff313bdd6f09e93ec7ac23cf4b07e9145fdfd368304008,107fafb92abcae8e14ff313bdd6f09e93ec7ac23cf4b07e9145fdfd368304008,934.014892578125,934.014892578125,1,1,1,1,1,1
p36-tea-0010,brics-odroid-019_cam1,DIVERSE16,16,1d9d5de5e6c0a2b30af5b6d76018628afdc47400fa0c9b0f2456f5a7ba19d75c,1d9d5de5e6c0a2b30af5b6d76018628afdc47400fa0c9b0f2456f5a7ba19d75c,068076834edb46798f04b2c4c3d31ad915ca14903ad81b3bec8d195c49c889b2,068076834edb46798f04b2c4c3d31ad915ca14903ad81b3bec8d195c49c889b2,107fafb92abcae8e14ff313bdd6f09e93ec7ac23cf4b07e9145fdfd368304008,107fafb92abcae8e14ff313bdd6f09e93ec7ac23cf4b07e9145fdfd368304008,932.6603088378906,932.6603088378906,1,1,1,1,1,1
p36-tea-0010,brics-odroid-019_cam1,DIVERSE32,32,1030f58a5c7ee3f189885839131b4d7323fca59186bd02d80c1ae680db6b6d60,1030f58a5c7ee3f189885839131b4d7323fca59186bd02d80c1ae680db6b6d60,8709e5a9e15cbfa4911036a91310d36d4cb56532512e907e4d41dbf9a4b9a6d9,8709e5a9e15cbfa4911036a91310d36d4cb56532512e907e4d41dbf9a4b9a6d9,107fafb92abcae8e14ff313bdd6f09e93ec7ac23cf4b07e9145fdfd368304008,107fafb92abcae8e14ff313bdd6f09e93ec7ac23cf4b07e9145fdfd368304008,937.6467895507812,937.6467895507812,1,1,1,1,1,1
p36-tea-0010,brics-odroid-019_cam1,LOW16,16,8a03c93830816b3f5a25227c7bb3b5c1e3ede2baff9959c68b938c16584a7580,8a03c93830816b3f5a25227c7bb3b5c1e3ede2baff9959c68b938c16584a7580,19140d9cea786e96923a32c920e33cfb4ce7fc14107c4fa885e33bcbc7d77a4f,19140d9cea786e96923a32c920e33cfb4ce7fc14107c4fa885e33bcbc7d77a4f,107fafb92abcae8e14ff313bdd6f09e93ec7ac23cf4b07e9145fdfd368304008,107fafb92abcae8e14ff313bdd6f09e93ec7ac23cf4b07e9145fdfd368304008,940.06640625,940.06640625,1,1,1,1,1,1
p36-tea-0010,brics-odroid-019_cam1,LOW32,32,e95d46d6af07dd37418cb247a9c4dfc2c5b74b2c424519fcf94549c9986cea92,e95d46d6af07dd37418cb247a9c4dfc2c5b74b2c424519fcf94549c9986cea92,335dcd5a590e775736417ba87c9c6920db7cdfd9fccddab31725661c1d354ec1,335dcd5a590e775736417ba87c9c6920db7cdfd9fccddab31725661c1d354ec1,107fafb92abcae8e14ff313bdd6f09e93ec7ac23cf4b07e9145fdfd368304008,107fafb92abcae8e14ff313bdd6f09e93ec7ac23cf4b07e9145fdfd368304008,933.9419555664062,933.9419555664062,1,1,1,1,1,1
p36-tea-0010,brics-odroid-019_cam1,N16,16,7a05f41a7907bdfd9f9a139526796a77eeaaf8a9e4c34405566552bd57378eeb,7a05f41a7907bdfd9f9a139526796a77eeaaf8a9e4c34405566552bd57378eeb,0fd9d1ae7dc8a97a3d8e7def1e967352e094679021b5e81eb36510acc0f86d9a,0fd9d1ae7dc8a97a3d8e7def1e967352e094679021b5e81eb36510acc0f86d9a,107fafb92abcae8e14ff313bdd6f09e93ec7ac23cf4b07e9145fdfd368304008,107fafb92abcae8e14ff313bdd6f09e93ec7ac23cf4b07e9145fdfd368304008,935.9974975585938,935.9974975585938,1,1,1,1,1,1
p36-tea-0010,brics-odroid-019_cam1,N32,32,ed791e40f9b9e2d92c01edb883e0c3a55c5905991915bb15ebe97f6044f94d17,ed791e40f9b9e2d92c01edb883e0c3a55c5905991915bb15ebe97f6044f94d17,c514aaca65278cc12b889cb4dd3f68244b6d226316c063408d27faa2f4982762,c514aaca65278cc12b889cb4dd3f68244b6d226316c063408d27faa2f4982762,107fafb92abcae8e14ff313bdd6f09e93ec7ac23cf4b07e9145fdfd368304008,107fafb92abcae8e14ff313bdd6f09e93ec7ac23cf4b07e9145fdfd368304008,932.9140930175781,932.9140930175781,1,1,1,1,1,1
p36-tea-0010,brics-odroid-019_cam1,N8,8,c0f373a2074dabffcf745557d87ba7010f806271c19314dd2756eceed0efe012,c0f373a2074dabffcf745557d87ba7010f806271c19314dd2756eceed0efe012,c71e657f10c1da836318e9d48cfa1b24992bdec0d164ee363936fba731995b28,c71e657f10c1da836318e9d48cfa1b24992bdec0d164ee363936fba731995b28,107fafb92abcae8e14ff313bdd6f09e93ec7ac23cf4b07e9145fdfd368304008,107fafb92abcae8e14ff313bdd6f09e93ec7ac23cf4b07e9145fdfd368304008,935.7524108886719,935.7524108886719,1,1,1,1,1,1
p36-tea-0010,brics-odroid-020_cam0,ALL_COMMON,30,d95edd3d7ab308085c4cbf5714fcde4ff526ba84e7bd817aa10451e1011331c4,d95edd3d7ab308085c4cbf5714fcde4ff526ba84e7bd817aa10451e1011331c4,a1b90ed2f8262b5a3e966ad845d99cb4e39264b168ab2c5ec704356aeba4db49,a1b90ed2f8262b5a3e966ad845d99cb4e39264b168ab2c5ec704356aeba4db49,f83b651f273b8ee2021e2da20307ce676f823f68ccf6eb038f06e4f16313fc26,f83b651f273b8ee2021e2da20307ce676f823f68ccf6eb038f06e4f16313fc26,828.335693359375,828.335693359375,1,1,1,1,1,1
p36-tea-0010,brics-odroid-020_cam0,N16,16,cb1726308ab241359a16101cc2f1aca142b166a452f0df79477dc3f36fb9ad1f,cb1726308ab241359a16101cc2f1aca142b166a452f0df79477dc3f36fb9ad1f,416f7fa7507d106cb16444dade73a54123ae8aaac95b0f0d72e31265bf84f8c9,416f7fa7507d106cb16444dade73a54123ae8aaac95b0f0d72e31265bf84f8c9,f83b651f273b8ee2021e2da20307ce676f823f68ccf6eb038f06e4f16313fc26,f83b651f273b8ee2021e2da20307ce676f823f68ccf6eb038f06e4f16313fc26,825.6539916992188,825.6539916992188,1,1,1,1,1,1
p36-tea-0010,brics-odroid-020_cam0,N8,8,e47073e31df07225beee527a68614968b1560a0ba9eae33cb85dc7fe0ad31032,e47073e31df07225beee527a68614968b1560a0ba9eae33cb85dc7fe0ad31032,40c2353ee6eeb7a76de1e0880275ddb62efdfff220093dc055b665e7b166f68c,40c2353ee6eeb7a76de1e0880275ddb62efdfff220093dc055b665e7b166f68c,f83b651f273b8ee2021e2da20307ce676f823f68ccf6eb038f06e4f16313fc26,f83b651f273b8ee2021e2da20307ce676f823f68ccf6eb038f06e4f16313fc26,829.1802062988281,829.1802062988281,1,1,1,1,1,1
p36-tea-0010,brics-odroid-020_cam1,ALL_COMMON,30,e5c3deccc4886fdf0e13b385502ed6f693a7158fb91ef7adfb7968f253ec8e62,e5c3deccc4886fdf0e13b385502ed6f693a7158fb91ef7adfb7968f253ec8e62,2aea07d1edd8bfa6dda0fa9623a30c5cd3a7b7d20f5b80c4ff511ee2cc95737b,2aea07d1edd8bfa6dda0fa9623a30c5cd3a7b7d20f5b80c4ff511ee2cc95737b,a0ab7baaef3d29c1c8a9b6ac615dc2f2443e9940b6054829cdb4b5134d284b12,a0ab7baaef3d29c1c8a9b6ac615dc2f2443e9940b6054829cdb4b5134d284b12,798.2892150878906,798.2892150878906,1,1,1,1,1,1
p36-tea-0010,brics-odroid-020_cam1,N16,16,e0d06f7594bf80dc2cf03080663e0b467df79eed69bcaddf9e66a1f5633dfbe9,e0d06f7594bf80dc2cf03080663e0b467df79eed69bcaddf9e66a1f5633dfbe9,c9054f40c478d5a8703f1a6de2e6a8ded768f6ccf7eadb641db0ed74a0370a01,c9054f40c478d5a8703f1a6de2e6a8ded768f6ccf7eadb641db0ed74a0370a01,a0ab7baaef3d29c1c8a9b6ac615dc2f2443e9940b6054829cdb4b5134d284b12,a0ab7baaef3d29c1c8a9b6ac615dc2f2443e9940b6054829cdb4b5134d284b12,798.2892150878906,798.2892150878906,1,1,1,1,1,1
p36-tea-0010,brics-odroid-020_cam1,N8,8,ffdba6ba2ae07b87c92e4d4c82e72836f5531cbdafd6d0a678c8877fc33d3d1c,ffdba6ba2ae07b87c92e4d4c82e72836f5531cbdafd6d0a678c8877fc33d3d1c,32f4df673a054520e68adf556400bb4f52b0195dc9d3a238b92de009d24909dc,32f4df673a054520e68adf556400bb4f52b0195dc9d3a238b92de009d24909dc,a0ab7baaef3d29c1c8a9b6ac615dc2f2443e9940b6054829cdb4b5134d284b12,a0ab7baaef3d29c1c8a9b6ac615dc2f2443e9940b6054829cdb4b5134d284b12,801.0635375976562,801.0635375976562,1,1,1,1,1,1
p36-tea-0010,brics-odroid-021_cam0,ALL_COMMON,49,86484619736b0c2c98ade50327e78e1f584bbaf98876b96fc5ac3b4f9a7387ea,86484619736b0c2c98ade50327e78e1f584bbaf98876b96fc5ac3b4f9a7387ea,d71a8a04ec5ad227ac4749718b9e5e6fdc99a5b7718ff1bdf0df6666071f8d85,d71a8a04ec5ad227ac4749718b9e5e6fdc99a5b7718ff1bdf0df6666071f8d85,1c516d99aa83b9142fe5c83dac2b2b4c37ef9d42846fbcc6c7b0b6a5eb436950,1c516d99aa83b9142fe5c83dac2b2b4c37ef9d42846fbcc6c7b0b6a5eb436950,831.4344482421875,831.4344482421875,1,1,1,1,1,1
p36-tea-0010,brics-odroid-021_cam0,DIVERSE16,16,5bc5c15fbad5b51060d3b453e4a28fddc91925fd11c020f2846cad23c4a43d04,5bc5c15fbad5b51060d3b453e4a28fddc91925fd11c020f2846cad23c4a43d04,38b16bdc826975b8088de48217b1dd958bde05e6d340418e140dd527d24dc493,38b16bdc826975b8088de48217b1dd958bde05e6d340418e140dd527d24dc493,1c516d99aa83b9142fe5c83dac2b2b4c37ef9d42846fbcc6c7b0b6a5eb436950,1c516d99aa83b9142fe5c83dac2b2b4c37ef9d42846fbcc6c7b0b6a5eb436950,822.2183227539062,822.2183227539062,1,1,1,1,1,1
p36-tea-0010,brics-odroid-021_cam0,DIVERSE32,32,3b463c89ca8e85aba7513844a91cafd9aefc8c8d248e6a311328d527e19d5cdb,3b463c89ca8e85aba7513844a91cafd9aefc8c8d248e6a311328d527e19d5cdb,ddfdfbc0c67750030916a7104d8ed4763e27e22d26c515bcbc1a459ffe15be8d,ddfdfbc0c67750030916a7104d8ed4763e27e22d26c515bcbc1a459ffe15be8d,1c516d99aa83b9142fe5c83dac2b2b4c37ef9d42846fbcc6c7b0b6a5eb436950,1c516d99aa83b9142fe5c83dac2b2b4c37ef9d42846fbcc6c7b0b6a5eb436950,829.9434814453125,829.9434814453125,1,1,1,1,1,1
p36-tea-0010,brics-odroid-021_cam0,LOW16,16,c885e10329b8cd30f65bf6628f958da2025dda911931d2260da22460ef6a210b,c885e10329b8cd30f65bf6628f958da2025dda911931d2260da22460ef6a210b,c9f53bac48aa6faba508b35ba349e270a334b19780f59a92b800731783bc1c9e,c9f53bac48aa6faba508b35ba349e270a334b19780f59a92b800731783bc1c9e,1c516d99aa83b9142fe5c83dac2b2b4c37ef9d42846fbcc6c7b0b6a5eb436950,1c516d99aa83b9142fe5c83dac2b2b4c37ef9d42846fbcc6c7b0b6a5eb436950,834.9835205078125,834.9835205078125,1,1,1,1,1,1
p36-tea-0010,brics-odroid-021_cam0,LOW32,32,665b3cfd9a948635508de16738f46fd704643cf6c2a803e60a79615a5ec858cb,665b3cfd9a948635508de16738f46fd704643cf6c2a803e60a79615a5ec858cb,0f9dd3eab75148eb1bcd4b54c7aa900b6ee1205c5b9119c8409dafa274e1e63e,0f9dd3eab75148eb1bcd4b54c7aa900b6ee1205c5b9119c8409dafa274e1e63e,1c516d99aa83b9142fe5c83dac2b2b4c37ef9d42846fbcc6c7b0b6a5eb436950,1c516d99aa83b9142fe5c83dac2b2b4c37ef9d42846fbcc6c7b0b6a5eb436950,839.580810546875,839.580810546875,1,1,1,1,1,1
p36-tea-0010,brics-odroid-021_cam0,N16,16,84dece983a9e6222228de4a797c12c1b8b0abb468093ffaf839e69c45876aaa0,84dece983a9e6222228de4a797c12c1b8b0abb468093ffaf839e69c45876aaa0,ced2dfe8321da9e31b71443011b4d845fc78c47a9a05d9694935d21dd23a19b4,ced2dfe8321da9e31b71443011b4d845fc78c47a9a05d9694935d21dd23a19b4,1c516d99aa83b9142fe5c83dac2b2b4c37ef9d42846fbcc6c7b0b6a5eb436950,1c516d99aa83b9142fe5c83dac2b2b4c37ef9d42846fbcc6c7b0b6a5eb436950,828.8643798828125,828.8643798828125,1,1,1,1,1,1
p36-tea-0010,brics-odroid-021_cam0,N32,32,f71a7dfba578e69ed861d778ab981568703967b371262e71be1ccc555e29d66d,f71a7dfba578e69ed861d778ab981568703967b371262e71be1ccc555e29d66d,215a8a5206908afb491703a991a7d56c06cbfdd8bcd35654f84fbf319026a646,215a8a5206908afb491703a991a7d56c06cbfdd8bcd35654f84fbf319026a646,1c516d99aa83b9142fe5c83dac2b2b4c37ef9d42846fbcc6c7b0b6a5eb436950,1c516d99aa83b9142fe5c83dac2b2b4c37ef9d42846fbcc6c7b0b6a5eb436950,832.3732604980469,832.3732604980469,1,1,1,1,1,1
p36-tea-0010,brics-odroid-021_cam0,N8,8,e02a06398e2f2bdb530cec8f9c9ec9a5769cf676cf0aae94e135212f3dba3c54,e02a06398e2f2bdb530cec8f9c9ec9a5769cf676cf0aae94e135212f3dba3c54,937495e6a631719016de98d8b6bac47f7960b0fa2497bde61d2a091e5c1eef0b,937495e6a631719016de98d8b6bac47f7960b0fa2497bde61d2a091e5c1eef0b,1c516d99aa83b9142fe5c83dac2b2b4c37ef9d42846fbcc6c7b0b6a5eb436950,1c516d99aa83b9142fe5c83dac2b2b4c37ef9d42846fbcc6c7b0b6a5eb436950,829.124267578125,829.124267578125,1,1,1,1,1,1
p36-tea-0010,brics-odroid-021_cam1,ALL_COMMON,46,14ee35032ea4914f112a02624088a47c9d82ede1eccfaeae27f76d80b49d0cd0,14ee35032ea4914f112a02624088a47c9d82ede1eccfaeae27f76d80b49d0cd0,a162985c6d58e08cd5fede360a199033102dd61f951e3e7dce0a1aad9bc5d006,a162985c6d58e08cd5fede360a199033102dd61f951e3e7dce0a1aad9bc5d006,a27841e26a59b7ce29e54174b74a22b6153e5c5b6a277f56bb2a7e7a84f1f981,a27841e26a59b7ce29e54174b74a22b6153e5c5b6a277f56bb2a7e7a84f1f981,779.1639099121094,779.1639099121094,1,1,1,1,1,1
p36-tea-0010,brics-odroid-021_cam1,DIVERSE16,16,f4b2c6ffe04a35152dd0dadedbdfd4bede3459933c62fe05a2ebd8432b02659d,f4b2c6ffe04a35152dd0dadedbdfd4bede3459933c62fe05a2ebd8432b02659d,8f58fa764062c16d8e1b411f563b00922d4fcad5c3824d1887a6f322bdf0c4af,8f58fa764062c16d8e1b411f563b00922d4fcad5c3824d1887a6f322bdf0c4af,a27841e26a59b7ce29e54174b74a22b6153e5c5b6a277f56bb2a7e7a84f1f981,a27841e26a59b7ce29e54174b74a22b6153e5c5b6a277f56bb2a7e7a84f1f981,784.5134887695312,784.5134887695312,1,1,1,1,1,1
p36-tea-0010,brics-odroid-021_cam1,DIVERSE32,32,d1fc38eebac3d5bfbe30ccc253710f0075f2f1aec7e3d8c87821ed43d1818fa3,d1fc38eebac3d5bfbe30ccc253710f0075f2f1aec7e3d8c87821ed43d1818fa3,f8a9f9769297c73e4b76d350a529f01f0d3b694f576e91ff0d197ae6112c2756,f8a9f9769297c73e4b76d350a529f01f0d3b694f576e91ff0d197ae6112c2756,a27841e26a59b7ce29e54174b74a22b6153e5c5b6a277f56bb2a7e7a84f1f981,a27841e26a59b7ce29e54174b74a22b6153e5c5b6a277f56bb2a7e7a84f1f981,785.5631408691406,785.5631408691406,1,1,1,1,1,1
p36-tea-0010,brics-odroid-021_cam1,LOW16,16,e6a561a9156e5c5d0ce99f7408e697ed8aa35f0e28cb765f94b9913ffd607424,e6a561a9156e5c5d0ce99f7408e697ed8aa35f0e28cb765f94b9913ffd607424,e05b9a339037f5645f52a8fee8a4d348aba0be6658763047540702d4582c51a2,e05b9a339037f5645f52a8fee8a4d348aba0be6658763047540702d4582c51a2,a27841e26a59b7ce29e54174b74a22b6153e5c5b6a277f56bb2a7e7a84f1f981,a27841e26a59b7ce29e54174b74a22b6153e5c5b6a277f56bb2a7e7a84f1f981,776.1526489257812,776.1526489257812,1,1,1,1,1,1
p36-tea-0010,brics-odroid-021_cam1,LOW32,32,9c53d424a88e45b51639eca64e979c10c9acf69ba363c46ec39756a89d81cfa7,9c53d424a88e45b51639eca64e979c10c9acf69ba363c46ec39756a89d81cfa7,48e0d125b38dd9d3e34d3c099714b2d09c90c9b0621f336a3a33c33a0fbfca6a,48e0d125b38dd9d3e34d3c099714b2d09c90c9b0621f336a3a33c33a0fbfca6a,a27841e26a59b7ce29e54174b74a22b6153e5c5b6a277f56bb2a7e7a84f1f981,a27841e26a59b7ce29e54174b74a22b6153e5c5b6a277f56bb2a7e7a84f1f981,785.15185546875,785.15185546875,1,1,1,1,1,1
p36-tea-0010,brics-odroid-021_cam1,N16,16,e6f6875919f08eb88d55c3abcf8ceb07829e256613abd903d2bd725634bde7b7,e6f6875919f08eb88d55c3abcf8ceb07829e256613abd903d2bd725634bde7b7,a1dfc57661dd0ad11f6936d949ea648a88a609dd9d13cd9dfca23ecf2ad4910e,a1dfc57661dd0ad11f6936d949ea648a88a609dd9d13cd9dfca23ecf2ad4910e,a27841e26a59b7ce29e54174b74a22b6153e5c5b6a277f56bb2a7e7a84f1f981,a27841e26a59b7ce29e54174b74a22b6153e5c5b6a277f56bb2a7e7a84f1f981,782.8220825195312,782.8220825195312,1,1,1,1,1,1
p36-tea-0010,brics-odroid-021_cam1,N32,32,603bd472e87161d341dbc48beeb0d3887970aff0e3f8e7e000c5beca5bd3582b,603bd472e87161d341dbc48beeb0d3887970aff0e3f8e7e000c5beca5bd3582b,0d49435ab2d23b34acc55831eedd0f40cffa6b2969bbf685c2bd5c9b93dc3db1,0d49435ab2d23b34acc55831eedd0f40cffa6b2969bbf685c2bd5c9b93dc3db1,a27841e26a59b7ce29e54174b74a22b6153e5c5b6a277f56bb2a7e7a84f1f981,a27841e26a59b7ce29e54174b74a22b6153e5c5b6a277f56bb2a7e7a84f1f981,779.76025390625,779.76025390625,1,1,1,1,1,1
p36-tea-0010,brics-odroid-021_cam1,N8,8,d2057d0295eda2bfb14c6d03b27972e9f9219ec6c5f6b4032fd00e3d501fe17a,d2057d0295eda2bfb14c6d03b27972e9f9219ec6c5f6b4032fd00e3d501fe17a,56f59021130b8b028cdf81d080778327abefecb4f06c7f01d04f7d5f1e8efb6d,56f59021130b8b028cdf81d080778327abefecb4f06c7f01d04f7d5f1e8efb6d,a27841e26a59b7ce29e54174b74a22b6153e5c5b6a277f56bb2a7e7a84f1f981,a27841e26a59b7ce29e54174b74a22b6153e5c5b6a277f56bb2a7e7a84f1f981,788.6889038085938,788.6889038085938,1,1,1,1,1,1
p36-tea-0010,brics-odroid-022_cam0,ALL_COMMON,22,18eb5492da9ea999f098ae00d460127ae89341e92b08d3850df65e9a99398712,18eb5492da9ea999f098ae00d460127ae89341e92b08d3850df65e9a99398712,a37d83d68d2f69fb64c633678b2c16f3463d21433595b6019dc56fa5678d103e,a37d83d68d2f69fb64c633678b2c16f3463d21433595b6019dc56fa5678d103e,3232a5b5716286453d25739540157e5530c92b542c8e810412b1268c3a65395a,3232a5b5716286453d25739540157e5530c92b542c8e810412b1268c3a65395a,823.7421264648438,823.7421264648438,1,1,1,1,1,1
p36-tea-0010,brics-odroid-022_cam0,N16,16,c1fe3eb969d7f1f9114794785b4a157a7610305280d54c63b74b4951cc043fe0,c1fe3eb969d7f1f9114794785b4a157a7610305280d54c63b74b4951cc043fe0,db63af57ddb3ccabe56b3a605b6e569037c2d912b97f4e53a5ef9477a723cec6,db63af57ddb3ccabe56b3a605b6e569037c2d912b97f4e53a5ef9477a723cec6,3232a5b5716286453d25739540157e5530c92b542c8e810412b1268c3a65395a,3232a5b5716286453d25739540157e5530c92b542c8e810412b1268c3a65395a,823.7421264648438,823.7421264648438,1,1,1,1,1,1
p36-tea-0010,brics-odroid-022_cam0,N8,8,175a66658a26985ce453c0ef88ca1c5637db98bb7c3551a03ccf1ea9692c144f,175a66658a26985ce453c0ef88ca1c5637db98bb7c3551a03ccf1ea9692c144f,700a6537429c154ba9c14781db4646d5587d8cae76b7578d4debe9810bd97c8c,700a6537429c154ba9c14781db4646d5587d8cae76b7578d4debe9810bd97c8c,3232a5b5716286453d25739540157e5530c92b542c8e810412b1268c3a65395a,3232a5b5716286453d25739540157e5530c92b542c8e810412b1268c3a65395a,823.7421264648438,823.7421264648438,1,1,1,1,1,1
p36-tea-0010,brics-odroid-022_cam1,ALL_COMMON,38,5564edeb0c573aaf2c9a6db9f7b7844a7cb239f42be17dfb9295776fb1ff88e6,5564edeb0c573aaf2c9a6db9f7b7844a7cb239f42be17dfb9295776fb1ff88e6,8600c448ddbd9b6ac78719ffbb5c1cf9065d468ad42b83af2ff7faac74689a01,8600c448ddbd9b6ac78719ffbb5c1cf9065d468ad42b83af2ff7faac74689a01,aa9a563923372395e0a5c07ec518beb149ca8bc26f7d7ff6b8234d67fec08c26,aa9a563923372395e0a5c07ec518beb149ca8bc26f7d7ff6b8234d67fec08c26,835.8916625976562,835.8916625976562,1,1,1,1,1,1
p36-tea-0010,brics-odroid-022_cam1,DIVERSE16,16,e7f1f57849eb2937d37db24b59bb5b76c5c6642de4d145ef6a8329fe9c30dbf8,e7f1f57849eb2937d37db24b59bb5b76c5c6642de4d145ef6a8329fe9c30dbf8,aef6a9236fcedac7e816ab4334084f7eeacfbd366352bf671178ec65a008c6b0,aef6a9236fcedac7e816ab4334084f7eeacfbd366352bf671178ec65a008c6b0,aa9a563923372395e0a5c07ec518beb149ca8bc26f7d7ff6b8234d67fec08c26,aa9a563923372395e0a5c07ec518beb149ca8bc26f7d7ff6b8234d67fec08c26,833.921630859375,833.921630859375,1,1,1,1,1,1
p36-tea-0010,brics-odroid-022_cam1,DIVERSE32,32,d551b9d80adcca0f0093971a0e560a912db19e32fac64cd48b1b541f84cf8758,d551b9d80adcca0f0093971a0e560a912db19e32fac64cd48b1b541f84cf8758,2d7da47654d636a9f7468e366ee2b2f1d578b6acffdd23ae1bce9feec1fa174d,2d7da47654d636a9f7468e366ee2b2f1d578b6acffdd23ae1bce9feec1fa174d,aa9a563923372395e0a5c07ec518beb149ca8bc26f7d7ff6b8234d67fec08c26,aa9a563923372395e0a5c07ec518beb149ca8bc26f7d7ff6b8234d67fec08c26,835.8965148925781,835.8965148925781,1,1,1,1,1,1
p36-tea-0010,brics-odroid-022_cam1,LOW16,16,e071916e6753c2489b27d899542744a8e86fb093a5cb30168db0503499f5f888,e071916e6753c2489b27d899542744a8e86fb093a5cb30168db0503499f5f888,14b0aa9c152384a5cef136fce2ae952da2bba3994eb8a89de0aacee154d02ffa,14b0aa9c152384a5cef136fce2ae952da2bba3994eb8a89de0aacee154d02ffa,aa9a563923372395e0a5c07ec518beb149ca8bc26f7d7ff6b8234d67fec08c26,aa9a563923372395e0a5c07ec518beb149ca8bc26f7d7ff6b8234d67fec08c26,839.1630859375,839.1630859375,1,1,1,1,1,1
p36-tea-0010,brics-odroid-022_cam1,LOW32,32,5b7a3bdad312c67877c2f7b53d12597a9a15ac941cde31c676754f7db4980f3c,5b7a3bdad312c67877c2f7b53d12597a9a15ac941cde31c676754f7db4980f3c,5d0ca0e2e01062306aa0a3f76bfeaed226da34756adaac157add1cada9ff20d1,5d0ca0e2e01062306aa0a3f76bfeaed226da34756adaac157add1cada9ff20d1,aa9a563923372395e0a5c07ec518beb149ca8bc26f7d7ff6b8234d67fec08c26,aa9a563923372395e0a5c07ec518beb149ca8bc26f7d7ff6b8234d67fec08c26,837.1387023925781,837.1387023925781,1,1,1,1,1,1
p36-tea-0010,brics-odroid-022_cam1,N16,16,f8247d119a85685c024e967720d45a40fefdc6a35e738eadea5e60f685d70d7e,f8247d119a85685c024e967720d45a40fefdc6a35e738eadea5e60f685d70d7e,5cd33defe768e1dd7780d2da2ebba1cefa55a2fefea4fd80af6b08aeac61f308,5cd33defe768e1dd7780d2da2ebba1cefa55a2fefea4fd80af6b08aeac61f308,aa9a563923372395e0a5c07ec518beb149ca8bc26f7d7ff6b8234d67fec08c26,aa9a563923372395e0a5c07ec518beb149ca8bc26f7d7ff6b8234d67fec08c26,833.921630859375,833.921630859375,1,1,1,1,1,1
p36-tea-0010,brics-odroid-022_cam1,N32,32,f97a974c8682aa4f94e2b01d970bdc38b2afa5c6035899c726244b02bc0d27ef,f97a974c8682aa4f94e2b01d970bdc38b2afa5c6035899c726244b02bc0d27ef,fced1ff639511e477cb72334d117554babc47439de9147337933a4df809dfc9d,fced1ff639511e477cb72334d117554babc47439de9147337933a4df809dfc9d,aa9a563923372395e0a5c07ec518beb149ca8bc26f7d7ff6b8234d67fec08c26,aa9a563923372395e0a5c07ec518beb149ca8bc26f7d7ff6b8234d67fec08c26,835.111572265625,835.111572265625,1,1,1,1,1,1
p36-tea-0010,brics-odroid-022_cam1,N8,8,23ba77baa93b3dbbb04708b3431e002c951b8b4f2d904e7235aca10d0aac367f,23ba77baa93b3dbbb04708b3431e002c951b8b4f2d904e7235aca10d0aac367f,ee4371ccb0ada94db3f55a3c7e0acab578f1784b4d853cb9b41e11cb4dcda132,ee4371ccb0ada94db3f55a3c7e0acab578f1784b4d853cb9b41e11cb4dcda132,aa9a563923372395e0a5c07ec518beb149ca8bc26f7d7ff6b8234d67fec08c26,aa9a563923372395e0a5c07ec518beb149ca8bc26f7d7ff6b8234d67fec08c26,838.1031799316406,838.1031799316406,1,1,1,1,1,1
p36-tea-0010,brics-odroid-023_cam0,ALL_COMMON,50,ed1f99cc719d8ad68319ac84a29ad4b5f80fedd143e2585db3db2f24bd235350,ed1f99cc719d8ad68319ac84a29ad4b5f80fedd143e2585db3db2f24bd235350,15b46bff9bbb457c9853650d6b8f77ee00b803bfd5bd6a5a46ea9655b50a85e1,15b46bff9bbb457c9853650d6b8f77ee00b803bfd5bd6a5a46ea9655b50a85e1,141ec6a41e18a2789fb786712ff1c30fe6b7fa07ff4b1c95c01f4fee71ecb79f,141ec6a41e18a2789fb786712ff1c30fe6b7fa07ff4b1c95c01f4fee71ecb79f,867.6093444824219,867.6093444824219,1,1,1,1,1,1
p36-tea-0010,brics-odroid-023_cam0,DIVERSE16,16,65c03fa47e4d5f972f80ea51591ea0f55db3934c4617c8ab9d22c373d647b160,65c03fa47e4d5f972f80ea51591ea0f55db3934c4617c8ab9d22c373d647b160,3160d4dfd9b807e8b06beb366fca1e6041c7a4a0a74d047017eb36f4a0a07a71,3160d4dfd9b807e8b06beb366fca1e6041c7a4a0a74d047017eb36f4a0a07a71,141ec6a41e18a2789fb786712ff1c30fe6b7fa07ff4b1c95c01f4fee71ecb79f,141ec6a41e18a2789fb786712ff1c30fe6b7fa07ff4b1c95c01f4fee71ecb79f,873.0440979003906,873.0440979003906,1,1,1,1,1,1
p36-tea-0010,brics-odroid-023_cam0,DIVERSE32,32,40bb1d55420b1e25f23d94eab0557d65e037c447a26fecfe8d6b6b7d58185240,40bb1d55420b1e25f23d94eab0557d65e037c447a26fecfe8d6b6b7d58185240,f00b5bdd6fd10d31350d0ff632abc8642eac3eb06fd1dcb86f6b6d9cba8ea6b2,f00b5bdd6fd10d31350d0ff632abc8642eac3eb06fd1dcb86f6b6d9cba8ea6b2,141ec6a41e18a2789fb786712ff1c30fe6b7fa07ff4b1c95c01f4fee71ecb79f,141ec6a41e18a2789fb786712ff1c30fe6b7fa07ff4b1c95c01f4fee71ecb79f,869.8350830078125,869.8350830078125,1,1,1,1,1,1
p36-tea-0010,brics-odroid-023_cam0,LOW16,16,2378d24a5b123ede0a124a54a93580eab1a33c5d23b2afc44d7a004d334b1cf5,2378d24a5b123ede0a124a54a93580eab1a33c5d23b2afc44d7a004d334b1cf5,d03e69bfcbc5de7503f5cbabdd38f0d8f80edc4a6d7278c0b501ee6bb19bc4a4,d03e69bfcbc5de7503f5cbabdd38f0d8f80edc4a6d7278c0b501ee6bb19bc4a4,141ec6a41e18a2789fb786712ff1c30fe6b7fa07ff4b1c95c01f4fee71ecb79f,141ec6a41e18a2789fb786712ff1c30fe6b7fa07ff4b1c95c01f4fee71ecb79f,876.5751647949219,876.5751647949219,1,1,1,1,1,1
p36-tea-0010,brics-odroid-023_cam0,LOW32,32,550cc3b946242fbcdf29402d4d5f275f4d8340c638ecdc1f66e5508829cbc680,550cc3b946242fbcdf29402d4d5f275f4d8340c638ecdc1f66e5508829cbc680,9f7c65bbe7f72c11619d4cf011026592291b8845410bd2266c50946787c8d0e1,9f7c65bbe7f72c11619d4cf011026592291b8845410bd2266c50946787c8d0e1,141ec6a41e18a2789fb786712ff1c30fe6b7fa07ff4b1c95c01f4fee71ecb79f,141ec6a41e18a2789fb786712ff1c30fe6b7fa07ff4b1c95c01f4fee71ecb79f,873.0440979003906,873.0440979003906,1,1,1,1,1,1
p36-tea-0010,brics-odroid-023_cam0,N16,16,3384d9bac6352319998e09620ad6c2a0e89fe68f0108d18b3fc34b32da009aba,3384d9bac6352319998e09620ad6c2a0e89fe68f0108d18b3fc34b32da009aba,e2c3b76f34fcb124351d9ab4c228ae8b9775cf39a448124290858a8c35c2ed5b,e2c3b76f34fcb124351d9ab4c228ae8b9775cf39a448124290858a8c35c2ed5b,141ec6a41e18a2789fb786712ff1c30fe6b7fa07ff4b1c95c01f4fee71ecb79f,141ec6a41e18a2789fb786712ff1c30fe6b7fa07ff4b1c95c01f4fee71ecb79f,863.4243469238281,863.4243469238281,1,1,1,1,1,1
p36-tea-0010,brics-odroid-023_cam0,N32,32,4767f6515f5e2bd5a1b07b5264f0d191fcadc28966bfcac1a82cb1766fd9a669,4767f6515f5e2bd5a1b07b5264f0d191fcadc28966bfcac1a82cb1766fd9a669,4288f21d71bc2509be53e854b1c464af810ccdaabe2580e610757016c9b3e0b4,4288f21d71bc2509be53e854b1c464af810ccdaabe2580e610757016c9b3e0b4,141ec6a41e18a2789fb786712ff1c30fe6b7fa07ff4b1c95c01f4fee71ecb79f,141ec6a41e18a2789fb786712ff1c30fe6b7fa07ff4b1c95c01f4fee71ecb79f,861.7882385253906,861.7882385253906,1,1,1,1,1,1
p36-tea-0010,brics-odroid-023_cam0,N8,8,3e201bf8b75341688379566b74c3416a9fe37a61984d9af6179b0df540e05c4f,3e201bf8b75341688379566b74c3416a9fe37a61984d9af6179b0df540e05c4f,0ea60a4cb1adfc0d0d6d78b2dac8e22057edd3f593c93e17f369faf361fecd27,0ea60a4cb1adfc0d0d6d78b2dac8e22057edd3f593c93e17f369faf361fecd27,141ec6a41e18a2789fb786712ff1c30fe6b7fa07ff4b1c95c01f4fee71ecb79f,141ec6a41e18a2789fb786712ff1c30fe6b7fa07ff4b1c95c01f4fee71ecb79f,863.4243469238281,863.4243469238281,1,1,1,1,1,1
p36-tea-0010,brics-odroid-024_cam0,ALL_COMMON,46,5962f4bfda78474e12734a8810f6e5a70f48fadae5a06542b2940da26055a095,5962f4bfda78474e12734a8810f6e5a70f48fadae5a06542b2940da26055a095,8ced7f8dbf1f7c4394779f68dbf8d425b44144579fc999b28457ef59b64bcb71,8ced7f8dbf1f7c4394779f68dbf8d425b44144579fc999b28457ef59b64bcb71,68a23acbde74cb846b949b04893c1a1064fa168380eca8212e36cef5428b52b5,68a23acbde74cb846b949b04893c1a1064fa168380eca8212e36cef5428b52b5,814.3241577148438,814.3241577148438,1,1,1,1,1,1
p36-tea-0010,brics-odroid-024_cam0,DIVERSE16,16,380a5c288319a7b6e0410d5208bc04327fca4a0fbcc21a54eb25737d29f94465,380a5c288319a7b6e0410d5208bc04327fca4a0fbcc21a54eb25737d29f94465,b739280459b6cf584923a748b2bd5c55cb2e0e6f1c437a2d42121f1b661157b4,b739280459b6cf584923a748b2bd5c55cb2e0e6f1c437a2d42121f1b661157b4,68a23acbde74cb846b949b04893c1a1064fa168380eca8212e36cef5428b52b5,68a23acbde74cb846b949b04893c1a1064fa168380eca8212e36cef5428b52b5,808.7998657226562,808.7998657226562,1,1,1,1,1,1
p36-tea-0010,brics-odroid-024_cam0,DIVERSE32,32,28087cb5eced67da292f3f5b580a20f5ea633f10cd488fdeee51463822a9d3d5,28087cb5eced67da292f3f5b580a20f5ea633f10cd488fdeee51463822a9d3d5,2d238bd51abdff1e45cdab340dc5cea6a4668fa4ad5706d1488a650d41b2bd80,2d238bd51abdff1e45cdab340dc5cea6a4668fa4ad5706d1488a650d41b2bd80,68a23acbde74cb846b949b04893c1a1064fa168380eca8212e36cef5428b52b5,68a23acbde74cb846b949b04893c1a1064fa168380eca8212e36cef5428b52b5,812.2451477050781,812.2451477050781,1,1,1,1,1,1
p36-tea-0010,brics-odroid-024_cam0,LOW16,16,92caa72a6d856291e4a6f64707d6daab56a5633b30a6cc0d9163b2c370ea3e22,92caa72a6d856291e4a6f64707d6daab56a5633b30a6cc0d9163b2c370ea3e22,f6725f5cd7f1c60951635cd5a34afc9990bd98d4b3abedabb2c61bced6397fca,f6725f5cd7f1c60951635cd5a34afc9990bd98d4b3abedabb2c61bced6397fca,68a23acbde74cb846b949b04893c1a1064fa168380eca8212e36cef5428b52b5,68a23acbde74cb846b949b04893c1a1064fa168380eca8212e36cef5428b52b5,816.9223327636719,816.9223327636719,1,1,1,1,1,1
p36-tea-0010,brics-odroid-024_cam0,LOW32,32,77c46de61a3e2b0fbeb5a1b54e1d7bd4826dbfc67202bb6fdf265cf783d01bd6,77c46de61a3e2b0fbeb5a1b54e1d7bd4826dbfc67202bb6fdf265cf783d01bd6,e6acc666c47bc960ab3877576427f5b44ec074e4779bd43dbfc2e4dcbe42dbee,e6acc666c47bc960ab3877576427f5b44ec074e4779bd43dbfc2e4dcbe42dbee,68a23acbde74cb846b949b04893c1a1064fa168380eca8212e36cef5428b52b5,68a23acbde74cb846b949b04893c1a1064fa168380eca8212e36cef5428b52b5,818.7062072753906,818.7062072753906,1,1,1,1,1,1
p36-tea-0010,brics-odroid-024_cam0,N16,16,4cd7de28f93ddef8da73e9cce94f1296f20d44cb4aa0a65dd18f067798f6fe1b,4cd7de28f93ddef8da73e9cce94f1296f20d44cb4aa0a65dd18f067798f6fe1b,864e1012fefcf993fab06f4d7326d381fabe4a0179086f300126db913d9df5b4,864e1012fefcf993fab06f4d7326d381fabe4a0179086f300126db913d9df5b4,68a23acbde74cb846b949b04893c1a1064fa168380eca8212e36cef5428b52b5,68a23acbde74cb846b949b04893c1a1064fa168380eca8212e36cef5428b52b5,817.3312072753906,817.3312072753906,1,1,1,1,1,1
p36-tea-0010,brics-odroid-024_cam0,N32,32,40ffb945c6815983ec5242cc50dd5a2bf8ece5878ed6bb488bc1b36c77d2eb91,40ffb945c6815983ec5242cc50dd5a2bf8ece5878ed6bb488bc1b36c77d2eb91,2de6efba7fc7423da191b7390ebe8c5b9244955dcea74acaf7bcea92aa050068,2de6efba7fc7423da191b7390ebe8c5b9244955dcea74acaf7bcea92aa050068,68a23acbde74cb846b949b04893c1a1064fa168380eca8212e36cef5428b52b5,68a23acbde74cb846b949b04893c1a1064fa168380eca8212e36cef5428b52b5,816.5365600585938,816.5365600585938,1,1,1,1,1,1
p36-tea-0010,brics-odroid-024_cam0,N8,8,b2376b88289824501ebb6b17acbf590f7710211be21527deab75f41e61577846,b2376b88289824501ebb6b17acbf590f7710211be21527deab75f41e61577846,dfa49581abaced1e8828af32d51dc27dbb0aa859c03d18ebb62cc88ffdc06ce3,dfa49581abaced1e8828af32d51dc27dbb0aa859c03d18ebb62cc88ffdc06ce3,68a23acbde74cb846b949b04893c1a1064fa168380eca8212e36cef5428b52b5,68a23acbde74cb846b949b04893c1a1064fa168380eca8212e36cef5428b52b5,819.0956420898438,819.0956420898438,1,1,1,1,1,1
p36-tea-0010,brics-odroid-024_cam1,ALL_COMMON,60,b1f354b3eaa7c56c82010fe81d21d646d0bc3e4b16105434185043aa5806b6b8,b1f354b3eaa7c56c82010fe81d21d646d0bc3e4b16105434185043aa5806b6b8,1d5a45d492a8b022a01a8114df34d841838f7f94be47b66fc6b505a955647900,1d5a45d492a8b022a01a8114df34d841838f7f94be47b66fc6b505a955647900,0978d65b3a3cb42dd8a354294dd58c3527f8a01d6342cbe0a847be0bb4a08072,0978d65b3a3cb42dd8a354294dd58c3527f8a01d6342cbe0a847be0bb4a08072,852.5800476074219,852.5800476074219,1,1,1,1,1,1
p36-tea-0010,brics-odroid-024_cam1,DIVERSE16,16,43cc4e1645155e325cf5e0a985f87628cfdac926d4fbf5d392e38e2faec5a192,43cc4e1645155e325cf5e0a985f87628cfdac926d4fbf5d392e38e2faec5a192,c6474734860f7a6a4ba11a174435cf139301b5df01a395e41097f6d4abdc6e17,c6474734860f7a6a4ba11a174435cf139301b5df01a395e41097f6d4abdc6e17,0978d65b3a3cb42dd8a354294dd58c3527f8a01d6342cbe0a847be0bb4a08072,0978d65b3a3cb42dd8a354294dd58c3527f8a01d6342cbe0a847be0bb4a08072,852.5490112304688,852.5490112304688,1,1,1,1,1,1
p36-tea-0010,brics-odroid-024_cam1,DIVERSE32,32,dd74a59c51ddb5f8bf4f49fdc3a218dca764f5374f6a2cc4c246ef23cfc9fc37,dd74a59c51ddb5f8bf4f49fdc3a218dca764f5374f6a2cc4c246ef23cfc9fc37,4cc4099652d94f6d1330ac4bea44698e4d96f1caa8e7ccf66e4e5709dab36275,4cc4099652d94f6d1330ac4bea44698e4d96f1caa8e7ccf66e4e5709dab36275,0978d65b3a3cb42dd8a354294dd58c3527f8a01d6342cbe0a847be0bb4a08072,0978d65b3a3cb42dd8a354294dd58c3527f8a01d6342cbe0a847be0bb4a08072,852.5490112304688,852.5490112304688,1,1,1,1,1,1
p36-tea-0010,brics-odroid-024_cam1,LOW16,16,ce85b4a8aee42314e0afa9e24bd4a64ea05faa9670981116d7d3818b599043ec,ce85b4a8aee42314e0afa9e24bd4a64ea05faa9670981116d7d3818b599043ec,579c32e4313da05b0a6294bd753ff135f4bb6114d13c3b23cfebbe4d3c63f677,579c32e4313da05b0a6294bd753ff135f4bb6114d13c3b23cfebbe4d3c63f677,0978d65b3a3cb42dd8a354294dd58c3527f8a01d6342cbe0a847be0bb4a08072,0978d65b3a3cb42dd8a354294dd58c3527f8a01d6342cbe0a847be0bb4a08072,845.7645568847656,845.7645568847656,1,1,1,1,1,1
p36-tea-0010,brics-odroid-024_cam1,LOW32,32,7dea5efe1e81016075a49debda9d6bd244d0c55f276973154ed50439b6145a63,7dea5efe1e81016075a49debda9d6bd244d0c55f276973154ed50439b6145a63,d70d16ba6d810be38b9f2bcf6a025f6031c4074f3dfa55b8b812cebd23a4d0ac,d70d16ba6d810be38b9f2bcf6a025f6031c4074f3dfa55b8b812cebd23a4d0ac,0978d65b3a3cb42dd8a354294dd58c3527f8a01d6342cbe0a847be0bb4a08072,0978d65b3a3cb42dd8a354294dd58c3527f8a01d6342cbe0a847be0bb4a08072,852.1118774414062,852.1118774414062,1,1,1,1,1,1
p36-tea-0010,brics-odroid-024_cam1,N16,16,009b8dcaa836c179f119b74998a63a4b2829e56a33765af7e7c7f35d8daeecd0,009b8dcaa836c179f119b74998a63a4b2829e56a33765af7e7c7f35d8daeecd0,7e6fa26cc6708f3495bc46683bee2b371ed8bfcac0a2a1a3fac2177f089b6193,7e6fa26cc6708f3495bc46683bee2b371ed8bfcac0a2a1a3fac2177f089b6193,0978d65b3a3cb42dd8a354294dd58c3527f8a01d6342cbe0a847be0bb4a08072,0978d65b3a3cb42dd8a354294dd58c3527f8a01d6342cbe0a847be0bb4a08072,854.6692810058594,854.6692810058594,1,1,1,1,1,1
p36-tea-0010,brics-odroid-024_cam1,N32,32,06283d9cfaf13af21dbda4412b2dce66fbf55e40c54e07a0adf0dc85d4eb3952,06283d9cfaf13af21dbda4412b2dce66fbf55e40c54e07a0adf0dc85d4eb3952,2701584dddf7cfb48a862aaa0a81ce0065820094c050e66f739f6515dd266309,2701584dddf7cfb48a862aaa0a81ce0065820094c050e66f739f6515dd266309,0978d65b3a3cb42dd8a354294dd58c3527f8a01d6342cbe0a847be0bb4a08072,0978d65b3a3cb42dd8a354294dd58c3527f8a01d6342cbe0a847be0bb4a08072,853.966796875,853.966796875,1,1,1,1,1,1
p36-tea-0010,brics-odroid-024_cam1,N8,8,b15b89af0e452ade37d5890e13f3bbf81fd138c0a996d6577406e7190a5e3cf1,b15b89af0e452ade37d5890e13f3bbf81fd138c0a996d6577406e7190a5e3cf1,6cbbeb28f094a06b4ced1fe7a2999a3d906e6cb102e547e0801f6a79a0078ad1,6cbbeb28f094a06b4ced1fe7a2999a3d906e6cb102e547e0801f6a79a0078ad1,0978d65b3a3cb42dd8a354294dd58c3527f8a01d6342cbe0a847be0bb4a08072,0978d65b3a3cb42dd8a354294dd58c3527f8a01d6342cbe0a847be0bb4a08072,855.3930969238281,855.3930969238281,1,1,1,1,1,1
p36-tea-0010,brics-odroid-025_cam0,ALL_COMMON,31,8c2a762cb9d801fd8fd1d24fba5097d26b87a13186da783112581848ff5a31a3,8c2a762cb9d801fd8fd1d24fba5097d26b87a13186da783112581848ff5a31a3,ad91ac24e93aed87303420c8702919aed12ab47281ca4ba59bdf164c69171aa5,ad91ac24e93aed87303420c8702919aed12ab47281ca4ba59bdf164c69171aa5,aad65bd05f8650329d61fef272ab82126da1a8eea5bf27fb4e8363a37b9efe2b,aad65bd05f8650329d61fef272ab82126da1a8eea5bf27fb4e8363a37b9efe2b,651.0626220703125,651.0626220703125,1,1,1,1,1,1
p36-tea-0010,brics-odroid-025_cam0,N16,16,3d713984d39fa8a9a09d33b6f08b0fb637661bc57c5bc3ab56f5bff5176c6cc7,3d713984d39fa8a9a09d33b6f08b0fb637661bc57c5bc3ab56f5bff5176c6cc7,ae0fcb220b9fea9cfd0245db50f4764ee473c4c5dc787b57dafca2d4749bdb5f,ae0fcb220b9fea9cfd0245db50f4764ee473c4c5dc787b57dafca2d4749bdb5f,aad65bd05f8650329d61fef272ab82126da1a8eea5bf27fb4e8363a37b9efe2b,aad65bd05f8650329d61fef272ab82126da1a8eea5bf27fb4e8363a37b9efe2b,651.4111938476562,651.4111938476562,1,1,1,1,1,1
p36-tea-0010,brics-odroid-025_cam0,N8,8,386334df5d25b75d706c9ef1440735f0c5a783cc8c5cc0ada4c8c5db97bf55ac,386334df5d25b75d706c9ef1440735f0c5a783cc8c5cc0ada4c8c5db97bf55ac,73efa10439168c9e9bb2cbf335c959039e7bc6787a5ed5c9288a511e612adba4,73efa10439168c9e9bb2cbf335c959039e7bc6787a5ed5c9288a511e612adba4,aad65bd05f8650329d61fef272ab82126da1a8eea5bf27fb4e8363a37b9efe2b,aad65bd05f8650329d61fef272ab82126da1a8eea5bf27fb4e8363a37b9efe2b,654.7589721679688,654.7589721679688,1,1,1,1,1,1
p36-tea-0010,brics-odroid-025_cam1,ALL_COMMON,60,b1f354b3eaa7c56c82010fe81d21d646d0bc3e4b16105434185043aa5806b6b8,b1f354b3eaa7c56c82010fe81d21d646d0bc3e4b16105434185043aa5806b6b8,5013d1036bf6dc1d871ddc200223e91352b491e779576d437f9095be95620187,5013d1036bf6dc1d871ddc200223e91352b491e779576d437f9095be95620187,c2245d78826359fffd34156713de14ac122610a81c7131d354f9c138e70f3c02,c2245d78826359fffd34156713de14ac122610a81c7131d354f9c138e70f3c02,810.9700317382812,810.9700317382812,1,1,1,1,1,1
p36-tea-0010,brics-odroid-025_cam1,DIVERSE16,16,a1c2091a9735544ccd00825f8baf7621079c1fc7642b664db7dda577a549f1fb,a1c2091a9735544ccd00825f8baf7621079c1fc7642b664db7dda577a549f1fb,77918dfb204f0eae5fd08d770ee1a8c22e12a9217eae46848feb8ef0f88f1db5,77918dfb204f0eae5fd08d770ee1a8c22e12a9217eae46848feb8ef0f88f1db5,c2245d78826359fffd34156713de14ac122610a81c7131d354f9c138e70f3c02,c2245d78826359fffd34156713de14ac122610a81c7131d354f9c138e70f3c02,809.0069885253906,809.0069885253906,1,1,1,1,1,1
p36-tea-0010,brics-odroid-025_cam1,DIVERSE32,32,4ffd486ec57557cb2ced02c7d4aa843eaa13937e7cbec2078c7c07980e258566,4ffd486ec57557cb2ced02c7d4aa843eaa13937e7cbec2078c7c07980e258566,8eb3b0b63d29a40adf9ae4ab0ff42fd2c7fc16d6ba89ec68494e1c632439aafd,8eb3b0b63d29a40adf9ae4ab0ff42fd2c7fc16d6ba89ec68494e1c632439aafd,c2245d78826359fffd34156713de14ac122610a81c7131d354f9c138e70f3c02,c2245d78826359fffd34156713de14ac122610a81c7131d354f9c138e70f3c02,811.5291137695312,811.5291137695312,1,1,1,1,1,1
p36-tea-0010,brics-odroid-025_cam1,LOW16,16,e223e8d85df38391dd30d97ab89610c5b92d4506e4b21c56873d5216ecf3d41c,e223e8d85df38391dd30d97ab89610c5b92d4506e4b21c56873d5216ecf3d41c,c37b7c57ac6f174758be38bec4eda90e86d140f981a849c2d30f3111119faa18,c37b7c57ac6f174758be38bec4eda90e86d140f981a849c2d30f3111119faa18,c2245d78826359fffd34156713de14ac122610a81c7131d354f9c138e70f3c02,c2245d78826359fffd34156713de14ac122610a81c7131d354f9c138e70f3c02,862.4224243164062,862.4224243164062,1,1,1,1,1,1
p36-tea-0010,brics-odroid-025_cam1,LOW32,32,f56d66d7afb350975eb19c833ef8392061e7860ad7179b015c84e3b18121a48f,f56d66d7afb350975eb19c833ef8392061e7860ad7179b015c84e3b18121a48f,4fb596d3ca610ca1e4b80fbf9021ff8050c4dba1d45286ac1616e1ff6339595e,4fb596d3ca610ca1e4b80fbf9021ff8050c4dba1d45286ac1616e1ff6339595e,c2245d78826359fffd34156713de14ac122610a81c7131d354f9c138e70f3c02,c2245d78826359fffd34156713de14ac122610a81c7131d354f9c138e70f3c02,861.5000610351562,861.5000610351562,1,1,1,1,1,1
p36-tea-0010,brics-odroid-025_cam1,N16,16,009b8dcaa836c179f119b74998a63a4b2829e56a33765af7e7c7f35d8daeecd0,009b8dcaa836c179f119b74998a63a4b2829e56a33765af7e7c7f35d8daeecd0,6fa5d0b85e337a137d52c4368f121b95c674da5ac186386d870d21825c713a22,6fa5d0b85e337a137d52c4368f121b95c674da5ac186386d870d21825c713a22,c2245d78826359fffd34156713de14ac122610a81c7131d354f9c138e70f3c02,c2245d78826359fffd34156713de14ac122610a81c7131d354f9c138e70f3c02,811.6175842285156,811.6175842285156,1,1,1,1,1,1
p36-tea-0010,brics-odroid-025_cam1,N32,32,06283d9cfaf13af21dbda4412b2dce66fbf55e40c54e07a0adf0dc85d4eb3952,06283d9cfaf13af21dbda4412b2dce66fbf55e40c54e07a0adf0dc85d4eb3952,61a7bcda0b3a6694698933d172749a8e11f60520e58f65997e25605476deb6f7,61a7bcda0b3a6694698933d172749a8e11f60520e58f65997e25605476deb6f7,c2245d78826359fffd34156713de14ac122610a81c7131d354f9c138e70f3c02,c2245d78826359fffd34156713de14ac122610a81c7131d354f9c138e70f3c02,809.0069885253906,809.0069885253906,1,1,1,1,1,1
p36-tea-0010,brics-odroid-025_cam1,N8,8,b15b89af0e452ade37d5890e13f3bbf81fd138c0a996d6577406e7190a5e3cf1,b15b89af0e452ade37d5890e13f3bbf81fd138c0a996d6577406e7190a5e3cf1,bc5db3807ace71479330075b19fc1041de28496c9f51e961925f49be240735f4,bc5db3807ace71479330075b19fc1041de28496c9f51e961925f49be240735f4,c2245d78826359fffd34156713de14ac122610a81c7131d354f9c138e70f3c02,c2245d78826359fffd34156713de14ac122610a81c7131d354f9c138e70f3c02,811.6175842285156,811.6175842285156,1,1,1,1,1,1
p36-tea-0010,brics-odroid-026_cam0,ALL_COMMON,16,a8e2cf2b6a286d4d9873a3501e4dace3889bae9d822a9db565f71036bac8083f,a8e2cf2b6a286d4d9873a3501e4dace3889bae9d822a9db565f71036bac8083f,385cae613a7bb997989a2022ab85c1fe26ce32c99397d7455efeaa6dc8557e03,385cae613a7bb997989a2022ab85c1fe26ce32c99397d7455efeaa6dc8557e03,8d6f951dbd8d3956b1356ebc2927184376feb77e6a1316bd162a50a19215fc8a,8d6f951dbd8d3956b1356ebc2927184376feb77e6a1316bd162a50a19215fc8a,853.7727661132812,853.7727661132812,1,1,1,1,1,1
p36-tea-0010,brics-odroid-026_cam0,N16,16,a8e2cf2b6a286d4d9873a3501e4dace3889bae9d822a9db565f71036bac8083f,a8e2cf2b6a286d4d9873a3501e4dace3889bae9d822a9db565f71036bac8083f,385cae613a7bb997989a2022ab85c1fe26ce32c99397d7455efeaa6dc8557e03,385cae613a7bb997989a2022ab85c1fe26ce32c99397d7455efeaa6dc8557e03,8d6f951dbd8d3956b1356ebc2927184376feb77e6a1316bd162a50a19215fc8a,8d6f951dbd8d3956b1356ebc2927184376feb77e6a1316bd162a50a19215fc8a,853.7727661132812,853.7727661132812,1,1,1,1,1,1
p36-tea-0010,brics-odroid-026_cam0,N8,8,e7186c75d69eb60b78b607bcb212e9f53f86fe5f05bbfff94a997551c06cb33c,e7186c75d69eb60b78b607bcb212e9f53f86fe5f05bbfff94a997551c06cb33c,4be01b159076391c8ea2f1c3a3f8b20f0682eabae1120c1e87e952bb2c25c226,4be01b159076391c8ea2f1c3a3f8b20f0682eabae1120c1e87e952bb2c25c226,8d6f951dbd8d3956b1356ebc2927184376feb77e6a1316bd162a50a19215fc8a,8d6f951dbd8d3956b1356ebc2927184376feb77e6a1316bd162a50a19215fc8a,852.7832336425781,852.7832336425781,1,1,1,1,1,1
p36-tea-0010,brics-odroid-026_cam1,ALL_COMMON,26,e7edf43f83d796a32362c6db1d6abfbdd593c61bbdcfdb9cc578015f63a67ec6,e7edf43f83d796a32362c6db1d6abfbdd593c61bbdcfdb9cc578015f63a67ec6,6dc5853c364d628a6e7c9359c97832a182edb60c76c8e0c87628ff3a1a382fea,6dc5853c364d628a6e7c9359c97832a182edb60c76c8e0c87628ff3a1a382fea,ccfb60efd7c9b942e2c2a25f8e9072da0f3d754bcec44e6e6418faed01be7b3d,ccfb60efd7c9b942e2c2a25f8e9072da0f3d754bcec44e6e6418faed01be7b3d,882.5094299316406,882.5094299316406,1,1,1,1,1,1
p36-tea-0010,brics-odroid-026_cam1,N16,16,a33a4754ddf01554168510d0b6a52ffcc14d02b80369035d1fbdb13a93f31a21,a33a4754ddf01554168510d0b6a52ffcc14d02b80369035d1fbdb13a93f31a21,e203adc3a09a7a42dd001f782c94e8d5f52b8406ea61398aa0caa1aa9e8f52a9,e203adc3a09a7a42dd001f782c94e8d5f52b8406ea61398aa0caa1aa9e8f52a9,ccfb60efd7c9b942e2c2a25f8e9072da0f3d754bcec44e6e6418faed01be7b3d,ccfb60efd7c9b942e2c2a25f8e9072da0f3d754bcec44e6e6418faed01be7b3d,888.7059326171875,888.7059326171875,1,1,1,1,1,1
p36-tea-0010,brics-odroid-026_cam1,N8,8,e59d0526f40cb24d774aaa318a3d655b3903e77b0c6d0dbb5321fb0bfe6ee355,e59d0526f40cb24d774aaa318a3d655b3903e77b0c6d0dbb5321fb0bfe6ee355,19b2f1c43de4dae9e36ba36c39dbb200ca3f04e4b8402bd2e45e94cd4f6c3228,19b2f1c43de4dae9e36ba36c39dbb200ca3f04e4b8402bd2e45e94cd4f6c3228,ccfb60efd7c9b942e2c2a25f8e9072da0f3d754bcec44e6e6418faed01be7b3d,ccfb60efd7c9b942e2c2a25f8e9072da0f3d754bcec44e6e6418faed01be7b3d,888.7059326171875,888.7059326171875,1,1,1,1,1,1
p36-tea-0010,brics-odroid-027_cam0,ALL_COMMON,21,769a8c4b2b7e6cd9e4a687954af941efaddf7a5fd997d706b5f92baf0c07c694,769a8c4b2b7e6cd9e4a687954af941efaddf7a5fd997d706b5f92baf0c07c694,595df7126a51599df22ffe529624b572bd9a6d8a07530d0e7b25a96b071480ba,595df7126a51599df22ffe529624b572bd9a6d8a07530d0e7b25a96b071480ba,440341a15a3f6e86fadf2a86acb04af10b922a4ae746c909ba9b561a7a8b4baf,440341a15a3f6e86fadf2a86acb04af10b922a4ae746c909ba9b561a7a8b4baf,927.6569213867188,927.6569213867188,1,1,1,1,1,1
p36-tea-0010,brics-odroid-027_cam0,N16,16,73ec6e460b902c2dcbae594a0392e65244eecd170a772422db07d7cb446b7a0e,73ec6e460b902c2dcbae594a0392e65244eecd170a772422db07d7cb446b7a0e,67e86dc85be10a96a45325a923622ea2e95a3eca49f55abfc91207d230bb4256,67e86dc85be10a96a45325a923622ea2e95a3eca49f55abfc91207d230bb4256,440341a15a3f6e86fadf2a86acb04af10b922a4ae746c909ba9b561a7a8b4baf,440341a15a3f6e86fadf2a86acb04af10b922a4ae746c909ba9b561a7a8b4baf,932.9423217773438,932.9423217773438,1,1,1,1,1,1
p36-tea-0010,brics-odroid-027_cam0,N8,8,302572e673d02fa3111279a72e499158d748243a7e9abfbbc015fcffc4852cdd,302572e673d02fa3111279a72e499158d748243a7e9abfbbc015fcffc4852cdd,8e51be110848743ee6ec8a2c9a1ffb1825645e45bbf030860149019350c2451f,8e51be110848743ee6ec8a2c9a1ffb1825645e45bbf030860149019350c2451f,440341a15a3f6e86fadf2a86acb04af10b922a4ae746c909ba9b561a7a8b4baf,440341a15a3f6e86fadf2a86acb04af10b922a4ae746c909ba9b561a7a8b4baf,931.3340454101562,931.3340454101562,1,1,1,1,1,1
p36-tea-0010,brics-odroid-027_cam1,ALL_COMMON,3,5bf182385dade9a8eefd0ce8e40ae0d840d106a9dc651481dc0180fe7241fdec,5bf182385dade9a8eefd0ce8e40ae0d840d106a9dc651481dc0180fe7241fdec,6e0f52727aafba192a92e0b3204133046b460946176ff0f4a313f52ced42e05c,6e0f52727aafba192a92e0b3204133046b460946176ff0f4a313f52ced42e05c,ffacf5f9147bb2373d524fbe5c0c962eb380af7605077d481018c96d78c7b83e,ffacf5f9147bb2373d524fbe5c0c962eb380af7605077d481018c96d78c7b83e,788.4136352539062,788.4136352539062,1,1,1,1,1,1
p36-tea-0010,brics-odroid-028_cam0,ALL_COMMON,13,0fb9f7adf1786615d8b5fbae4c37d29364c681f2a2de5577de32988f7c777458,0fb9f7adf1786615d8b5fbae4c37d29364c681f2a2de5577de32988f7c777458,09a7d4eb6c1111a36d9c3bc98846ed64db82943141482c883fc3de2623a2a4e9,09a7d4eb6c1111a36d9c3bc98846ed64db82943141482c883fc3de2623a2a4e9,f26fb1b46a2aa87e4a3e5317f0a11019e77c18afe285b8684d23982b4b36f4fc,f26fb1b46a2aa87e4a3e5317f0a11019e77c18afe285b8684d23982b4b36f4fc,815.2188110351562,815.2188110351562,1,1,1,1,1,1
p36-tea-0010,brics-odroid-028_cam0,N8,8,591fe098ab58fc371b556ccf12b8dd23209a1b7b91f4b81acf1b6bee1af06a04,591fe098ab58fc371b556ccf12b8dd23209a1b7b91f4b81acf1b6bee1af06a04,99c6a1387baa6716ee8e44e20e49ff5e7227ab0a7aac16edd7cfdff87b8f7bd0,99c6a1387baa6716ee8e44e20e49ff5e7227ab0a7aac16edd7cfdff87b8f7bd0,f26fb1b46a2aa87e4a3e5317f0a11019e77c18afe285b8684d23982b4b36f4fc,f26fb1b46a2aa87e4a3e5317f0a11019e77c18afe285b8684d23982b4b36f4fc,815.7404479980469,815.7404479980469,1,1,1,1,1,1
p36-tea-0010,brics-odroid-029_cam0,ALL_COMMON,2,fb690e037bd77a4bf7b7cbe09f7ee31578e50c822d69049febe70acb9a3010d3,fb690e037bd77a4bf7b7cbe09f7ee31578e50c822d69049febe70acb9a3010d3,82756997e799198271beb063d08da4f6f8beabc71de64f7fcafb254fffb8b7a4,82756997e799198271beb063d08da4f6f8beabc71de64f7fcafb254fffb8b7a4,76a7d35fd6f8be9f570afb827512273d37c4e2e114252f61a1a740756f6783bf,76a7d35fd6f8be9f570afb827512273d37c4e2e114252f61a1a740756f6783bf,1006.9344177246094,1006.9344177246094,1,1,1,1,1,1
p36-tea-0010,brics-odroid-029_cam1,ALL_COMMON,13,e55143587d87c259eeea392916e349efd8ad0c745e25126679db73cdb200ef81,e55143587d87c259eeea392916e349efd8ad0c745e25126679db73cdb200ef81,39cff99288f1bd68377e3582aa6faf230b83147178cb3bb51303d85833495400,39cff99288f1bd68377e3582aa6faf230b83147178cb3bb51303d85833495400,3c973566612e0e31e37211daafb6934a40591fcf03a89f780b4772fb379c3ed8,3c973566612e0e31e37211daafb6934a40591fcf03a89f780b4772fb379c3ed8,801.7279663085938,801.7279663085938,1,1,1,1,1,1
p36-tea-0010,brics-odroid-029_cam1,N8,8,7e8ac4fd0dd78c60903d54cd4d4cd7bea3a3f9dba8905aa141febade56956625,7e8ac4fd0dd78c60903d54cd4d4cd7bea3a3f9dba8905aa141febade56956625,d7c41e83c373eda40f52b791ac7f5b740dc1d585bf7500dc283ae78fb9edad00,d7c41e83c373eda40f52b791ac7f5b740dc1d585bf7500dc283ae78fb9edad00,3c973566612e0e31e37211daafb6934a40591fcf03a89f780b4772fb379c3ed8,3c973566612e0e31e37211daafb6934a40591fcf03a89f780b4772fb379c3ed8,820.337890625,820.337890625,1,1,1,1,1,1
p36-tea-0010,brics-odroid-030_cam0,ALL_COMMON,47,5d3c58ab88f17080274ec562e2a555c0c6a8df934c5cd1eeb309a8c151a37c3a,5d3c58ab88f17080274ec562e2a555c0c6a8df934c5cd1eeb309a8c151a37c3a,112c8c21e0cb186311d448998bcfddd81915e02e99003b4edf8bab2cab96e124,112c8c21e0cb186311d448998bcfddd81915e02e99003b4edf8bab2cab96e124,185be180681e1959aec0d0e5d5addce6802181f985ac8e8eb07a7475e3bc14c2,185be180681e1959aec0d0e5d5addce6802181f985ac8e8eb07a7475e3bc14c2,742.5394897460938,742.5394897460938,1,1,1,1,1,1
p36-tea-0010,brics-odroid-030_cam0,DIVERSE16,16,4a8da5b18ad4e3e191fe14e24bbe5a4b39062842215a5cb9b45cc8a4d83530d7,4a8da5b18ad4e3e191fe14e24bbe5a4b39062842215a5cb9b45cc8a4d83530d7,252dd0de1ac2a196c5a11fe84dcc774f3faec176afa0ff47cd072832ed9cc900,252dd0de1ac2a196c5a11fe84dcc774f3faec176afa0ff47cd072832ed9cc900,185be180681e1959aec0d0e5d5addce6802181f985ac8e8eb07a7475e3bc14c2,185be180681e1959aec0d0e5d5addce6802181f985ac8e8eb07a7475e3bc14c2,739.9410705566406,739.9410705566406,1,1,1,1,1,1
p36-tea-0010,brics-odroid-030_cam0,DIVERSE32,32,76abec57a1eef84959429c747c3ace3c825825b4f063b0e0e9ab09dc8e74dbfd,76abec57a1eef84959429c747c3ace3c825825b4f063b0e0e9ab09dc8e74dbfd,059ade20e20a09a0ec3614639fc97f64c82ba888957bc9fdedb447abd299f136,059ade20e20a09a0ec3614639fc97f64c82ba888957bc9fdedb447abd299f136,185be180681e1959aec0d0e5d5addce6802181f985ac8e8eb07a7475e3bc14c2,185be180681e1959aec0d0e5d5addce6802181f985ac8e8eb07a7475e3bc14c2,739.3204650878906,739.3204650878906,1,1,1,1,1,1
p36-tea-0010,brics-odroid-030_cam0,LOW16,16,232d185d27d2258418e846622a0aa62aed24fb565e4261a5367eaf678a1e874a,232d185d27d2258418e846622a0aa62aed24fb565e4261a5367eaf678a1e874a,37c8da7ecb8a960525ecfa003d99c258d702341fa8f4c2833726f8ee4959fc36,37c8da7ecb8a960525ecfa003d99c258d702341fa8f4c2833726f8ee4959fc36,185be180681e1959aec0d0e5d5addce6802181f985ac8e8eb07a7475e3bc14c2,185be180681e1959aec0d0e5d5addce6802181f985ac8e8eb07a7475e3bc14c2,728.3284912109375,728.3284912109375,1,1,1,1,1,1
p36-tea-0010,brics-odroid-030_cam0,LOW32,32,c5355e0cd9c51e2f6e07f234c54ce1e437cb1367399909de503e614b331d9672,c5355e0cd9c51e2f6e07f234c54ce1e437cb1367399909de503e614b331d9672,61619c55b598ae7234c98a394434a14fbe6287f66ea591c162383262186e6032,61619c55b598ae7234c98a394434a14fbe6287f66ea591c162383262186e6032,185be180681e1959aec0d0e5d5addce6802181f985ac8e8eb07a7475e3bc14c2,185be180681e1959aec0d0e5d5addce6802181f985ac8e8eb07a7475e3bc14c2,738.8652648925781,738.8652648925781,1,1,1,1,1,1
p36-tea-0010,brics-odroid-030_cam0,N16,16,d1c9ab44ca5997dc47c129d93a1defe79166e7d5d93e1b307e3f8f33caf85ce2,d1c9ab44ca5997dc47c129d93a1defe79166e7d5d93e1b307e3f8f33caf85ce2,8b41e3018609c3e40feedd9f9ebc27a01432facea604c679941e086f7417036e,8b41e3018609c3e40feedd9f9ebc27a01432facea604c679941e086f7417036e,185be180681e1959aec0d0e5d5addce6802181f985ac8e8eb07a7475e3bc14c2,185be180681e1959aec0d0e5d5addce6802181f985ac8e8eb07a7475e3bc14c2,745.161376953125,745.161376953125,1,1,1,1,1,1
p36-tea-0010,brics-odroid-030_cam0,N32,32,4d1fff0525fc2c5428f71e99b0669a71f764160ccd1c17340329bde0e392d4f5,4d1fff0525fc2c5428f71e99b0669a71f764160ccd1c17340329bde0e392d4f5,0e00502fd3b8c2be8ca95edac61fb3d8ed2e1c9c0bef5308638f7c0580694d7c,0e00502fd3b8c2be8ca95edac61fb3d8ed2e1c9c0bef5308638f7c0580694d7c,185be180681e1959aec0d0e5d5addce6802181f985ac8e8eb07a7475e3bc14c2,185be180681e1959aec0d0e5d5addce6802181f985ac8e8eb07a7475e3bc14c2,742.1112060546875,742.1112060546875,1,1,1,1,1,1
p36-tea-0010,brics-odroid-030_cam0,N8,8,fbde4049c081e524d24edb764c87f1705f9b91e2f3bef3bd356c5be1c572b019,fbde4049c081e524d24edb764c87f1705f9b91e2f3bef3bd356c5be1c572b019,ed9c34b0f01c92906fddac7ae9304c70130fa9e80f969b9ea24082876026b391,ed9c34b0f01c92906fddac7ae9304c70130fa9e80f969b9ea24082876026b391,185be180681e1959aec0d0e5d5addce6802181f985ac8e8eb07a7475e3bc14c2,185be180681e1959aec0d0e5d5addce6802181f985ac8e8eb07a7475e3bc14c2,751.0917358398438,751.0917358398438,1,1,1,1,1,1
p36-tea-0010,brics-odroid-030_cam1,ALL_COMMON,10,adf09abb17c9d0971fe45fd349ec44ed164d7002c21d8319865b10da78374d7c,adf09abb17c9d0971fe45fd349ec44ed164d7002c21d8319865b10da78374d7c,b4d37f3f1b84c529a3fbb212294851dcbec7168b790b7bdc98b250b3fe3a782c,b4d37f3f1b84c529a3fbb212294851dcbec7168b790b7bdc98b250b3fe3a782c,aed01d4c3a966a80806bcb56c89cbc116f794e680bcac1fc13d03ba4fd716cd3,aed01d4c3a966a80806bcb56c89cbc116f794e680bcac1fc13d03ba4fd716cd3,749.2306823730469,749.2306823730469,1,1,1,1,1,1
p36-tea-0010,brics-odroid-030_cam1,N8,8,77f3495e93b39497ccc02c72638d0d0e3f2e71df364dd7f60a5dcb01832175fd,77f3495e93b39497ccc02c72638d0d0e3f2e71df364dd7f60a5dcb01832175fd,65bcbd9fe1daae495e173ab8c7cd3e1d2ffd7e09f494cea7638b70e16a75c64e,65bcbd9fe1daae495e173ab8c7cd3e1d2ffd7e09f494cea7638b70e16a75c64e,aed01d4c3a966a80806bcb56c89cbc116f794e680bcac1fc13d03ba4fd716cd3,aed01d4c3a966a80806bcb56c89cbc116f794e680bcac1fc13d03ba4fd716cd3,749.2306823730469,749.2306823730469,1,1,1,1,1,1
p41-boxing-0021,brics-odroid-001_cam1,ALL_COMMON,13,b157a9a8faff7a8dad78acb866d09b32ad5f4b526234ea70c9268146ca8fbea0,b157a9a8faff7a8dad78acb866d09b32ad5f4b526234ea70c9268146ca8fbea0,f629ffcfa937140a3f7a6724bf7a1f54cd8780c057773c8de67d849c995b9a9b,f629ffcfa937140a3f7a6724bf7a1f54cd8780c057773c8de67d849c995b9a9b,9ceafc6e6068e8157bb78c123229112d06541ec32be47fe6179335f1bcda76f5,9ceafc6e6068e8157bb78c123229112d06541ec32be47fe6179335f1bcda76f5,846.1591186523438,846.1591186523438,1,1,1,1,1,1
p41-boxing-0021,brics-odroid-001_cam1,N8,8,333d5366888586d80ecd954f7c5f98ab577af14e69d967c20e33f484f8d81825,333d5366888586d80ecd954f7c5f98ab577af14e69d967c20e33f484f8d81825,8372f8168d7efee087c7378ff29e3ed6159654a41dd2d4022fa31015df39b028,8372f8168d7efee087c7378ff29e3ed6159654a41dd2d4022fa31015df39b028,9ceafc6e6068e8157bb78c123229112d06541ec32be47fe6179335f1bcda76f5,9ceafc6e6068e8157bb78c123229112d06541ec32be47fe6179335f1bcda76f5,848.7081298828125,848.7081298828125,1,1,1,1,1,1
p41-boxing-0021,brics-odroid-002_cam0,ALL_COMMON,8,8f1066443bfaf34da1bed70dac04ce347e38007d2eb4cc83d6492e8b3d41db87,8f1066443bfaf34da1bed70dac04ce347e38007d2eb4cc83d6492e8b3d41db87,5f2379e7d5b8348359ae199003fa376b5eb193a0f7913921e01e7dd37feb4b6e,5f2379e7d5b8348359ae199003fa376b5eb193a0f7913921e01e7dd37feb4b6e,b616a40d6b1474f03358daeb133fc7ce94344c6a752eebba4924d7333174c862,b616a40d6b1474f03358daeb133fc7ce94344c6a752eebba4924d7333174c862,852.9806213378906,852.9806213378906,1,1,1,1,1,1
p41-boxing-0021,brics-odroid-002_cam0,N8,8,8f1066443bfaf34da1bed70dac04ce347e38007d2eb4cc83d6492e8b3d41db87,8f1066443bfaf34da1bed70dac04ce347e38007d2eb4cc83d6492e8b3d41db87,5f2379e7d5b8348359ae199003fa376b5eb193a0f7913921e01e7dd37feb4b6e,5f2379e7d5b8348359ae199003fa376b5eb193a0f7913921e01e7dd37feb4b6e,b616a40d6b1474f03358daeb133fc7ce94344c6a752eebba4924d7333174c862,b616a40d6b1474f03358daeb133fc7ce94344c6a752eebba4924d7333174c862,852.9806213378906,852.9806213378906,1,1,1,1,1,1
p41-boxing-0021,brics-odroid-006_cam0,ALL_COMMON,48,abd97c5185cfc84af660fcec08fdeeb2c4cefd078bf4bf90006a8a381285289b,abd97c5185cfc84af660fcec08fdeeb2c4cefd078bf4bf90006a8a381285289b,58b124b8d602318a55bef377623cc6750ec08ca238b4a359d5567f06720ab7ab,58b124b8d602318a55bef377623cc6750ec08ca238b4a359d5567f06720ab7ab,6e6b6db6bd6ae8bf5de656399e4a439456c848f1993c1a788a20c6b86cff10c5,6e6b6db6bd6ae8bf5de656399e4a439456c848f1993c1a788a20c6b86cff10c5,842.8989562988281,842.8989562988281,1,1,1,1,1,1
p41-boxing-0021,brics-odroid-006_cam0,DIVERSE16,16,853428ecf07dd851aaafb84388cd0157106672669243af8c66ebc966ad50d683,853428ecf07dd851aaafb84388cd0157106672669243af8c66ebc966ad50d683,e6f43943820c01370d23ae4c262ba3d57d3b190fc05290728b239eb500e13da4,e6f43943820c01370d23ae4c262ba3d57d3b190fc05290728b239eb500e13da4,6e6b6db6bd6ae8bf5de656399e4a439456c848f1993c1a788a20c6b86cff10c5,6e6b6db6bd6ae8bf5de656399e4a439456c848f1993c1a788a20c6b86cff10c5,849.59521484375,849.59521484375,1,1,1,1,1,1
p41-boxing-0021,brics-odroid-006_cam0,DIVERSE32,32,d5faada96835e5c925567a773de1f3eed5e3d2b8f9ce49c6d13e3ee147a1ea95,d5faada96835e5c925567a773de1f3eed5e3d2b8f9ce49c6d13e3ee147a1ea95,ca539c9aacbd02de144caf2a2590ff1ec1a243ab0918dc6c4a13b794ed24b92a,ca539c9aacbd02de144caf2a2590ff1ec1a243ab0918dc6c4a13b794ed24b92a,6e6b6db6bd6ae8bf5de656399e4a439456c848f1993c1a788a20c6b86cff10c5,6e6b6db6bd6ae8bf5de656399e4a439456c848f1993c1a788a20c6b86cff10c5,849.9263610839844,849.9263610839844,1,1,1,1,1,1
p41-boxing-0021,brics-odroid-006_cam0,LOW16,16,a3097de2750b375aaac8a15067e29e84d2e8d5e50e20c90c715725d9ade9cdfe,a3097de2750b375aaac8a15067e29e84d2e8d5e50e20c90c715725d9ade9cdfe,b9ce45c13d0bb6e22ecadb4780f8293ac5c79474f75b32a86f780ce2930c4255,b9ce45c13d0bb6e22ecadb4780f8293ac5c79474f75b32a86f780ce2930c4255,6e6b6db6bd6ae8bf5de656399e4a439456c848f1993c1a788a20c6b86cff10c5,6e6b6db6bd6ae8bf5de656399e4a439456c848f1993c1a788a20c6b86cff10c5,822.4739685058594,822.4739685058594,1,1,1,1,1,1
p41-boxing-0021,brics-odroid-006_cam0,LOW32,32,eb759eb184f6d6ed3c38486b41ae31dbbbbe2bd113449a844c35ac83f9d08dff,eb759eb184f6d6ed3c38486b41ae31dbbbbe2bd113449a844c35ac83f9d08dff,b6449ba698e1ce95bb779739fb9a371cf40306310ec04d2bfaaecc36d4fdfd94,b6449ba698e1ce95bb779739fb9a371cf40306310ec04d2bfaaecc36d4fdfd94,6e6b6db6bd6ae8bf5de656399e4a439456c848f1993c1a788a20c6b86cff10c5,6e6b6db6bd6ae8bf5de656399e4a439456c848f1993c1a788a20c6b86cff10c5,831.6513366699219,831.6513366699219,1,1,1,1,1,1
p41-boxing-0021,brics-odroid-006_cam0,N16,16,807d6fde4d5d475059f090d98f51e32b6ae6e05a77e36ab76739ad671746824e,807d6fde4d5d475059f090d98f51e32b6ae6e05a77e36ab76739ad671746824e,652969a49a1546620511d8d03b3d6d5bf4686a06a1d4f25d3c926881d02a77e3,652969a49a1546620511d8d03b3d6d5bf4686a06a1d4f25d3c926881d02a77e3,6e6b6db6bd6ae8bf5de656399e4a439456c848f1993c1a788a20c6b86cff10c5,6e6b6db6bd6ae8bf5de656399e4a439456c848f1993c1a788a20c6b86cff10c5,842.8192138671875,842.8192138671875,1,1,1,1,1,1
p41-boxing-0021,brics-odroid-006_cam0,N32,32,53b131d23ec197c52badb70d0a010f37ebf1445f40a9cfb5faaa02b4b615a42b,53b131d23ec197c52badb70d0a010f37ebf1445f40a9cfb5faaa02b4b615a42b,831d6057c9f6632a51f04bbde96f6796fea411b67f59a2cb4ff7b86c4c173b36,831d6057c9f6632a51f04bbde96f6796fea411b67f59a2cb4ff7b86c4c173b36,6e6b6db6bd6ae8bf5de656399e4a439456c848f1993c1a788a20c6b86cff10c5,6e6b6db6bd6ae8bf5de656399e4a439456c848f1993c1a788a20c6b86cff10c5,842.8989562988281,842.8989562988281,1,1,1,1,1,1
p41-boxing-0021,brics-odroid-006_cam0,N8,8,34d29d2816370cb0d8d85e03ebe4b8fa8277e7c512dc819a1be4f7381bafad69,34d29d2816370cb0d8d85e03ebe4b8fa8277e7c512dc819a1be4f7381bafad69,b0e9765fb41588295fcdf27726e79cb0bef8928d399e543a811f8351693feb3b,b0e9765fb41588295fcdf27726e79cb0bef8928d399e543a811f8351693feb3b,6e6b6db6bd6ae8bf5de656399e4a439456c848f1993c1a788a20c6b86cff10c5,6e6b6db6bd6ae8bf5de656399e4a439456c848f1993c1a788a20c6b86cff10c5,838.3761596679688,838.3761596679688,1,1,1,1,1,1
p41-boxing-0021,brics-odroid-007_cam0,ALL_COMMON,64,a0618e405dab7c6c77dafbefb5d4d2cdba1735274dccb1e4ef7243e153d68935,a0618e405dab7c6c77dafbefb5d4d2cdba1735274dccb1e4ef7243e153d68935,2a50862392ac03c0109d540dac807c9c05871f1efb5674899a02947f93d0100c,2a50862392ac03c0109d540dac807c9c05871f1efb5674899a02947f93d0100c,dda9aa637e4e2a6d65545fd084c0cf0a1ca1d263f8f062c69de6034e29e93466,dda9aa637e4e2a6d65545fd084c0cf0a1ca1d263f8f062c69de6034e29e93466,904.1539611816406,904.1539611816406,1,1,1,1,1,1
p41-boxing-0021,brics-odroid-007_cam0,DIVERSE16,16,995a922d4dec27ca09bbfe101be386c2b876bb78341aaab6ebb003d362baedc6,995a922d4dec27ca09bbfe101be386c2b876bb78341aaab6ebb003d362baedc6,9bf4805948aff8abf3396e7be990e313919bd3bc8d8e7f308839d962b0d30ca1,9bf4805948aff8abf3396e7be990e313919bd3bc8d8e7f308839d962b0d30ca1,dda9aa637e4e2a6d65545fd084c0cf0a1ca1d263f8f062c69de6034e29e93466,dda9aa637e4e2a6d65545fd084c0cf0a1ca1d263f8f062c69de6034e29e93466,903.7767639160156,903.7767639160156,1,1,1,1,1,1
p41-boxing-0021,brics-odroid-007_cam0,DIVERSE32,32,d1d51aa923def865cf28ea5365da7930cadfd9266cea65e1540758175f21cda1,d1d51aa923def865cf28ea5365da7930cadfd9266cea65e1540758175f21cda1,2c8639ad5f13396036bdb4b254363e837bcc2cb62ad5d253774eb0fe72bdd026,2c8639ad5f13396036bdb4b254363e837bcc2cb62ad5d253774eb0fe72bdd026,dda9aa637e4e2a6d65545fd084c0cf0a1ca1d263f8f062c69de6034e29e93466,dda9aa637e4e2a6d65545fd084c0cf0a1ca1d263f8f062c69de6034e29e93466,902.559814453125,902.559814453125,1,1,1,1,1,1
p41-boxing-0021,brics-odroid-007_cam0,LOW16,16,5a6fd112c1fe924b8f432ebe3525f81261f933376e366714f5479d3491b399dd,5a6fd112c1fe924b8f432ebe3525f81261f933376e366714f5479d3491b399dd,3a5c2fa5b33340d555714e8da8aa9a671602fe51201492f7b0a6ebc50b5a2a29,3a5c2fa5b33340d555714e8da8aa9a671602fe51201492f7b0a6ebc50b5a2a29,dda9aa637e4e2a6d65545fd084c0cf0a1ca1d263f8f062c69de6034e29e93466,dda9aa637e4e2a6d65545fd084c0cf0a1ca1d263f8f062c69de6034e29e93466,911.1214599609375,911.1214599609375,1,1,1,1,1,1
p41-boxing-0021,brics-odroid-007_cam0,LOW32,32,ee5b644d1be62b8cdf42c6fe869d5276678a2221dcc3928d9a862659cc1b3834,ee5b644d1be62b8cdf42c6fe869d5276678a2221dcc3928d9a862659cc1b3834,dabb2f1d5807b19503e8bddd3a2b924beeb2648e379b177f130c112c01961736,dabb2f1d5807b19503e8bddd3a2b924beeb2648e379b177f130c112c01961736,dda9aa637e4e2a6d65545fd084c0cf0a1ca1d263f8f062c69de6034e29e93466,dda9aa637e4e2a6d65545fd084c0cf0a1ca1d263f8f062c69de6034e29e93466,906.7359924316406,906.7359924316406,1,1,1,1,1,1
p41-boxing-0021,brics-odroid-007_cam0,N16,16,d5c080708219d1f49ef3b1d256eb57b3662a43cc404f4ac2ad1a27bcda662114,d5c080708219d1f49ef3b1d256eb57b3662a43cc404f4ac2ad1a27bcda662114,66c11c26df857c6e9311837d1870f51f6e42078dc41ffdb94a737f0b42a071ab,66c11c26df857c6e9311837d1870f51f6e42078dc41ffdb94a737f0b42a071ab,dda9aa637e4e2a6d65545fd084c0cf0a1ca1d263f8f062c69de6034e29e93466,dda9aa637e4e2a6d65545fd084c0cf0a1ca1d263f8f062c69de6034e29e93466,902.9185485839844,902.9185485839844,1,1,1,1,1,1
p41-boxing-0021,brics-odroid-007_cam0,N32,32,b5af5493773995df7705fb8fbc3647553522fcc15eb4c3ff8c8130c0f92ba309,b5af5493773995df7705fb8fbc3647553522fcc15eb4c3ff8c8130c0f92ba309,6023c7e0428607300e064a9964106ad57d58e34fd07a174ac5d11e4d204a0dea,6023c7e0428607300e064a9964106ad57d58e34fd07a174ac5d11e4d204a0dea,dda9aa637e4e2a6d65545fd084c0cf0a1ca1d263f8f062c69de6034e29e93466,dda9aa637e4e2a6d65545fd084c0cf0a1ca1d263f8f062c69de6034e29e93466,901.7015991210938,901.7015991210938,1,1,1,1,1,1
p41-boxing-0021,brics-odroid-007_cam0,N64,64,a0618e405dab7c6c77dafbefb5d4d2cdba1735274dccb1e4ef7243e153d68935,a0618e405dab7c6c77dafbefb5d4d2cdba1735274dccb1e4ef7243e153d68935,2a50862392ac03c0109d540dac807c9c05871f1efb5674899a02947f93d0100c,2a50862392ac03c0109d540dac807c9c05871f1efb5674899a02947f93d0100c,dda9aa637e4e2a6d65545fd084c0cf0a1ca1d263f8f062c69de6034e29e93466,dda9aa637e4e2a6d65545fd084c0cf0a1ca1d263f8f062c69de6034e29e93466,904.1539611816406,904.1539611816406,1,1,1,1,1,1
p41-boxing-0021,brics-odroid-007_cam0,N8,8,26d6f2c75068f5a74e113612aa1fb0530b9dbd06b98101e21b34d34ab958977c,26d6f2c75068f5a74e113612aa1fb0530b9dbd06b98101e21b34d34ab958977c,b72ae23954919e5d6cee52b6636a81cf823956aa00d726603cb30d8a5ada50da,b72ae23954919e5d6cee52b6636a81cf823956aa00d726603cb30d8a5ada50da,dda9aa637e4e2a6d65545fd084c0cf0a1ca1d263f8f062c69de6034e29e93466,dda9aa637e4e2a6d65545fd084c0cf0a1ca1d263f8f062c69de6034e29e93466,907.5221252441406,907.5221252441406,1,1,1,1,1,1
p41-boxing-0021,brics-odroid-007_cam1,ALL_COMMON,57,4c7686fd9f29630d08fc8a1c0823beefb966c4192108c24459185bd64aa71b14,4c7686fd9f29630d08fc8a1c0823beefb966c4192108c24459185bd64aa71b14,be0fce454ddef2c6da6011ff45dec8655b00083ff4778a65f8be187e2a681e8b,be0fce454ddef2c6da6011ff45dec8655b00083ff4778a65f8be187e2a681e8b,a9fc213387c55058d4dc93becb8e6c28dda2b1cecf3c19127d81e8febf20d5d9,a9fc213387c55058d4dc93becb8e6c28dda2b1cecf3c19127d81e8febf20d5d9,863.99072265625,863.99072265625,1,1,1,1,1,1
p41-boxing-0021,brics-odroid-007_cam1,DIVERSE16,16,f92983d373184ca3352abf7abd1c49e8349692648ec005b1ae2521ec6fd6e5b8,f92983d373184ca3352abf7abd1c49e8349692648ec005b1ae2521ec6fd6e5b8,2f7e1d8bfe54b13cfc01e1d69654b1bb4cb57a38a04df90b8b56710b04883620,2f7e1d8bfe54b13cfc01e1d69654b1bb4cb57a38a04df90b8b56710b04883620,a9fc213387c55058d4dc93becb8e6c28dda2b1cecf3c19127d81e8febf20d5d9,a9fc213387c55058d4dc93becb8e6c28dda2b1cecf3c19127d81e8febf20d5d9,881.8829345703125,881.8829345703125,1,1,1,1,1,1
p41-boxing-0021,brics-odroid-007_cam1,DIVERSE32,32,60da73e3c23bb6dc6fdb76959a1ea6bd55501d210d0bf5915f82557040d60aea,60da73e3c23bb6dc6fdb76959a1ea6bd55501d210d0bf5915f82557040d60aea,a020e2d02af0540c7d7265843b529bc6fde94aba0875c55b824951f1038c6cc5,a020e2d02af0540c7d7265843b529bc6fde94aba0875c55b824951f1038c6cc5,a9fc213387c55058d4dc93becb8e6c28dda2b1cecf3c19127d81e8febf20d5d9,a9fc213387c55058d4dc93becb8e6c28dda2b1cecf3c19127d81e8febf20d5d9,868.1460266113281,868.1460266113281,1,1,1,1,1,1
p41-boxing-0021,brics-odroid-007_cam1,LOW16,16,d6e5ab1c594a8b634eccc2336f7fa11e317a73c749ef374d02609ad07b41e66e,d6e5ab1c594a8b634eccc2336f7fa11e317a73c749ef374d02609ad07b41e66e,2dc57619513026655edf69e4e9ea2da8a941b2a429e30ab87136dc4842d7055f,2dc57619513026655edf69e4e9ea2da8a941b2a429e30ab87136dc4842d7055f,a9fc213387c55058d4dc93becb8e6c28dda2b1cecf3c19127d81e8febf20d5d9,a9fc213387c55058d4dc93becb8e6c28dda2b1cecf3c19127d81e8febf20d5d9,843.3510131835938,843.3510131835938,1,1,1,1,1,1
p41-boxing-0021,brics-odroid-007_cam1,LOW32,32,f48e4b096fd2fdcaa02db4beaa85f77fdf27b1355cc18765a540c649c239bd58,f48e4b096fd2fdcaa02db4beaa85f77fdf27b1355cc18765a540c649c239bd58,db5e2958cfc93b94fdc3502c0f92cab183725970e2790065b86d387ab75ee091,db5e2958cfc93b94fdc3502c0f92cab183725970e2790065b86d387ab75ee091,a9fc213387c55058d4dc93becb8e6c28dda2b1cecf3c19127d81e8febf20d5d9,a9fc213387c55058d4dc93becb8e6c28dda2b1cecf3c19127d81e8febf20d5d9,852.5833740234375,852.5833740234375,1,1,1,1,1,1
p41-boxing-0021,brics-odroid-007_cam1,N16,16,464eab97aff34a58187a19bade4476224d211965586dc436c38560ca5625c862,464eab97aff34a58187a19bade4476224d211965586dc436c38560ca5625c862,2550987e05e63695e532a6ca2459bd734234e0a06116cee49c0419fc6ad206ca,2550987e05e63695e532a6ca2459bd734234e0a06116cee49c0419fc6ad206ca,a9fc213387c55058d4dc93becb8e6c28dda2b1cecf3c19127d81e8febf20d5d9,a9fc213387c55058d4dc93becb8e6c28dda2b1cecf3c19127d81e8febf20d5d9,872.685546875,872.685546875,1,1,1,1,1,1
p41-boxing-0021,brics-odroid-007_cam1,N32,32,d215c50514bab57dccb949d808f0c0b4f1239e5350600ff81e89427b488372f5,d215c50514bab57dccb949d808f0c0b4f1239e5350600ff81e89427b488372f5,39a847fa769b03baff015e22286615d22f9693fc6c0a2d85f03a6f57f67132be,39a847fa769b03baff015e22286615d22f9693fc6c0a2d85f03a6f57f67132be,a9fc213387c55058d4dc93becb8e6c28dda2b1cecf3c19127d81e8febf20d5d9,a9fc213387c55058d4dc93becb8e6c28dda2b1cecf3c19127d81e8febf20d5d9,863.0632019042969,863.0632019042969,1,1,1,1,1,1
p41-boxing-0021,brics-odroid-007_cam1,N8,8,32070b001d16a1f3d0a976bdc5acfba2f64b530f84cfc53f9bf91b6949b99bef,32070b001d16a1f3d0a976bdc5acfba2f64b530f84cfc53f9bf91b6949b99bef,116ad2c47ed201bc44f11428a5eab4263d4f66fa474d837500af70e30ff93d85,116ad2c47ed201bc44f11428a5eab4263d4f66fa474d837500af70e30ff93d85,a9fc213387c55058d4dc93becb8e6c28dda2b1cecf3c19127d81e8febf20d5d9,a9fc213387c55058d4dc93becb8e6c28dda2b1cecf3c19127d81e8febf20d5d9,873.6666870117188,873.6666870117188,1,1,1,1,1,1
p41-boxing-0021,brics-odroid-008_cam0,ALL_COMMON,18,c784d3b446268cf29e335de44b61d82991c43a48c1e951739e2d930e1521644f,c784d3b446268cf29e335de44b61d82991c43a48c1e951739e2d930e1521644f,8b50942a650cbefaa0aa7a6eaea98106e99a65c962c9342a63f6eab52e23e16e,8b50942a650cbefaa0aa7a6eaea98106e99a65c962c9342a63f6eab52e23e16e,ebba85dec885b0b2097cd812ac432bb2efee85945ef0dbad049a4de47ee8540c,ebba85dec885b0b2097cd812ac432bb2efee85945ef0dbad049a4de47ee8540c,914.1251831054688,914.1251831054688,1,1,1,1,1,1
p41-boxing-0021,brics-odroid-008_cam0,N16,16,7ec6039e06d76ddafe3fb2b4b75703f693fdaf864e1baa47fdd07eae6474f650,7ec6039e06d76ddafe3fb2b4b75703f693fdaf864e1baa47fdd07eae6474f650,d79e01e5bf1015854b55aa11e7beba35d3b068fb35c1861f7cde41d3883281af,d79e01e5bf1015854b55aa11e7beba35d3b068fb35c1861f7cde41d3883281af,ebba85dec885b0b2097cd812ac432bb2efee85945ef0dbad049a4de47ee8540c,ebba85dec885b0b2097cd812ac432bb2efee85945ef0dbad049a4de47ee8540c,913.7567138671875,913.7567138671875,1,1,1,1,1,1
p41-boxing-0021,brics-odroid-008_cam0,N8,8,ff32ba471482856e1990e9dc31910a3de1d66c36b0730e5d2cfa8f5a44ea32fa,ff32ba471482856e1990e9dc31910a3de1d66c36b0730e5d2cfa8f5a44ea32fa,345bc6fe04c3c62c916e3697782513ac0e6030c076602b260c64a32cbb9a1dac,345bc6fe04c3c62c916e3697782513ac0e6030c076602b260c64a32cbb9a1dac,ebba85dec885b0b2097cd812ac432bb2efee85945ef0dbad049a4de47ee8540c,ebba85dec885b0b2097cd812ac432bb2efee85945ef0dbad049a4de47ee8540c,913.7567138671875,913.7567138671875,1,1,1,1,1,1
p41-boxing-0021,brics-odroid-009_cam1,ALL_COMMON,62,796c5bb350fb7c43861a165f2d88ebf0ed206645b3516dc78b467bdcb554c51d,796c5bb350fb7c43861a165f2d88ebf0ed206645b3516dc78b467bdcb554c51d,74f8a7c035532c80ba6a5eb68924a364a1827036dc46efd2e23399ad8de646c0,74f8a7c035532c80ba6a5eb68924a364a1827036dc46efd2e23399ad8de646c0,2483095d25998c8655300a28d4c8982a6e6dfa03901b280e7c87ebfaba43caf8,2483095d25998c8655300a28d4c8982a6e6dfa03901b280e7c87ebfaba43caf8,786.0307922363281,786.0307922363281,1,1,1,1,1,1
p41-boxing-0021,brics-odroid-009_cam1,DIVERSE16,16,09832d56577432347fd869f0e1970e1485d89fed70bd13c927d7e7397d6f26b9,09832d56577432347fd869f0e1970e1485d89fed70bd13c927d7e7397d6f26b9,05b2a6049923f8b84dc471e16562eefba40b2427d2912020edc7ca0a78efd128,05b2a6049923f8b84dc471e16562eefba40b2427d2912020edc7ca0a78efd128,2483095d25998c8655300a28d4c8982a6e6dfa03901b280e7c87ebfaba43caf8,2483095d25998c8655300a28d4c8982a6e6dfa03901b280e7c87ebfaba43caf8,789.6697082519531,789.6697082519531,1,1,1,1,1,1
p41-boxing-0021,brics-odroid-009_cam1,DIVERSE32,32,4d124162e84888b105e790aa6512a45f0eb5248aa25899ff5e224b74d6194327,4d124162e84888b105e790aa6512a45f0eb5248aa25899ff5e224b74d6194327,8d4976c0ff8d649926ec513c4b5e9e9ab9c10dc9fb68c64f23af381471c8e87a,8d4976c0ff8d649926ec513c4b5e9e9ab9c10dc9fb68c64f23af381471c8e87a,2483095d25998c8655300a28d4c8982a6e6dfa03901b280e7c87ebfaba43caf8,2483095d25998c8655300a28d4c8982a6e6dfa03901b280e7c87ebfaba43caf8,786.3728332519531,786.3728332519531,1,1,1,1,1,1
p41-boxing-0021,brics-odroid-009_cam1,LOW16,16,29b9054f5dfb4b518572b2d8c17f7c5d10a67cab089773297419a36c7f90e979,29b9054f5dfb4b518572b2d8c17f7c5d10a67cab089773297419a36c7f90e979,e204476ae3946b643728b3a4dbf4ec46bda14242af8b49b88e650e8315d2668a,e204476ae3946b643728b3a4dbf4ec46bda14242af8b49b88e650e8315d2668a,2483095d25998c8655300a28d4c8982a6e6dfa03901b280e7c87ebfaba43caf8,2483095d25998c8655300a28d4c8982a6e6dfa03901b280e7c87ebfaba43caf8,786.39599609375,786.39599609375,1,1,1,1,1,1
p41-boxing-0021,brics-odroid-009_cam1,LOW32,32,b59710eae9e766462b67cc4550ebbb54adc9d68de61305c38289c35c86ceb274,b59710eae9e766462b67cc4550ebbb54adc9d68de61305c38289c35c86ceb274,015a4b77fcde8f762b02c105874afb0816cae23e65164733e2ae5f0d442cbc57,015a4b77fcde8f762b02c105874afb0816cae23e65164733e2ae5f0d442cbc57,2483095d25998c8655300a28d4c8982a6e6dfa03901b280e7c87ebfaba43caf8,2483095d25998c8655300a28d4c8982a6e6dfa03901b280e7c87ebfaba43caf8,785.3400268554688,785.3400268554688,1,1,1,1,1,1
p41-boxing-0021,brics-odroid-009_cam1,N16,16,3c1bbcd5f0980a720e65335ce02f264e0633693085a72f38aed13fb48511a3c4,3c1bbcd5f0980a720e65335ce02f264e0633693085a72f38aed13fb48511a3c4,eabe72d3f18117188516e12e748412f93b13d87fe1a9040cad1c0b073e52f2d9,eabe72d3f18117188516e12e748412f93b13d87fe1a9040cad1c0b073e52f2d9,2483095d25998c8655300a28d4c8982a6e6dfa03901b280e7c87ebfaba43caf8,2483095d25998c8655300a28d4c8982a6e6dfa03901b280e7c87ebfaba43caf8,785.7506408691406,785.7506408691406,1,1,1,1,1,1
p41-boxing-0021,brics-odroid-009_cam1,N32,32,f95fbc0c6b3959dcc54b44695e1effb79e6184db2321a7f7df888b40b88d2d1a,f95fbc0c6b3959dcc54b44695e1effb79e6184db2321a7f7df888b40b88d2d1a,d2bed41acd28e37c8dfa99ac5580e1586cecc69380661672e0449d4384f90ef7,d2bed41acd28e37c8dfa99ac5580e1586cecc69380661672e0449d4384f90ef7,2483095d25998c8655300a28d4c8982a6e6dfa03901b280e7c87ebfaba43caf8,2483095d25998c8655300a28d4c8982a6e6dfa03901b280e7c87ebfaba43caf8,785.7506408691406,785.7506408691406,1,1,1,1,1,1
p41-boxing-0021,brics-odroid-009_cam1,N8,8,29006669701fb52c6f53d49ca9825f4b0228c8618a1d3723baa65a0a967e942c,29006669701fb52c6f53d49ca9825f4b0228c8618a1d3723baa65a0a967e942c,e389631ad92cb585d6fa95cc0489215285c9ceac11df70a60fef719c05f89e40,e389631ad92cb585d6fa95cc0489215285c9ceac11df70a60fef719c05f89e40,2483095d25998c8655300a28d4c8982a6e6dfa03901b280e7c87ebfaba43caf8,2483095d25998c8655300a28d4c8982a6e6dfa03901b280e7c87ebfaba43caf8,785.19970703125,785.19970703125,1,1,1,1,1,1
p41-boxing-0021,brics-odroid-010_cam0,ALL_COMMON,63,d03b0674fd0c081cfe03c8944afd48ed00b5f3c52f971c1678366822e7ff4102,d03b0674fd0c081cfe03c8944afd48ed00b5f3c52f971c1678366822e7ff4102,07e2d07f337048484ab7a3538c37b5969bfd0c91cc0e15ab9bcc3a29af39cae4,07e2d07f337048484ab7a3538c37b5969bfd0c91cc0e15ab9bcc3a29af39cae4,351cc4dadcd369bcb6ccd5b148d2df3907103c649b2934d2d1d18446a9fe5dc3,351cc4dadcd369bcb6ccd5b148d2df3907103c649b2934d2d1d18446a9fe5dc3,870.7444458007812,870.7444458007812,1,1,1,1,1,1
p41-boxing-0021,brics-odroid-010_cam0,DIVERSE16,16,0f42844d66821f52764f3b656052c5648942ed2b5e7c818fda91ff4152196d7c,0f42844d66821f52764f3b656052c5648942ed2b5e7c818fda91ff4152196d7c,060f62df844e426ae3fa97627e3c0308085a74d024f1654e13c2b65acd93b5b6,060f62df844e426ae3fa97627e3c0308085a74d024f1654e13c2b65acd93b5b6,351cc4dadcd369bcb6ccd5b148d2df3907103c649b2934d2d1d18446a9fe5dc3,351cc4dadcd369bcb6ccd5b148d2df3907103c649b2934d2d1d18446a9fe5dc3,873.3455810546875,873.3455810546875,1,1,1,1,1,1
p41-boxing-0021,brics-odroid-010_cam0,DIVERSE32,32,e2f5ea483f4c66acd49bc6537544f501b2b891a872e03cd25f32df42bf8ad4a6,e2f5ea483f4c66acd49bc6537544f501b2b891a872e03cd25f32df42bf8ad4a6,d08a4e1c6e12372264d008cc7280174f8b23bf54136632abe1031926fd2854e2,d08a4e1c6e12372264d008cc7280174f8b23bf54136632abe1031926fd2854e2,351cc4dadcd369bcb6ccd5b148d2df3907103c649b2934d2d1d18446a9fe5dc3,351cc4dadcd369bcb6ccd5b148d2df3907103c649b2934d2d1d18446a9fe5dc3,871.4802856445312,871.4802856445312,1,1,1,1,1,1
p41-boxing-0021,brics-odroid-010_cam0,LOW16,16,4fab7f39d354736fba6528129f220247d7b44f397e139c365ad46d41aa2a8708,4fab7f39d354736fba6528129f220247d7b44f397e139c365ad46d41aa2a8708,15afca0fae5e81a1ac528920f2d8a9214a6cc2a9ea9fa4c457e8d7781080ef54,15afca0fae5e81a1ac528920f2d8a9214a6cc2a9ea9fa4c457e8d7781080ef54,351cc4dadcd369bcb6ccd5b148d2df3907103c649b2934d2d1d18446a9fe5dc3,351cc4dadcd369bcb6ccd5b148d2df3907103c649b2934d2d1d18446a9fe5dc3,872.5516357421875,872.5516357421875,1,1,1,1,1,1
p41-boxing-0021,brics-odroid-010_cam0,LOW32,32,059c0ef1a459a9f14221dfefedad40b5219ea9b0165ef2f1f2bf88e1c17fcdeb,059c0ef1a459a9f14221dfefedad40b5219ea9b0165ef2f1f2bf88e1c17fcdeb,d776269d2d53afed05bfde31e06c954a5a40d3e4fc7efda9dd965b751845fe58,d776269d2d53afed05bfde31e06c954a5a40d3e4fc7efda9dd965b751845fe58,351cc4dadcd369bcb6ccd5b148d2df3907103c649b2934d2d1d18446a9fe5dc3,351cc4dadcd369bcb6ccd5b148d2df3907103c649b2934d2d1d18446a9fe5dc3,872.9493713378906,872.9493713378906,1,1,1,1,1,1
p41-boxing-0021,brics-odroid-010_cam0,N16,16,d5c080708219d1f49ef3b1d256eb57b3662a43cc404f4ac2ad1a27bcda662114,d5c080708219d1f49ef3b1d256eb57b3662a43cc404f4ac2ad1a27bcda662114,94a44268ecf95679c7589afd5694af4f2dedc5266d5782b8cbd4d66240dcc52b,94a44268ecf95679c7589afd5694af4f2dedc5266d5782b8cbd4d66240dcc52b,351cc4dadcd369bcb6ccd5b148d2df3907103c649b2934d2d1d18446a9fe5dc3,351cc4dadcd369bcb6ccd5b148d2df3907103c649b2934d2d1d18446a9fe5dc3,870.1186828613281,870.1186828613281,1,1,1,1,1,1
p41-boxing-0021,brics-odroid-010_cam0,N32,32,b5af5493773995df7705fb8fbc3647553522fcc15eb4c3ff8c8130c0f92ba309,b5af5493773995df7705fb8fbc3647553522fcc15eb4c3ff8c8130c0f92ba309,d42a06475541bae0657099c5ea5ffe8d8b5803f7fbc0f21d65cd672a891b7559,d42a06475541bae0657099c5ea5ffe8d8b5803f7fbc0f21d65cd672a891b7559,351cc4dadcd369bcb6ccd5b148d2df3907103c649b2934d2d1d18446a9fe5dc3,351cc4dadcd369bcb6ccd5b148d2df3907103c649b2934d2d1d18446a9fe5dc3,870.7461853027344,870.7461853027344,1,1,1,1,1,1
p41-boxing-0021,brics-odroid-010_cam0,N8,8,26d6f2c75068f5a74e113612aa1fb0530b9dbd06b98101e21b34d34ab958977c,26d6f2c75068f5a74e113612aa1fb0530b9dbd06b98101e21b34d34ab958977c,c8d3682fb2bd7849503d7cdc4bfbdae377bb9ccd92a52f7a3cf72bbb3ce53623,c8d3682fb2bd7849503d7cdc4bfbdae377bb9ccd92a52f7a3cf72bbb3ce53623,351cc4dadcd369bcb6ccd5b148d2df3907103c649b2934d2d1d18446a9fe5dc3,351cc4dadcd369bcb6ccd5b148d2df3907103c649b2934d2d1d18446a9fe5dc3,873.8565063476562,873.8565063476562,1,1,1,1,1,1
p41-boxing-0021,brics-odroid-010_cam1,ALL_COMMON,3,9ad9d64d4b3b27020a24cc82f5a5a0a0e2d907e657aa273eaf2810bb81393f96,9ad9d64d4b3b27020a24cc82f5a5a0a0e2d907e657aa273eaf2810bb81393f96,87f38acec7c13bfb90a258f8a4706cf3a889d8563ecf8fcc7e47d61cf2ca65b1,87f38acec7c13bfb90a258f8a4706cf3a889d8563ecf8fcc7e47d61cf2ca65b1,d28fec30be110b0948714f16dcf3f3db80e4b8cc3ad71efcca2526f53e700507,d28fec30be110b0948714f16dcf3f3db80e4b8cc3ad71efcca2526f53e700507,758.0070190429688,758.0070190429688,1,1,1,1,1,1
p41-boxing-0021,brics-odroid-011_cam0,ALL_COMMON,61,89afd562d876909d1f10eee7472af0272555642d6d40e14adac516e354a50ac7,89afd562d876909d1f10eee7472af0272555642d6d40e14adac516e354a50ac7,a556182ea793903a400799700dd083910cf680407cdcb009deeb37bb9241787f,a556182ea793903a400799700dd083910cf680407cdcb009deeb37bb9241787f,ebfd3ff09c01d3c3f8e0d6b0c8962cde9313d35f79f683006f937d8fa87b92f1,ebfd3ff09c01d3c3f8e0d6b0c8962cde9313d35f79f683006f937d8fa87b92f1,880.3270874023438,880.3270874023438,1,1,1,1,1,1
p41-boxing-0021,brics-odroid-011_cam0,DIVERSE16,16,6bec54fecffeb14421fd9ee848a7c24588ee1c393c81ccfbf4640d61ddc73bac,6bec54fecffeb14421fd9ee848a7c24588ee1c393c81ccfbf4640d61ddc73bac,9ba884f16660674a8c097b54b2f4fb1679d658410bd251e26a75555f44de1ff2,9ba884f16660674a8c097b54b2f4fb1679d658410bd251e26a75555f44de1ff2,ebfd3ff09c01d3c3f8e0d6b0c8962cde9313d35f79f683006f937d8fa87b92f1,ebfd3ff09c01d3c3f8e0d6b0c8962cde9313d35f79f683006f937d8fa87b92f1,880.9076538085938,880.9076538085938,1,1,1,1,1,1
p41-boxing-0021,brics-odroid-011_cam0,DIVERSE32,32,c8860e26ce5e76dd6191e416d16057bf386d1df5fd409fdbff31caa8ad8f856e,c8860e26ce5e76dd6191e416d16057bf386d1df5fd409fdbff31caa8ad8f856e,45d42446384a2b946c18230c13be506c3afae34fac81ea3294a21b15fda5bd70,45d42446384a2b946c18230c13be506c3afae34fac81ea3294a21b15fda5bd70,ebfd3ff09c01d3c3f8e0d6b0c8962cde9313d35f79f683006f937d8fa87b92f1,ebfd3ff09c01d3c3f8e0d6b0c8962cde9313d35f79f683006f937d8fa87b92f1,879.2794189453125,879.2794189453125,1,1,1,1,1,1
p41-boxing-0021,brics-odroid-011_cam0,LOW16,16,479003bc013d11b655cdcf15a879026697a9985f4b8548c205eff4aa739761b9,479003bc013d11b655cdcf15a879026697a9985f4b8548c205eff4aa739761b9,c7edee58d49e70fcd3a33d104edbb6545e166f8f1b9191919f4a9e5fb19ba459,c7edee58d49e70fcd3a33d104edbb6545e166f8f1b9191919f4a9e5fb19ba459,ebfd3ff09c01d3c3f8e0d6b0c8962cde9313d35f79f683006f937d8fa87b92f1,ebfd3ff09c01d3c3f8e0d6b0c8962cde9313d35f79f683006f937d8fa87b92f1,883.7030029296875,883.7030029296875,1,1,1,1,1,1
p41-boxing-0021,brics-odroid-011_cam0,LOW32,32,41a5aa2e73593fb3ec1b82126d36aa3a7e9ea63e1ebfd68b5b07d76a40c07af0,41a5aa2e73593fb3ec1b82126d36aa3a7e9ea63e1ebfd68b5b07d76a40c07af0,dc459cbed02c104e7ecb7b7a867a89221fdf972ae39ebca49cdeca15bda350f4,dc459cbed02c104e7ecb7b7a867a89221fdf972ae39ebca49cdeca15bda350f4,ebfd3ff09c01d3c3f8e0d6b0c8962cde9313d35f79f683006f937d8fa87b92f1,ebfd3ff09c01d3c3f8e0d6b0c8962cde9313d35f79f683006f937d8fa87b92f1,882.6361083984375,882.6361083984375,1,1,1,1,1,1
p41-boxing-0021,brics-odroid-011_cam0,N16,16,3c1bbcd5f0980a720e65335ce02f264e0633693085a72f38aed13fb48511a3c4,3c1bbcd5f0980a720e65335ce02f264e0633693085a72f38aed13fb48511a3c4,1f1b7b909e7b91d845c0cecfc6ce6846159e029689cedb7dab3d6c59aac19cd9,1f1b7b909e7b91d845c0cecfc6ce6846159e029689cedb7dab3d6c59aac19cd9,ebfd3ff09c01d3c3f8e0d6b0c8962cde9313d35f79f683006f937d8fa87b92f1,ebfd3ff09c01d3c3f8e0d6b0c8962cde9313d35f79f683006f937d8fa87b92f1,879.9554138183594,879.9554138183594,1,1,1,1,1,1
p41-boxing-0021,brics-odroid-011_cam0,N32,32,d2f3837287e8e3450962a26c4fd4866150a527395612f413f0549e9fb85ee4a7,d2f3837287e8e3450962a26c4fd4866150a527395612f413f0549e9fb85ee4a7,b99a37bc9baffda29deede7774822c8432874914448660dc9e6b16855e123cff,b99a37bc9baffda29deede7774822c8432874914448660dc9e6b16855e123cff,ebfd3ff09c01d3c3f8e0d6b0c8962cde9313d35f79f683006f937d8fa87b92f1,ebfd3ff09c01d3c3f8e0d6b0c8962cde9313d35f79f683006f937d8fa87b92f1,879.9554138183594,879.9554138183594,1,1,1,1,1,1
p41-boxing-0021,brics-odroid-011_cam0,N8,8,29006669701fb52c6f53d49ca9825f4b0228c8618a1d3723baa65a0a967e942c,29006669701fb52c6f53d49ca9825f4b0228c8618a1d3723baa65a0a967e942c,b1a94ade4876c34e2fa73e15a90c8fa68478575359733e8b624ac3535a70cb89,b1a94ade4876c34e2fa73e15a90c8fa68478575359733e8b624ac3535a70cb89,ebfd3ff09c01d3c3f8e0d6b0c8962cde9313d35f79f683006f937d8fa87b92f1,ebfd3ff09c01d3c3f8e0d6b0c8962cde9313d35f79f683006f937d8fa87b92f1,878.6632995605469,878.6632995605469,1,1,1,1,1,1
p41-boxing-0021,brics-odroid-012_cam0,ALL_COMMON,50,3020ad8c42b3ece17f37308314259dce27d714e326c91865b9c507a9c510f146,3020ad8c42b3ece17f37308314259dce27d714e326c91865b9c507a9c510f146,d9cc734ed6fde1fd54a70a9c5fce5c646222d27eef4acda096fa1d791120a93e,d9cc734ed6fde1fd54a70a9c5fce5c646222d27eef4acda096fa1d791120a93e,b1f9729f89427dcc69d3f1d69aebb9589fde96178f9dd059e058240b59ddd765,b1f9729f89427dcc69d3f1d69aebb9589fde96178f9dd059e058240b59ddd765,881.3811950683594,881.3811950683594,1,1,1,1,1,1
p41-boxing-0021,brics-odroid-012_cam0,DIVERSE16,16,1308a67510f95429979aba70e7366bebad6823556b4ab46066558136e3ae9e78,1308a67510f95429979aba70e7366bebad6823556b4ab46066558136e3ae9e78,556601a7a75ebd6ddbc19baa41cc1efb86aab8d5137bbcf003e43ec2c772a5dd,556601a7a75ebd6ddbc19baa41cc1efb86aab8d5137bbcf003e43ec2c772a5dd,b1f9729f89427dcc69d3f1d69aebb9589fde96178f9dd059e058240b59ddd765,b1f9729f89427dcc69d3f1d69aebb9589fde96178f9dd059e058240b59ddd765,879.837158203125,879.837158203125,1,1,1,1,1,1
p41-boxing-0021,brics-odroid-012_cam0,DIVERSE32,32,e996d690b3b2a4d291c1be5b20b70a60b5d10bbc846a95afdf9c301faae77fe2,e996d690b3b2a4d291c1be5b20b70a60b5d10bbc846a95afdf9c301faae77fe2,9f7f5f527351dfdd063b986468033d7eaf30dc460efe15188f49fa514378a958,9f7f5f527351dfdd063b986468033d7eaf30dc460efe15188f49fa514378a958,b1f9729f89427dcc69d3f1d69aebb9589fde96178f9dd059e058240b59ddd765,b1f9729f89427dcc69d3f1d69aebb9589fde96178f9dd059e058240b59ddd765,883.087890625,883.087890625,1,1,1,1,1,1
p41-boxing-0021,brics-odroid-012_cam0,LOW16,16,6df44bf988c745dc8dd18200699dd5b49a1cbc0a52b61b5022a1c86934673a3b,6df44bf988c745dc8dd18200699dd5b49a1cbc0a52b61b5022a1c86934673a3b,0e8b68b552a942229e8979227bef65d0af6fcaa0a2832029c7a0e3bc20c2c13f,0e8b68b552a942229e8979227bef65d0af6fcaa0a2832029c7a0e3bc20c2c13f,b1f9729f89427dcc69d3f1d69aebb9589fde96178f9dd059e058240b59ddd765,b1f9729f89427dcc69d3f1d69aebb9589fde96178f9dd059e058240b59ddd765,878.7608947753906,878.7608947753906,1,1,1,1,1,1
p41-boxing-0021,brics-odroid-012_cam0,LOW32,32,73323f7cda7ef3d944d03ae73e258dcd491b70ca3d7f694a78a18220f39c64db,73323f7cda7ef3d944d03ae73e258dcd491b70ca3d7f694a78a18220f39c64db,8aad76919dbd6667454c4683011850fd4de589222b2ff4ade25111a0640c14e2,8aad76919dbd6667454c4683011850fd4de589222b2ff4ade25111a0640c14e2,b1f9729f89427dcc69d3f1d69aebb9589fde96178f9dd059e058240b59ddd765,b1f9729f89427dcc69d3f1d69aebb9589fde96178f9dd059e058240b59ddd765,881.1509399414062,881.1509399414062,1,1,1,1,1,1
p41-boxing-0021,brics-odroid-012_cam0,N16,16,2d90a633a6fffcf120631dd632b474a6e832c809da5e7e61db74358affab78a3,2d90a633a6fffcf120631dd632b474a6e832c809da5e7e61db74358affab78a3,42b0cadd872eb435aaa8a7326bc71044f8774f9586c04aaeccb06cf70af3b42a,42b0cadd872eb435aaa8a7326bc71044f8774f9586c04aaeccb06cf70af3b42a,b1f9729f89427dcc69d3f1d69aebb9589fde96178f9dd059e058240b59ddd765,b1f9729f89427dcc69d3f1d69aebb9589fde96178f9dd059e058240b59ddd765,882.87109375,882.87109375,1,1,1,1,1,1
p41-boxing-0021,brics-odroid-012_cam0,N32,32,0e00a2a8793bd954d573cc16b380883ac586040994436160f3ae27827ee4bc44,0e00a2a8793bd954d573cc16b380883ac586040994436160f3ae27827ee4bc44,9784947df1a07c602980abafee80b2a29d70f3f893fdddfbdac368414628ff31,9784947df1a07c602980abafee80b2a29d70f3f893fdddfbdac368414628ff31,b1f9729f89427dcc69d3f1d69aebb9589fde96178f9dd059e058240b59ddd765,b1f9729f89427dcc69d3f1d69aebb9589fde96178f9dd059e058240b59ddd765,881.9794921875,881.9794921875,1,1,1,1,1,1
p41-boxing-0021,brics-odroid-012_cam0,N8,8,29006669701fb52c6f53d49ca9825f4b0228c8618a1d3723baa65a0a967e942c,29006669701fb52c6f53d49ca9825f4b0228c8618a1d3723baa65a0a967e942c,eb1894ad6e54f434a540e21b407e01df45e8a775dcc96cd9dee1d5e80129f71a,eb1894ad6e54f434a540e21b407e01df45e8a775dcc96cd9dee1d5e80129f71a,b1f9729f89427dcc69d3f1d69aebb9589fde96178f9dd059e058240b59ddd765,b1f9729f89427dcc69d3f1d69aebb9589fde96178f9dd059e058240b59ddd765,879.385498046875,879.385498046875,1,1,1,1,1,1
p41-boxing-0021,brics-odroid-012_cam1,ALL_COMMON,33,4961b7f73d46595b6d275680eb177f31d07b053aad96c0f0ebd83a8c3a46193a,4961b7f73d46595b6d275680eb177f31d07b053aad96c0f0ebd83a8c3a46193a,bb3ac991dd4c497cec1eea79fcd44506f0436333a7707f6f13d76b6f22e8dc1b,bb3ac991dd4c497cec1eea79fcd44506f0436333a7707f6f13d76b6f22e8dc1b,d6eec9d6cc7f6c40cfa1d29c40aa4ff4a87a761a5105d87f3cbf0eb516935e89,d6eec9d6cc7f6c40cfa1d29c40aa4ff4a87a761a5105d87f3cbf0eb516935e89,853.9130859375,853.9130859375,1,1,1,1,1,1
p41-boxing-0021,brics-odroid-012_cam1,DIVERSE16,16,3f71be4ae53d14832a540870ecdacf2809b8cc1b96e7ec20043a1f7690df456e,3f71be4ae53d14832a540870ecdacf2809b8cc1b96e7ec20043a1f7690df456e,a6c0bfbc99ccf17de53f9f03573d71552446e9450d17ace90428186661d367fc,a6c0bfbc99ccf17de53f9f03573d71552446e9450d17ace90428186661d367fc,d6eec9d6cc7f6c40cfa1d29c40aa4ff4a87a761a5105d87f3cbf0eb516935e89,d6eec9d6cc7f6c40cfa1d29c40aa4ff4a87a761a5105d87f3cbf0eb516935e89,851.7776489257812,851.7776489257812,1,1,1,1,1,1
p41-boxing-0021,brics-odroid-012_cam1,DIVERSE32,32,84ae4d88c78c87a757b798d26e716835ffe81c1d433d49518cb02d62fba32c4f,84ae4d88c78c87a757b798d26e716835ffe81c1d433d49518cb02d62fba32c4f,7fdaceea027d65c1a132062111590ff73c47adc2d6f4eb16beafd9f067ae844e,7fdaceea027d65c1a132062111590ff73c47adc2d6f4eb16beafd9f067ae844e,d6eec9d6cc7f6c40cfa1d29c40aa4ff4a87a761a5105d87f3cbf0eb516935e89,d6eec9d6cc7f6c40cfa1d29c40aa4ff4a87a761a5105d87f3cbf0eb516935e89,854.0403137207031,854.0403137207031,1,1,1,1,1,1
p41-boxing-0021,brics-odroid-012_cam1,LOW16,16,9824061bab38d3dc936c054954cec1f2b6260351e3a0a6c8f0c4295681844f35,9824061bab38d3dc936c054954cec1f2b6260351e3a0a6c8f0c4295681844f35,4a741b52bc5be574b1ee5f257ba6a9358e05d1ef992ceeec1d4d0e3adfcd5cf1,4a741b52bc5be574b1ee5f257ba6a9358e05d1ef992ceeec1d4d0e3adfcd5cf1,d6eec9d6cc7f6c40cfa1d29c40aa4ff4a87a761a5105d87f3cbf0eb516935e89,d6eec9d6cc7f6c40cfa1d29c40aa4ff4a87a761a5105d87f3cbf0eb516935e89,854.0287475585938,854.0287475585938,1,1,1,1,1,1
p41-boxing-0021,brics-odroid-012_cam1,LOW32,32,16f70649433453e4ebd10acd996f083d1d74c19a42e41eefa97564adc5c81ae5,16f70649433453e4ebd10acd996f083d1d74c19a42e41eefa97564adc5c81ae5,4b662e9b23ca65e521ce2e958b19cff40f4f160395b290085b95ab1e0fab4654,4b662e9b23ca65e521ce2e958b19cff40f4f160395b290085b95ab1e0fab4654,d6eec9d6cc7f6c40cfa1d29c40aa4ff4a87a761a5105d87f3cbf0eb516935e89,d6eec9d6cc7f6c40cfa1d29c40aa4ff4a87a761a5105d87f3cbf0eb516935e89,854.0403137207031,854.0403137207031,1,1,1,1,1,1
p41-boxing-0021,brics-odroid-012_cam1,N16,16,00c86c01dcc0a5bdf878af420fa18788a465ae09a49a4bf2574ecd99683ecf04,00c86c01dcc0a5bdf878af420fa18788a465ae09a49a4bf2574ecd99683ecf04,983a2ebf5b09d781775657e4accf3a7fd6dc6629c9469f2983da3e62a030498b,983a2ebf5b09d781775657e4accf3a7fd6dc6629c9469f2983da3e62a030498b,d6eec9d6cc7f6c40cfa1d29c40aa4ff4a87a761a5105d87f3cbf0eb516935e89,d6eec9d6cc7f6c40cfa1d29c40aa4ff4a87a761a5105d87f3cbf0eb516935e89,848.3644714355469,848.3644714355469,1,1,1,1,1,1
p41-boxing-0021,brics-odroid-012_cam1,N32,32,771ded73f539c7a39155b1b920ca201067a36f9fb5d950ab3e630dd553e6c044,771ded73f539c7a39155b1b920ca201067a36f9fb5d950ab3e630dd553e6c044,29925ee7b26fb37e0e489bc46036f57f90b131eff636c39b47750774e66ed05d,29925ee7b26fb37e0e489bc46036f57f90b131eff636c39b47750774e66ed05d,d6eec9d6cc7f6c40cfa1d29c40aa4ff4a87a761a5105d87f3cbf0eb516935e89,d6eec9d6cc7f6c40cfa1d29c40aa4ff4a87a761a5105d87f3cbf0eb516935e89,853.9015197753906,853.9015197753906,1,1,1,1,1,1
p41-boxing-0021,brics-odroid-012_cam1,N8,8,c5f7e3bb8888cabeaf4904137cefee636c9f6c03ad91ec048f88973a400d518a,c5f7e3bb8888cabeaf4904137cefee636c9f6c03ad91ec048f88973a400d518a,5b422bcc6656572fcd9f51464ff06f151efbeebb807628a3b7619421a6828b41,5b422bcc6656572fcd9f51464ff06f151efbeebb807628a3b7619421a6828b41,d6eec9d6cc7f6c40cfa1d29c40aa4ff4a87a761a5105d87f3cbf0eb516935e89,d6eec9d6cc7f6c40cfa1d29c40aa4ff4a87a761a5105d87f3cbf0eb516935e89,848.9891052246094,848.9891052246094,1,1,1,1,1,1
p41-boxing-0021,brics-odroid-014_cam1,ALL_COMMON,35,fc202efa74072385fe5c82f4533e6bb490a0431826d3b241ba493108d8aecacb,fc202efa74072385fe5c82f4533e6bb490a0431826d3b241ba493108d8aecacb,e355b412773e34b50b9e0ef35dad425e3d070d9d3379bf8d05ee4bfea3f68fcf,e355b412773e34b50b9e0ef35dad425e3d070d9d3379bf8d05ee4bfea3f68fcf,19fdd88d7567b0e3d77fc898e7ade5d2125e35ba0dc23df63ec47eac51782316,19fdd88d7567b0e3d77fc898e7ade5d2125e35ba0dc23df63ec47eac51782316,844.539306640625,844.539306640625,1,1,1,1,1,1
p41-boxing-0021,brics-odroid-014_cam1,DIVERSE16,16,c03a205ef71c4d17d1f20b22241b9942bb0586d372dadc8fb079ed43d737eee8,c03a205ef71c4d17d1f20b22241b9942bb0586d372dadc8fb079ed43d737eee8,f253c86d209556ad16ebe664f3d563d4d710214e978e7d93220f3c62bf96c1cb,f253c86d209556ad16ebe664f3d563d4d710214e978e7d93220f3c62bf96c1cb,19fdd88d7567b0e3d77fc898e7ade5d2125e35ba0dc23df63ec47eac51782316,19fdd88d7567b0e3d77fc898e7ade5d2125e35ba0dc23df63ec47eac51782316,843.9325866699219,843.9325866699219,1,1,1,1,1,1
p41-boxing-0021,brics-odroid-014_cam1,DIVERSE32,32,07e1ecc0b540574a344b5966f31bedacfde19afaf9c6d7e2d34e759e9dd723f7,07e1ecc0b540574a344b5966f31bedacfde19afaf9c6d7e2d34e759e9dd723f7,70d09d68345bcb302e889b2dfb238e5337e3117f3b3df2d89ab6abcaf433b5e6,70d09d68345bcb302e889b2dfb238e5337e3117f3b3df2d89ab6abcaf433b5e6,19fdd88d7567b0e3d77fc898e7ade5d2125e35ba0dc23df63ec47eac51782316,19fdd88d7567b0e3d77fc898e7ade5d2125e35ba0dc23df63ec47eac51782316,844.0643005371094,844.0643005371094,1,1,1,1,1,1
p41-boxing-0021,brics-odroid-014_cam1,LOW16,16,c37543601e3c42af5700c5604882c4b39dd774045bec9653dff1de071a004c68,c37543601e3c42af5700c5604882c4b39dd774045bec9653dff1de071a004c68,27c47b609a8f92f8aafb256f9c7f515c172e36b7e1157ffcbff0cdd38dfe332a,27c47b609a8f92f8aafb256f9c7f515c172e36b7e1157ffcbff0cdd38dfe332a,19fdd88d7567b0e3d77fc898e7ade5d2125e35ba0dc23df63ec47eac51782316,19fdd88d7567b0e3d77fc898e7ade5d2125e35ba0dc23df63ec47eac51782316,845.1411437988281,845.1411437988281,1,1,1,1,1,1
p41-boxing-0021,brics-odroid-014_cam1,LOW32,32,462243cb03edb055b8ead188c217f83c8fe54bd855c795e3d7a1247412d7d9dd,462243cb03edb055b8ead188c217f83c8fe54bd855c795e3d7a1247412d7d9dd,df6f94e0f26b77133046c95859628d259f31dab4d0a70ba64c01dd6ac3b57577,df6f94e0f26b77133046c95859628d259f31dab4d0a70ba64c01dd6ac3b57577,19fdd88d7567b0e3d77fc898e7ade5d2125e35ba0dc23df63ec47eac51782316,19fdd88d7567b0e3d77fc898e7ade5d2125e35ba0dc23df63ec47eac51782316,845.1411437988281,845.1411437988281,1,1,1,1,1,1
p41-boxing-0021,brics-odroid-014_cam1,N16,16,8776e3635ec7d93b343e8c84c45dae8bcaf70f1df601f3b69251c4b3af7035ad,8776e3635ec7d93b343e8c84c45dae8bcaf70f1df601f3b69251c4b3af7035ad,4df99f33f46ae10d4385845bfc4d029eb04982a4ebe36bba17606788ebd53f81,4df99f33f46ae10d4385845bfc4d029eb04982a4ebe36bba17606788ebd53f81,19fdd88d7567b0e3d77fc898e7ade5d2125e35ba0dc23df63ec47eac51782316,19fdd88d7567b0e3d77fc898e7ade5d2125e35ba0dc23df63ec47eac51782316,844.0643005371094,844.0643005371094,1,1,1,1,1,1
p41-boxing-0021,brics-odroid-014_cam1,N32,32,b51616572a357058839c66bc0ff5eecfa0a30b1a84389326bf3d3b2e84596bfb,b51616572a357058839c66bc0ff5eecfa0a30b1a84389326bf3d3b2e84596bfb,239cbf3674916146e8cf7c6ef5ff930077bbd7428048e3db39936d439242fa72,239cbf3674916146e8cf7c6ef5ff930077bbd7428048e3db39936d439242fa72,19fdd88d7567b0e3d77fc898e7ade5d2125e35ba0dc23df63ec47eac51782316,19fdd88d7567b0e3d77fc898e7ade5d2125e35ba0dc23df63ec47eac51782316,844.4090270996094,844.4090270996094,1,1,1,1,1,1
p41-boxing-0021,brics-odroid-014_cam1,N8,8,8c51bc138d046136637c5de0a3064587e91bde75b812ecf921c342c0b5a8233a,8c51bc138d046136637c5de0a3064587e91bde75b812ecf921c342c0b5a8233a,61f3b8d5c768f1574dcd621028642e17e4ccbfc4e002bc104f2e78d53b90e3a5,61f3b8d5c768f1574dcd621028642e17e4ccbfc4e002bc104f2e78d53b90e3a5,19fdd88d7567b0e3d77fc898e7ade5d2125e35ba0dc23df63ec47eac51782316,19fdd88d7567b0e3d77fc898e7ade5d2125e35ba0dc23df63ec47eac51782316,842.968994140625,842.968994140625,1,1,1,1,1,1
p41-boxing-0021,brics-odroid-015_cam0,ALL_COMMON,61,32cf1884dbfb5702feb4bc57d2748e8518822e468f477a78c50732094fae50d6,32cf1884dbfb5702feb4bc57d2748e8518822e468f477a78c50732094fae50d6,d9b0234943b0fcb39b9c43c365a7b3fe3ed753f41a042f33adc2ce91b84e99de,d9b0234943b0fcb39b9c43c365a7b3fe3ed753f41a042f33adc2ce91b84e99de,9ed5f741c13aa5be198a9f633276dc26f3099d99c21d083f43f060c3e99b5357,9ed5f741c13aa5be198a9f633276dc26f3099d99c21d083f43f060c3e99b5357,853.3829345703125,853.3829345703125,1,1,1,1,1,1
p41-boxing-0021,brics-odroid-015_cam0,DIVERSE16,16,3278c6b0a7e09cff929fb1f463569b1f26cf73a5beae6d2b73ae181590d380c4,3278c6b0a7e09cff929fb1f463569b1f26cf73a5beae6d2b73ae181590d380c4,9d5b0d2f0fc3394541399bce39eb9306850479ce813233b332d8b28091588464,9d5b0d2f0fc3394541399bce39eb9306850479ce813233b332d8b28091588464,9ed5f741c13aa5be198a9f633276dc26f3099d99c21d083f43f060c3e99b5357,9ed5f741c13aa5be198a9f633276dc26f3099d99c21d083f43f060c3e99b5357,847.447998046875,847.447998046875,1,1,1,1,1,1
p41-boxing-0021,brics-odroid-015_cam0,DIVERSE32,32,e0d66537734d815e609faaca96648c164d0cd7ac033532ed8cd630ed10c0fc6a,e0d66537734d815e609faaca96648c164d0cd7ac033532ed8cd630ed10c0fc6a,d8f14bd0f0df8095dba99814078229a126521ac8e683b22b78c049828736d056,d8f14bd0f0df8095dba99814078229a126521ac8e683b22b78c049828736d056,9ed5f741c13aa5be198a9f633276dc26f3099d99c21d083f43f060c3e99b5357,9ed5f741c13aa5be198a9f633276dc26f3099d99c21d083f43f060c3e99b5357,849.2393493652344,849.2393493652344,1,1,1,1,1,1
p41-boxing-0021,brics-odroid-015_cam0,LOW16,16,31932f9b99319eb68d60ff8d3bc2460c3141c1f3ecf9332e929761e54bd8b157,31932f9b99319eb68d60ff8d3bc2460c3141c1f3ecf9332e929761e54bd8b157,26c4a0b185241dcd16e1bf0df7f6d461000f48fb1f458b26e77179e1dc93dce2,26c4a0b185241dcd16e1bf0df7f6d461000f48fb1f458b26e77179e1dc93dce2,9ed5f741c13aa5be198a9f633276dc26f3099d99c21d083f43f060c3e99b5357,9ed5f741c13aa5be198a9f633276dc26f3099d99c21d083f43f060c3e99b5357,854.7066955566406,854.7066955566406,1,1,1,1,1,1
p41-boxing-0021,brics-odroid-015_cam0,LOW32,32,0c496b0a8ad9ead679aff47d29a36a8c1a3e876a6089273d213f107dd568db63,0c496b0a8ad9ead679aff47d29a36a8c1a3e876a6089273d213f107dd568db63,7d0b006eb8fecaa063e3fe509404d4a4c1ddc3ff6ba21f06310bf5de3093d5e3,7d0b006eb8fecaa063e3fe509404d4a4c1ddc3ff6ba21f06310bf5de3093d5e3,9ed5f741c13aa5be198a9f633276dc26f3099d99c21d083f43f060c3e99b5357,9ed5f741c13aa5be198a9f633276dc26f3099d99c21d083f43f060c3e99b5357,853.5804443359375,853.5804443359375,1,1,1,1,1,1
p41-boxing-0021,brics-odroid-015_cam0,N16,16,3c1bbcd5f0980a720e65335ce02f264e0633693085a72f38aed13fb48511a3c4,3c1bbcd5f0980a720e65335ce02f264e0633693085a72f38aed13fb48511a3c4,05d4dac12d92ebe33bd97aa15ce4d4993dc95644700d08f7e6b94acb9f9e3b2e,05d4dac12d92ebe33bd97aa15ce4d4993dc95644700d08f7e6b94acb9f9e3b2e,9ed5f741c13aa5be198a9f633276dc26f3099d99c21d083f43f060c3e99b5357,9ed5f741c13aa5be198a9f633276dc26f3099d99c21d083f43f060c3e99b5357,855.6623840332031,855.6623840332031,1,1,1,1,1,1
p41-boxing-0021,brics-odroid-015_cam0,N32,32,aa511b3aad462afeac527af4d73291658822b2c7ecd0d291f2655d1be06fcb7b,aa511b3aad462afeac527af4d73291658822b2c7ecd0d291f2655d1be06fcb7b,faed0367ff90283c52ce58cb84b429f544609b457c7f4c7e52cc88536a278177,faed0367ff90283c52ce58cb84b429f544609b457c7f4c7e52cc88536a278177,9ed5f741c13aa5be198a9f633276dc26f3099d99c21d083f43f060c3e99b5357,9ed5f741c13aa5be198a9f633276dc26f3099d99c21d083f43f060c3e99b5357,853.6705017089844,853.6705017089844,1,1,1,1,1,1
p41-boxing-0021,brics-odroid-015_cam0,N8,8,29006669701fb52c6f53d49ca9825f4b0228c8618a1d3723baa65a0a967e942c,29006669701fb52c6f53d49ca9825f4b0228c8618a1d3723baa65a0a967e942c,d04117455279f0baf01f3a8300934c36f0ce1854035da89baa2bc08dbef0956c,d04117455279f0baf01f3a8300934c36f0ce1854035da89baa2bc08dbef0956c,9ed5f741c13aa5be198a9f633276dc26f3099d99c21d083f43f060c3e99b5357,9ed5f741c13aa5be198a9f633276dc26f3099d99c21d083f43f060c3e99b5357,853.6705017089844,853.6705017089844,1,1,1,1,1,1
p41-boxing-0021,brics-odroid-015_cam1,ALL_COMMON,58,c26bd5577a39ce102ec8cfa416505d46f990b929da59e3c4f1633491f57bfe7e,c26bd5577a39ce102ec8cfa416505d46f990b929da59e3c4f1633491f57bfe7e,f650b273c773a787ed2fd215142f761c1759adfeafb50bd9c23328e75db5016e,f650b273c773a787ed2fd215142f761c1759adfeafb50bd9c23328e75db5016e,90abf785dee565969e12629ca8acd530efda9f260d65798b6eb1ee3223659b94,90abf785dee565969e12629ca8acd530efda9f260d65798b6eb1ee3223659b94,831.7035827636719,831.7035827636719,1,1,1,1,1,1
p41-boxing-0021,brics-odroid-015_cam1,DIVERSE16,16,147ec9e4fdc6ee49712345137bcc28443797abda03f38372b90a26105e3908eb,147ec9e4fdc6ee49712345137bcc28443797abda03f38372b90a26105e3908eb,540c6051d09dd783e75dc1e4ba141feb48c98450cdc583cf1b80e5bc9a2a5ea9,540c6051d09dd783e75dc1e4ba141feb48c98450cdc583cf1b80e5bc9a2a5ea9,90abf785dee565969e12629ca8acd530efda9f260d65798b6eb1ee3223659b94,90abf785dee565969e12629ca8acd530efda9f260d65798b6eb1ee3223659b94,832.9655151367188,832.9655151367188,1,1,1,1,1,1
p41-boxing-0021,brics-odroid-015_cam1,DIVERSE32,32,7b242f34c9e6b4fea5f3c3df52508cc9fc1d56670e110cf426a800bf629c2aba,7b242f34c9e6b4fea5f3c3df52508cc9fc1d56670e110cf426a800bf629c2aba,38e13084d5cd39ffe2dad64c3af6cc546bdbb6c96973f03e1fcc1ab190c52ef8,38e13084d5cd39ffe2dad64c3af6cc546bdbb6c96973f03e1fcc1ab190c52ef8,90abf785dee565969e12629ca8acd530efda9f260d65798b6eb1ee3223659b94,90abf785dee565969e12629ca8acd530efda9f260d65798b6eb1ee3223659b94,831.9119262695312,831.9119262695312,1,1,1,1,1,1
p41-boxing-0021,brics-odroid-015_cam1,LOW16,16,b27d796a37a1b9294234457d434692eee5dc7f61178b8d61102b9d40380b72e4,b27d796a37a1b9294234457d434692eee5dc7f61178b8d61102b9d40380b72e4,c3b1ecc14689a4e4bf4636526ab541861e78411ae8410f51c296dcf81af1e46f,c3b1ecc14689a4e4bf4636526ab541861e78411ae8410f51c296dcf81af1e46f,90abf785dee565969e12629ca8acd530efda9f260d65798b6eb1ee3223659b94,90abf785dee565969e12629ca8acd530efda9f260d65798b6eb1ee3223659b94,832.7288513183594,832.7288513183594,1,1,1,1,1,1
p41-boxing-0021,brics-odroid-015_cam1,LOW32,32,6902cf72cd85dcd5ecde61fb865d82280a654d10c6e34f5d14ffec414d22ad07,6902cf72cd85dcd5ecde61fb865d82280a654d10c6e34f5d14ffec414d22ad07,3e5b64684d98ef5d8e03d60703a558255fc91b794d583debca37eceefb7658f0,3e5b64684d98ef5d8e03d60703a558255fc91b794d583debca37eceefb7658f0,90abf785dee565969e12629ca8acd530efda9f260d65798b6eb1ee3223659b94,90abf785dee565969e12629ca8acd530efda9f260d65798b6eb1ee3223659b94,831.3980407714844,831.3980407714844,1,1,1,1,1,1
p41-boxing-0021,brics-odroid-015_cam1,N16,16,823144a596c3a8e5dabe465ab56fc008f778c94cf1eb701a43734d0a625e8b41,823144a596c3a8e5dabe465ab56fc008f778c94cf1eb701a43734d0a625e8b41,8fb770077c6e5ca1b0989abc04819617ee9084b48052e2d56f4f9b624bfb7094,8fb770077c6e5ca1b0989abc04819617ee9084b48052e2d56f4f9b624bfb7094,90abf785dee565969e12629ca8acd530efda9f260d65798b6eb1ee3223659b94,90abf785dee565969e12629ca8acd530efda9f260d65798b6eb1ee3223659b94,835.4609069824219,835.4609069824219,1,1,1,1,1,1
p41-boxing-0021,brics-odroid-015_cam1,N32,32,546971b8259e9be65579ae6d6bb255080e4b38d8058428bdcfcd4a90f05b56e6,546971b8259e9be65579ae6d6bb255080e4b38d8058428bdcfcd4a90f05b56e6,9922ebe85206cefcece41da7af5baecb5af137de8a0e2b93a3b6857a52d61cb3,9922ebe85206cefcece41da7af5baecb5af137de8a0e2b93a3b6857a52d61cb3,90abf785dee565969e12629ca8acd530efda9f260d65798b6eb1ee3223659b94,90abf785dee565969e12629ca8acd530efda9f260d65798b6eb1ee3223659b94,832.7288513183594,832.7288513183594,1,1,1,1,1,1
p41-boxing-0021,brics-odroid-015_cam1,N8,8,88da8f5a435634140218cfa6b0487ce63fbfec79905f0b34b54de476360719bb,88da8f5a435634140218cfa6b0487ce63fbfec79905f0b34b54de476360719bb,e2f9ec0eb637caf5a50f44e870831797b3842a61ddf4a8a22aa8665ac693b45e,e2f9ec0eb637caf5a50f44e870831797b3842a61ddf4a8a22aa8665ac693b45e,90abf785dee565969e12629ca8acd530efda9f260d65798b6eb1ee3223659b94,90abf785dee565969e12629ca8acd530efda9f260d65798b6eb1ee3223659b94,836.3186645507812,836.3186645507812,1,1,1,1,1,1
p41-boxing-0021,brics-odroid-016_cam0,ALL_COMMON,51,9f7dcf07cdc5dae513d9d25adb12078a68a0df918619632701dffef7f02d685e,9f7dcf07cdc5dae513d9d25adb12078a68a0df918619632701dffef7f02d685e,f06b89720d9599b74ac93f9c44238c0168592481446d3b4b72a957988cf95aee,f06b89720d9599b74ac93f9c44238c0168592481446d3b4b72a957988cf95aee,ecf3507b244b668a70b6ac8f65885eb2cc4fb88a3dde0867895716cbde16337b,ecf3507b244b668a70b6ac8f65885eb2cc4fb88a3dde0867895716cbde16337b,923.7862548828125,923.7862548828125,1,1,1,1,1,1
p41-boxing-0021,brics-odroid-016_cam0,DIVERSE16,16,cfbe398a2c14cc8568fd29e4d591e0806e6c7048e809222e823c272b995259e1,cfbe398a2c14cc8568fd29e4d591e0806e6c7048e809222e823c272b995259e1,6a26bf0f18fd5ea0bb1076cc346770f737d0351a288cc4e6da6e63416b3dd3c8,6a26bf0f18fd5ea0bb1076cc346770f737d0351a288cc4e6da6e63416b3dd3c8,ecf3507b244b668a70b6ac8f65885eb2cc4fb88a3dde0867895716cbde16337b,ecf3507b244b668a70b6ac8f65885eb2cc4fb88a3dde0867895716cbde16337b,918.6494445800781,918.6494445800781,1,1,1,1,1,1
p41-boxing-0021,brics-odroid-016_cam0,DIVERSE32,32,5a56031ed6ead87dbbe0c19a4c3f0f5b61e6a850e62cbe60ccc3ef94e538b720,5a56031ed6ead87dbbe0c19a4c3f0f5b61e6a850e62cbe60ccc3ef94e538b720,60cf52c37859bcbfd4d31a8a824f2366f28e476247b6ede0b71db4f7160a75a6,60cf52c37859bcbfd4d31a8a824f2366f28e476247b6ede0b71db4f7160a75a6,ecf3507b244b668a70b6ac8f65885eb2cc4fb88a3dde0867895716cbde16337b,ecf3507b244b668a70b6ac8f65885eb2cc4fb88a3dde0867895716cbde16337b,919.3125915527344,919.3125915527344,1,1,1,1,1,1
p41-boxing-0021,brics-odroid-016_cam0,LOW16,16,66aefd1fbf501f0060d6df9b5777b13732c6d12afc622df5670d112c8857332e,66aefd1fbf501f0060d6df9b5777b13732c6d12afc622df5670d112c8857332e,1cb0e5358d009b5e7b06d414398c9a8d53cb88f35bb8e40e80e52c1a99c813ba,1cb0e5358d009b5e7b06d414398c9a8d53cb88f35bb8e40e80e52c1a99c813ba,ecf3507b244b668a70b6ac8f65885eb2cc4fb88a3dde0867895716cbde16337b,ecf3507b244b668a70b6ac8f65885eb2cc4fb88a3dde0867895716cbde16337b,929.6345825195312,929.6345825195312,1,1,1,1,1,1
p41-boxing-0021,brics-odroid-016_cam0,LOW32,32,c7f605164e36b2f5d8788173443ade3393697ab9eb06baef05b977cadd00b609,c7f605164e36b2f5d8788173443ade3393697ab9eb06baef05b977cadd00b609,22d78e2a63606ef72306bd20075dddb8c8a76d7e59d1a0b1bf2961998f0bfb85,22d78e2a63606ef72306bd20075dddb8c8a76d7e59d1a0b1bf2961998f0bfb85,ecf3507b244b668a70b6ac8f65885eb2cc4fb88a3dde0867895716cbde16337b,ecf3507b244b668a70b6ac8f65885eb2cc4fb88a3dde0867895716cbde16337b,927.3109741210938,927.3109741210938,1,1,1,1,1,1
p41-boxing-0021,brics-odroid-016_cam0,N16,16,90eceb76e1996a3b2c5642c34c875642889d7f88836b2c48f11f4471634be172,90eceb76e1996a3b2c5642c34c875642889d7f88836b2c48f11f4471634be172,6658785c670e3544d0106c125e873deae1e8cc688138ec3488164133ffb4271e,6658785c670e3544d0106c125e873deae1e8cc688138ec3488164133ffb4271e,ecf3507b244b668a70b6ac8f65885eb2cc4fb88a3dde0867895716cbde16337b,ecf3507b244b668a70b6ac8f65885eb2cc4fb88a3dde0867895716cbde16337b,921.6268920898438,921.6268920898438,1,1,1,1,1,1
p41-boxing-0021,brics-odroid-016_cam0,N32,32,5f48be4329d9cfee9bdd47afd74ef2d700c25d782f7d68c1ed119a2a3e466e33,5f48be4329d9cfee9bdd47afd74ef2d700c25d782f7d68c1ed119a2a3e466e33,61bcfbdde1c4855b42686b91181bf2725fe175034e6f593b212199df44e94fbb,61bcfbdde1c4855b42686b91181bf2725fe175034e6f593b212199df44e94fbb,ecf3507b244b668a70b6ac8f65885eb2cc4fb88a3dde0867895716cbde16337b,ecf3507b244b668a70b6ac8f65885eb2cc4fb88a3dde0867895716cbde16337b,923.7007751464844,923.7007751464844,1,1,1,1,1,1
p41-boxing-0021,brics-odroid-016_cam0,N8,8,ab82225ce2d0c820e28894818cf62b22ebaab82635e83d8f4f44cdf8a0fae64a,ab82225ce2d0c820e28894818cf62b22ebaab82635e83d8f4f44cdf8a0fae64a,f92ab109720195d699b80869afa5ef7953398382d5c3378d298567751038ae35,f92ab109720195d699b80869afa5ef7953398382d5c3378d298567751038ae35,ecf3507b244b668a70b6ac8f65885eb2cc4fb88a3dde0867895716cbde16337b,ecf3507b244b668a70b6ac8f65885eb2cc4fb88a3dde0867895716cbde16337b,921.6268920898438,921.6268920898438,1,1,1,1,1,1
p41-boxing-0021,brics-odroid-017_cam0,ALL_COMMON,41,651eb621012c32ef1c5683b8fb8f4a8b0a7a790e72ecdeced9b283d3a2e9cb5c,651eb621012c32ef1c5683b8fb8f4a8b0a7a790e72ecdeced9b283d3a2e9cb5c,6316acd99607218db6a2a1cc53a95201c0e2e03498844730e8826b5ddf6756da,6316acd99607218db6a2a1cc53a95201c0e2e03498844730e8826b5ddf6756da,960b2d2192591b835e4f2b28d965ad55d9b0b9a90b8ecf9a7aaf6e10a9647c38,960b2d2192591b835e4f2b28d965ad55d9b0b9a90b8ecf9a7aaf6e10a9647c38,855.9795532226562,855.9795532226562,1,1,1,1,1,1
p41-boxing-0021,brics-odroid-017_cam0,DIVERSE16,16,2652c043e4732bb3af97f2028850e3f05544679fd8149ae8662933b53800f11f,2652c043e4732bb3af97f2028850e3f05544679fd8149ae8662933b53800f11f,568e6e70054296c86d63c66fc1a944da58c7988d41c2649a0e385a5a20e65086,568e6e70054296c86d63c66fc1a944da58c7988d41c2649a0e385a5a20e65086,960b2d2192591b835e4f2b28d965ad55d9b0b9a90b8ecf9a7aaf6e10a9647c38,960b2d2192591b835e4f2b28d965ad55d9b0b9a90b8ecf9a7aaf6e10a9647c38,862.6344299316406,862.6344299316406,1,1,1,1,1,1
p41-boxing-0021,brics-odroid-017_cam0,DIVERSE32,32,8a51254008dafa7e755cfc1b1d412a2068d002db03b87f45fc0f0e7847efd580,8a51254008dafa7e755cfc1b1d412a2068d002db03b87f45fc0f0e7847efd580,d1102ba44dd836e59366c7fad27c14e4a0712418c5b3f0396945bd1bf4079f29,d1102ba44dd836e59366c7fad27c14e4a0712418c5b3f0396945bd1bf4079f29,960b2d2192591b835e4f2b28d965ad55d9b0b9a90b8ecf9a7aaf6e10a9647c38,960b2d2192591b835e4f2b28d965ad55d9b0b9a90b8ecf9a7aaf6e10a9647c38,857.3538513183594,857.3538513183594,1,1,1,1,1,1
p41-boxing-0021,brics-odroid-017_cam0,LOW16,16,325d4e3fc508a54fe8e0cdbc7100d3af30cb9698169134f5ed8485d7f00a133e,325d4e3fc508a54fe8e0cdbc7100d3af30cb9698169134f5ed8485d7f00a133e,edd2892518dd090c93a362706d59d81325ac18cbebee76d9fe4eeb76fadc61c1,edd2892518dd090c93a362706d59d81325ac18cbebee76d9fe4eeb76fadc61c1,960b2d2192591b835e4f2b28d965ad55d9b0b9a90b8ecf9a7aaf6e10a9647c38,960b2d2192591b835e4f2b28d965ad55d9b0b9a90b8ecf9a7aaf6e10a9647c38,852.7783813476562,852.7783813476562,1,1,1,1,1,1
p41-boxing-0021,brics-odroid-017_cam0,LOW32,32,8f5c428bcdcc8afadfdc6666d8fa77a60b0d03e3869c0623606faaed8224c6a7,8f5c428bcdcc8afadfdc6666d8fa77a60b0d03e3869c0623606faaed8224c6a7,f8a4d37c768f26c2cb1dcc6b56b7f8a2df3a3fee27b545bd243de6e577012558,f8a4d37c768f26c2cb1dcc6b56b7f8a2df3a3fee27b545bd243de6e577012558,960b2d2192591b835e4f2b28d965ad55d9b0b9a90b8ecf9a7aaf6e10a9647c38,960b2d2192591b835e4f2b28d965ad55d9b0b9a90b8ecf9a7aaf6e10a9647c38,854.3045654296875,854.3045654296875,1,1,1,1,1,1
p41-boxing-0021,brics-odroid-017_cam0,N16,16,478bcde69cb89e770c448bc5bd7af071e70e3e434d4e386e0e821152532986da,478bcde69cb89e770c448bc5bd7af071e70e3e434d4e386e0e821152532986da,64bd8bca9a523ea54a6b09ee9fa72b9d8454e045949eda659303bde7bc4adaf8,64bd8bca9a523ea54a6b09ee9fa72b9d8454e045949eda659303bde7bc4adaf8,960b2d2192591b835e4f2b28d965ad55d9b0b9a90b8ecf9a7aaf6e10a9647c38,960b2d2192591b835e4f2b28d965ad55d9b0b9a90b8ecf9a7aaf6e10a9647c38,856.4100952148438,856.4100952148438,1,1,1,1,1,1
p41-boxing-0021,brics-odroid-017_cam0,N32,32,5e47d4ef4b848eb751de0dab322a49af5776cb406196bb99fc075301a2df8ba5,5e47d4ef4b848eb751de0dab322a49af5776cb406196bb99fc075301a2df8ba5,1ecefd4957b0912f39aa339aaf66b96cab4503bc2e586cf384fe8f8bcd8873b5,1ecefd4957b0912f39aa339aaf66b96cab4503bc2e586cf384fe8f8bcd8873b5,960b2d2192591b835e4f2b28d965ad55d9b0b9a90b8ecf9a7aaf6e10a9647c38,960b2d2192591b835e4f2b28d965ad55d9b0b9a90b8ecf9a7aaf6e10a9647c38,854.6781921386719,854.6781921386719,1,1,1,1,1,1
p41-boxing-0021,brics-odroid-017_cam0,N8,8,59ab12f67a673fa7856ffe6ad5246b5b501b63b386aa4c5543c73178a0fc4f06,59ab12f67a673fa7856ffe6ad5246b5b501b63b386aa4c5543c73178a0fc4f06,376a59661ce35de36f3c65e8ba26ce50c49b6ac437ee9df5e382968ac11ef92e,376a59661ce35de36f3c65e8ba26ce50c49b6ac437ee9df5e382968ac11ef92e,960b2d2192591b835e4f2b28d965ad55d9b0b9a90b8ecf9a7aaf6e10a9647c38,960b2d2192591b835e4f2b28d965ad55d9b0b9a90b8ecf9a7aaf6e10a9647c38,858.5087280273438,858.5087280273438,1,1,1,1,1,1
p41-boxing-0021,brics-odroid-017_cam1,ALL_COMMON,58,03a7e330d6f93a8cfcfbf41e2519cc5fea5ef829ba914c8053c643651b3d7165,03a7e330d6f93a8cfcfbf41e2519cc5fea5ef829ba914c8053c643651b3d7165,f0947015c44120a9c001f64f208548b0664df94065e0e2bae9165a10c94a91d5,f0947015c44120a9c001f64f208548b0664df94065e0e2bae9165a10c94a91d5,1591216214fc8af90831ef3fef0102cbf35b2a9235625ef94af97c433a883a22,1591216214fc8af90831ef3fef0102cbf35b2a9235625ef94af97c433a883a22,888.3526916503906,888.3526916503906,1,1,1,1,1,1
p41-boxing-0021,brics-odroid-017_cam1,DIVERSE16,16,675d23a5ab1159b69bd2f0fd9765951aa01814cfd9703e005bb9c5671c08c801,675d23a5ab1159b69bd2f0fd9765951aa01814cfd9703e005bb9c5671c08c801,b0dc685fc11c41eaf87ecfc4aa209e647828d4e59aa708685a6cfb3ddc40cd3b,b0dc685fc11c41eaf87ecfc4aa209e647828d4e59aa708685a6cfb3ddc40cd3b,1591216214fc8af90831ef3fef0102cbf35b2a9235625ef94af97c433a883a22,1591216214fc8af90831ef3fef0102cbf35b2a9235625ef94af97c433a883a22,870.8375549316406,870.8375549316406,1,1,1,1,1,1
p41-boxing-0021,brics-odroid-017_cam1,DIVERSE32,32,3ba788a4439792c147fce3591aef5c8247a92afba5191dfe65284b1f13ac73d1,3ba788a4439792c147fce3591aef5c8247a92afba5191dfe65284b1f13ac73d1,5d88fba5db2fbd0a0cb2a9506241e51a09c26e7e533432755dfb42c78c4d0835,5d88fba5db2fbd0a0cb2a9506241e51a09c26e7e533432755dfb42c78c4d0835,1591216214fc8af90831ef3fef0102cbf35b2a9235625ef94af97c433a883a22,1591216214fc8af90831ef3fef0102cbf35b2a9235625ef94af97c433a883a22,880.9165649414062,880.9165649414062,1,1,1,1,1,1
p41-boxing-0021,brics-odroid-017_cam1,LOW16,16,af73aec891af2ca2b4bb9ae4c5bff5555ddc35d14f6ddb768b67383415d68e98,af73aec891af2ca2b4bb9ae4c5bff5555ddc35d14f6ddb768b67383415d68e98,3156c0988ea7b319d2b3df90e4b75d1f1ecfc55be41ad6653112f51c4f7c868d,3156c0988ea7b319d2b3df90e4b75d1f1ecfc55be41ad6653112f51c4f7c868d,1591216214fc8af90831ef3fef0102cbf35b2a9235625ef94af97c433a883a22,1591216214fc8af90831ef3fef0102cbf35b2a9235625ef94af97c433a883a22,892.7137756347656,892.7137756347656,1,1,1,1,1,1
p41-boxing-0021,brics-odroid-017_cam1,LOW32,32,c8d501e032eec7327665d332243bb5e8b28c392756bb2a053884021c1f2a557e,c8d501e032eec7327665d332243bb5e8b28c392756bb2a053884021c1f2a557e,fec685643f5fd96d9eadd41b1b89220ed878633f5465d202adea3bb0de6bcb0f,fec685643f5fd96d9eadd41b1b89220ed878633f5465d202adea3bb0de6bcb0f,1591216214fc8af90831ef3fef0102cbf35b2a9235625ef94af97c433a883a22,1591216214fc8af90831ef3fef0102cbf35b2a9235625ef94af97c433a883a22,891.1349487304688,891.1349487304688,1,1,1,1,1,1
p41-boxing-0021,brics-odroid-017_cam1,N16,16,507f5d1eafae5b854aad439b87b3673c5126d201a6c30658e8bf3ec0ab8c320e,507f5d1eafae5b854aad439b87b3673c5126d201a6c30658e8bf3ec0ab8c320e,3ed2a0456c19b2f88b2c77111e951b7cd404721fe4b869e106d46a608520b533,3ed2a0456c19b2f88b2c77111e951b7cd404721fe4b869e106d46a608520b533,1591216214fc8af90831ef3fef0102cbf35b2a9235625ef94af97c433a883a22,1591216214fc8af90831ef3fef0102cbf35b2a9235625ef94af97c433a883a22,886.656494140625,886.656494140625,1,1,1,1,1,1
p41-boxing-0021,brics-odroid-017_cam1,N32,32,36d1e7a28dfa4152dc3c2655c6457b37575b435836d02c3c248a6dd923c5e2ea,36d1e7a28dfa4152dc3c2655c6457b37575b435836d02c3c248a6dd923c5e2ea,587567846454f97c1e3c3e2972a6edb6139eeb91bc74126d0db35ea2aa382e9f,587567846454f97c1e3c3e2972a6edb6139eeb91bc74126d0db35ea2aa382e9f,1591216214fc8af90831ef3fef0102cbf35b2a9235625ef94af97c433a883a22,1591216214fc8af90831ef3fef0102cbf35b2a9235625ef94af97c433a883a22,884.8513488769531,884.8513488769531,1,1,1,1,1,1
p41-boxing-0021,brics-odroid-017_cam1,N8,8,081a172b4e30b78ef361aa2ed3afc0a690d9dab87e84edd462fddeab2c2bfe77,081a172b4e30b78ef361aa2ed3afc0a690d9dab87e84edd462fddeab2c2bfe77,a3d889252f7f121b95478b3c363ad8defc3d25797abb4925dc2a9fe93fc918a0,a3d889252f7f121b95478b3c363ad8defc3d25797abb4925dc2a9fe93fc918a0,1591216214fc8af90831ef3fef0102cbf35b2a9235625ef94af97c433a883a22,1591216214fc8af90831ef3fef0102cbf35b2a9235625ef94af97c433a883a22,886.4798278808594,886.4798278808594,1,1,1,1,1,1
p41-boxing-0021,brics-odroid-019_cam1,ALL_COMMON,36,a575adbf67e6adcf700fe06ed26df853c4887101d785f66f304544680d4bc70a,a575adbf67e6adcf700fe06ed26df853c4887101d785f66f304544680d4bc70a,ff42d857182caf4ab3c487ba26d70d2113c5a8c82ecdfaa9cfc92e5cdc83c7a6,ff42d857182caf4ab3c487ba26d70d2113c5a8c82ecdfaa9cfc92e5cdc83c7a6,de83c28f2308ad3d713090f7d8077afc0d3ca1375e9f0a9d2cca6e8fed2cf3a3,de83c28f2308ad3d713090f7d8077afc0d3ca1375e9f0a9d2cca6e8fed2cf3a3,849.6828918457031,849.6828918457031,1,1,1,1,1,1
p41-boxing-0021,brics-odroid-019_cam1,DIVERSE16,16,3060494c1ff10bf13379ac1f4c66c855cb4576b0750bda13b7fae7efb7850dc9,3060494c1ff10bf13379ac1f4c66c855cb4576b0750bda13b7fae7efb7850dc9,8f258cf7adb9be34aeb3e403ad35f705b02d38b22826bffea8606e3192f8a0be,8f258cf7adb9be34aeb3e403ad35f705b02d38b22826bffea8606e3192f8a0be,de83c28f2308ad3d713090f7d8077afc0d3ca1375e9f0a9d2cca6e8fed2cf3a3,de83c28f2308ad3d713090f7d8077afc0d3ca1375e9f0a9d2cca6e8fed2cf3a3,845.2428894042969,845.2428894042969,1,1,1,1,1,1
p41-boxing-0021,brics-odroid-019_cam1,DIVERSE32,32,6d1bf4b9138cfd90db6dcfe9aff11133099b39c5023ea1907ecfe0569c498b9a,6d1bf4b9138cfd90db6dcfe9aff11133099b39c5023ea1907ecfe0569c498b9a,43a95b91d60f0728270f40fb2963e2f626017e3d6a718b55bc037a7de3b968c9,43a95b91d60f0728270f40fb2963e2f626017e3d6a718b55bc037a7de3b968c9,de83c28f2308ad3d713090f7d8077afc0d3ca1375e9f0a9d2cca6e8fed2cf3a3,de83c28f2308ad3d713090f7d8077afc0d3ca1375e9f0a9d2cca6e8fed2cf3a3,849.6578674316406,849.6578674316406,1,1,1,1,1,1
p41-boxing-0021,brics-odroid-019_cam1,LOW16,16,12f4646ffccb9cb16b7df575199c8ca6711d71da213a82bf9a754409173f20bf,12f4646ffccb9cb16b7df575199c8ca6711d71da213a82bf9a754409173f20bf,d6ffc79ba891e716631474b49ed667adafe74c5450a80c4f25ee8320c0270681,d6ffc79ba891e716631474b49ed667adafe74c5450a80c4f25ee8320c0270681,de83c28f2308ad3d713090f7d8077afc0d3ca1375e9f0a9d2cca6e8fed2cf3a3,de83c28f2308ad3d713090f7d8077afc0d3ca1375e9f0a9d2cca6e8fed2cf3a3,852.916015625,852.916015625,1,1,1,1,1,1
p41-boxing-0021,brics-odroid-019_cam1,LOW32,32,497e00e10857af4e743d648924a3c4fdbfab42a61057665d6d5dda50710ee391,497e00e10857af4e743d648924a3c4fdbfab42a61057665d6d5dda50710ee391,4ed5d0782eedbf13e794889c7de844d26cd93b6f32c84cad14c94e26ca6cb72e,4ed5d0782eedbf13e794889c7de844d26cd93b6f32c84cad14c94e26ca6cb72e,de83c28f2308ad3d713090f7d8077afc0d3ca1375e9f0a9d2cca6e8fed2cf3a3,de83c28f2308ad3d713090f7d8077afc0d3ca1375e9f0a9d2cca6e8fed2cf3a3,849.882080078125,849.882080078125,1,1,1,1,1,1
p41-boxing-0021,brics-odroid-019_cam1,N16,16,10b9151c81998b86b3d4fd296ed4bb26f77b702bbf978ba3d4518583093d46a2,10b9151c81998b86b3d4fd296ed4bb26f77b702bbf978ba3d4518583093d46a2,e55f86f2306f3a6264e5cb7064d7d884a77adb452db016a5dad8292beac550ef,e55f86f2306f3a6264e5cb7064d7d884a77adb452db016a5dad8292beac550ef,de83c28f2308ad3d713090f7d8077afc0d3ca1375e9f0a9d2cca6e8fed2cf3a3,de83c28f2308ad3d713090f7d8077afc0d3ca1375e9f0a9d2cca6e8fed2cf3a3,851.197265625,851.197265625,1,1,1,1,1,1
p41-boxing-0021,brics-odroid-019_cam1,N32,32,4d2834bba9389099b1e677d2f114610ec5a27e4e93938e1838112ee76c2fc4c5,4d2834bba9389099b1e677d2f114610ec5a27e4e93938e1838112ee76c2fc4c5,f617f752a1e9bf260e86546b167f4f47008461c249fff2f3c50343f959a25eee,f617f752a1e9bf260e86546b167f4f47008461c249fff2f3c50343f959a25eee,de83c28f2308ad3d713090f7d8077afc0d3ca1375e9f0a9d2cca6e8fed2cf3a3,de83c28f2308ad3d713090f7d8077afc0d3ca1375e9f0a9d2cca6e8fed2cf3a3,849.6828918457031,849.6828918457031,1,1,1,1,1,1
p41-boxing-0021,brics-odroid-019_cam1,N8,8,d9aa6dd3403f03c8b0de66af8a821c7a9708b3206081d32e158217d136771bdb,d9aa6dd3403f03c8b0de66af8a821c7a9708b3206081d32e158217d136771bdb,3fbee68d4de0601a57fc17a1f073b65a4b0fe53a941be820ca99ae0df40b94ef,3fbee68d4de0601a57fc17a1f073b65a4b0fe53a941be820ca99ae0df40b94ef,de83c28f2308ad3d713090f7d8077afc0d3ca1375e9f0a9d2cca6e8fed2cf3a3,de83c28f2308ad3d713090f7d8077afc0d3ca1375e9f0a9d2cca6e8fed2cf3a3,858.0417785644531,858.0417785644531,1,1,1,1,1,1
p41-boxing-0021,brics-odroid-020_cam0,ALL_COMMON,61,19d64188199ca750ae7e299becfe41413975d3243bee6c3079963f81111f820b,19d64188199ca750ae7e299becfe41413975d3243bee6c3079963f81111f820b,e2f33ed24c1366aa77993255ef07b755949e3acf9e69e5d524ea2f3dc9d97093,e2f33ed24c1366aa77993255ef07b755949e3acf9e69e5d524ea2f3dc9d97093,4acbbb04057e4160000071dae633c8f6492d3781802acdd0b9df8147478b0531,4acbbb04057e4160000071dae633c8f6492d3781802acdd0b9df8147478b0531,778.3577270507812,778.3577270507812,1,1,1,1,1,1
p41-boxing-0021,brics-odroid-020_cam0,DIVERSE16,16,ebcc678a6ced5a151c586d1f2de025dbb2ca699b122b296852cd19b23fdcc8b4,ebcc678a6ced5a151c586d1f2de025dbb2ca699b122b296852cd19b23fdcc8b4,67d90acf9f4ae7b2a3184dc9ffd744a8837efa203d27b8e15dba99180e6df5df,67d90acf9f4ae7b2a3184dc9ffd744a8837efa203d27b8e15dba99180e6df5df,4acbbb04057e4160000071dae633c8f6492d3781802acdd0b9df8147478b0531,4acbbb04057e4160000071dae633c8f6492d3781802acdd0b9df8147478b0531,772.7000427246094,772.7000427246094,1,1,1,1,1,1
p41-boxing-0021,brics-odroid-020_cam0,DIVERSE32,32,03f155f561620ac73beabf54cfd781dd342b228224cba081b95ebb560ae12ef6,03f155f561620ac73beabf54cfd781dd342b228224cba081b95ebb560ae12ef6,d812bd0b86ea498f3c65c554cf431940995a7da9ffcaaa257721adb8cf11cc38,d812bd0b86ea498f3c65c554cf431940995a7da9ffcaaa257721adb8cf11cc38,4acbbb04057e4160000071dae633c8f6492d3781802acdd0b9df8147478b0531,4acbbb04057e4160000071dae633c8f6492d3781802acdd0b9df8147478b0531,779.1856689453125,779.1856689453125,1,1,1,1,1,1
p41-boxing-0021,brics-odroid-020_cam0,LOW16,16,bb1efab0895020cd5d09db52e187b804cf57ba925f2e69e94a180282e5fd4beb,bb1efab0895020cd5d09db52e187b804cf57ba925f2e69e94a180282e5fd4beb,e69c530baf0c85e0e5db7c2380463b4f98aa26e22ce3fdee4043e67337eebac6,e69c530baf0c85e0e5db7c2380463b4f98aa26e22ce3fdee4043e67337eebac6,4acbbb04057e4160000071dae633c8f6492d3781802acdd0b9df8147478b0531,4acbbb04057e4160000071dae633c8f6492d3781802acdd0b9df8147478b0531,778.7547302246094,778.7547302246094,1,1,1,1,1,1
p41-boxing-0021,brics-odroid-020_cam0,LOW32,32,62d021096644709f609caa38e95bab4fa85865cc72d69c6cf090ac587f882921,62d021096644709f609caa38e95bab4fa85865cc72d69c6cf090ac587f882921,9cbaa18e8a6f7471d8a0fe9588f3d932d4eaddadaa98cf9a23ccc2bcd1e4b5f0,9cbaa18e8a6f7471d8a0fe9588f3d932d4eaddadaa98cf9a23ccc2bcd1e4b5f0,4acbbb04057e4160000071dae633c8f6492d3781802acdd0b9df8147478b0531,4acbbb04057e4160000071dae633c8f6492d3781802acdd0b9df8147478b0531,778.7547302246094,778.7547302246094,1,1,1,1,1,1
p41-boxing-0021,brics-odroid-020_cam0,N16,16,3c1bbcd5f0980a720e65335ce02f264e0633693085a72f38aed13fb48511a3c4,3c1bbcd5f0980a720e65335ce02f264e0633693085a72f38aed13fb48511a3c4,cb0fb8747e6bdf4e68b1f115420cee80ffdeb8c0e018d80507ac119272a7b753,cb0fb8747e6bdf4e68b1f115420cee80ffdeb8c0e018d80507ac119272a7b753,4acbbb04057e4160000071dae633c8f6492d3781802acdd0b9df8147478b0531,4acbbb04057e4160000071dae633c8f6492d3781802acdd0b9df8147478b0531,774.6007385253906,774.6007385253906,1,1,1,1,1,1
p41-boxing-0021,brics-odroid-020_cam0,N32,32,d2f3837287e8e3450962a26c4fd4866150a527395612f413f0549e9fb85ee4a7,d2f3837287e8e3450962a26c4fd4866150a527395612f413f0549e9fb85ee4a7,4286e4a1d2cfb54fd1438ab8dd7bead138487c7cf74071e7300995cd6a88eea3,4286e4a1d2cfb54fd1438ab8dd7bead138487c7cf74071e7300995cd6a88eea3,4acbbb04057e4160000071dae633c8f6492d3781802acdd0b9df8147478b0531,4acbbb04057e4160000071dae633c8f6492d3781802acdd0b9df8147478b0531,774.6007385253906,774.6007385253906,1,1,1,1,1,1
p41-boxing-0021,brics-odroid-020_cam0,N8,8,29006669701fb52c6f53d49ca9825f4b0228c8618a1d3723baa65a0a967e942c,29006669701fb52c6f53d49ca9825f4b0228c8618a1d3723baa65a0a967e942c,c67c5dccd90b7bad5aa2047d44f845517ccd482460cd1d8b80e2be540cee55dd,c67c5dccd90b7bad5aa2047d44f845517ccd482460cd1d8b80e2be540cee55dd,4acbbb04057e4160000071dae633c8f6492d3781802acdd0b9df8147478b0531,4acbbb04057e4160000071dae633c8f6492d3781802acdd0b9df8147478b0531,775.7250366210938,775.7250366210938,1,1,1,1,1,1
p41-boxing-0021,brics-odroid-020_cam1,ALL_COMMON,60,7664c7b31c366e7121f8a9d781839ec43ab66af13a1e5b2ba7deea895f1515e1,7664c7b31c366e7121f8a9d781839ec43ab66af13a1e5b2ba7deea895f1515e1,7f2299d40675f81f2137ef864d428e857e3e5a9bbfa96190990437ec23737128,7f2299d40675f81f2137ef864d428e857e3e5a9bbfa96190990437ec23737128,0181eb88e7283a4280e408bc583c31f212e7b96c8223be9d6096a82a60d0b7ff,0181eb88e7283a4280e408bc583c31f212e7b96c8223be9d6096a82a60d0b7ff,839.8180236816406,839.8180236816406,1,1,1,1,1,1
p41-boxing-0021,brics-odroid-020_cam1,DIVERSE16,16,6c44ab4a0d744bb7617dc842c3b423483245c0da4f806fcbf3ad700c143db98a,6c44ab4a0d744bb7617dc842c3b423483245c0da4f806fcbf3ad700c143db98a,4abfe12b2173d52776a295cf704e3790015ecfda1de8e88589753b8c35d2ffae,4abfe12b2173d52776a295cf704e3790015ecfda1de8e88589753b8c35d2ffae,0181eb88e7283a4280e408bc583c31f212e7b96c8223be9d6096a82a60d0b7ff,0181eb88e7283a4280e408bc583c31f212e7b96c8223be9d6096a82a60d0b7ff,833.356689453125,833.356689453125,1,1,1,1,1,1
p41-boxing-0021,brics-odroid-020_cam1,DIVERSE32,32,3420ad1c7d846b884372164a5b2479a310db6a2695677681dc1731be330afc05,3420ad1c7d846b884372164a5b2479a310db6a2695677681dc1731be330afc05,c7bf0f9b613b7144f71e4773ad9dc26448de259202b160782b65d5ed153e33b3,c7bf0f9b613b7144f71e4773ad9dc26448de259202b160782b65d5ed153e33b3,0181eb88e7283a4280e408bc583c31f212e7b96c8223be9d6096a82a60d0b7ff,0181eb88e7283a4280e408bc583c31f212e7b96c8223be9d6096a82a60d0b7ff,836.8182983398438,836.8182983398438,1,1,1,1,1,1
p41-boxing-0021,brics-odroid-020_cam1,LOW16,16,e53e32b17285989bbb4047e7b61eeefba0995821986d87c2e1efcd7e38ae21cc,e53e32b17285989bbb4047e7b61eeefba0995821986d87c2e1efcd7e38ae21cc,943b9beeaaaa09abe3266023285959a41a3502a8ad541ba4d313bd7f7fcb3f32,943b9beeaaaa09abe3266023285959a41a3502a8ad541ba4d313bd7f7fcb3f32,0181eb88e7283a4280e408bc583c31f212e7b96c8223be9d6096a82a60d0b7ff,0181eb88e7283a4280e408bc583c31f212e7b96c8223be9d6096a82a60d0b7ff,843.4930725097656,843.4930725097656,1,1,1,1,1,1
p41-boxing-0021,brics-odroid-020_cam1,LOW32,32,abf3fd61dc48addfc30a4fc217b08ab9367a66037ff235810e98e39111a3b893,abf3fd61dc48addfc30a4fc217b08ab9367a66037ff235810e98e39111a3b893,959e1146e26af48b0f82ad0994d90066dd310c63abc778631fff34f9ca349041,959e1146e26af48b0f82ad0994d90066dd310c63abc778631fff34f9ca349041,0181eb88e7283a4280e408bc583c31f212e7b96c8223be9d6096a82a60d0b7ff,0181eb88e7283a4280e408bc583c31f212e7b96c8223be9d6096a82a60d0b7ff,844.6357421875,844.6357421875,1,1,1,1,1,1
p41-boxing-0021,brics-odroid-020_cam1,N16,16,5ede293e6b31bd93ee7a68e33b2c01f9520ff99eb960f9b05aea2befb65c298a,5ede293e6b31bd93ee7a68e33b2c01f9520ff99eb960f9b05aea2befb65c298a,848adc32dc00326e8b04491c6e786c960fd21923cfd197ecf089881d9dc10c6e,848adc32dc00326e8b04491c6e786c960fd21923cfd197ecf089881d9dc10c6e,0181eb88e7283a4280e408bc583c31f212e7b96c8223be9d6096a82a60d0b7ff,0181eb88e7283a4280e408bc583c31f212e7b96c8223be9d6096a82a60d0b7ff,839.7499084472656,839.7499084472656,1,1,1,1,1,1
p41-boxing-0021,brics-odroid-020_cam1,N32,32,74537e447d3b692fb9ff7ed500a3a2b090b075e58f40952023877aadd2b23922,74537e447d3b692fb9ff7ed500a3a2b090b075e58f40952023877aadd2b23922,60349e97f5b8e12bda4242d167cf583e9309f96657db6ffd5a94f5fac30f00a6,60349e97f5b8e12bda4242d167cf583e9309f96657db6ffd5a94f5fac30f00a6,0181eb88e7283a4280e408bc583c31f212e7b96c8223be9d6096a82a60d0b7ff,0181eb88e7283a4280e408bc583c31f212e7b96c8223be9d6096a82a60d0b7ff,840.2804260253906,840.2804260253906,1,1,1,1,1,1
p41-boxing-0021,brics-odroid-020_cam1,N8,8,0b28e9b37bc0c1edca7a7990d08e5a4f8ab8c8a1e695b617a45fb8f8de241ea5,0b28e9b37bc0c1edca7a7990d08e5a4f8ab8c8a1e695b617a45fb8f8de241ea5,0e655fc4f3bca949282f34865659ac325c855ba662edb4a43294dfc82b8bd925,0e655fc4f3bca949282f34865659ac325c855ba662edb4a43294dfc82b8bd925,0181eb88e7283a4280e408bc583c31f212e7b96c8223be9d6096a82a60d0b7ff,0181eb88e7283a4280e408bc583c31f212e7b96c8223be9d6096a82a60d0b7ff,839.4922180175781,839.4922180175781,1,1,1,1,1,1
p41-boxing-0021,brics-odroid-021_cam0,ALL_COMMON,52,e85278d5159c197e447fa22d3337aab93e9b1a4027b576b7cd51ba5acb3a472e,e85278d5159c197e447fa22d3337aab93e9b1a4027b576b7cd51ba5acb3a472e,dec0c63fe6f296e66aab70ff49e29c386b1754bbc847fe14e7ac49372c32bbd4,dec0c63fe6f296e66aab70ff49e29c386b1754bbc847fe14e7ac49372c32bbd4,2c40220e9d3cfc11156bf9a96b619dada31d540bf11d7d79b19f689686d184be,2c40220e9d3cfc11156bf9a96b619dada31d540bf11d7d79b19f689686d184be,833.8301086425781,833.8301086425781,1,1,1,1,1,1
p41-boxing-0021,brics-odroid-021_cam0,DIVERSE16,16,bc46bcdd61671f5310ccca66fb3abf92b31ea1ec39b94513f41b298d3dffaaaf,bc46bcdd61671f5310ccca66fb3abf92b31ea1ec39b94513f41b298d3dffaaaf,735c0ba3e4c54bb9a420ad1a5a214db5e4b079372c9a758979d459c0a2c4defe,735c0ba3e4c54bb9a420ad1a5a214db5e4b079372c9a758979d459c0a2c4defe,2c40220e9d3cfc11156bf9a96b619dada31d540bf11d7d79b19f689686d184be,2c40220e9d3cfc11156bf9a96b619dada31d540bf11d7d79b19f689686d184be,832.503173828125,832.503173828125,1,1,1,1,1,1
p41-boxing-0021,brics-odroid-021_cam0,DIVERSE32,32,e531cdac330b267bfc524b6fc4f9b2453b3adad2b65fef98dd38b939dca1d1b8,e531cdac330b267bfc524b6fc4f9b2453b3adad2b65fef98dd38b939dca1d1b8,068bd4102c8568bbd0597f8250c11db9d2b0a42b32536ecdf4ff89d1a2401ca8,068bd4102c8568bbd0597f8250c11db9d2b0a42b32536ecdf4ff89d1a2401ca8,2c40220e9d3cfc11156bf9a96b619dada31d540bf11d7d79b19f689686d184be,2c40220e9d3cfc11156bf9a96b619dada31d540bf11d7d79b19f689686d184be,834.2837524414062,834.2837524414062,1,1,1,1,1,1
p41-boxing-0021,brics-odroid-021_cam0,LOW16,16,057a143a138e4a6e6ec0d845308cf0e04a6e82728f37d0f37adf4f3c60c85555,057a143a138e4a6e6ec0d845308cf0e04a6e82728f37d0f37adf4f3c60c85555,418554b74b69b1e38a49fce495c9e09106dcb3fca492cfec45305dcb2ef3da13,418554b74b69b1e38a49fce495c9e09106dcb3fca492cfec45305dcb2ef3da13,2c40220e9d3cfc11156bf9a96b619dada31d540bf11d7d79b19f689686d184be,2c40220e9d3cfc11156bf9a96b619dada31d540bf11d7d79b19f689686d184be,833.3711547851562,833.3711547851562,1,1,1,1,1,1
p41-boxing-0021,brics-odroid-021_cam0,LOW32,32,d0bf801179e004a465ea4f43c882f27f95e9669686aa0f0d5fb1afa9305cb8f8,d0bf801179e004a465ea4f43c882f27f95e9669686aa0f0d5fb1afa9305cb8f8,e1257021f778e52552d815e33a7d4b5190c80610f2217296e109193f5f9d2dfe,e1257021f778e52552d815e33a7d4b5190c80610f2217296e109193f5f9d2dfe,2c40220e9d3cfc11156bf9a96b619dada31d540bf11d7d79b19f689686d184be,2c40220e9d3cfc11156bf9a96b619dada31d540bf11d7d79b19f689686d184be,833.4512939453125,833.4512939453125,1,1,1,1,1,1
p41-boxing-0021,brics-odroid-021_cam0,N16,16,6cfa4d49093f2dfbbdca68e73cddac607b50004f2677c10dfbc8f00e0901da11,6cfa4d49093f2dfbbdca68e73cddac607b50004f2677c10dfbc8f00e0901da11,fc0cc8a8536d379cd7aca3d757c105da027f5a7554bedf0bda5da4ed4d3502b4,fc0cc8a8536d379cd7aca3d757c105da027f5a7554bedf0bda5da4ed4d3502b4,2c40220e9d3cfc11156bf9a96b619dada31d540bf11d7d79b19f689686d184be,2c40220e9d3cfc11156bf9a96b619dada31d540bf11d7d79b19f689686d184be,836.1083068847656,836.1083068847656,1,1,1,1,1,1
p41-boxing-0021,brics-odroid-021_cam0,N32,32,611771b800de76e8cc97052d0b7f6ccd27054eef32e9dcc39b02866241666b78,611771b800de76e8cc97052d0b7f6ccd27054eef32e9dcc39b02866241666b78,db99d5bc9c8ce9eb848cccae2ec24bce25595d2d9b1b359d9bef382fd4cc39be,db99d5bc9c8ce9eb848cccae2ec24bce25595d2d9b1b359d9bef382fd4cc39be,2c40220e9d3cfc11156bf9a96b619dada31d540bf11d7d79b19f689686d184be,2c40220e9d3cfc11156bf9a96b619dada31d540bf11d7d79b19f689686d184be,833.0553588867188,833.0553588867188,1,1,1,1,1,1
p41-boxing-0021,brics-odroid-021_cam0,N8,8,0fa01a1e21cb490ac44a52e3902cfcbb853b0c441322021290cb5485fe8a6433,0fa01a1e21cb490ac44a52e3902cfcbb853b0c441322021290cb5485fe8a6433,1f557ba9dc18f91f1997003230658fe04db03d259f8d652b6e13f781f8771507,1f557ba9dc18f91f1997003230658fe04db03d259f8d652b6e13f781f8771507,2c40220e9d3cfc11156bf9a96b619dada31d540bf11d7d79b19f689686d184be,2c40220e9d3cfc11156bf9a96b619dada31d540bf11d7d79b19f689686d184be,838.9319458007812,838.9319458007812,1,1,1,1,1,1
p41-boxing-0021,brics-odroid-021_cam1,ALL_COMMON,46,6f3637f2ee69d18933669b68ec8eeb4754d7ab41a7c73d78c48461fd33257960,6f3637f2ee69d18933669b68ec8eeb4754d7ab41a7c73d78c48461fd33257960,d469bd353b79896bd2b6fdba3e001dd1a5e839b1bb0961ecbc053daf5f67817d,d469bd353b79896bd2b6fdba3e001dd1a5e839b1bb0961ecbc053daf5f67817d,9f9bbf2911940f4ae30b9f1c7f66a63a365334bb9dfd42819541eeba258ec893,9f9bbf2911940f4ae30b9f1c7f66a63a365334bb9dfd42819541eeba258ec893,771.5801391601562,771.5801391601562,1,1,1,1,1,1
p41-boxing-0021,brics-odroid-021_cam1,DIVERSE16,16,8fb56e77f722d9a88a8593f1808fd16e59b70e8abfc715f8acefe6e82bf39762,8fb56e77f722d9a88a8593f1808fd16e59b70e8abfc715f8acefe6e82bf39762,0e6fb87216ec4e97d796732f51dc032518b65fb4824562bed7f72523e74a96da,0e6fb87216ec4e97d796732f51dc032518b65fb4824562bed7f72523e74a96da,9f9bbf2911940f4ae30b9f1c7f66a63a365334bb9dfd42819541eeba258ec893,9f9bbf2911940f4ae30b9f1c7f66a63a365334bb9dfd42819541eeba258ec893,772.8316345214844,772.8316345214844,1,1,1,1,1,1
p41-boxing-0021,brics-odroid-021_cam1,DIVERSE32,32,f24f38a6653a8f5b1b6e97740f1b0b07e953062dacff7f93fe1824f74c61a4d5,f24f38a6653a8f5b1b6e97740f1b0b07e953062dacff7f93fe1824f74c61a4d5,48d0d07fc50e0c69c4ccd198ef0a119a681f8a120144b3a095707cbbeb0c13b4,48d0d07fc50e0c69c4ccd198ef0a119a681f8a120144b3a095707cbbeb0c13b4,9f9bbf2911940f4ae30b9f1c7f66a63a365334bb9dfd42819541eeba258ec893,9f9bbf2911940f4ae30b9f1c7f66a63a365334bb9dfd42819541eeba258ec893,772.8316345214844,772.8316345214844,1,1,1,1,1,1
p41-boxing-0021,brics-odroid-021_cam1,LOW16,16,a6704fc3a3dd34d04dc649184ed9b971ad0202b377e29e4db90a4c664c3e5222,a6704fc3a3dd34d04dc649184ed9b971ad0202b377e29e4db90a4c664c3e5222,5de45a243b5be823476ab02c42ccd0e5a804f52f14b30f2a98c55cac0bac2881,5de45a243b5be823476ab02c42ccd0e5a804f52f14b30f2a98c55cac0bac2881,9f9bbf2911940f4ae30b9f1c7f66a63a365334bb9dfd42819541eeba258ec893,9f9bbf2911940f4ae30b9f1c7f66a63a365334bb9dfd42819541eeba258ec893,770.1055603027344,770.1055603027344,1,1,1,1,1,1
p41-boxing-0021,brics-odroid-021_cam1,LOW32,32,c1cd57e99ed9270ae55eef6a75b29fa020b7e644ce438f88ef86a003205c63fa,c1cd57e99ed9270ae55eef6a75b29fa020b7e644ce438f88ef86a003205c63fa,7c2de1a09b84d953968bf67cd0cd50108ee71e854760f4a80a3643eea63de872,7c2de1a09b84d953968bf67cd0cd50108ee71e854760f4a80a3643eea63de872,9f9bbf2911940f4ae30b9f1c7f66a63a365334bb9dfd42819541eeba258ec893,9f9bbf2911940f4ae30b9f1c7f66a63a365334bb9dfd42819541eeba258ec893,772.8316345214844,772.8316345214844,1,1,1,1,1,1
p41-boxing-0021,brics-odroid-021_cam1,N16,16,964e6bdc08c4d428b3503af19ad7ba6358bea280081e9e0b059eb6e46d63264f,964e6bdc08c4d428b3503af19ad7ba6358bea280081e9e0b059eb6e46d63264f,c83cc45232e69669cbf3260629afa1adc8ff56cd694c9988286087d9fe9dadb2,c83cc45232e69669cbf3260629afa1adc8ff56cd694c9988286087d9fe9dadb2,9f9bbf2911940f4ae30b9f1c7f66a63a365334bb9dfd42819541eeba258ec893,9f9bbf2911940f4ae30b9f1c7f66a63a365334bb9dfd42819541eeba258ec893,771.5395202636719,771.5395202636719,1,1,1,1,1,1
p41-boxing-0021,brics-odroid-021_cam1,N32,32,f15278a051f19c8e9670f0dd2691ed08f6174cf650331ff77de94371e97c4ad4,f15278a051f19c8e9670f0dd2691ed08f6174cf650331ff77de94371e97c4ad4,bdcae555e2fbcc1a9924ba55e3aedfe8b62bf87f626d1821713f8174bfbf0a60,bdcae555e2fbcc1a9924ba55e3aedfe8b62bf87f626d1821713f8174bfbf0a60,9f9bbf2911940f4ae30b9f1c7f66a63a365334bb9dfd42819541eeba258ec893,9f9bbf2911940f4ae30b9f1c7f66a63a365334bb9dfd42819541eeba258ec893,771.5801391601562,771.5801391601562,1,1,1,1,1,1
p41-boxing-0021,brics-odroid-021_cam1,N8,8,26d6f2c75068f5a74e113612aa1fb0530b9dbd06b98101e21b34d34ab958977c,26d6f2c75068f5a74e113612aa1fb0530b9dbd06b98101e21b34d34ab958977c,1612cad3da3fa52b93b71b174bab87bb2201141d7deb7c5e8e1dbb92918e7107,1612cad3da3fa52b93b71b174bab87bb2201141d7deb7c5e8e1dbb92918e7107,9f9bbf2911940f4ae30b9f1c7f66a63a365334bb9dfd42819541eeba258ec893,9f9bbf2911940f4ae30b9f1c7f66a63a365334bb9dfd42819541eeba258ec893,770.7365112304688,770.7365112304688,1,1,1,1,1,1
p41-boxing-0021,brics-odroid-023_cam0,ALL_COMMON,54,3ac305b44df8b2da0de663867139b4aae72ba231781a021d91758ca1437c2644,3ac305b44df8b2da0de663867139b4aae72ba231781a021d91758ca1437c2644,4e101cbd4bd88326fc0c09a8d47e5456af15970053295b8d6e911d6b3116d375,4e101cbd4bd88326fc0c09a8d47e5456af15970053295b8d6e911d6b3116d375,839b7517db6c33f2c80be61921ec044eba380e6564f274e3774a0ab8839a8da4,839b7517db6c33f2c80be61921ec044eba380e6564f274e3774a0ab8839a8da4,845.5962524414062,845.5962524414062,1,1,1,1,1,1
p41-boxing-0021,brics-odroid-023_cam0,DIVERSE16,16,41920e7f40ffe90f200ed8a3ac1a7acf77fae4347a04f0b3332bc88b5197f0fd,41920e7f40ffe90f200ed8a3ac1a7acf77fae4347a04f0b3332bc88b5197f0fd,e2d7165e6901902fc8126774bc0f08363419806e7f5780a4671f589dec064ee7,e2d7165e6901902fc8126774bc0f08363419806e7f5780a4671f589dec064ee7,839b7517db6c33f2c80be61921ec044eba380e6564f274e3774a0ab8839a8da4,839b7517db6c33f2c80be61921ec044eba380e6564f274e3774a0ab8839a8da4,851.3651733398438,851.3651733398438,1,1,1,1,1,1
p41-boxing-0021,brics-odroid-023_cam0,DIVERSE32,32,73096f5e2f82dd3952f621144d5f4cde8e0099d98171f520fd81bdd22cd6c6f8,73096f5e2f82dd3952f621144d5f4cde8e0099d98171f520fd81bdd22cd6c6f8,e6703d30c3d95863ddc00ea564a26cea48320024154d464e09721ce85f04ce2b,e6703d30c3d95863ddc00ea564a26cea48320024154d464e09721ce85f04ce2b,839b7517db6c33f2c80be61921ec044eba380e6564f274e3774a0ab8839a8da4,839b7517db6c33f2c80be61921ec044eba380e6564f274e3774a0ab8839a8da4,851.3651733398438,851.3651733398438,1,1,1,1,1,1
p41-boxing-0021,brics-odroid-023_cam0,LOW16,16,fa8d76981ef4bb51eec3720c5d8adf7d40da9460d8c4866cae62279134b0bb0c,fa8d76981ef4bb51eec3720c5d8adf7d40da9460d8c4866cae62279134b0bb0c,87986c4ace4100b1264ea7fc7f4275aa71f4a4366c704a600ce7fc8257ecd0fe,87986c4ace4100b1264ea7fc7f4275aa71f4a4366c704a600ce7fc8257ecd0fe,839b7517db6c33f2c80be61921ec044eba380e6564f274e3774a0ab8839a8da4,839b7517db6c33f2c80be61921ec044eba380e6564f274e3774a0ab8839a8da4,836.9153442382812,836.9153442382812,1,1,1,1,1,1
p41-boxing-0021,brics-odroid-023_cam0,LOW32,32,a6a6c353dd13b4808e11cd222346cb5bdc459848a5d76edf5298de974cb5c790,a6a6c353dd13b4808e11cd222346cb5bdc459848a5d76edf5298de974cb5c790,23320c9643bb7a4cea27d188b26812375298b82637a98b9689695cc570bc30b5,23320c9643bb7a4cea27d188b26812375298b82637a98b9689695cc570bc30b5,839b7517db6c33f2c80be61921ec044eba380e6564f274e3774a0ab8839a8da4,839b7517db6c33f2c80be61921ec044eba380e6564f274e3774a0ab8839a8da4,838.0603942871094,838.0603942871094,1,1,1,1,1,1
p41-boxing-0021,brics-odroid-023_cam0,N16,16,990caf5725bea06536d23d13a9bf3e27103905c51e8dd0c9178efc704c72fc7f,990caf5725bea06536d23d13a9bf3e27103905c51e8dd0c9178efc704c72fc7f,6603c23b8db6ade5701af4d31e2ab82fffa1592f1945990222762df7943d77ce,6603c23b8db6ade5701af4d31e2ab82fffa1592f1945990222762df7943d77ce,839b7517db6c33f2c80be61921ec044eba380e6564f274e3774a0ab8839a8da4,839b7517db6c33f2c80be61921ec044eba380e6564f274e3774a0ab8839a8da4,840.1343383789062,840.1343383789062,1,1,1,1,1,1
p41-boxing-0021,brics-odroid-023_cam0,N32,32,3bd8b28c7d1f4f5ef59ae603a2a4eec97bb84b0610d2f4a46c4bc73390251014,3bd8b28c7d1f4f5ef59ae603a2a4eec97bb84b0610d2f4a46c4bc73390251014,1f3f347156c2d0fa38440b90cbcdc6ac7035b149cc3cb161e7286918bf79ae6c,1f3f347156c2d0fa38440b90cbcdc6ac7035b149cc3cb161e7286918bf79ae6c,839b7517db6c33f2c80be61921ec044eba380e6564f274e3774a0ab8839a8da4,839b7517db6c33f2c80be61921ec044eba380e6564f274e3774a0ab8839a8da4,847.5578918457031,847.5578918457031,1,1,1,1,1,1
p41-boxing-0021,brics-odroid-023_cam0,N8,8,2b14ee03a678c5bdad5ae0cf40f33d0796a6d928e49e7a6806783f98e90a5108,2b14ee03a678c5bdad5ae0cf40f33d0796a6d928e49e7a6806783f98e90a5108,ab7456925d6edeb21d933288f9dd74bd7901485d15c5d6a84aa5ed5f2ab6a249,ab7456925d6edeb21d933288f9dd74bd7901485d15c5d6a84aa5ed5f2ab6a249,839b7517db6c33f2c80be61921ec044eba380e6564f274e3774a0ab8839a8da4,839b7517db6c33f2c80be61921ec044eba380e6564f274e3774a0ab8839a8da4,838.9164428710938,838.9164428710938,1,1,1,1,1,1
p41-boxing-0021,brics-odroid-024_cam0,ALL_COMMON,51,c02a8c4bb30ee4deae2228a9967664d224c83b5de93a4911fca56910ffabc567,c02a8c4bb30ee4deae2228a9967664d224c83b5de93a4911fca56910ffabc567,092b4276ab264af9b3fc8f737ca5bee49f01ee43e09be92e2e6a4afcc99e4ec8,092b4276ab264af9b3fc8f737ca5bee49f01ee43e09be92e2e6a4afcc99e4ec8,b443a308335b17ca194db82f114190c8dfb8684dcc2f516dcbe6f78ac5af4b5f,b443a308335b17ca194db82f114190c8dfb8684dcc2f516dcbe6f78ac5af4b5f,813.125,813.125,1,1,1,1,1,1
p41-boxing-0021,brics-odroid-024_cam0,DIVERSE16,16,40d2f87f0ddc81f442e5254f2ac715eb3c76911bfcba6ea8768c2a406124c0d4,40d2f87f0ddc81f442e5254f2ac715eb3c76911bfcba6ea8768c2a406124c0d4,d45c392eb8ed7d310114c598817b26d4646013ed4eb5a75bd9f12c75a757527c,d45c392eb8ed7d310114c598817b26d4646013ed4eb5a75bd9f12c75a757527c,b443a308335b17ca194db82f114190c8dfb8684dcc2f516dcbe6f78ac5af4b5f,b443a308335b17ca194db82f114190c8dfb8684dcc2f516dcbe6f78ac5af4b5f,824.8321838378906,824.8321838378906,1,1,1,1,1,1
p41-boxing-0021,brics-odroid-024_cam0,DIVERSE32,32,dc3ddcc74a2cf156e6431f73a91ae636e47af52fcb3b433d55465248a6001f16,dc3ddcc74a2cf156e6431f73a91ae636e47af52fcb3b433d55465248a6001f16,a285eeecb1664a0db33ddc7fef88395afcb227bc5c8788f392a60c430f85325d,a285eeecb1664a0db33ddc7fef88395afcb227bc5c8788f392a60c430f85325d,b443a308335b17ca194db82f114190c8dfb8684dcc2f516dcbe6f78ac5af4b5f,b443a308335b17ca194db82f114190c8dfb8684dcc2f516dcbe6f78ac5af4b5f,814.5290832519531,814.5290832519531,1,1,1,1,1,1
p41-boxing-0021,brics-odroid-024_cam0,LOW16,16,a6ebcd900268329798bfbc9afeaec75ed64f5f29a35584fbc9bcc37c5c9248c5,a6ebcd900268329798bfbc9afeaec75ed64f5f29a35584fbc9bcc37c5c9248c5,e10e4936345125b9536512f6a6aac4e70562d6c79829f4d9d200f87d86eea0e3,e10e4936345125b9536512f6a6aac4e70562d6c79829f4d9d200f87d86eea0e3,b443a308335b17ca194db82f114190c8dfb8684dcc2f516dcbe6f78ac5af4b5f,b443a308335b17ca194db82f114190c8dfb8684dcc2f516dcbe6f78ac5af4b5f,807.3115844726562,807.3115844726562,1,1,1,1,1,1
p41-boxing-0021,brics-odroid-024_cam0,LOW32,32,873430dc66ef97404950041bcd543b6cece4ed8b1fb3e9a04eeb55e5a4ce389f,873430dc66ef97404950041bcd543b6cece4ed8b1fb3e9a04eeb55e5a4ce389f,6ea25abd7ea2872e769d5b57401978685281b068507990648e7e825ebb95322a,6ea25abd7ea2872e769d5b57401978685281b068507990648e7e825ebb95322a,b443a308335b17ca194db82f114190c8dfb8684dcc2f516dcbe6f78ac5af4b5f,b443a308335b17ca194db82f114190c8dfb8684dcc2f516dcbe6f78ac5af4b5f,810.3885803222656,810.3885803222656,1,1,1,1,1,1
p41-boxing-0021,brics-odroid-024_cam0,N16,16,b2414624d18069cddeaf0bcd999c8659bcaaa87e74b58e2a02ea8f1b5565f17f,b2414624d18069cddeaf0bcd999c8659bcaaa87e74b58e2a02ea8f1b5565f17f,ce3000dd0cde80f1d9372a72d6a20349afc0e73c178185868b827d480dd856b9,ce3000dd0cde80f1d9372a72d6a20349afc0e73c178185868b827d480dd856b9,b443a308335b17ca194db82f114190c8dfb8684dcc2f516dcbe6f78ac5af4b5f,b443a308335b17ca194db82f114190c8dfb8684dcc2f516dcbe6f78ac5af4b5f,815.8992614746094,815.8992614746094,1,1,1,1,1,1
p41-boxing-0021,brics-odroid-024_cam0,N32,32,2358197a4855263396ae309434c4d9eb91ee25ca95115aae9d6abc6d4f02ea28,2358197a4855263396ae309434c4d9eb91ee25ca95115aae9d6abc6d4f02ea28,b5a7fc734b31712a091b6061cf3a1dfcd4bcead442357a4ad5960b0f53ef87ca,b5a7fc734b31712a091b6061cf3a1dfcd4bcead442357a4ad5960b0f53ef87ca,b443a308335b17ca194db82f114190c8dfb8684dcc2f516dcbe6f78ac5af4b5f,b443a308335b17ca194db82f114190c8dfb8684dcc2f516dcbe6f78ac5af4b5f,811.845458984375,811.845458984375,1,1,1,1,1,1
p41-boxing-0021,brics-odroid-024_cam0,N8,8,ab4d03ea8d198f1bdee006cbe9b6329f7409b3cac933024ebd4dd1a23bb6940a,ab4d03ea8d198f1bdee006cbe9b6329f7409b3cac933024ebd4dd1a23bb6940a,e86770d15c536cc231456441c1f8ee7f88d428ac2d10fee9288d2dc9d71d4f41,e86770d15c536cc231456441c1f8ee7f88d428ac2d10fee9288d2dc9d71d4f41,b443a308335b17ca194db82f114190c8dfb8684dcc2f516dcbe6f78ac5af4b5f,b443a308335b17ca194db82f114190c8dfb8684dcc2f516dcbe6f78ac5af4b5f,821.4231567382812,821.4231567382812,1,1,1,1,1,1
p41-boxing-0021,brics-odroid-024_cam1,ALL_COMMON,55,32908f0a6e92ac649159b9b9b8724ba787f96ebb0c35579964c29d50a7bbf0ac,32908f0a6e92ac649159b9b9b8724ba787f96ebb0c35579964c29d50a7bbf0ac,05b5388e0a2edacfa447b616723d14be5e7eea69c299bd972f998ad5348d8779,05b5388e0a2edacfa447b616723d14be5e7eea69c299bd972f998ad5348d8779,dc631dbe9b6c3e23aee63540658c0e642117f81baac5d77ce476180a9517dca5,dc631dbe9b6c3e23aee63540658c0e642117f81baac5d77ce476180a9517dca5,867.4207153320312,867.4207153320312,1,1,1,1,1,1
p41-boxing-0021,brics-odroid-024_cam1,DIVERSE16,16,79de8adcbe55a27f59392f695bb101554651260844c5ef5c9ffabd1bf84c4ef0,79de8adcbe55a27f59392f695bb101554651260844c5ef5c9ffabd1bf84c4ef0,9670e4d14277e05acf1ae75c7ea71011b0a35f0fb19ffb7177a7ebf546f49a67,9670e4d14277e05acf1ae75c7ea71011b0a35f0fb19ffb7177a7ebf546f49a67,dc631dbe9b6c3e23aee63540658c0e642117f81baac5d77ce476180a9517dca5,dc631dbe9b6c3e23aee63540658c0e642117f81baac5d77ce476180a9517dca5,876.4696044921875,876.4696044921875,1,1,1,1,1,1
p41-boxing-0021,brics-odroid-024_cam1,DIVERSE32,32,21e147822c87fe28d7f6d1a6d0dadc12426e7ab3623cffa3d76d675892024afa,21e147822c87fe28d7f6d1a6d0dadc12426e7ab3623cffa3d76d675892024afa,71c30158b69492e20bcd0270ac9c26d7e67f9dc86372953c0cfcd3e9e909dc53,71c30158b69492e20bcd0270ac9c26d7e67f9dc86372953c0cfcd3e9e909dc53,dc631dbe9b6c3e23aee63540658c0e642117f81baac5d77ce476180a9517dca5,dc631dbe9b6c3e23aee63540658c0e642117f81baac5d77ce476180a9517dca5,873.3600158691406,873.3600158691406,1,1,1,1,1,1
p41-boxing-0021,brics-odroid-024_cam1,LOW16,16,e5028cd2820b72ec36304c89b9c6269d26c93c20a151b22ddce7ceca26db4709,e5028cd2820b72ec36304c89b9c6269d26c93c20a151b22ddce7ceca26db4709,12e64302b05e957886fae3e4bf8b5839e31af0e1090b99d7d74c0c4dfaf4799c,12e64302b05e957886fae3e4bf8b5839e31af0e1090b99d7d74c0c4dfaf4799c,dc631dbe9b6c3e23aee63540658c0e642117f81baac5d77ce476180a9517dca5,dc631dbe9b6c3e23aee63540658c0e642117f81baac5d77ce476180a9517dca5,860.8974609375,860.8974609375,1,1,1,1,1,1
p41-boxing-0021,brics-odroid-024_cam1,LOW32,32,098a3ffc3ceb1361a98fad3c3e37170994ea9f9ccd8bab7409fff1e4e927a0db,098a3ffc3ceb1361a98fad3c3e37170994ea9f9ccd8bab7409fff1e4e927a0db,fdd1c9fb0404e646f059e9fb7b388ee039d970d26bab2a3e16fe7d816d465da5,fdd1c9fb0404e646f059e9fb7b388ee039d970d26bab2a3e16fe7d816d465da5,dc631dbe9b6c3e23aee63540658c0e642117f81baac5d77ce476180a9517dca5,dc631dbe9b6c3e23aee63540658c0e642117f81baac5d77ce476180a9517dca5,864.178466796875,864.178466796875,1,1,1,1,1,1
p41-boxing-0021,brics-odroid-024_cam1,N16,16,f607f0810c581ed59f91198e95e26e39d5cf3d4e6e3c414bdb67693560d682b3,f607f0810c581ed59f91198e95e26e39d5cf3d4e6e3c414bdb67693560d682b3,f153b7b89560e08bcd2a5167c67fb83dfef2de1a4b7d997fcfefd68b8b54d940,f153b7b89560e08bcd2a5167c67fb83dfef2de1a4b7d997fcfefd68b8b54d940,dc631dbe9b6c3e23aee63540658c0e642117f81baac5d77ce476180a9517dca5,dc631dbe9b6c3e23aee63540658c0e642117f81baac5d77ce476180a9517dca5,870.7584533691406,870.7584533691406,1,1,1,1,1,1
p41-boxing-0021,brics-odroid-024_cam1,N32,32,e2427f9f8f56210fcfd44daec93699a033a5c062c81854d34b64e67f663bd77b,e2427f9f8f56210fcfd44daec93699a033a5c062c81854d34b64e67f663bd77b,dd6db165fc9142eb329901c20e2ac717fcb7a1364c43c6a713b2e4634379585c,dd6db165fc9142eb329901c20e2ac717fcb7a1364c43c6a713b2e4634379585c,dc631dbe9b6c3e23aee63540658c0e642117f81baac5d77ce476180a9517dca5,dc631dbe9b6c3e23aee63540658c0e642117f81baac5d77ce476180a9517dca5,870.5980224609375,870.5980224609375,1,1,1,1,1,1
p41-boxing-0021,brics-odroid-024_cam1,N8,8,50d23321bbab80ab5561076ec5cfaf4b5aa5fcae92b2431417baae0a7a056315,50d23321bbab80ab5561076ec5cfaf4b5aa5fcae92b2431417baae0a7a056315,dc24cdd119f5096a2dcc1851297c9a115e2b6a6dfbe7269b65e35dfddca7ccfd,dc24cdd119f5096a2dcc1851297c9a115e2b6a6dfbe7269b65e35dfddca7ccfd,dc631dbe9b6c3e23aee63540658c0e642117f81baac5d77ce476180a9517dca5,dc631dbe9b6c3e23aee63540658c0e642117f81baac5d77ce476180a9517dca5,865.9828796386719,865.9828796386719,1,1,1,1,1,1
p41-boxing-0021,brics-odroid-025_cam0,ALL_COMMON,56,f067aa72f179c5a21bb440c1f50efcb302a5a4bde2efb27bf5401ecfecdcd1a2,f067aa72f179c5a21bb440c1f50efcb302a5a4bde2efb27bf5401ecfecdcd1a2,cf02ea10c81a4d8c551120c5eedb0db804132afd96bfb3004c66414567c5b18a,cf02ea10c81a4d8c551120c5eedb0db804132afd96bfb3004c66414567c5b18a,7a03fea687ae064f0e9c81f3107a652a7a4adb409605bad37f33bc22f3074ee9,7a03fea687ae064f0e9c81f3107a652a7a4adb409605bad37f33bc22f3074ee9,720.8625183105469,720.8625183105469,1,1,1,1,1,1
p41-boxing-0021,brics-odroid-025_cam0,DIVERSE16,16,88730c186b683ebbfca84ad507143a508a46dd600147213e7ec9cef7d2fc4e7e,88730c186b683ebbfca84ad507143a508a46dd600147213e7ec9cef7d2fc4e7e,4a862d9f0962c2c74f1b35dbf69659c3f3f72c00f28e21dc90675d85cdd089a6,4a862d9f0962c2c74f1b35dbf69659c3f3f72c00f28e21dc90675d85cdd089a6,7a03fea687ae064f0e9c81f3107a652a7a4adb409605bad37f33bc22f3074ee9,7a03fea687ae064f0e9c81f3107a652a7a4adb409605bad37f33bc22f3074ee9,734.3424377441406,734.3424377441406,1,1,1,1,1,1
p41-boxing-0021,brics-odroid-025_cam0,DIVERSE32,32,ec1a2f7c75b63f0170de20db7c335a83bd9a6c728554b1370ec44031b37243d5,ec1a2f7c75b63f0170de20db7c335a83bd9a6c728554b1370ec44031b37243d5,f4ea8a3f9d81999253a3e7e7d395af862e084fa0c261789215698b6c74650071,f4ea8a3f9d81999253a3e7e7d395af862e084fa0c261789215698b6c74650071,7a03fea687ae064f0e9c81f3107a652a7a4adb409605bad37f33bc22f3074ee9,7a03fea687ae064f0e9c81f3107a652a7a4adb409605bad37f33bc22f3074ee9,734.692626953125,734.692626953125,1,1,1,1,1,1
p41-boxing-0021,brics-odroid-025_cam0,LOW16,16,dfd17563af5f6c227309af68ed2fd23654e492f0cf561afd3d4b77eed0d6e703,dfd17563af5f6c227309af68ed2fd23654e492f0cf561afd3d4b77eed0d6e703,4c779c9798ce754bee6005a2571dc8dc75ef59ae449f8fb816a0ef3deb394aaa,4c779c9798ce754bee6005a2571dc8dc75ef59ae449f8fb816a0ef3deb394aaa,7a03fea687ae064f0e9c81f3107a652a7a4adb409605bad37f33bc22f3074ee9,7a03fea687ae064f0e9c81f3107a652a7a4adb409605bad37f33bc22f3074ee9,704.1715698242188,704.1715698242188,1,1,1,1,1,1
p41-boxing-0021,brics-odroid-025_cam0,LOW32,32,76ad4ca30c1fd25b8437fd0b853616151d5619cf1efbd49327f3b731c0ce2038,76ad4ca30c1fd25b8437fd0b853616151d5619cf1efbd49327f3b731c0ce2038,0df28276fb7f22aae58ba206ef970b31ee43054b4ec678aee581245a66b1f7fd,0df28276fb7f22aae58ba206ef970b31ee43054b4ec678aee581245a66b1f7fd,7a03fea687ae064f0e9c81f3107a652a7a4adb409605bad37f33bc22f3074ee9,7a03fea687ae064f0e9c81f3107a652a7a4adb409605bad37f33bc22f3074ee9,709.5570373535156,709.5570373535156,1,1,1,1,1,1
p41-boxing-0021,brics-odroid-025_cam0,N16,16,61a5acf0546871aa1871b7a88798bc8a75c5c28415a2c92178305ae3facda9df,61a5acf0546871aa1871b7a88798bc8a75c5c28415a2c92178305ae3facda9df,5f9b5cd5854492adba2f3c860ca778322e8670c3f251d19dddcd3aa2d1fe7df8,5f9b5cd5854492adba2f3c860ca778322e8670c3f251d19dddcd3aa2d1fe7df8,7a03fea687ae064f0e9c81f3107a652a7a4adb409605bad37f33bc22f3074ee9,7a03fea687ae064f0e9c81f3107a652a7a4adb409605bad37f33bc22f3074ee9,725.3790283203125,725.3790283203125,1,1,1,1,1,1
p41-boxing-0021,brics-odroid-025_cam0,N32,32,0e02d8fa2a7d29afae2083ef828dfb82255c25b9161d785236e266d59b2d842e,0e02d8fa2a7d29afae2083ef828dfb82255c25b9161d785236e266d59b2d842e,5c05a47fe4962b2a02f055d1e57a78934b1dc36aa205f182710a8ef7f174b190,5c05a47fe4962b2a02f055d1e57a78934b1dc36aa205f182710a8ef7f174b190,7a03fea687ae064f0e9c81f3107a652a7a4adb409605bad37f33bc22f3074ee9,7a03fea687ae064f0e9c81f3107a652a7a4adb409605bad37f33bc22f3074ee9,721.6005859375,721.6005859375,1,1,1,1,1,1
p41-boxing-0021,brics-odroid-025_cam0,N8,8,88da8f5a435634140218cfa6b0487ce63fbfec79905f0b34b54de476360719bb,88da8f5a435634140218cfa6b0487ce63fbfec79905f0b34b54de476360719bb,c40552fdbbeb781e03b11a518bd5589d5c0fd1eb9d820cbc3164813ef1f058a4,c40552fdbbeb781e03b11a518bd5589d5c0fd1eb9d820cbc3164813ef1f058a4,7a03fea687ae064f0e9c81f3107a652a7a4adb409605bad37f33bc22f3074ee9,7a03fea687ae064f0e9c81f3107a652a7a4adb409605bad37f33bc22f3074ee9,733.2489013671875,733.2489013671875,1,1,1,1,1,1
p41-boxing-0021,brics-odroid-025_cam1,ALL_COMMON,24,30a728cb14bef3eb15a191751dd13ca48dccd61bce03f37da619b3d3328eaaf3,30a728cb14bef3eb15a191751dd13ca48dccd61bce03f37da619b3d3328eaaf3,88f522758f1c7c0805a192dd1e3b67cc5d9ab13da8b0039923e3462ada55ec8f,88f522758f1c7c0805a192dd1e3b67cc5d9ab13da8b0039923e3462ada55ec8f,ee71d52c6fb928e0769e0dabb6f79b2f04ce1be8841f4506fca2e017fee83eb5,ee71d52c6fb928e0769e0dabb6f79b2f04ce1be8841f4506fca2e017fee83eb5,839.1444091796875,839.1444091796875,1,1,1,1,1,1
p41-boxing-0021,brics-odroid-025_cam1,N16,16,3f63dda977b39d8947383c94ef97435de950201f46ec741b79a90eeb1f7c6ecf,3f63dda977b39d8947383c94ef97435de950201f46ec741b79a90eeb1f7c6ecf,b5af34ec129c50def97d85c011125bce9d3067f7a0479add9f8e4be4f8f78c7e,b5af34ec129c50def97d85c011125bce9d3067f7a0479add9f8e4be4f8f78c7e,ee71d52c6fb928e0769e0dabb6f79b2f04ce1be8841f4506fca2e017fee83eb5,ee71d52c6fb928e0769e0dabb6f79b2f04ce1be8841f4506fca2e017fee83eb5,842.330322265625,842.330322265625,1,1,1,1,1,1
p41-boxing-0021,brics-odroid-025_cam1,N8,8,9153065a89cbc2daace290ceec428f0e5b359f63c1258ec9fad7a3148768f479,9153065a89cbc2daace290ceec428f0e5b359f63c1258ec9fad7a3148768f479,9e93ea6279ef5defe2cffddd86e13a206695edcdec600162f01e56ecdf539704,9e93ea6279ef5defe2cffddd86e13a206695edcdec600162f01e56ecdf539704,ee71d52c6fb928e0769e0dabb6f79b2f04ce1be8841f4506fca2e017fee83eb5,ee71d52c6fb928e0769e0dabb6f79b2f04ce1be8841f4506fca2e017fee83eb5,842.330322265625,842.330322265625,1,1,1,1,1,1
p41-boxing-0021,brics-odroid-026_cam0,ALL_COMMON,22,411214cdd9cd26ca9bec0d2d2fbfb89156945eabf082ddfc1ea11ca082bd49d7,411214cdd9cd26ca9bec0d2d2fbfb89156945eabf082ddfc1ea11ca082bd49d7,cd34fc74dd8e62543a9a8eab94e43098af0a797765507366102c96bd27982451,cd34fc74dd8e62543a9a8eab94e43098af0a797765507366102c96bd27982451,89bf14d7711e2e3414aa88414a291b2412d18cdc766d582748c0aad20a5555d8,89bf14d7711e2e3414aa88414a291b2412d18cdc766d582748c0aad20a5555d8,842.8078002929688,842.8078002929688,1,1,1,1,1,1
p41-boxing-0021,brics-odroid-026_cam0,N16,16,75a05b769aedb58e862cf63d22d3e4c19d53843168059a5f51ae5e15bca9ce51,75a05b769aedb58e862cf63d22d3e4c19d53843168059a5f51ae5e15bca9ce51,8f538690111dcd7a392fb188c80200c4f01aced162677f3b8b4acfbde39badb4,8f538690111dcd7a392fb188c80200c4f01aced162677f3b8b4acfbde39badb4,89bf14d7711e2e3414aa88414a291b2412d18cdc766d582748c0aad20a5555d8,89bf14d7711e2e3414aa88414a291b2412d18cdc766d582748c0aad20a5555d8,842.5404663085938,842.5404663085938,1,1,1,1,1,1
p41-boxing-0021,brics-odroid-026_cam0,N8,8,a8f520f613a679d7bbda1b1310253ae71d4b260014710ba068164f80228e04fb,a8f520f613a679d7bbda1b1310253ae71d4b260014710ba068164f80228e04fb,41ef212b209d2d410ca0cf49374bdde5114c673d6ef1b3192043632d4abce511,41ef212b209d2d410ca0cf49374bdde5114c673d6ef1b3192043632d4abce511,89bf14d7711e2e3414aa88414a291b2412d18cdc766d582748c0aad20a5555d8,89bf14d7711e2e3414aa88414a291b2412d18cdc766d582748c0aad20a5555d8,838.9776306152344,838.9776306152344,1,1,1,1,1,1
p41-boxing-0021,brics-odroid-026_cam1,ALL_COMMON,45,c434ff6f4082f6e9d3f768428b113b37e06e53e7328a6dbab29d37c8565a20d1,c434ff6f4082f6e9d3f768428b113b37e06e53e7328a6dbab29d37c8565a20d1,b81fd9912f351f9de170e1d1bffe1c8554c0fd4ed3bbb09b2332fe3f850439f5,b81fd9912f351f9de170e1d1bffe1c8554c0fd4ed3bbb09b2332fe3f850439f5,7a6191dd18d96733f37c256267cf019c7186e29d9355180d4bc9753c15e898aa,7a6191dd18d96733f37c256267cf019c7186e29d9355180d4bc9753c15e898aa,847.140869140625,847.140869140625,1,1,1,1,1,1
p41-boxing-0021,brics-odroid-026_cam1,DIVERSE16,16,8cc65c425c0f410d9afe654b88ef4049ebd7abb44f4c80e1611779d05a9bef1b,8cc65c425c0f410d9afe654b88ef4049ebd7abb44f4c80e1611779d05a9bef1b,23e21fd781d2c917f9a828e771bbca0dea4e30154c914e3ad7587578175ca254,23e21fd781d2c917f9a828e771bbca0dea4e30154c914e3ad7587578175ca254,7a6191dd18d96733f37c256267cf019c7186e29d9355180d4bc9753c15e898aa,7a6191dd18d96733f37c256267cf019c7186e29d9355180d4bc9753c15e898aa,847.5562133789062,847.5562133789062,1,1,1,1,1,1
p41-boxing-0021,brics-odroid-026_cam1,DIVERSE32,32,642a4b7d67778330f23a6e687d6fae74c5dd7981b162e36879ca934d3875d1e9,642a4b7d67778330f23a6e687d6fae74c5dd7981b162e36879ca934d3875d1e9,6e41675a2b363e20f4a41b5980bbe8b51a4024c80e3cecc24469e19fe5d0ae8c,6e41675a2b363e20f4a41b5980bbe8b51a4024c80e3cecc24469e19fe5d0ae8c,7a6191dd18d96733f37c256267cf019c7186e29d9355180d4bc9753c15e898aa,7a6191dd18d96733f37c256267cf019c7186e29d9355180d4bc9753c15e898aa,847.3439025878906,847.3439025878906,1,1,1,1,1,1
p41-boxing-0021,brics-odroid-026_cam1,LOW16,16,09995ad45db7d001da851b7879e5306073484331295963f34c0719be19268b2f,09995ad45db7d001da851b7879e5306073484331295963f34c0719be19268b2f,145af9afed55e51508590eec395ab6a44f985f4d0a80ed573818169227dc2c62,145af9afed55e51508590eec395ab6a44f985f4d0a80ed573818169227dc2c62,7a6191dd18d96733f37c256267cf019c7186e29d9355180d4bc9753c15e898aa,7a6191dd18d96733f37c256267cf019c7186e29d9355180d4bc9753c15e898aa,843.7828674316406,843.7828674316406,1,1,1,1,1,1
p41-boxing-0021,brics-odroid-026_cam1,LOW32,32,6fb83e5db9536570e3ccadc2b977b7de7c45ef3cdedf9097e8e81f5425639ba0,6fb83e5db9536570e3ccadc2b977b7de7c45ef3cdedf9097e8e81f5425639ba0,29c209fee910ab64ca5fc3fff3cf09649b316554fb106317c3a124340d32ec1e,29c209fee910ab64ca5fc3fff3cf09649b316554fb106317c3a124340d32ec1e,7a6191dd18d96733f37c256267cf019c7186e29d9355180d4bc9753c15e898aa,7a6191dd18d96733f37c256267cf019c7186e29d9355180d4bc9753c15e898aa,847.3439025878906,847.3439025878906,1,1,1,1,1,1
p41-boxing-0021,brics-odroid-026_cam1,N16,16,194fdefe49de2938243b6917bf7dd39bfe7ace1c37b1f03183d011b29e0c4858,194fdefe49de2938243b6917bf7dd39bfe7ace1c37b1f03183d011b29e0c4858,ec95c42f64c8d505fcc5ac3dba30767c038528ca109ecaeac19605b598aed8d1,ec95c42f64c8d505fcc5ac3dba30767c038528ca109ecaeac19605b598aed8d1,7a6191dd18d96733f37c256267cf019c7186e29d9355180d4bc9753c15e898aa,7a6191dd18d96733f37c256267cf019c7186e29d9355180d4bc9753c15e898aa,845.27490234375,845.27490234375,1,1,1,1,1,1
p41-boxing-0021,brics-odroid-026_cam1,N32,32,9738245914964e4a250d726f5d5974e789a02d2219bad18619c1afb309963b25,9738245914964e4a250d726f5d5974e789a02d2219bad18619c1afb309963b25,8223f971bcf5a0e802a9b841db13dcc97263bc0657e52d0a661d2f5f6b310af4,8223f971bcf5a0e802a9b841db13dcc97263bc0657e52d0a661d2f5f6b310af4,7a6191dd18d96733f37c256267cf019c7186e29d9355180d4bc9753c15e898aa,7a6191dd18d96733f37c256267cf019c7186e29d9355180d4bc9753c15e898aa,846.1658325195312,846.1658325195312,1,1,1,1,1,1
p41-boxing-0021,brics-odroid-026_cam1,N8,8,4a0847aa504b6a4fe917892239529c0cf11efde43fcc7eca44b22bebd98165bf,4a0847aa504b6a4fe917892239529c0cf11efde43fcc7eca44b22bebd98165bf,95a102414d1954fee0e89129216efb2ae249a9ad77c2cd5efeced110b04c4e7b,95a102414d1954fee0e89129216efb2ae249a9ad77c2cd5efeced110b04c4e7b,7a6191dd18d96733f37c256267cf019c7186e29d9355180d4bc9753c15e898aa,7a6191dd18d96733f37c256267cf019c7186e29d9355180d4bc9753c15e898aa,844.1116333007812,844.1116333007812,1,1,1,1,1,1
p41-boxing-0021,brics-odroid-027_cam0,ALL_COMMON,16,c096c9f5ad81159da12def9b494fbbde1a05a9077d3d584a3574074a9a81d6db,c096c9f5ad81159da12def9b494fbbde1a05a9077d3d584a3574074a9a81d6db,1977293b96436f9a4545e9db311482aa2ab8ce30fa2ca2c4887b9fa5d454e5e6,1977293b96436f9a4545e9db311482aa2ab8ce30fa2ca2c4887b9fa5d454e5e6,58a6595786792877d2338e4b0b455792fd82a500be1aad7ac1f01510347c8def,58a6595786792877d2338e4b0b455792fd82a500be1aad7ac1f01510347c8def,883.7167663574219,883.7167663574219,1,1,1,1,1,1
p41-boxing-0021,brics-odroid-027_cam0,N16,16,c096c9f5ad81159da12def9b494fbbde1a05a9077d3d584a3574074a9a81d6db,c096c9f5ad81159da12def9b494fbbde1a05a9077d3d584a3574074a9a81d6db,1977293b96436f9a4545e9db311482aa2ab8ce30fa2ca2c4887b9fa5d454e5e6,1977293b96436f9a4545e9db311482aa2ab8ce30fa2ca2c4887b9fa5d454e5e6,58a6595786792877d2338e4b0b455792fd82a500be1aad7ac1f01510347c8def,58a6595786792877d2338e4b0b455792fd82a500be1aad7ac1f01510347c8def,883.7167663574219,883.7167663574219,1,1,1,1,1,1
p41-boxing-0021,brics-odroid-027_cam0,N8,8,3be23f0ac6a8b0b8406b31d9db7cf8b3c6827f1b7b4ec202b9c60b108d18c95b,3be23f0ac6a8b0b8406b31d9db7cf8b3c6827f1b7b4ec202b9c60b108d18c95b,0be496f64fce693caae1e97bae9ca3bfdecfe7ed7d053cdf0a5d1e9ec7edadd0,0be496f64fce693caae1e97bae9ca3bfdecfe7ed7d053cdf0a5d1e9ec7edadd0,58a6595786792877d2338e4b0b455792fd82a500be1aad7ac1f01510347c8def,58a6595786792877d2338e4b0b455792fd82a500be1aad7ac1f01510347c8def,881.2153930664062,881.2153930664062,1,1,1,1,1,1
p41-boxing-0021,brics-odroid-028_cam0,ALL_COMMON,26,cb55ac40f64fabe2aa40c0297ba945ef758b6d9e13d5cd3d560237e3fa8fb573,cb55ac40f64fabe2aa40c0297ba945ef758b6d9e13d5cd3d560237e3fa8fb573,96db3a7ee688244c4c40d78be0f4257250bc00c8aee6042db559ae609b2a0f9d,96db3a7ee688244c4c40d78be0f4257250bc00c8aee6042db559ae609b2a0f9d,0711804ad9713a5a20a991dc7924df01d6fc44e7dbacf2931030506a77b7c1c4,0711804ad9713a5a20a991dc7924df01d6fc44e7dbacf2931030506a77b7c1c4,822.0958251953125,822.0958251953125,1,1,1,1,1,1
p41-boxing-0021,brics-odroid-028_cam0,N16,16,994bc9eda618a6b633b27989aed6e22974db1a4f41d9eff0491788ed023605e8,994bc9eda618a6b633b27989aed6e22974db1a4f41d9eff0491788ed023605e8,ae8d30112dc4f39586457e42ef45df18a5c523c31daa7ffab36d2687860ad5df,ae8d30112dc4f39586457e42ef45df18a5c523c31daa7ffab36d2687860ad5df,0711804ad9713a5a20a991dc7924df01d6fc44e7dbacf2931030506a77b7c1c4,0711804ad9713a5a20a991dc7924df01d6fc44e7dbacf2931030506a77b7c1c4,822.1839599609375,822.1839599609375,1,1,1,1,1,1
p41-boxing-0021,brics-odroid-028_cam0,N8,8,3b52985d557fd332be9caeea0f281f64e0a41c5042b46ec3cae91231aa7efb38,3b52985d557fd332be9caeea0f281f64e0a41c5042b46ec3cae91231aa7efb38,41679e3d584463b46358b194e4046bd1f18f0dedccf40c7fdf52e9c85b85d74e,41679e3d584463b46358b194e4046bd1f18f0dedccf40c7fdf52e9c85b85d74e,0711804ad9713a5a20a991dc7924df01d6fc44e7dbacf2931030506a77b7c1c4,0711804ad9713a5a20a991dc7924df01d6fc44e7dbacf2931030506a77b7c1c4,822.1839599609375,822.1839599609375,1,1,1,1,1,1
p41-boxing-0021,brics-odroid-029_cam0,ALL_COMMON,19,106b19252e03d0fd1c83dfbcefecc191ea5ae3684476f58fc03ce4204a01bc4e,106b19252e03d0fd1c83dfbcefecc191ea5ae3684476f58fc03ce4204a01bc4e,a5bab15be242724492efe907fb3ce433c17b2a88a7c15faed0842182ffb37d3f,a5bab15be242724492efe907fb3ce433c17b2a88a7c15faed0842182ffb37d3f,39daa79d5c6fc6cd490a9c51ad92ddaa2519bee19d2e6e2fa005373bf88d6f1a,39daa79d5c6fc6cd490a9c51ad92ddaa2519bee19d2e6e2fa005373bf88d6f1a,845.2771606445312,845.2771606445312,1,1,1,1,1,1
p41-boxing-0021,brics-odroid-029_cam0,N16,16,33afcd04af8a6ce067a1191801f8b8a547beefc73c96bea0af745d8fa62497be,33afcd04af8a6ce067a1191801f8b8a547beefc73c96bea0af745d8fa62497be,e56f990ef4b7a05bd01fe650f2d63fc25cbe23c8582ba9cb329b47edced25dc6,e56f990ef4b7a05bd01fe650f2d63fc25cbe23c8582ba9cb329b47edced25dc6,39daa79d5c6fc6cd490a9c51ad92ddaa2519bee19d2e6e2fa005373bf88d6f1a,39daa79d5c6fc6cd490a9c51ad92ddaa2519bee19d2e6e2fa005373bf88d6f1a,840.1217651367188,840.1217651367188,1,1,1,1,1,1
p41-boxing-0021,brics-odroid-029_cam0,N8,8,e7529e0692d987c4266199c981f9487f8aaab4891ff71b748205ed2b4b0d1966,e7529e0692d987c4266199c981f9487f8aaab4891ff71b748205ed2b4b0d1966,021eebd6727382a8116512e9ee88b641cd1d4e489638eddad196111f1174c2b7,021eebd6727382a8116512e9ee88b641cd1d4e489638eddad196111f1174c2b7,39daa79d5c6fc6cd490a9c51ad92ddaa2519bee19d2e6e2fa005373bf88d6f1a,39daa79d5c6fc6cd490a9c51ad92ddaa2519bee19d2e6e2fa005373bf88d6f1a,836.7126159667969,836.7126159667969,1,1,1,1,1,1
p41-boxing-0021,brics-odroid-029_cam1,ALL_COMMON,56,0c44e8b560261d9531395741ca6a847f64d2feb99b20e1cd79b8c3183c6386cb,0c44e8b560261d9531395741ca6a847f64d2feb99b20e1cd79b8c3183c6386cb,7639c63efcc5b4c6efd5d1007efdd0116b792f995c72ae6a199ed9410f48f93a,7639c63efcc5b4c6efd5d1007efdd0116b792f995c72ae6a199ed9410f48f93a,1b994a83add164280c96183cc917cca0b5f85fe0420d2cc932808b03f702ae4d,1b994a83add164280c96183cc917cca0b5f85fe0420d2cc932808b03f702ae4d,893.2012939453125,893.2012939453125,1,1,1,1,1,1
p41-boxing-0021,brics-odroid-029_cam1,DIVERSE16,16,fd4ae1cef71b8ac69374558db056a3418f025da3c71b72ab448cfad5cd957132,fd4ae1cef71b8ac69374558db056a3418f025da3c71b72ab448cfad5cd957132,376307ebe1a7397b5c4ae22a2d01804d855ce663924b8080b7510e5796624168,376307ebe1a7397b5c4ae22a2d01804d855ce663924b8080b7510e5796624168,1b994a83add164280c96183cc917cca0b5f85fe0420d2cc932808b03f702ae4d,1b994a83add164280c96183cc917cca0b5f85fe0420d2cc932808b03f702ae4d,893.7842407226562,893.7842407226562,1,1,1,1,1,1
p41-boxing-0021,brics-odroid-029_cam1,DIVERSE32,32,168e3a7d352521522d9a6ed5702484125206e523a2002c5f01c0c8285a454c7a,168e3a7d352521522d9a6ed5702484125206e523a2002c5f01c0c8285a454c7a,30e342aeaa0a06c4c84560a7cc972b62d6cc20f4f700be6c1e12856d7a1b2254,30e342aeaa0a06c4c84560a7cc972b62d6cc20f4f700be6c1e12856d7a1b2254,1b994a83add164280c96183cc917cca0b5f85fe0420d2cc932808b03f702ae4d,1b994a83add164280c96183cc917cca0b5f85fe0420d2cc932808b03f702ae4d,896.7105407714844,896.7105407714844,1,1,1,1,1,1
p41-boxing-0021,brics-odroid-029_cam1,LOW16,16,6a735f77e7c7353084127552eb08178d6bfc1eb182671ff12876e1e03853af8e,6a735f77e7c7353084127552eb08178d6bfc1eb182671ff12876e1e03853af8e,82879b7771f8ca84f7de253bf41a6b4dbda399e7187b7344a47428558678dd64,82879b7771f8ca84f7de253bf41a6b4dbda399e7187b7344a47428558678dd64,1b994a83add164280c96183cc917cca0b5f85fe0420d2cc932808b03f702ae4d,1b994a83add164280c96183cc917cca0b5f85fe0420d2cc932808b03f702ae4d,885.7009582519531,885.7009582519531,1,1,1,1,1,1
p41-boxing-0021,brics-odroid-029_cam1,LOW32,32,e5769ace2b4f1a4dbaa26ae04290355bbb80010b2f016a9c67036ad61c056d4c,e5769ace2b4f1a4dbaa26ae04290355bbb80010b2f016a9c67036ad61c056d4c,ef195e57418fce2c18dc8a23bb357afa871d31593debc7cd5dfba726c091e7c6,ef195e57418fce2c18dc8a23bb357afa871d31593debc7cd5dfba726c091e7c6,1b994a83add164280c96183cc917cca0b5f85fe0420d2cc932808b03f702ae4d,1b994a83add164280c96183cc917cca0b5f85fe0420d2cc932808b03f702ae4d,893.2012939453125,893.2012939453125,1,1,1,1,1,1
p41-boxing-0021,brics-odroid-029_cam1,N16,16,18ad3d1c571b16663d7e84db93636dcdac0329b2d99a0af2c7a91d932c252915,18ad3d1c571b16663d7e84db93636dcdac0329b2d99a0af2c7a91d932c252915,7a053c09c066c8bd29a1a9d3bc1179fe338cd8432ebe4ab85ae1d7f5b621d729,7a053c09c066c8bd29a1a9d3bc1179fe338cd8432ebe4ab85ae1d7f5b621d729,1b994a83add164280c96183cc917cca0b5f85fe0420d2cc932808b03f702ae4d,1b994a83add164280c96183cc917cca0b5f85fe0420d2cc932808b03f702ae4d,895.1445922851562,895.1445922851562,1,1,1,1,1,1
p41-boxing-0021,brics-odroid-029_cam1,N32,32,87e90a1e86fe741cf4110297363910bab04f10681437096f58b7e29589ed1fbd,87e90a1e86fe741cf4110297363910bab04f10681437096f58b7e29589ed1fbd,1720fd7deea7ac681ddb3167878e4fd350f36a50da45f2e8273164c9fc72ab36,1720fd7deea7ac681ddb3167878e4fd350f36a50da45f2e8273164c9fc72ab36,1b994a83add164280c96183cc917cca0b5f85fe0420d2cc932808b03f702ae4d,1b994a83add164280c96183cc917cca0b5f85fe0420d2cc932808b03f702ae4d,889.9832763671875,889.9832763671875,1,1,1,1,1,1
p41-boxing-0021,brics-odroid-029_cam1,N8,8,081a172b4e30b78ef361aa2ed3afc0a690d9dab87e84edd462fddeab2c2bfe77,081a172b4e30b78ef361aa2ed3afc0a690d9dab87e84edd462fddeab2c2bfe77,4206f1940f88955f8207cbb5c355b04e6193e28478306dc021b7a5ba22780edd,4206f1940f88955f8207cbb5c355b04e6193e28478306dc021b7a5ba22780edd,1b994a83add164280c96183cc917cca0b5f85fe0420d2cc932808b03f702ae4d,1b994a83add164280c96183cc917cca0b5f85fe0420d2cc932808b03f702ae4d,887.8458251953125,887.8458251953125,1,1,1,1,1,1
p41-boxing-0021,brics-odroid-030_cam0,ALL_COMMON,62,796c5bb350fb7c43861a165f2d88ebf0ed206645b3516dc78b467bdcb554c51d,796c5bb350fb7c43861a165f2d88ebf0ed206645b3516dc78b467bdcb554c51d,6e01efcc880835dad348a7f918d6374824cd586fe939b12c53c81fe0c99667a6,6e01efcc880835dad348a7f918d6374824cd586fe939b12c53c81fe0c99667a6,2dc0454d9e10696815469137abd1231054d0c48eb92568cc5e59f3bbffebb92b,2dc0454d9e10696815469137abd1231054d0c48eb92568cc5e59f3bbffebb92b,784.0708312988281,784.0708312988281,1,1,1,1,1,1
p41-boxing-0021,brics-odroid-030_cam0,DIVERSE16,16,143a8f8acee0317f18cc41f3c871fa483a14add2b17adc17fa5f61a6aedc1fa2,143a8f8acee0317f18cc41f3c871fa483a14add2b17adc17fa5f61a6aedc1fa2,194edde5ad6bb4688fad813af4aebcbefc7544a54eb5408a6875aa6b0738123d,194edde5ad6bb4688fad813af4aebcbefc7544a54eb5408a6875aa6b0738123d,2dc0454d9e10696815469137abd1231054d0c48eb92568cc5e59f3bbffebb92b,2dc0454d9e10696815469137abd1231054d0c48eb92568cc5e59f3bbffebb92b,782.7156982421875,782.7156982421875,1,1,1,1,1,1
p41-boxing-0021,brics-odroid-030_cam0,DIVERSE32,32,87db0c28b8f2a0cb3146c0c24801e4610b9a49565027a86fe075583a931d85d6,87db0c28b8f2a0cb3146c0c24801e4610b9a49565027a86fe075583a931d85d6,a8a23a0807d86adced1bdcd48d760220abcf83bfb0414f9656bb162d4723cd32,a8a23a0807d86adced1bdcd48d760220abcf83bfb0414f9656bb162d4723cd32,2dc0454d9e10696815469137abd1231054d0c48eb92568cc5e59f3bbffebb92b,2dc0454d9e10696815469137abd1231054d0c48eb92568cc5e59f3bbffebb92b,784.7467651367188,784.7467651367188,1,1,1,1,1,1
p41-boxing-0021,brics-odroid-030_cam0,LOW16,16,2cd2bf4d722a71da9095553116e56eb72880697034b2a2cacaff6a25533838b1,2cd2bf4d722a71da9095553116e56eb72880697034b2a2cacaff6a25533838b1,4e4240958f20f0933e559aeb119585450db6a8082dec24c6a518cc48cf371b5f,4e4240958f20f0933e559aeb119585450db6a8082dec24c6a518cc48cf371b5f,2dc0454d9e10696815469137abd1231054d0c48eb92568cc5e59f3bbffebb92b,2dc0454d9e10696815469137abd1231054d0c48eb92568cc5e59f3bbffebb92b,769.5773010253906,769.5773010253906,1,1,1,1,1,1
p41-boxing-0021,brics-odroid-030_cam0,LOW32,32,3d2e0041ef169be00e1d86fb9cf774ea32d49efd68af026cce21ac2c7d3c2b1f,3d2e0041ef169be00e1d86fb9cf774ea32d49efd68af026cce21ac2c7d3c2b1f,908504d1646c4c75ab94933026e9dd31a46b9f3f7317e9dd8509525a1c1c7119,908504d1646c4c75ab94933026e9dd31a46b9f3f7317e9dd8509525a1c1c7119,2dc0454d9e10696815469137abd1231054d0c48eb92568cc5e59f3bbffebb92b,2dc0454d9e10696815469137abd1231054d0c48eb92568cc5e59f3bbffebb92b,783.6058959960938,783.6058959960938,1,1,1,1,1,1
p41-boxing-0021,brics-odroid-030_cam0,N16,16,3c1bbcd5f0980a720e65335ce02f264e0633693085a72f38aed13fb48511a3c4,3c1bbcd5f0980a720e65335ce02f264e0633693085a72f38aed13fb48511a3c4,7aa6f4bce1676c26e04a8f24de8ad8004c275ed98b8f78fda66df79180351959,7aa6f4bce1676c26e04a8f24de8ad8004c275ed98b8f78fda66df79180351959,2dc0454d9e10696815469137abd1231054d0c48eb92568cc5e59f3bbffebb92b,2dc0454d9e10696815469137abd1231054d0c48eb92568cc5e59f3bbffebb92b,782.5592651367188,782.5592651367188,1,1,1,1,1,1
p41-boxing-0021,brics-odroid-030_cam0,N32,32,f95fbc0c6b3959dcc54b44695e1effb79e6184db2321a7f7df888b40b88d2d1a,f95fbc0c6b3959dcc54b44695e1effb79e6184db2321a7f7df888b40b88d2d1a,6597941e7f206533e49cea8243e53f5fbece159a17a25516fbdb91c88f2c8f2d,6597941e7f206533e49cea8243e53f5fbece159a17a25516fbdb91c88f2c8f2d,2dc0454d9e10696815469137abd1231054d0c48eb92568cc5e59f3bbffebb92b,2dc0454d9e10696815469137abd1231054d0c48eb92568cc5e59f3bbffebb92b,784.2728881835938,784.2728881835938,1,1,1,1,1,1
p41-boxing-0021,brics-odroid-030_cam0,N8,8,29006669701fb52c6f53d49ca9825f4b0228c8618a1d3723baa65a0a967e942c,29006669701fb52c6f53d49ca9825f4b0228c8618a1d3723baa65a0a967e942c,0683325b7749e95c13a766c2be95cf4fe302a4cf5c3a920f7312531a8d3f4b1b,0683325b7749e95c13a766c2be95cf4fe302a4cf5c3a920f7312531a8d3f4b1b,2dc0454d9e10696815469137abd1231054d0c48eb92568cc5e59f3bbffebb92b,2dc0454d9e10696815469137abd1231054d0c48eb92568cc5e59f3bbffebb92b,782.1777038574219,782.1777038574219,1,1,1,1,1,1
p41-boxing-0021,brics-odroid-030_cam1,ALL_COMMON,54,23aecfabb9bd6a5e5a629dafcece40360aa926a5d1461fe72cabcaa94d647ead,23aecfabb9bd6a5e5a629dafcece40360aa926a5d1461fe72cabcaa94d647ead,f93d834f21c1eb8fce0dae1c0da530356e40ad4f7b348c55c91003e9d5b80a6c,f93d834f21c1eb8fce0dae1c0da530356e40ad4f7b348c55c91003e9d5b80a6c,0abb89a766c1848f382683b55faa908260ace42c131755a9fa51b62a0431f845,0abb89a766c1848f382683b55faa908260ace42c131755a9fa51b62a0431f845,755.7714538574219,755.7714538574219,1,1,1,1,1,1
p41-boxing-0021,brics-odroid-030_cam1,DIVERSE16,16,81779e8a24a344bfb727abaed2e73deb4e0d9963f3195d24f9dbc6fbd7e516a1,81779e8a24a344bfb727abaed2e73deb4e0d9963f3195d24f9dbc6fbd7e516a1,37598649dec8fa05d4d45a08b503d237e69e20667bcf992e3dfbc67f0b266333,37598649dec8fa05d4d45a08b503d237e69e20667bcf992e3dfbc67f0b266333,0abb89a766c1848f382683b55faa908260ace42c131755a9fa51b62a0431f845,0abb89a766c1848f382683b55faa908260ace42c131755a9fa51b62a0431f845,753.1316223144531,753.1316223144531,1,1,1,1,1,1
p41-boxing-0021,brics-odroid-030_cam1,DIVERSE32,32,f2c57f51eaa93c90aeb060d18ef0e3392cc3f0d25a28d0a39162fd6cb971ea05,f2c57f51eaa93c90aeb060d18ef0e3392cc3f0d25a28d0a39162fd6cb971ea05,d898462a25b602e8462f4acf9627d56077385f8d6152b8bbcf4dd5baefad513b,d898462a25b602e8462f4acf9627d56077385f8d6152b8bbcf4dd5baefad513b,0abb89a766c1848f382683b55faa908260ace42c131755a9fa51b62a0431f845,0abb89a766c1848f382683b55faa908260ace42c131755a9fa51b62a0431f845,759.0403137207031,759.0403137207031,1,1,1,1,1,1
p41-boxing-0021,brics-odroid-030_cam1,LOW16,16,eab73182cc87b14f289e7e3f88b2720756620456d498d06bb1853fc23442c34d,eab73182cc87b14f289e7e3f88b2720756620456d498d06bb1853fc23442c34d,bce9532ce75e71d1a9172e0d8b55123b078691bdf50c58e0b3ae5983e225dafc,bce9532ce75e71d1a9172e0d8b55123b078691bdf50c58e0b3ae5983e225dafc,0abb89a766c1848f382683b55faa908260ace42c131755a9fa51b62a0431f845,0abb89a766c1848f382683b55faa908260ace42c131755a9fa51b62a0431f845,751.6852722167969,751.6852722167969,1,1,1,1,1,1
p41-boxing-0021,brics-odroid-030_cam1,LOW32,32,0d081150c59cc6f0f233d987b2b32e33fc1ad936648b4a47f38adad7b62c6f5d,0d081150c59cc6f0f233d987b2b32e33fc1ad936648b4a47f38adad7b62c6f5d,0121ee33ec9bf3b0f2bb3e70a25afb4d7b37d4f459e9aec8e89d789fd7c231f5,0121ee33ec9bf3b0f2bb3e70a25afb4d7b37d4f459e9aec8e89d789fd7c231f5,0abb89a766c1848f382683b55faa908260ace42c131755a9fa51b62a0431f845,0abb89a766c1848f382683b55faa908260ace42c131755a9fa51b62a0431f845,755.3583068847656,755.3583068847656,1,1,1,1,1,1
p41-boxing-0021,brics-odroid-030_cam1,N16,16,1152c0826c556c442ec580669d3f1b1dad7143a3a3e0f2c29fa2bdeea80b9c0c,1152c0826c556c442ec580669d3f1b1dad7143a3a3e0f2c29fa2bdeea80b9c0c,757ae21fc36358c4fddec039c25b9d62c60b03b243c218d6538d59251a7a3aba,757ae21fc36358c4fddec039c25b9d62c60b03b243c218d6538d59251a7a3aba,0abb89a766c1848f382683b55faa908260ace42c131755a9fa51b62a0431f845,0abb89a766c1848f382683b55faa908260ace42c131755a9fa51b62a0431f845,757.3461303710938,757.3461303710938,1,1,1,1,1,1
p41-boxing-0021,brics-odroid-030_cam1,N32,32,c52053a4b5d6fd8b26100778baf65f1ab314ec039a12b0008681ef6e1971ed17,c52053a4b5d6fd8b26100778baf65f1ab314ec039a12b0008681ef6e1971ed17,bc2471e12646733699eb591a06511e9811d8e9fff7883aad97792a95eff52a3d,bc2471e12646733699eb591a06511e9811d8e9fff7883aad97792a95eff52a3d,0abb89a766c1848f382683b55faa908260ace42c131755a9fa51b62a0431f845,0abb89a766c1848f382683b55faa908260ace42c131755a9fa51b62a0431f845,756.3134155273438,756.3134155273438,1,1,1,1,1,1
p41-boxing-0021,brics-odroid-030_cam1,N8,8,58d2e90930e5cc903e4aac70c165ea915039122b64175e82d8d49302f72d0637,58d2e90930e5cc903e4aac70c165ea915039122b64175e82d8d49302f72d0637,c1343b4871ece495db3282d1db55fe7988fc427ecef0e8f262a8754873bc5c29,c1343b4871ece495db3282d1db55fe7988fc427ecef0e8f262a8754873bc5c29,0abb89a766c1848f382683b55faa908260ace42c131755a9fa51b62a0431f845,0abb89a766c1848f382683b55faa908260ace42c131755a9fa51b62a0431f845,758.0262756347656,758.0262756347656,1,1,1,1,1,1
p41-plant-0004,brics-odroid-001_cam1,ALL_COMMON,59,8201fd978fbd94b9667b085da4e09b36009163f188deebc580f804c8aeb517b2,8201fd978fbd94b9667b085da4e09b36009163f188deebc580f804c8aeb517b2,5c9a75a97e0a75bddb1373019241123fdedd0f70eade649c1175b15a7aab3aa9,5c9a75a97e0a75bddb1373019241123fdedd0f70eade649c1175b15a7aab3aa9,37d3d6fa93a0c0cf790435955f2163fc12486fc0407aa5bc28eee97b1e75d0fa,37d3d6fa93a0c0cf790435955f2163fc12486fc0407aa5bc28eee97b1e75d0fa,865.3519897460938,865.3519897460938,1,1,1,1,1,1
p41-plant-0004,brics-odroid-001_cam1,DIVERSE16,16,ef64ea5e21e3b16a26216979290238731f6da5638facd5b3655d2308a8295281,ef64ea5e21e3b16a26216979290238731f6da5638facd5b3655d2308a8295281,b20acb83af9f50285eb0e9d5612548647bf832dd19bc71413ff583eb7809c67d,b20acb83af9f50285eb0e9d5612548647bf832dd19bc71413ff583eb7809c67d,37d3d6fa93a0c0cf790435955f2163fc12486fc0407aa5bc28eee97b1e75d0fa,37d3d6fa93a0c0cf790435955f2163fc12486fc0407aa5bc28eee97b1e75d0fa,865.2754821777344,865.2754821777344,1,1,1,1,1,1
p41-plant-0004,brics-odroid-001_cam1,DIVERSE32,32,46f7520c1333f06ff9a5f50c50943d60f8ef9abe6784e74674fa4e0669b30908,46f7520c1333f06ff9a5f50c50943d60f8ef9abe6784e74674fa4e0669b30908,9602de0ea41f45a124038d21c1c94d67b3191581d4d8fde12ef84a642b824593,9602de0ea41f45a124038d21c1c94d67b3191581d4d8fde12ef84a642b824593,37d3d6fa93a0c0cf790435955f2163fc12486fc0407aa5bc28eee97b1e75d0fa,37d3d6fa93a0c0cf790435955f2163fc12486fc0407aa5bc28eee97b1e75d0fa,865.2754821777344,865.2754821777344,1,1,1,1,1,1
p41-plant-0004,brics-odroid-001_cam1,LOW16,16,f28adfe0cf9634c5edbfac76791b92c3c83bb7959850d416db4fa5887fd1c10f,f28adfe0cf9634c5edbfac76791b92c3c83bb7959850d416db4fa5887fd1c10f,595f969197f4c0ac7974d60a8c045f497298063b072309a9985bc29cb610c839,595f969197f4c0ac7974d60a8c045f497298063b072309a9985bc29cb610c839,37d3d6fa93a0c0cf790435955f2163fc12486fc0407aa5bc28eee97b1e75d0fa,37d3d6fa93a0c0cf790435955f2163fc12486fc0407aa5bc28eee97b1e75d0fa,866.8414916992188,866.8414916992188,1,1,1,1,1,1
p41-plant-0004,brics-odroid-001_cam1,LOW32,32,d4c0fc91e082a3a009aedeb1562851b13e7086c8f0a5ca00a962470ce706a45a,d4c0fc91e082a3a009aedeb1562851b13e7086c8f0a5ca00a962470ce706a45a,05e340271d567df14f054bae75665ca1b17b18071628ef06b519b943d78f67d6,05e340271d567df14f054bae75665ca1b17b18071628ef06b519b943d78f67d6,37d3d6fa93a0c0cf790435955f2163fc12486fc0407aa5bc28eee97b1e75d0fa,37d3d6fa93a0c0cf790435955f2163fc12486fc0407aa5bc28eee97b1e75d0fa,866.3091430664062,866.3091430664062,1,1,1,1,1,1
p41-plant-0004,brics-odroid-001_cam1,N16,16,2325b8b759994a1d58b2edcbfe9a96cd111e7ccdbcd049fc6b7323b4d810b260,2325b8b759994a1d58b2edcbfe9a96cd111e7ccdbcd049fc6b7323b4d810b260,061f336d4b6315822de731e1e92aef9ea94dba34868965ea36bda4dfbb51611d,061f336d4b6315822de731e1e92aef9ea94dba34868965ea36bda4dfbb51611d,37d3d6fa93a0c0cf790435955f2163fc12486fc0407aa5bc28eee97b1e75d0fa,37d3d6fa93a0c0cf790435955f2163fc12486fc0407aa5bc28eee97b1e75d0fa,865.9815063476562,865.9815063476562,1,1,1,1,1,1
p41-plant-0004,brics-odroid-001_cam1,N32,32,0559ee199d041612e809ce6b6d15f3de20e31d00e26fd0149835a9b63c97cec1,0559ee199d041612e809ce6b6d15f3de20e31d00e26fd0149835a9b63c97cec1,0b433da5cf92d10bbe909675c983004594b66c2876093d8716308ae84fb6d836,0b433da5cf92d10bbe909675c983004594b66c2876093d8716308ae84fb6d836,37d3d6fa93a0c0cf790435955f2163fc12486fc0407aa5bc28eee97b1e75d0fa,37d3d6fa93a0c0cf790435955f2163fc12486fc0407aa5bc28eee97b1e75d0fa,865.9112854003906,865.9112854003906,1,1,1,1,1,1
p41-plant-0004,brics-odroid-001_cam1,N8,8,2f7ce87caa700d9a210c5bc49e08092a526db8804049d94443e446a281b9a1aa,2f7ce87caa700d9a210c5bc49e08092a526db8804049d94443e446a281b9a1aa,b9f42871d5da16b1ca1c5b14beb75f5d8391f3a3e9dfdc21770a940440d6c527,b9f42871d5da16b1ca1c5b14beb75f5d8391f3a3e9dfdc21770a940440d6c527,37d3d6fa93a0c0cf790435955f2163fc12486fc0407aa5bc28eee97b1e75d0fa,37d3d6fa93a0c0cf790435955f2163fc12486fc0407aa5bc28eee97b1e75d0fa,865.9815063476562,865.9815063476562,1,1,1,1,1,1
p41-plant-0004,brics-odroid-002_cam0,ALL_COMMON,50,3d9c3db6de7d946339f886b07810b586029cd3a51b70615e0dbe2bb46d6f78ea,3d9c3db6de7d946339f886b07810b586029cd3a51b70615e0dbe2bb46d6f78ea,89ff94519ddd7267c4126d619b2000dfa6658d00e09383b925ac741d51330719,89ff94519ddd7267c4126d619b2000dfa6658d00e09383b925ac741d51330719,7d37a3f0f3d61ef2200a885060d7054060285c5c4274a934783762d818d6fc89,7d37a3f0f3d61ef2200a885060d7054060285c5c4274a934783762d818d6fc89,946.9852294921875,946.9852294921875,1,1,1,1,1,1
p41-plant-0004,brics-odroid-002_cam0,DIVERSE16,16,aa4765713788dc218cb0f1c514ec9185dd2cab5c5167b46f35dc6c966d6446af,aa4765713788dc218cb0f1c514ec9185dd2cab5c5167b46f35dc6c966d6446af,6f345bbf9d0e866e08b82ae411360288e0b9b81943296f87a7e621dae8d10c28,6f345bbf9d0e866e08b82ae411360288e0b9b81943296f87a7e621dae8d10c28,7d37a3f0f3d61ef2200a885060d7054060285c5c4274a934783762d818d6fc89,7d37a3f0f3d61ef2200a885060d7054060285c5c4274a934783762d818d6fc89,945.2160949707031,945.2160949707031,1,1,1,1,1,1
p41-plant-0004,brics-odroid-002_cam0,DIVERSE32,32,a6f2f47f1efd3f3cb91576a3f1e4b94ee426cfe3c7c49e2d0655e6b741ab9a94,a6f2f47f1efd3f3cb91576a3f1e4b94ee426cfe3c7c49e2d0655e6b741ab9a94,ca336799d16e3da186d8f7fd5b1d30b8b04296215ae187df938f841ae63819ec,ca336799d16e3da186d8f7fd5b1d30b8b04296215ae187df938f841ae63819ec,7d37a3f0f3d61ef2200a885060d7054060285c5c4274a934783762d818d6fc89,7d37a3f0f3d61ef2200a885060d7054060285c5c4274a934783762d818d6fc89,947.168701171875,947.168701171875,1,1,1,1,1,1
p41-plant-0004,brics-odroid-002_cam0,LOW16,16,95fda959c136dee1efade49974c28fe90a05baff3db9c34148efec2ad4841da2,95fda959c136dee1efade49974c28fe90a05baff3db9c34148efec2ad4841da2,f4c061ad9e85c97085ef850bf747c370d4c4348f8f9d722977a3b3b36f7e6c77,f4c061ad9e85c97085ef850bf747c370d4c4348f8f9d722977a3b3b36f7e6c77,7d37a3f0f3d61ef2200a885060d7054060285c5c4274a934783762d818d6fc89,7d37a3f0f3d61ef2200a885060d7054060285c5c4274a934783762d818d6fc89,955.0561828613281,955.0561828613281,1,1,1,1,1,1
p41-plant-0004,brics-odroid-002_cam0,LOW32,32,ef90514a57a93bee18cdf6aa66463f9ea1143e32359a1db222ce02f2a4a3ac49,ef90514a57a93bee18cdf6aa66463f9ea1143e32359a1db222ce02f2a4a3ac49,45f1aa853bd4b5cd824160300e0a31a0381538fb6256f5dabf46cb1abe30020d,45f1aa853bd4b5cd824160300e0a31a0381538fb6256f5dabf46cb1abe30020d,7d37a3f0f3d61ef2200a885060d7054060285c5c4274a934783762d818d6fc89,7d37a3f0f3d61ef2200a885060d7054060285c5c4274a934783762d818d6fc89,949.5655822753906,949.5655822753906,1,1,1,1,1,1
p41-plant-0004,brics-odroid-002_cam0,N16,16,560c04dd49efbda68fb2fe1334aeca7076137def6e2ee66fde5341afbee9cf60,560c04dd49efbda68fb2fe1334aeca7076137def6e2ee66fde5341afbee9cf60,00fa14ccd68e24e69756c463c0337c1e8ac0fd8f330f16a8744a13ba52cee414,00fa14ccd68e24e69756c463c0337c1e8ac0fd8f330f16a8744a13ba52cee414,7d37a3f0f3d61ef2200a885060d7054060285c5c4274a934783762d818d6fc89,7d37a3f0f3d61ef2200a885060d7054060285c5c4274a934783762d818d6fc89,944.678955078125,944.678955078125,1,1,1,1,1,1
p41-plant-0004,brics-odroid-002_cam0,N32,32,0020c17fb4044a215a486f3d2880c79246b43cbf0a7af395238456857b008e2f,0020c17fb4044a215a486f3d2880c79246b43cbf0a7af395238456857b008e2f,6d3cb9eac7166b0b5d538ba222321c3ced6720864f39961aee9dd3eceecf8944,6d3cb9eac7166b0b5d538ba222321c3ced6720864f39961aee9dd3eceecf8944,7d37a3f0f3d61ef2200a885060d7054060285c5c4274a934783762d818d6fc89,7d37a3f0f3d61ef2200a885060d7054060285c5c4274a934783762d818d6fc89,946.1500854492188,946.1500854492188,1,1,1,1,1,1
p41-plant-0004,brics-odroid-002_cam0,N8,8,759792fd0a2e723dc0e639027a525bbbaffe12197fa7bd3d8ada46b0d5ab6111,759792fd0a2e723dc0e639027a525bbbaffe12197fa7bd3d8ada46b0d5ab6111,dea0403efa66e6514fbfe2fe328fd02b72dbf5e6aff121e6df8223a62f06cd98,dea0403efa66e6514fbfe2fe328fd02b72dbf5e6aff121e6df8223a62f06cd98,7d37a3f0f3d61ef2200a885060d7054060285c5c4274a934783762d818d6fc89,7d37a3f0f3d61ef2200a885060d7054060285c5c4274a934783762d818d6fc89,942.7290344238281,942.7290344238281,1,1,1,1,1,1
p41-plant-0004,brics-odroid-006_cam0,ALL_COMMON,62,912715b81b07972b68f9b8fa8277024d6b39ee31e63d3c0e6e0bfd806ac7915c,912715b81b07972b68f9b8fa8277024d6b39ee31e63d3c0e6e0bfd806ac7915c,d433eecdbe5d22c75f118869c37a8d2137a7bf4c5e5df6625c8afae291c5702a,d433eecdbe5d22c75f118869c37a8d2137a7bf4c5e5df6625c8afae291c5702a,dc7aedfc9c06ad5c974707652bfe55758a629b67554bf80c4ef17a07f764b7b2,dc7aedfc9c06ad5c974707652bfe55758a629b67554bf80c4ef17a07f764b7b2,921.5813598632812,921.5813598632812,1,1,1,1,1,1
p41-plant-0004,brics-odroid-006_cam0,DIVERSE16,16,5c775e5b1e9d7b2186ac337471337625d96fdb51825427860bc690e35d200ca6,5c775e5b1e9d7b2186ac337471337625d96fdb51825427860bc690e35d200ca6,797f893540285e6af42295e487c60c1fc24c1c8618dfbf0fdf5b2a63109bed03,797f893540285e6af42295e487c60c1fc24c1c8618dfbf0fdf5b2a63109bed03,dc7aedfc9c06ad5c974707652bfe55758a629b67554bf80c4ef17a07f764b7b2,dc7aedfc9c06ad5c974707652bfe55758a629b67554bf80c4ef17a07f764b7b2,921.5982055664062,921.5982055664062,1,1,1,1,1,1
p41-plant-0004,brics-odroid-006_cam0,DIVERSE32,32,5b7c2929ca593291351099bbe50aae2013f60a7d53de8c76b7d379c139360f7b,5b7c2929ca593291351099bbe50aae2013f60a7d53de8c76b7d379c139360f7b,dfb1cc21c09670f6dba7f988049597b2581d7ff6de43dcc3a97bee028622e494,dfb1cc21c09670f6dba7f988049597b2581d7ff6de43dcc3a97bee028622e494,dc7aedfc9c06ad5c974707652bfe55758a629b67554bf80c4ef17a07f764b7b2,dc7aedfc9c06ad5c974707652bfe55758a629b67554bf80c4ef17a07f764b7b2,920.46337890625,920.46337890625,1,1,1,1,1,1
p41-plant-0004,brics-odroid-006_cam0,LOW16,16,92da10e13b92b71615e7043aff683fddef299ef2c12e5046d782c486c946d5cc,92da10e13b92b71615e7043aff683fddef299ef2c12e5046d782c486c946d5cc,1625bf63b5f84dca5e3c78b2a4d2f834771be8df03521d85487e9dc4b012aa77,1625bf63b5f84dca5e3c78b2a4d2f834771be8df03521d85487e9dc4b012aa77,dc7aedfc9c06ad5c974707652bfe55758a629b67554bf80c4ef17a07f764b7b2,dc7aedfc9c06ad5c974707652bfe55758a629b67554bf80c4ef17a07f764b7b2,922.4808654785156,922.4808654785156,1,1,1,1,1,1
p41-plant-0004,brics-odroid-006_cam0,LOW32,32,97e6ce5b4c9783f37f81c44389a2b82f77e85d1c95180e372b163e242996f908,97e6ce5b4c9783f37f81c44389a2b82f77e85d1c95180e372b163e242996f908,aff768551c435f4aa3accf81d1a6fa7dd15c3263aff64fcf6bcb5136a98f4dd1,aff768551c435f4aa3accf81d1a6fa7dd15c3263aff64fcf6bcb5136a98f4dd1,dc7aedfc9c06ad5c974707652bfe55758a629b67554bf80c4ef17a07f764b7b2,dc7aedfc9c06ad5c974707652bfe55758a629b67554bf80c4ef17a07f764b7b2,920.67578125,920.67578125,1,1,1,1,1,1
p41-plant-0004,brics-odroid-006_cam0,N16,16,d53774caa20987fbd8ef8a1ce80c407bcf34bcfbd61e065d07b6a10b20c70f3f,d53774caa20987fbd8ef8a1ce80c407bcf34bcfbd61e065d07b6a10b20c70f3f,03087ba60ed4bf2c8efb53c529f615d8c6184c50a7dce2a27f12ef2b0ab7828f,03087ba60ed4bf2c8efb53c529f615d8c6184c50a7dce2a27f12ef2b0ab7828f,dc7aedfc9c06ad5c974707652bfe55758a629b67554bf80c4ef17a07f764b7b2,dc7aedfc9c06ad5c974707652bfe55758a629b67554bf80c4ef17a07f764b7b2,921.5813598632812,921.5813598632812,1,1,1,1,1,1
p41-plant-0004,brics-odroid-006_cam0,N32,32,66b2a29c7d020a09e84b56ee69b1a5a4483d6b99282c4ea157626de963212c03,66b2a29c7d020a09e84b56ee69b1a5a4483d6b99282c4ea157626de963212c03,7971a74c258f36d35435402c284301f2e027be453dc8b55d69cf6b2ff836da0e,7971a74c258f36d35435402c284301f2e027be453dc8b55d69cf6b2ff836da0e,dc7aedfc9c06ad5c974707652bfe55758a629b67554bf80c4ef17a07f764b7b2,dc7aedfc9c06ad5c974707652bfe55758a629b67554bf80c4ef17a07f764b7b2,922.3437805175781,922.3437805175781,1,1,1,1,1,1
p41-plant-0004,brics-odroid-006_cam0,N8,8,2f7ce87caa700d9a210c5bc49e08092a526db8804049d94443e446a281b9a1aa,2f7ce87caa700d9a210c5bc49e08092a526db8804049d94443e446a281b9a1aa,62201ba6aaac7c8aad91acf8553e744ab4a54343c1bea1a824ca299a599f7890,62201ba6aaac7c8aad91acf8553e744ab4a54343c1bea1a824ca299a599f7890,dc7aedfc9c06ad5c974707652bfe55758a629b67554bf80c4ef17a07f764b7b2,dc7aedfc9c06ad5c974707652bfe55758a629b67554bf80c4ef17a07f764b7b2,922.1340026855469,922.1340026855469,1,1,1,1,1,1
p41-plant-0004,brics-odroid-007_cam0,ALL_COMMON,63,51a21cbeaeeb5effbb0129e5111570ee644756f2fcb31862d12a675c8428ac5d,51a21cbeaeeb5effbb0129e5111570ee644756f2fcb31862d12a675c8428ac5d,8e21ee7f7cc65e1e112eeb9a7ba0876d2990cecf40d77c5a3680085391128b20,8e21ee7f7cc65e1e112eeb9a7ba0876d2990cecf40d77c5a3680085391128b20,c59f3bc3da8f2de403723bece267ae555294070439275a847a9bf83293ade13b,c59f3bc3da8f2de403723bece267ae555294070439275a847a9bf83293ade13b,831.3410034179688,831.3410034179688,1,1,1,1,1,1
p41-plant-0004,brics-odroid-007_cam0,DIVERSE16,16,d6123a76266c092d2b0edb5adbf9eb6ee9aa25ff17dbb201470111f09fc885d4,d6123a76266c092d2b0edb5adbf9eb6ee9aa25ff17dbb201470111f09fc885d4,14428835daf8cebc4ab485dd1af2ee8f16e40b6527cd831c14ad974077e34c7d,14428835daf8cebc4ab485dd1af2ee8f16e40b6527cd831c14ad974077e34c7d,c59f3bc3da8f2de403723bece267ae555294070439275a847a9bf83293ade13b,c59f3bc3da8f2de403723bece267ae555294070439275a847a9bf83293ade13b,833.1746215820312,833.1746215820312,1,1,1,1,1,1
p41-plant-0004,brics-odroid-007_cam0,DIVERSE32,32,c13052c866ed46f07a87319b410a3bc7d10a9ab0531a52fbda31384dae34f6fe,c13052c866ed46f07a87319b410a3bc7d10a9ab0531a52fbda31384dae34f6fe,1fa3ee1959b81e4b446e610215157a25e9d341de1b6c71688a7181db5b1086fd,1fa3ee1959b81e4b446e610215157a25e9d341de1b6c71688a7181db5b1086fd,c59f3bc3da8f2de403723bece267ae555294070439275a847a9bf83293ade13b,c59f3bc3da8f2de403723bece267ae555294070439275a847a9bf83293ade13b,833.2417297363281,833.2417297363281,1,1,1,1,1,1
p41-plant-0004,brics-odroid-007_cam0,LOW16,16,41ca3f6d4cced2b567ab5cb0866ac1e4fedc80246b39c8b9e50aadbb5336c5fa,41ca3f6d4cced2b567ab5cb0866ac1e4fedc80246b39c8b9e50aadbb5336c5fa,fcbfec65529d69da9d288414b7dc484151ff65027aaac9e3840d6ef3ab4655a6,fcbfec65529d69da9d288414b7dc484151ff65027aaac9e3840d6ef3ab4655a6,c59f3bc3da8f2de403723bece267ae555294070439275a847a9bf83293ade13b,c59f3bc3da8f2de403723bece267ae555294070439275a847a9bf83293ade13b,827.0335083007812,827.0335083007812,1,1,1,1,1,1
p41-plant-0004,brics-odroid-007_cam0,LOW32,32,b118a38bad2b106eaf5d486092d182e7df193bd90c6734d9aa94e1354baee3bf,b118a38bad2b106eaf5d486092d182e7df193bd90c6734d9aa94e1354baee3bf,5f6a1a15b98e2e71e4f0947f5f812296f697a687eb09ef5617c5d0fcb7d50be6,5f6a1a15b98e2e71e4f0947f5f812296f697a687eb09ef5617c5d0fcb7d50be6,c59f3bc3da8f2de403723bece267ae555294070439275a847a9bf83293ade13b,c59f3bc3da8f2de403723bece267ae555294070439275a847a9bf83293ade13b,828.7140502929688,828.7140502929688,1,1,1,1,1,1
p41-plant-0004,brics-odroid-007_cam0,N16,16,d53774caa20987fbd8ef8a1ce80c407bcf34bcfbd61e065d07b6a10b20c70f3f,d53774caa20987fbd8ef8a1ce80c407bcf34bcfbd61e065d07b6a10b20c70f3f,2ff005443af5eb4df4ed9f0ac82b2bfb640450c0eb7652c1fda3cce99b54e0d8,2ff005443af5eb4df4ed9f0ac82b2bfb640450c0eb7652c1fda3cce99b54e0d8,c59f3bc3da8f2de403723bece267ae555294070439275a847a9bf83293ade13b,c59f3bc3da8f2de403723bece267ae555294070439275a847a9bf83293ade13b,830.1563110351562,830.1563110351562,1,1,1,1,1,1
p41-plant-0004,brics-odroid-007_cam0,N32,32,66b2a29c7d020a09e84b56ee69b1a5a4483d6b99282c4ea157626de963212c03,66b2a29c7d020a09e84b56ee69b1a5a4483d6b99282c4ea157626de963212c03,c8440493fa4edc7bb14e31fdb3e693022457a1b1207ac30d3832c0ece03d07f1,c8440493fa4edc7bb14e31fdb3e693022457a1b1207ac30d3832c0ece03d07f1,c59f3bc3da8f2de403723bece267ae555294070439275a847a9bf83293ade13b,c59f3bc3da8f2de403723bece267ae555294070439275a847a9bf83293ade13b,830.0380554199219,830.0380554199219,1,1,1,1,1,1
p41-plant-0004,brics-odroid-007_cam0,N8,8,2f7ce87caa700d9a210c5bc49e08092a526db8804049d94443e446a281b9a1aa,2f7ce87caa700d9a210c5bc49e08092a526db8804049d94443e446a281b9a1aa,3d19b98a5fe6697b98c26289bc900de7c517170482aefb26943be0dd9df48959,3d19b98a5fe6697b98c26289bc900de7c517170482aefb26943be0dd9df48959,c59f3bc3da8f2de403723bece267ae555294070439275a847a9bf83293ade13b,c59f3bc3da8f2de403723bece267ae555294070439275a847a9bf83293ade13b,829.9595947265625,829.9595947265625,1,1,1,1,1,1
p41-plant-0004,brics-odroid-007_cam1,ALL_COMMON,63,51a21cbeaeeb5effbb0129e5111570ee644756f2fcb31862d12a675c8428ac5d,51a21cbeaeeb5effbb0129e5111570ee644756f2fcb31862d12a675c8428ac5d,08324fcd4ec31e1dd458464d94c7fcadcb8d17a0643a5c01b837bf27af2824a4,08324fcd4ec31e1dd458464d94c7fcadcb8d17a0643a5c01b837bf27af2824a4,06193abc912c077fccd7f50667d0fdc31594ecd3fa75fc767dcb88c6d9ae732a,06193abc912c077fccd7f50667d0fdc31594ecd3fa75fc767dcb88c6d9ae732a,867.8584594726562,867.8584594726562,1,1,1,1,1,1
p41-plant-0004,brics-odroid-007_cam1,DIVERSE16,16,a598ead481f0c4274ae371d4011524080c5c56f4dc629e503b408394c7a105a5,a598ead481f0c4274ae371d4011524080c5c56f4dc629e503b408394c7a105a5,7475bc4b5e95e28358bbf2866908790e7c78faac69c1791a0445756cb4fd9451,7475bc4b5e95e28358bbf2866908790e7c78faac69c1791a0445756cb4fd9451,06193abc912c077fccd7f50667d0fdc31594ecd3fa75fc767dcb88c6d9ae732a,06193abc912c077fccd7f50667d0fdc31594ecd3fa75fc767dcb88c6d9ae732a,869.4462890625,869.4462890625,1,1,1,1,1,1
p41-plant-0004,brics-odroid-007_cam1,DIVERSE32,32,5e075e6a69ccbe831e1b6df9cf3f0401ae8344d8fdf4dc0e0ec016bfd684aa93,5e075e6a69ccbe831e1b6df9cf3f0401ae8344d8fdf4dc0e0ec016bfd684aa93,8497e0906d14e68e98197d3ac7d7d480efff632b4f301cd7c5e5bad795ddcfbc,8497e0906d14e68e98197d3ac7d7d480efff632b4f301cd7c5e5bad795ddcfbc,06193abc912c077fccd7f50667d0fdc31594ecd3fa75fc767dcb88c6d9ae732a,06193abc912c077fccd7f50667d0fdc31594ecd3fa75fc767dcb88c6d9ae732a,869.4462890625,869.4462890625,1,1,1,1,1,1
p41-plant-0004,brics-odroid-007_cam1,LOW16,16,47041b29f3326f3a228282dc1dc2f894a38dade34a94ed33903f7c8a01e66ac6,47041b29f3326f3a228282dc1dc2f894a38dade34a94ed33903f7c8a01e66ac6,ceb64a200853e12758212f51fe11d53a527b7dd48ffae81fd493fee41c034c45,ceb64a200853e12758212f51fe11d53a527b7dd48ffae81fd493fee41c034c45,06193abc912c077fccd7f50667d0fdc31594ecd3fa75fc767dcb88c6d9ae732a,06193abc912c077fccd7f50667d0fdc31594ecd3fa75fc767dcb88c6d9ae732a,863.591064453125,863.591064453125,1,1,1,1,1,1
p41-plant-0004,brics-odroid-007_cam1,LOW32,32,01c75e1cea7b8c4b2f1a01f5caf87b6a5d3a478c2e8660e0bab7c346c5f8dcb9,01c75e1cea7b8c4b2f1a01f5caf87b6a5d3a478c2e8660e0bab7c346c5f8dcb9,dc0df451a254c3c696b6b4894a3b8350c5afe5fbfa9af20364e1f4a6e27b611d,dc0df451a254c3c696b6b4894a3b8350c5afe5fbfa9af20364e1f4a6e27b611d,06193abc912c077fccd7f50667d0fdc31594ecd3fa75fc767dcb88c6d9ae732a,06193abc912c077fccd7f50667d0fdc31594ecd3fa75fc767dcb88c6d9ae732a,863.14599609375,863.14599609375,1,1,1,1,1,1
p41-plant-0004,brics-odroid-007_cam1,N16,16,d53774caa20987fbd8ef8a1ce80c407bcf34bcfbd61e065d07b6a10b20c70f3f,d53774caa20987fbd8ef8a1ce80c407bcf34bcfbd61e065d07b6a10b20c70f3f,6af9241efd29ac10933f396b269db539849ebbb1e955faffefb15f8e55c1c0f8,6af9241efd29ac10933f396b269db539849ebbb1e955faffefb15f8e55c1c0f8,06193abc912c077fccd7f50667d0fdc31594ecd3fa75fc767dcb88c6d9ae732a,06193abc912c077fccd7f50667d0fdc31594ecd3fa75fc767dcb88c6d9ae732a,870.2225952148438,870.2225952148438,1,1,1,1,1,1
p41-plant-0004,brics-odroid-007_cam1,N32,32,66b2a29c7d020a09e84b56ee69b1a5a4483d6b99282c4ea157626de963212c03,66b2a29c7d020a09e84b56ee69b1a5a4483d6b99282c4ea157626de963212c03,3e5cc2e73bdae018dfd572e5f6fd8a8c0bd58336fa50a5ea0bb995d53196da87,3e5cc2e73bdae018dfd572e5f6fd8a8c0bd58336fa50a5ea0bb995d53196da87,06193abc912c077fccd7f50667d0fdc31594ecd3fa75fc767dcb88c6d9ae732a,06193abc912c077fccd7f50667d0fdc31594ecd3fa75fc767dcb88c6d9ae732a,870.0945129394531,870.0945129394531,1,1,1,1,1,1
p41-plant-0004,brics-odroid-007_cam1,N8,8,2f7ce87caa700d9a210c5bc49e08092a526db8804049d94443e446a281b9a1aa,2f7ce87caa700d9a210c5bc49e08092a526db8804049d94443e446a281b9a1aa,326900c5f3e8547af5ea519ae2cf7206fb03e69750f1461a6335dae9272133a0,326900c5f3e8547af5ea519ae2cf7206fb03e69750f1461a6335dae9272133a0,06193abc912c077fccd7f50667d0fdc31594ecd3fa75fc767dcb88c6d9ae732a,06193abc912c077fccd7f50667d0fdc31594ecd3fa75fc767dcb88c6d9ae732a,870.9277038574219,870.9277038574219,1,1,1,1,1,1
p41-plant-0004,brics-odroid-009_cam1,ALL_COMMON,59,5f0b6a60854c3445ba2249b03d69d66b45609751c4c8b74108096a7a741e3b36,5f0b6a60854c3445ba2249b03d69d66b45609751c4c8b74108096a7a741e3b36,f195166c75a5448a5ae77db48849f79664fb1141c51de331a2f7af0d04d750d1,f195166c75a5448a5ae77db48849f79664fb1141c51de331a2f7af0d04d750d1,352466a3e3c07aafc9cfccd9e4bfaa3f052ecf3f4a3444d5c7618fb1f5393594,352466a3e3c07aafc9cfccd9e4bfaa3f052ecf3f4a3444d5c7618fb1f5393594,779.2906494140625,779.2906494140625,1,1,1,1,1,1
p41-plant-0004,brics-odroid-009_cam1,DIVERSE16,16,5b2eb64487d2e709af6650629db184476e56fb1c8f7fd529e0b4a02e827defd2,5b2eb64487d2e709af6650629db184476e56fb1c8f7fd529e0b4a02e827defd2,94eebe79c00d9d1ee3ca55026819b56212b5cab50975c5e1a3963014024aa477,94eebe79c00d9d1ee3ca55026819b56212b5cab50975c5e1a3963014024aa477,352466a3e3c07aafc9cfccd9e4bfaa3f052ecf3f4a3444d5c7618fb1f5393594,352466a3e3c07aafc9cfccd9e4bfaa3f052ecf3f4a3444d5c7618fb1f5393594,783.640625,783.640625,1,1,1,1,1,1
p41-plant-0004,brics-odroid-009_cam1,DIVERSE32,32,461544f24765a76b3c40043d418cfdd20f0a0a6497ab020faabdc836eaf48a16,461544f24765a76b3c40043d418cfdd20f0a0a6497ab020faabdc836eaf48a16,0785013e05084467143398f039c4f73d1a7397169b9ce356b4db6a31fc641de5,0785013e05084467143398f039c4f73d1a7397169b9ce356b4db6a31fc641de5,352466a3e3c07aafc9cfccd9e4bfaa3f052ecf3f4a3444d5c7618fb1f5393594,352466a3e3c07aafc9cfccd9e4bfaa3f052ecf3f4a3444d5c7618fb1f5393594,781.0273132324219,781.0273132324219,1,1,1,1,1,1
p41-plant-0004,brics-odroid-009_cam1,LOW16,16,1cac077372fe1637fa98f703cd776d5daf6411b8474e97678c95fbe03e229649,1cac077372fe1637fa98f703cd776d5daf6411b8474e97678c95fbe03e229649,c5426f0aba3ca7959d1c8616a890386b453a794568bde62503b7bdb3bb4d6145,c5426f0aba3ca7959d1c8616a890386b453a794568bde62503b7bdb3bb4d6145,352466a3e3c07aafc9cfccd9e4bfaa3f052ecf3f4a3444d5c7618fb1f5393594,352466a3e3c07aafc9cfccd9e4bfaa3f052ecf3f4a3444d5c7618fb1f5393594,770.9902648925781,770.9902648925781,1,1,1,1,1,1
p41-plant-0004,brics-odroid-009_cam1,LOW32,32,e1e0702559d8ad913ed8ade672fc213b7c5795554bba4fbe35a68ffa32bbc62b,e1e0702559d8ad913ed8ade672fc213b7c5795554bba4fbe35a68ffa32bbc62b,bbfaf79d748d083279bc0da4fa8dab60e54dee78aadd4e17d619dfceb58faaf3,bbfaf79d748d083279bc0da4fa8dab60e54dee78aadd4e17d619dfceb58faaf3,352466a3e3c07aafc9cfccd9e4bfaa3f052ecf3f4a3444d5c7618fb1f5393594,352466a3e3c07aafc9cfccd9e4bfaa3f052ecf3f4a3444d5c7618fb1f5393594,773.126220703125,773.126220703125,1,1,1,1,1,1
p41-plant-0004,brics-odroid-009_cam1,N16,16,ecac2cc880fd006c5753ae3d75043c8dc6fe172f96b90da7f1539ae705da5a2a,ecac2cc880fd006c5753ae3d75043c8dc6fe172f96b90da7f1539ae705da5a2a,b08de59fd66f87d223010724eafc7f84cd232be822f72fe1785d7527772ec0ae,b08de59fd66f87d223010724eafc7f84cd232be822f72fe1785d7527772ec0ae,352466a3e3c07aafc9cfccd9e4bfaa3f052ecf3f4a3444d5c7618fb1f5393594,352466a3e3c07aafc9cfccd9e4bfaa3f052ecf3f4a3444d5c7618fb1f5393594,779.8685913085938,779.8685913085938,1,1,1,1,1,1
p41-plant-0004,brics-odroid-009_cam1,N32,32,2e8b75256dad61ec472df5f01996064f6b51762ec77251bc06677d6c587e412d,2e8b75256dad61ec472df5f01996064f6b51762ec77251bc06677d6c587e412d,76d0807470a355bfeb959139d09a1c9a449f287b2118bbbede0ee5928f885039,76d0807470a355bfeb959139d09a1c9a449f287b2118bbbede0ee5928f885039,352466a3e3c07aafc9cfccd9e4bfaa3f052ecf3f4a3444d5c7618fb1f5393594,352466a3e3c07aafc9cfccd9e4bfaa3f052ecf3f4a3444d5c7618fb1f5393594,779.7609558105469,779.7609558105469,1,1,1,1,1,1
p41-plant-0004,brics-odroid-009_cam1,N8,8,6b0fba7769705b1e3667104402ee54d43000aff3a248df4c4d63df7ca9ec9a33,6b0fba7769705b1e3667104402ee54d43000aff3a248df4c4d63df7ca9ec9a33,365e267178f21ad3b1e7875dbb8138b959fab58bdb7aeddd0f82d8e18e0fec0b,365e267178f21ad3b1e7875dbb8138b959fab58bdb7aeddd0f82d8e18e0fec0b,352466a3e3c07aafc9cfccd9e4bfaa3f052ecf3f4a3444d5c7618fb1f5393594,352466a3e3c07aafc9cfccd9e4bfaa3f052ecf3f4a3444d5c7618fb1f5393594,777.8151550292969,777.8151550292969,1,1,1,1,1,1
p41-plant-0004,brics-odroid-010_cam0,ALL_COMMON,55,364632cc9db105e689cc9fd19d683361c39f8b85aeefabd7d2517806f5aba011,364632cc9db105e689cc9fd19d683361c39f8b85aeefabd7d2517806f5aba011,bf45155e94bece3d3e2120592a0f60b7dbb7f99c289fe8e36c9b3b363a84ea46,bf45155e94bece3d3e2120592a0f60b7dbb7f99c289fe8e36c9b3b363a84ea46,1c8755e55bc3586f290a0d99bdb3746dddcfa552419aa5252dc9ac956074b91d,1c8755e55bc3586f290a0d99bdb3746dddcfa552419aa5252dc9ac956074b91d,713.8148803710938,713.8148803710938,1,1,1,1,1,1
p41-plant-0004,brics-odroid-010_cam0,DIVERSE16,16,27db0d643555cd265208815931e7ba7de987bb1c263379a9faa1f2b37b0efdd5,27db0d643555cd265208815931e7ba7de987bb1c263379a9faa1f2b37b0efdd5,a23a26eb4fdde6e931067eee1dae4d6b6c41b026099352e154f211078cc9bad5,a23a26eb4fdde6e931067eee1dae4d6b6c41b026099352e154f211078cc9bad5,1c8755e55bc3586f290a0d99bdb3746dddcfa552419aa5252dc9ac956074b91d,1c8755e55bc3586f290a0d99bdb3746dddcfa552419aa5252dc9ac956074b91d,716.1586303710938,716.1586303710938,1,1,1,1,1,1
p41-plant-0004,brics-odroid-010_cam0,DIVERSE32,32,f079630ed789a4c6b81f821040ed4a011255c7a0f1a96dfd1f8ef7904e344c58,f079630ed789a4c6b81f821040ed4a011255c7a0f1a96dfd1f8ef7904e344c58,8357a8b19ad76a9e54d15b9162f5116e08f9d0f16ee47c6fa847a648632ca72d,8357a8b19ad76a9e54d15b9162f5116e08f9d0f16ee47c6fa847a648632ca72d,1c8755e55bc3586f290a0d99bdb3746dddcfa552419aa5252dc9ac956074b91d,1c8755e55bc3586f290a0d99bdb3746dddcfa552419aa5252dc9ac956074b91d,716.7508850097656,716.7508850097656,1,1,1,1,1,1
p41-plant-0004,brics-odroid-010_cam0,LOW16,16,91d865b5f88f68b21311cf112f881772844ca0879602e6bb222838252c592f85,91d865b5f88f68b21311cf112f881772844ca0879602e6bb222838252c592f85,5a4d179fb3373e9f9f23e6a196b6a73ee9c97c760a0c4a6dd02216c9a4346c63,5a4d179fb3373e9f9f23e6a196b6a73ee9c97c760a0c4a6dd02216c9a4346c63,1c8755e55bc3586f290a0d99bdb3746dddcfa552419aa5252dc9ac956074b91d,1c8755e55bc3586f290a0d99bdb3746dddcfa552419aa5252dc9ac956074b91d,708.7269287109375,708.7269287109375,1,1,1,1,1,1
p41-plant-0004,brics-odroid-010_cam0,LOW32,32,73985a50744f059d4e86ab4ff3d773432b03231c15eac86950308fd23433d930,73985a50744f059d4e86ab4ff3d773432b03231c15eac86950308fd23433d930,22a5d73696c9fcb615eecc7a51206b45e791c9cedd226930d3dbc009c1a75d85,22a5d73696c9fcb615eecc7a51206b45e791c9cedd226930d3dbc009c1a75d85,1c8755e55bc3586f290a0d99bdb3746dddcfa552419aa5252dc9ac956074b91d,1c8755e55bc3586f290a0d99bdb3746dddcfa552419aa5252dc9ac956074b91d,709.2138366699219,709.2138366699219,1,1,1,1,1,1
p41-plant-0004,brics-odroid-010_cam0,N16,16,58540fc3177189f2c717173eb39b54b0c7049ac5b2ffadd334ed5b92cf5ba68e,58540fc3177189f2c717173eb39b54b0c7049ac5b2ffadd334ed5b92cf5ba68e,e5caa868ff1a206bdc304ac544788b12718284218da01ae079095d016263b897,e5caa868ff1a206bdc304ac544788b12718284218da01ae079095d016263b897,1c8755e55bc3586f290a0d99bdb3746dddcfa552419aa5252dc9ac956074b91d,1c8755e55bc3586f290a0d99bdb3746dddcfa552419aa5252dc9ac956074b91d,715.3257446289062,715.3257446289062,1,1,1,1,1,1
p41-plant-0004,brics-odroid-010_cam0,N32,32,84b73c6c8ed4661d7aaf62ea754ca3d2ca480a9356aca72c6865f6690677e64e,84b73c6c8ed4661d7aaf62ea754ca3d2ca480a9356aca72c6865f6690677e64e,ba5c0cb26d764524cc7c519e346b3f44df88593a0814a56acc19123e1a109f33,ba5c0cb26d764524cc7c519e346b3f44df88593a0814a56acc19123e1a109f33,1c8755e55bc3586f290a0d99bdb3746dddcfa552419aa5252dc9ac956074b91d,1c8755e55bc3586f290a0d99bdb3746dddcfa552419aa5252dc9ac956074b91d,712.8829650878906,712.8829650878906,1,1,1,1,1,1
p41-plant-0004,brics-odroid-010_cam0,N8,8,f601ca7294b8322298d35a188590da600bd352aadf62d012c76497fa002f0269,f601ca7294b8322298d35a188590da600bd352aadf62d012c76497fa002f0269,8e203223dcfe0cfb91e983f689b0fd64ff0a06c6a3aa0001058aaf5f31fe7168,8e203223dcfe0cfb91e983f689b0fd64ff0a06c6a3aa0001058aaf5f31fe7168,1c8755e55bc3586f290a0d99bdb3746dddcfa552419aa5252dc9ac956074b91d,1c8755e55bc3586f290a0d99bdb3746dddcfa552419aa5252dc9ac956074b91d,715.3257446289062,715.3257446289062,1,1,1,1,1,1
p41-plant-0004,brics-odroid-010_cam1,ALL_COMMON,3,5caf14058f246c199ff97c78e685ca8a5d1fa9bef8cad4a0ac27c8a3a9366dcd,5caf14058f246c199ff97c78e685ca8a5d1fa9bef8cad4a0ac27c8a3a9366dcd,45e436f0c0120763ca4376a3d46d28c7c0550cdfb392216ab9576c367404195a,45e436f0c0120763ca4376a3d46d28c7c0550cdfb392216ab9576c367404195a,1d4de9c5467b9a9274d1547d606bec3807e2abfd36b6a885858a6b9059534513,1d4de9c5467b9a9274d1547d606bec3807e2abfd36b6a885858a6b9059534513,860.66162109375,860.66162109375,1,1,1,1,1,1
p41-plant-0004,brics-odroid-011_cam0,ALL_COMMON,62,3cdbd553638c84e4116f9a24be8dd0fdd55bf3ab379357a2d33c5ea5d64b9531,3cdbd553638c84e4116f9a24be8dd0fdd55bf3ab379357a2d33c5ea5d64b9531,db6fd819a3864586a983971a50021cc13779b41526f4b697fcc2e00bdc55ef8b,db6fd819a3864586a983971a50021cc13779b41526f4b697fcc2e00bdc55ef8b,d901cbb2f6412cfa4dd38302823c75e40c7a85db72f0b63a39557e9955373644,d901cbb2f6412cfa4dd38302823c75e40c7a85db72f0b63a39557e9955373644,889.6863403320312,889.6863403320312,1,1,1,1,1,1
p41-plant-0004,brics-odroid-011_cam0,DIVERSE16,16,92f1e120f273732ee2474e5f1635b3a351cfd31c54ddf3e9b2507febf180d6ec,92f1e120f273732ee2474e5f1635b3a351cfd31c54ddf3e9b2507febf180d6ec,4a1cba689fe47bf7a1968f580d5573b1c80514ab5df3b7601b2b98504fdecf60,4a1cba689fe47bf7a1968f580d5573b1c80514ab5df3b7601b2b98504fdecf60,d901cbb2f6412cfa4dd38302823c75e40c7a85db72f0b63a39557e9955373644,d901cbb2f6412cfa4dd38302823c75e40c7a85db72f0b63a39557e9955373644,882.8615417480469,882.8615417480469,1,1,1,1,1,1
p41-plant-0004,brics-odroid-011_cam0,DIVERSE32,32,178cf011d0840cad3a92eb65fca00f2f7490550112e85d688a9324ecfe3881f5,178cf011d0840cad3a92eb65fca00f2f7490550112e85d688a9324ecfe3881f5,38cc4861577f36ac504132a9dd18f566b4fe137633447fcef03a5d7acab46fbf,38cc4861577f36ac504132a9dd18f566b4fe137633447fcef03a5d7acab46fbf,d901cbb2f6412cfa4dd38302823c75e40c7a85db72f0b63a39557e9955373644,d901cbb2f6412cfa4dd38302823c75e40c7a85db72f0b63a39557e9955373644,884.4358520507812,884.4358520507812,1,1,1,1,1,1
p41-plant-0004,brics-odroid-011_cam0,LOW16,16,b6bf91296a2753f8627fcc7687d7cfbb6a6271786f2c39a0f04badc22390ac89,b6bf91296a2753f8627fcc7687d7cfbb6a6271786f2c39a0f04badc22390ac89,226496e76357a0cc1929f60bb5d7a2a4aacf9afe7bb2c19cdb6f30eba0a8ad2b,226496e76357a0cc1929f60bb5d7a2a4aacf9afe7bb2c19cdb6f30eba0a8ad2b,d901cbb2f6412cfa4dd38302823c75e40c7a85db72f0b63a39557e9955373644,d901cbb2f6412cfa4dd38302823c75e40c7a85db72f0b63a39557e9955373644,892.1595153808594,892.1595153808594,1,1,1,1,1,1
p41-plant-0004,brics-odroid-011_cam0,LOW32,32,13cd55f8977a0e4e340dfc0a4ac9aef9d265a05042dd7e1a94b43a3f1dc1d1da,13cd55f8977a0e4e340dfc0a4ac9aef9d265a05042dd7e1a94b43a3f1dc1d1da,754d3961ddeb6fec295e3347cfc28780848076eb9ba69f314f0a8fe275856396,754d3961ddeb6fec295e3347cfc28780848076eb9ba69f314f0a8fe275856396,d901cbb2f6412cfa4dd38302823c75e40c7a85db72f0b63a39557e9955373644,d901cbb2f6412cfa4dd38302823c75e40c7a85db72f0b63a39557e9955373644,893.5665283203125,893.5665283203125,1,1,1,1,1,1
p41-plant-0004,brics-odroid-011_cam0,N16,16,1ab7a1191193132d4486a0a1f85571e2838ef4b152e3dc60fd3d5aa9dff1681f,1ab7a1191193132d4486a0a1f85571e2838ef4b152e3dc60fd3d5aa9dff1681f,302c3fc41af03fab7bed1911e564b7e4286d407c7b50ac6d43e1dd293a55a86e,302c3fc41af03fab7bed1911e564b7e4286d407c7b50ac6d43e1dd293a55a86e,d901cbb2f6412cfa4dd38302823c75e40c7a85db72f0b63a39557e9955373644,d901cbb2f6412cfa4dd38302823c75e40c7a85db72f0b63a39557e9955373644,888.2189025878906,888.2189025878906,1,1,1,1,1,1
p41-plant-0004,brics-odroid-011_cam0,N32,32,49740c0c04865c1830497473af3779202902fefe7811b3e3b4fa5687f39a4a4c,49740c0c04865c1830497473af3779202902fefe7811b3e3b4fa5687f39a4a4c,c80c2a78e95c425b460961c20f53b42c580b70f2068e2a868667050bec7f1400,c80c2a78e95c425b460961c20f53b42c580b70f2068e2a868667050bec7f1400,d901cbb2f6412cfa4dd38302823c75e40c7a85db72f0b63a39557e9955373644,d901cbb2f6412cfa4dd38302823c75e40c7a85db72f0b63a39557e9955373644,889.3254089355469,889.3254089355469,1,1,1,1,1,1
p41-plant-0004,brics-odroid-011_cam0,N8,8,0ea382220482386eb05671d45f3c8cf1628a5150fd86d050fd18afdcd604dc73,0ea382220482386eb05671d45f3c8cf1628a5150fd86d050fd18afdcd604dc73,97c985e60e72b9966385fd080adf5b0d6e2460f5b40bb9d2e7bbd066768ecb78,97c985e60e72b9966385fd080adf5b0d6e2460f5b40bb9d2e7bbd066768ecb78,d901cbb2f6412cfa4dd38302823c75e40c7a85db72f0b63a39557e9955373644,d901cbb2f6412cfa4dd38302823c75e40c7a85db72f0b63a39557e9955373644,888.2189025878906,888.2189025878906,1,1,1,1,1,1
p41-plant-0004,brics-odroid-012_cam0,ALL_COMMON,62,7f781f50b76e9768b5b48f0686632df7839811f6ff58d2890377cd5b33182714,7f781f50b76e9768b5b48f0686632df7839811f6ff58d2890377cd5b33182714,1d123c064102272d8ad227f9a22561bbe219b86dc2950c2d7dd477049509cf2d,1d123c064102272d8ad227f9a22561bbe219b86dc2950c2d7dd477049509cf2d,6a605296ed13872a04096f3b2e7d7d5dc0898918fe94447f8c96ebb0ac0de59c,6a605296ed13872a04096f3b2e7d7d5dc0898918fe94447f8c96ebb0ac0de59c,826.3524169921875,826.3524169921875,1,1,1,1,1,1
p41-plant-0004,brics-odroid-012_cam0,DIVERSE16,16,959d23a813d40ba84f18aae8488902aed38e7333efd615da14ea19a5e85ffad4,959d23a813d40ba84f18aae8488902aed38e7333efd615da14ea19a5e85ffad4,97a238727c922862c1570334c00423bb86f965358823c4e007d56d423415cdcd,97a238727c922862c1570334c00423bb86f965358823c4e007d56d423415cdcd,6a605296ed13872a04096f3b2e7d7d5dc0898918fe94447f8c96ebb0ac0de59c,6a605296ed13872a04096f3b2e7d7d5dc0898918fe94447f8c96ebb0ac0de59c,829.9037170410156,829.9037170410156,1,1,1,1,1,1
p41-plant-0004,brics-odroid-012_cam0,DIVERSE32,32,d931bf8058182380f909f504c2852660e2669cf3d549b72eed571680d9295bbd,d931bf8058182380f909f504c2852660e2669cf3d549b72eed571680d9295bbd,858ecb494d7e1f8cbb041ac7ae9ab8909e465db98ca7d9b7d235614a9eb74837,858ecb494d7e1f8cbb041ac7ae9ab8909e465db98ca7d9b7d235614a9eb74837,6a605296ed13872a04096f3b2e7d7d5dc0898918fe94447f8c96ebb0ac0de59c,6a605296ed13872a04096f3b2e7d7d5dc0898918fe94447f8c96ebb0ac0de59c,830.2886657714844,830.2886657714844,1,1,1,1,1,1
p41-plant-0004,brics-odroid-012_cam0,LOW16,16,ab9d1d927aa8eea403a6bb8b361ed5ca192b6b7091dda92d41a5fc23c9366104,ab9d1d927aa8eea403a6bb8b361ed5ca192b6b7091dda92d41a5fc23c9366104,4f9c8bf3eb5425dc7e343826e1d820fddb5b9c5c02f79c024adb3bb1c73dd79c,4f9c8bf3eb5425dc7e343826e1d820fddb5b9c5c02f79c024adb3bb1c73dd79c,6a605296ed13872a04096f3b2e7d7d5dc0898918fe94447f8c96ebb0ac0de59c,6a605296ed13872a04096f3b2e7d7d5dc0898918fe94447f8c96ebb0ac0de59c,822.7858581542969,822.7858581542969,1,1,1,1,1,1
p41-plant-0004,brics-odroid-012_cam0,LOW32,32,97e6ce5b4c9783f37f81c44389a2b82f77e85d1c95180e372b163e242996f908,97e6ce5b4c9783f37f81c44389a2b82f77e85d1c95180e372b163e242996f908,0bd85ef4f025115cf7f4ea8b2b966bd07af16aaf6f6d47e44ff6a752863752cb,0bd85ef4f025115cf7f4ea8b2b966bd07af16aaf6f6d47e44ff6a752863752cb,6a605296ed13872a04096f3b2e7d7d5dc0898918fe94447f8c96ebb0ac0de59c,6a605296ed13872a04096f3b2e7d7d5dc0898918fe94447f8c96ebb0ac0de59c,823.3616943359375,823.3616943359375,1,1,1,1,1,1
p41-plant-0004,brics-odroid-012_cam0,N16,16,d53774caa20987fbd8ef8a1ce80c407bcf34bcfbd61e065d07b6a10b20c70f3f,d53774caa20987fbd8ef8a1ce80c407bcf34bcfbd61e065d07b6a10b20c70f3f,15721a2ae1e30e86573017d83893feff110ea338f231ff9b61575072b8b9e947,15721a2ae1e30e86573017d83893feff110ea338f231ff9b61575072b8b9e947,6a605296ed13872a04096f3b2e7d7d5dc0898918fe94447f8c96ebb0ac0de59c,6a605296ed13872a04096f3b2e7d7d5dc0898918fe94447f8c96ebb0ac0de59c,826.8820190429688,826.8820190429688,1,1,1,1,1,1
p41-plant-0004,brics-odroid-012_cam0,N32,32,dd01ab5923fcccbd5fdf2ba562f1a72adba17ae17bf27adbf471071906f9aa5d,dd01ab5923fcccbd5fdf2ba562f1a72adba17ae17bf27adbf471071906f9aa5d,0b6889cb2d12b4b3c686100060ce4af3bc893069488dea35be119c382c260228,0b6889cb2d12b4b3c686100060ce4af3bc893069488dea35be119c382c260228,6a605296ed13872a04096f3b2e7d7d5dc0898918fe94447f8c96ebb0ac0de59c,6a605296ed13872a04096f3b2e7d7d5dc0898918fe94447f8c96ebb0ac0de59c,826.8095397949219,826.8095397949219,1,1,1,1,1,1
p41-plant-0004,brics-odroid-012_cam0,N8,8,2f7ce87caa700d9a210c5bc49e08092a526db8804049d94443e446a281b9a1aa,2f7ce87caa700d9a210c5bc49e08092a526db8804049d94443e446a281b9a1aa,2ac418b08d93f4c5815b5c68b286bd88f071985c9e92e4789acaa62a77bd6fdf,2ac418b08d93f4c5815b5c68b286bd88f071985c9e92e4789acaa62a77bd6fdf,6a605296ed13872a04096f3b2e7d7d5dc0898918fe94447f8c96ebb0ac0de59c,6a605296ed13872a04096f3b2e7d7d5dc0898918fe94447f8c96ebb0ac0de59c,826.8820190429688,826.8820190429688,1,1,1,1,1,1
p41-plant-0004,brics-odroid-012_cam1,ALL_COMMON,63,51a21cbeaeeb5effbb0129e5111570ee644756f2fcb31862d12a675c8428ac5d,51a21cbeaeeb5effbb0129e5111570ee644756f2fcb31862d12a675c8428ac5d,cd1baa14d992ca9cfffa7b8aa8703ee36d09051a18e2e8543e6626e07279afc6,cd1baa14d992ca9cfffa7b8aa8703ee36d09051a18e2e8543e6626e07279afc6,ea6f8aabae1abd3d9445e064ac3ccfd23e662064fc8a98b73f03b32d0503a38d,ea6f8aabae1abd3d9445e064ac3ccfd23e662064fc8a98b73f03b32d0503a38d,819.677001953125,819.677001953125,1,1,1,1,1,1
p41-plant-0004,brics-odroid-012_cam1,DIVERSE16,16,2174faa2931e0e22b56ded4cc96a684a03e08fd9dd2879b5e7cb1092952b8e4f,2174faa2931e0e22b56ded4cc96a684a03e08fd9dd2879b5e7cb1092952b8e4f,0882cb33e74c5d92fa228619f315d9d41852e04be8ac1f3a4001dcb684af64da,0882cb33e74c5d92fa228619f315d9d41852e04be8ac1f3a4001dcb684af64da,ea6f8aabae1abd3d9445e064ac3ccfd23e662064fc8a98b73f03b32d0503a38d,ea6f8aabae1abd3d9445e064ac3ccfd23e662064fc8a98b73f03b32d0503a38d,820.8255615234375,820.8255615234375,1,1,1,1,1,1
p41-plant-0004,brics-odroid-012_cam1,DIVERSE32,32,5a3060e427799a708703da8cb1730c1e2ebe0a3a2897938ac4d4a83c1504ab49,5a3060e427799a708703da8cb1730c1e2ebe0a3a2897938ac4d4a83c1504ab49,f73c4759590d3268db5ad371b4de1530e70357db94390f0dcbd5c65e73bf710e,f73c4759590d3268db5ad371b4de1530e70357db94390f0dcbd5c65e73bf710e,ea6f8aabae1abd3d9445e064ac3ccfd23e662064fc8a98b73f03b32d0503a38d,ea6f8aabae1abd3d9445e064ac3ccfd23e662064fc8a98b73f03b32d0503a38d,820.464599609375,820.464599609375,1,1,1,1,1,1
p41-plant-0004,brics-odroid-012_cam1,LOW16,16,4e03b90d4c82d0facafc7ffb1495fe7529fd356c63ee7d9faff2b7b54d1f0354,4e03b90d4c82d0facafc7ffb1495fe7529fd356c63ee7d9faff2b7b54d1f0354,de17b3993fa2532acdb8a2cfbe5bafd9e84578cab0c29992b8a7e0d3118934ea,de17b3993fa2532acdb8a2cfbe5bafd9e84578cab0c29992b8a7e0d3118934ea,ea6f8aabae1abd3d9445e064ac3ccfd23e662064fc8a98b73f03b32d0503a38d,ea6f8aabae1abd3d9445e064ac3ccfd23e662064fc8a98b73f03b32d0503a38d,822.4852600097656,822.4852600097656,1,1,1,1,1,1
p41-plant-0004,brics-odroid-012_cam1,LOW32,32,e4e9afcfc622db12ed4e84e141307befa432f51924da5bf8c9aac794fc2407de,e4e9afcfc622db12ed4e84e141307befa432f51924da5bf8c9aac794fc2407de,375ee1b967d297baf5eca58394076bbe579a85998a787143d6a2eb37762d8340,375ee1b967d297baf5eca58394076bbe579a85998a787143d6a2eb37762d8340,ea6f8aabae1abd3d9445e064ac3ccfd23e662064fc8a98b73f03b32d0503a38d,ea6f8aabae1abd3d9445e064ac3ccfd23e662064fc8a98b73f03b32d0503a38d,820.6907348632812,820.6907348632812,1,1,1,1,1,1
p41-plant-0004,brics-odroid-012_cam1,N16,16,d53774caa20987fbd8ef8a1ce80c407bcf34bcfbd61e065d07b6a10b20c70f3f,d53774caa20987fbd8ef8a1ce80c407bcf34bcfbd61e065d07b6a10b20c70f3f,37b98888cc4d55cf2cb663be780eaf0d2d5da826e6d84b10274d09a7209c80fb,37b98888cc4d55cf2cb663be780eaf0d2d5da826e6d84b10274d09a7209c80fb,ea6f8aabae1abd3d9445e064ac3ccfd23e662064fc8a98b73f03b32d0503a38d,ea6f8aabae1abd3d9445e064ac3ccfd23e662064fc8a98b73f03b32d0503a38d,822.4480285644531,822.4480285644531,1,1,1,1,1,1
p41-plant-0004,brics-odroid-012_cam1,N32,32,66b2a29c7d020a09e84b56ee69b1a5a4483d6b99282c4ea157626de963212c03,66b2a29c7d020a09e84b56ee69b1a5a4483d6b99282c4ea157626de963212c03,6644b1b654405f4d1759f998e737150159a8f1f176329155f1b9df5ae5f73cac,6644b1b654405f4d1759f998e737150159a8f1f176329155f1b9df5ae5f73cac,ea6f8aabae1abd3d9445e064ac3ccfd23e662064fc8a98b73f03b32d0503a38d,ea6f8aabae1abd3d9445e064ac3ccfd23e662064fc8a98b73f03b32d0503a38d,819.5893859863281,819.5893859863281,1,1,1,1,1,1
p41-plant-0004,brics-odroid-012_cam1,N8,8,2f7ce87caa700d9a210c5bc49e08092a526db8804049d94443e446a281b9a1aa,2f7ce87caa700d9a210c5bc49e08092a526db8804049d94443e446a281b9a1aa,3828960c3b5dca2f5e0f5c7d2518e7b889c6a710ad90bd17765f7efe50741212,3828960c3b5dca2f5e0f5c7d2518e7b889c6a710ad90bd17765f7efe50741212,ea6f8aabae1abd3d9445e064ac3ccfd23e662064fc8a98b73f03b32d0503a38d,ea6f8aabae1abd3d9445e064ac3ccfd23e662064fc8a98b73f03b32d0503a38d,818.9829406738281,818.9829406738281,1,1,1,1,1,1
p41-plant-0004,brics-odroid-014_cam1,ALL_COMMON,27,46ba1da42f164e08e77430221596a89e67e99327f00f0f1cbcc7d17dc3bf45dc,46ba1da42f164e08e77430221596a89e67e99327f00f0f1cbcc7d17dc3bf45dc,4d1faeca75cc063885cba76b233d681a2f894581703317bb828754daf8ade291,4d1faeca75cc063885cba76b233d681a2f894581703317bb828754daf8ade291,bace11252e9022edb85967c2ed2bfe6db6b5b084e954290fe043d14434b5142a,bace11252e9022edb85967c2ed2bfe6db6b5b084e954290fe043d14434b5142a,823.8992309570312,823.8992309570312,1,1,1,1,1,1
p41-plant-0004,brics-odroid-014_cam1,N16,16,959582300a09495905f87906915fc3d204699ee6003a9734e09a358df8baf991,959582300a09495905f87906915fc3d204699ee6003a9734e09a358df8baf991,690de30aed57cd729ffdfb8e6b8143bb9a2eba8d7251ec1fc728959ae6b21979,690de30aed57cd729ffdfb8e6b8143bb9a2eba8d7251ec1fc728959ae6b21979,bace11252e9022edb85967c2ed2bfe6db6b5b084e954290fe043d14434b5142a,bace11252e9022edb85967c2ed2bfe6db6b5b084e954290fe043d14434b5142a,824.1292114257812,824.1292114257812,1,1,1,1,1,1
p41-plant-0004,brics-odroid-014_cam1,N8,8,1b545fa46e5615f5108fc6aa552943d424a260ee8315a4e87e33feb17d51accd,1b545fa46e5615f5108fc6aa552943d424a260ee8315a4e87e33feb17d51accd,a6fbabf72a47bf7fb90c7ce3864ef9ca60f73ead36d200af80dec3ee6e551cd6,a6fbabf72a47bf7fb90c7ce3864ef9ca60f73ead36d200af80dec3ee6e551cd6,bace11252e9022edb85967c2ed2bfe6db6b5b084e954290fe043d14434b5142a,bace11252e9022edb85967c2ed2bfe6db6b5b084e954290fe043d14434b5142a,826.9883422851562,826.9883422851562,1,1,1,1,1,1
p41-plant-0004,brics-odroid-015_cam0,ALL_COMMON,7,e192526459de13c9ec7e74db27fd72af5e8bf3eb3e7a65409762ecedf1009682,e192526459de13c9ec7e74db27fd72af5e8bf3eb3e7a65409762ecedf1009682,95b7017aa635db8649508b6b8568994c283e5945f580ed939821b27035399223,95b7017aa635db8649508b6b8568994c283e5945f580ed939821b27035399223,8293c141787df0965f3d86f8364eab9f313d5996a7bf5cb186367b84ae809eb9,8293c141787df0965f3d86f8364eab9f313d5996a7bf5cb186367b84ae809eb9,869.7098388671875,869.7098388671875,1,1,1,1,1,1
p41-plant-0004,brics-odroid-015_cam1,ALL_COMMON,54,179544af915fe7a12e2af930243f946f6d1ff77ee2050f4725ca3fb2046042dc,179544af915fe7a12e2af930243f946f6d1ff77ee2050f4725ca3fb2046042dc,36a20e399a4f3a8504d55360aac00efdd223c787a676d5152c1a0db0b7d35796,36a20e399a4f3a8504d55360aac00efdd223c787a676d5152c1a0db0b7d35796,ddc74b8b435b856453e1599aa7bbd8517e9216faab9cddf707d2457cc4f00fe7,ddc74b8b435b856453e1599aa7bbd8517e9216faab9cddf707d2457cc4f00fe7,752.3020935058594,752.3020935058594,1,1,1,1,1,1
p41-plant-0004,brics-odroid-015_cam1,DIVERSE16,16,89b4871e43822c55be41f01fdf235423513b4d9647e2f160f439d099b4234e91,89b4871e43822c55be41f01fdf235423513b4d9647e2f160f439d099b4234e91,38130221ce4a4671439d26748459a7e0d0191c54bb913bbfa8d7ec71e380ba1d,38130221ce4a4671439d26748459a7e0d0191c54bb913bbfa8d7ec71e380ba1d,ddc74b8b435b856453e1599aa7bbd8517e9216faab9cddf707d2457cc4f00fe7,ddc74b8b435b856453e1599aa7bbd8517e9216faab9cddf707d2457cc4f00fe7,750.3836059570312,750.3836059570312,1,1,1,1,1,1
p41-plant-0004,brics-odroid-015_cam1,DIVERSE32,32,092f7f0e12e0b881a582a6578362256730147ff9798326a66612696c417c65ba,092f7f0e12e0b881a582a6578362256730147ff9798326a66612696c417c65ba,7374b3df00225bcdba7115a77413b7455ecce2a0df8f856b0f098e67811a432b,7374b3df00225bcdba7115a77413b7455ecce2a0df8f856b0f098e67811a432b,ddc74b8b435b856453e1599aa7bbd8517e9216faab9cddf707d2457cc4f00fe7,ddc74b8b435b856453e1599aa7bbd8517e9216faab9cddf707d2457cc4f00fe7,753.6809997558594,753.6809997558594,1,1,1,1,1,1
p41-plant-0004,brics-odroid-015_cam1,LOW16,16,90ead25b339acdbe66af8d730b57bf4893914a3418761789025d1d5133a6b71d,90ead25b339acdbe66af8d730b57bf4893914a3418761789025d1d5133a6b71d,56280f421bc6fba5d50190b577592d1044e9f3b4cfda3a29ec8cca90c0fd718b,56280f421bc6fba5d50190b577592d1044e9f3b4cfda3a29ec8cca90c0fd718b,ddc74b8b435b856453e1599aa7bbd8517e9216faab9cddf707d2457cc4f00fe7,ddc74b8b435b856453e1599aa7bbd8517e9216faab9cddf707d2457cc4f00fe7,751.1875,751.1875,1,1,1,1,1,1
p41-plant-0004,brics-odroid-015_cam1,LOW32,32,ed571740be4e0b669b32c6264c11465289ff77f48efb4766bc0f5373a942738c,ed571740be4e0b669b32c6264c11465289ff77f48efb4766bc0f5373a942738c,67d6922cc3f6f5a77ae6a6638e1ea6ff3916e29f643471199b52362fdc72b8e7,67d6922cc3f6f5a77ae6a6638e1ea6ff3916e29f643471199b52362fdc72b8e7,ddc74b8b435b856453e1599aa7bbd8517e9216faab9cddf707d2457cc4f00fe7,ddc74b8b435b856453e1599aa7bbd8517e9216faab9cddf707d2457cc4f00fe7,751.5335693359375,751.5335693359375,1,1,1,1,1,1
p41-plant-0004,brics-odroid-015_cam1,N16,16,299d6aa8e702f699d37c8b031b74697d793f91c54f24a13a426eeadf6cab76e7,299d6aa8e702f699d37c8b031b74697d793f91c54f24a13a426eeadf6cab76e7,7dcfc53e1775e0ac02913cb3775809612334ee68f0f14775e852d3a2c2239ed9,7dcfc53e1775e0ac02913cb3775809612334ee68f0f14775e852d3a2c2239ed9,ddc74b8b435b856453e1599aa7bbd8517e9216faab9cddf707d2457cc4f00fe7,ddc74b8b435b856453e1599aa7bbd8517e9216faab9cddf707d2457cc4f00fe7,751.5455322265625,751.5455322265625,1,1,1,1,1,1
p41-plant-0004,brics-odroid-015_cam1,N32,32,9649de2930721711d18f8b0591e1a5ce447384dc226f666a86faac3e93e31218,9649de2930721711d18f8b0591e1a5ce447384dc226f666a86faac3e93e31218,24d9bf47c9ff1379feb3fd27f60d3f5aa55c7b2cf7da887ac29b15cadd253ffa,24d9bf47c9ff1379feb3fd27f60d3f5aa55c7b2cf7da887ac29b15cadd253ffa,ddc74b8b435b856453e1599aa7bbd8517e9216faab9cddf707d2457cc4f00fe7,ddc74b8b435b856453e1599aa7bbd8517e9216faab9cddf707d2457cc4f00fe7,751.907470703125,751.907470703125,1,1,1,1,1,1
p41-plant-0004,brics-odroid-015_cam1,N8,8,163f3f2189e0db60bd11effcb9119ce8bd05f2615a73f33cc3eee9b1356614fd,163f3f2189e0db60bd11effcb9119ce8bd05f2615a73f33cc3eee9b1356614fd,026a1049b3e0dc3303a005e05ddb393f6689ca20407c703bc17bcd34378daf9c,026a1049b3e0dc3303a005e05ddb393f6689ca20407c703bc17bcd34378daf9c,ddc74b8b435b856453e1599aa7bbd8517e9216faab9cddf707d2457cc4f00fe7,ddc74b8b435b856453e1599aa7bbd8517e9216faab9cddf707d2457cc4f00fe7,751.5455322265625,751.5455322265625,1,1,1,1,1,1
p41-plant-0004,brics-odroid-016_cam0,ALL_COMMON,58,bad9c9411a5e3ef111f11ea599affe5954099a3b9f04b92edc6ad893e8eb8933,bad9c9411a5e3ef111f11ea599affe5954099a3b9f04b92edc6ad893e8eb8933,4c49be54c7f17a295b5130a101f6260cee10b2afd99ede3d94c1205078996d9c,4c49be54c7f17a295b5130a101f6260cee10b2afd99ede3d94c1205078996d9c,e33d6c144f5a650cc0e88a802e65bffd6151d37442f216e416d43afbe147d25b,e33d6c144f5a650cc0e88a802e65bffd6151d37442f216e416d43afbe147d25b,1061.8882446289062,1061.8882446289062,1,1,1,1,1,1
p41-plant-0004,brics-odroid-016_cam0,DIVERSE16,16,5e11390cd89398b8189a5ef77bcb85731c448b53c45f6aff3a07658b478405af,5e11390cd89398b8189a5ef77bcb85731c448b53c45f6aff3a07658b478405af,937c8ee95a10af3f6d6245c282294f9ff54a35ff6dd3509378d28c09e0f15126,937c8ee95a10af3f6d6245c282294f9ff54a35ff6dd3509378d28c09e0f15126,e33d6c144f5a650cc0e88a802e65bffd6151d37442f216e416d43afbe147d25b,e33d6c144f5a650cc0e88a802e65bffd6151d37442f216e416d43afbe147d25b,1064.9963989257812,1064.9963989257812,1,1,1,1,1,1
p41-plant-0004,brics-odroid-016_cam0,DIVERSE32,32,3af3236f73f45721af27b11534666a1f733b6fbea445cd4495c588120f24f279,3af3236f73f45721af27b11534666a1f733b6fbea445cd4495c588120f24f279,4c729ca882a3e756ef1b590015b65d42cfb1564c3445c7fdd684eba35e1ad600,4c729ca882a3e756ef1b590015b65d42cfb1564c3445c7fdd684eba35e1ad600,e33d6c144f5a650cc0e88a802e65bffd6151d37442f216e416d43afbe147d25b,e33d6c144f5a650cc0e88a802e65bffd6151d37442f216e416d43afbe147d25b,1066.010009765625,1066.010009765625,1,1,1,1,1,1
p41-plant-0004,brics-odroid-016_cam0,LOW16,16,ac18e3383ae814703ff5751f679b4f2ecd3d91159a780fbff4aff4871e32bde2,ac18e3383ae814703ff5751f679b4f2ecd3d91159a780fbff4aff4871e32bde2,2ce668abdbd2abbce0b2d4afad290b2e7e2ec3756289e192012d71d0380a9d50,2ce668abdbd2abbce0b2d4afad290b2e7e2ec3756289e192012d71d0380a9d50,e33d6c144f5a650cc0e88a802e65bffd6151d37442f216e416d43afbe147d25b,e33d6c144f5a650cc0e88a802e65bffd6151d37442f216e416d43afbe147d25b,1061.2159423828125,1061.2159423828125,1,1,1,1,1,1
p41-plant-0004,brics-odroid-016_cam0,LOW32,32,1ae466939ca85b714cdc884780505c784afb83e71d798306f267c840395bb667,1ae466939ca85b714cdc884780505c784afb83e71d798306f267c840395bb667,69aca4cc81cc513ae1caaf7df840f4f4ccf70e7f324f1de439018af7c98f16ca,69aca4cc81cc513ae1caaf7df840f4f4ccf70e7f324f1de439018af7c98f16ca,e33d6c144f5a650cc0e88a802e65bffd6151d37442f216e416d43afbe147d25b,e33d6c144f5a650cc0e88a802e65bffd6151d37442f216e416d43afbe147d25b,1061.2902221679688,1061.2902221679688,1,1,1,1,1,1
p41-plant-0004,brics-odroid-016_cam0,N16,16,df512548a0864789f490d7ee2ac6a785b5756810cd2fd1968c917a1dccceaa74,df512548a0864789f490d7ee2ac6a785b5756810cd2fd1968c917a1dccceaa74,43857cbe133ba663d14df210b2140c03d24e2f427394c912750342c78859497e,43857cbe133ba663d14df210b2140c03d24e2f427394c912750342c78859497e,e33d6c144f5a650cc0e88a802e65bffd6151d37442f216e416d43afbe147d25b,e33d6c144f5a650cc0e88a802e65bffd6151d37442f216e416d43afbe147d25b,1062.7415771484375,1062.7415771484375,1,1,1,1,1,1
p41-plant-0004,brics-odroid-016_cam0,N32,32,2461d3bbb29993f78f1c84eb5a5977baf901301656ac7eb718b109e899802c02,2461d3bbb29993f78f1c84eb5a5977baf901301656ac7eb718b109e899802c02,3b00ebab408fa88b2b36af4c47be66978ffcc53cd812ffd50e827ac2d22a664e,3b00ebab408fa88b2b36af4c47be66978ffcc53cd812ffd50e827ac2d22a664e,e33d6c144f5a650cc0e88a802e65bffd6151d37442f216e416d43afbe147d25b,e33d6c144f5a650cc0e88a802e65bffd6151d37442f216e416d43afbe147d25b,1062.680419921875,1062.680419921875,1,1,1,1,1,1
p41-plant-0004,brics-odroid-016_cam0,N8,8,2f4e84adaf06436b9dced7663bba84bf5ae0bef42c35647078cf279d11248e01,2f4e84adaf06436b9dced7663bba84bf5ae0bef42c35647078cf279d11248e01,f4f3216e9b696842d7719b4afbd6e66a7ca504fa5611c4e6a63171485e0539ba,f4f3216e9b696842d7719b4afbd6e66a7ca504fa5611c4e6a63171485e0539ba,e33d6c144f5a650cc0e88a802e65bffd6151d37442f216e416d43afbe147d25b,e33d6c144f5a650cc0e88a802e65bffd6151d37442f216e416d43afbe147d25b,1065.0714721679688,1065.0714721679688,1,1,1,1,1,1
p41-plant-0004,brics-odroid-017_cam0,ALL_COMMON,54,ffbeb144116238cbd7eafe1094ba585957d074cd606dda9fbfb74bbf278ee516,ffbeb144116238cbd7eafe1094ba585957d074cd606dda9fbfb74bbf278ee516,940341b3f774db655772d5fc5b5c8cec60081da7cf6c749154009f6dd1e95f98,940341b3f774db655772d5fc5b5c8cec60081da7cf6c749154009f6dd1e95f98,dead4da207a019ad21cf94fb9d9180cb97b582b525d5db9a56d6efbffbbab981,dead4da207a019ad21cf94fb9d9180cb97b582b525d5db9a56d6efbffbbab981,835.1065368652344,835.1065368652344,1,1,1,1,1,1
p41-plant-0004,brics-odroid-017_cam0,DIVERSE16,16,32a89a949e8a09174c05585dcc4c0083245c1375511e58792af8e12157e6258b,32a89a949e8a09174c05585dcc4c0083245c1375511e58792af8e12157e6258b,108a1711d1dfa10b9efbebce94d91dd37ed77c0cd00c972e4d770fb86977378b,108a1711d1dfa10b9efbebce94d91dd37ed77c0cd00c972e4d770fb86977378b,dead4da207a019ad21cf94fb9d9180cb97b582b525d5db9a56d6efbffbbab981,dead4da207a019ad21cf94fb9d9180cb97b582b525d5db9a56d6efbffbbab981,835.1773681640625,835.1773681640625,1,1,1,1,1,1
p41-plant-0004,brics-odroid-017_cam0,DIVERSE32,32,5683a3e33351970a8c0d9f9361ba8d5abe268475a45c3cc08d3d1968b5f18918,5683a3e33351970a8c0d9f9361ba8d5abe268475a45c3cc08d3d1968b5f18918,ecc1f423179f38a9e9c229957b23b721b0a04146bf1b1f5292ce61ba3c5d7e55,ecc1f423179f38a9e9c229957b23b721b0a04146bf1b1f5292ce61ba3c5d7e55,dead4da207a019ad21cf94fb9d9180cb97b582b525d5db9a56d6efbffbbab981,dead4da207a019ad21cf94fb9d9180cb97b582b525d5db9a56d6efbffbbab981,836.5024719238281,836.5024719238281,1,1,1,1,1,1
p41-plant-0004,brics-odroid-017_cam0,LOW16,16,32500dc0efba7ed9031a4b9f13550443a7887470cffc352cc1ab485cef064849,32500dc0efba7ed9031a4b9f13550443a7887470cffc352cc1ab485cef064849,50ae5b0e60a12b99cda6d117915bdf0bbe51d55bb8b43aa1619eb07712680709,50ae5b0e60a12b99cda6d117915bdf0bbe51d55bb8b43aa1619eb07712680709,dead4da207a019ad21cf94fb9d9180cb97b582b525d5db9a56d6efbffbbab981,dead4da207a019ad21cf94fb9d9180cb97b582b525d5db9a56d6efbffbbab981,835.1065368652344,835.1065368652344,1,1,1,1,1,1
p41-plant-0004,brics-odroid-017_cam0,LOW32,32,e9d02f18647017dc8331f9aa71fa904c412b7ad4fcacd6b3375ecdaff7ce6e0b,e9d02f18647017dc8331f9aa71fa904c412b7ad4fcacd6b3375ecdaff7ce6e0b,7e0dcc26e6bb4e261757ca3743c32f76c63452810096d24294dd7305925a8940,7e0dcc26e6bb4e261757ca3743c32f76c63452810096d24294dd7305925a8940,dead4da207a019ad21cf94fb9d9180cb97b582b525d5db9a56d6efbffbbab981,dead4da207a019ad21cf94fb9d9180cb97b582b525d5db9a56d6efbffbbab981,836.5093078613281,836.5093078613281,1,1,1,1,1,1
p41-plant-0004,brics-odroid-017_cam0,N16,16,7814ba4c627ce26ff3490773aa00913c690676c761bae93125e8b8525f2686ff,7814ba4c627ce26ff3490773aa00913c690676c761bae93125e8b8525f2686ff,0841ac390573722dacf424f7456f4f72f2d47e5dca7b0c6efdfea1d609206861,0841ac390573722dacf424f7456f4f72f2d47e5dca7b0c6efdfea1d609206861,dead4da207a019ad21cf94fb9d9180cb97b582b525d5db9a56d6efbffbbab981,dead4da207a019ad21cf94fb9d9180cb97b582b525d5db9a56d6efbffbbab981,836.6178283691406,836.6178283691406,1,1,1,1,1,1
p41-plant-0004,brics-odroid-017_cam0,N32,32,471c0cb8e4664bd650a6b1b0452cdce7c4a61f11d2c7591fed7376558ede9eed,471c0cb8e4664bd650a6b1b0452cdce7c4a61f11d2c7591fed7376558ede9eed,05bee8efe076eccf5802a70d3599a5108c0575b17db93315434531da1eb2caa7,05bee8efe076eccf5802a70d3599a5108c0575b17db93315434531da1eb2caa7,dead4da207a019ad21cf94fb9d9180cb97b582b525d5db9a56d6efbffbbab981,dead4da207a019ad21cf94fb9d9180cb97b582b525d5db9a56d6efbffbbab981,835.7893676757812,835.7893676757812,1,1,1,1,1,1
p41-plant-0004,brics-odroid-017_cam0,N8,8,3da3fd30fe4e66f49f448cd00eb72051a2fe056929da940b90408c21f0b77bba,3da3fd30fe4e66f49f448cd00eb72051a2fe056929da940b90408c21f0b77bba,b22f255d8ca8ac60bfa9848947e9eaa7c745ad8920767328b83c9ccdfb73d6dd,b22f255d8ca8ac60bfa9848947e9eaa7c745ad8920767328b83c9ccdfb73d6dd,dead4da207a019ad21cf94fb9d9180cb97b582b525d5db9a56d6efbffbbab981,dead4da207a019ad21cf94fb9d9180cb97b582b525d5db9a56d6efbffbbab981,835.025634765625,835.025634765625,1,1,1,1,1,1
p41-plant-0004,brics-odroid-017_cam1,ALL_COMMON,52,9847ee44cc256c55029a1a1a8369019bc52b12659a1f49f616fd9736c7e47660,9847ee44cc256c55029a1a1a8369019bc52b12659a1f49f616fd9736c7e47660,ca44b4fb3201eebeb554eb8f292c7bf331eb35170bdd6c48f0d8084dd7131cba,ca44b4fb3201eebeb554eb8f292c7bf331eb35170bdd6c48f0d8084dd7131cba,33a773b91022c472a6631d19dd0659327b61a77ac159fa3d7308a21ced9f354e,33a773b91022c472a6631d19dd0659327b61a77ac159fa3d7308a21ced9f354e,880.7257385253906,880.7257385253906,1,1,1,1,1,1
p41-plant-0004,brics-odroid-017_cam1,DIVERSE16,16,b79ef8ab09176740efd6f691af2a09103dd52b324a4dbd52277b1e59ab5334d2,b79ef8ab09176740efd6f691af2a09103dd52b324a4dbd52277b1e59ab5334d2,9c32a3e6647e75c0330fe26e55da989c1a87ca78edf05d6edfcfc7cb20a15818,9c32a3e6647e75c0330fe26e55da989c1a87ca78edf05d6edfcfc7cb20a15818,33a773b91022c472a6631d19dd0659327b61a77ac159fa3d7308a21ced9f354e,33a773b91022c472a6631d19dd0659327b61a77ac159fa3d7308a21ced9f354e,878.7587890625,878.7587890625,1,1,1,1,1,1
p41-plant-0004,brics-odroid-017_cam1,DIVERSE32,32,ae8f128cc624eb2fcd9939fa0a6884d885f1f8e53ec21c2e2c2583ce469dcd7a,ae8f128cc624eb2fcd9939fa0a6884d885f1f8e53ec21c2e2c2583ce469dcd7a,8ddf738cf5d878666fada197a97807d6fa4fd5ddaddc97c0fe376d1c6ee6bbba,8ddf738cf5d878666fada197a97807d6fa4fd5ddaddc97c0fe376d1c6ee6bbba,33a773b91022c472a6631d19dd0659327b61a77ac159fa3d7308a21ced9f354e,33a773b91022c472a6631d19dd0659327b61a77ac159fa3d7308a21ced9f354e,878.7209777832031,878.7209777832031,1,1,1,1,1,1
p41-plant-0004,brics-odroid-017_cam1,LOW16,16,61326c2e397314de6e511cd20635c3356ce574187826ea1ec5ff9a58c8d6b457,61326c2e397314de6e511cd20635c3356ce574187826ea1ec5ff9a58c8d6b457,56c4cd03ef6ec45195a51d1413f35471cee62ef12a01ad166f0ccff3f3f47f1a,56c4cd03ef6ec45195a51d1413f35471cee62ef12a01ad166f0ccff3f3f47f1a,33a773b91022c472a6631d19dd0659327b61a77ac159fa3d7308a21ced9f354e,33a773b91022c472a6631d19dd0659327b61a77ac159fa3d7308a21ced9f354e,883.872802734375,883.872802734375,1,1,1,1,1,1
p41-plant-0004,brics-odroid-017_cam1,LOW32,32,121f36348b91f8e53aa720be9412a6eee24206ca750de74a5dcb9f423ebd91c8,121f36348b91f8e53aa720be9412a6eee24206ca750de74a5dcb9f423ebd91c8,5c6ac6b2b8a6eeb74f03afdcf30d96d90e81ec3c98297d6e4e53edfede93419a,5c6ac6b2b8a6eeb74f03afdcf30d96d90e81ec3c98297d6e4e53edfede93419a,33a773b91022c472a6631d19dd0659327b61a77ac159fa3d7308a21ced9f354e,33a773b91022c472a6631d19dd0659327b61a77ac159fa3d7308a21ced9f354e,881.380126953125,881.380126953125,1,1,1,1,1,1
p41-plant-0004,brics-odroid-017_cam1,N16,16,0ec2550f3e5caf49c2a28a4d302be46fb27032242b3301636902da307580b9db,0ec2550f3e5caf49c2a28a4d302be46fb27032242b3301636902da307580b9db,c16d986d259da6402dfb28d563db620e5dd0515e0983e79e4e79cc486491bb82,c16d986d259da6402dfb28d563db620e5dd0515e0983e79e4e79cc486491bb82,33a773b91022c472a6631d19dd0659327b61a77ac159fa3d7308a21ced9f354e,33a773b91022c472a6631d19dd0659327b61a77ac159fa3d7308a21ced9f354e,878.44775390625,878.44775390625,1,1,1,1,1,1
p41-plant-0004,brics-odroid-017_cam1,N32,32,daddf36a0f4f20d9dee923b13a51af9bca793d92563c89b99dd416cf9572d054,daddf36a0f4f20d9dee923b13a51af9bca793d92563c89b99dd416cf9572d054,7670164fe3e92bd571a497bb271b0547d8d15a45c10cb0c2a4b896aa4a35991c,7670164fe3e92bd571a497bb271b0547d8d15a45c10cb0c2a4b896aa4a35991c,33a773b91022c472a6631d19dd0659327b61a77ac159fa3d7308a21ced9f354e,33a773b91022c472a6631d19dd0659327b61a77ac159fa3d7308a21ced9f354e,881.4246826171875,881.4246826171875,1,1,1,1,1,1
p41-plant-0004,brics-odroid-017_cam1,N8,8,5a59e97be1cba5bd967c7673ec71477d8424b19adced298dc51e07a88acae9ad,5a59e97be1cba5bd967c7673ec71477d8424b19adced298dc51e07a88acae9ad,dfe603f98f0ad90d750ffde7e2faca46a1363954a717e83515fa23332da1fea2,dfe603f98f0ad90d750ffde7e2faca46a1363954a717e83515fa23332da1fea2,33a773b91022c472a6631d19dd0659327b61a77ac159fa3d7308a21ced9f354e,33a773b91022c472a6631d19dd0659327b61a77ac159fa3d7308a21ced9f354e,880.8222351074219,880.8222351074219,1,1,1,1,1,1
p41-plant-0004,brics-odroid-019_cam1,ALL_COMMON,27,e50186b4b447a140d19e9ba03c63f88829cb9fd23f3937611346bfaba888967b,e50186b4b447a140d19e9ba03c63f88829cb9fd23f3937611346bfaba888967b,685f6af6ae15b25909761affdd68defca5aefbc909cf153fdfa9a14bf6489049,685f6af6ae15b25909761affdd68defca5aefbc909cf153fdfa9a14bf6489049,353938a9c7c245d4b5b06e99f237754709a3606379625336ccf0cc65c4c3a98c,353938a9c7c245d4b5b06e99f237754709a3606379625336ccf0cc65c4c3a98c,907.995849609375,907.995849609375,1,1,1,1,1,1
p41-plant-0004,brics-odroid-019_cam1,N16,16,f1e2260dbaa8009f06df0cedf474017aa91c83c6e525e263b2b3c6fc2f419609,f1e2260dbaa8009f06df0cedf474017aa91c83c6e525e263b2b3c6fc2f419609,0ecfed3227e0004894ce5caa47eaab8b99f090c94039d66dc5bef4b75b521266,0ecfed3227e0004894ce5caa47eaab8b99f090c94039d66dc5bef4b75b521266,353938a9c7c245d4b5b06e99f237754709a3606379625336ccf0cc65c4c3a98c,353938a9c7c245d4b5b06e99f237754709a3606379625336ccf0cc65c4c3a98c,904.6820983886719,904.6820983886719,1,1,1,1,1,1
p41-plant-0004,brics-odroid-019_cam1,N8,8,36b2c065e6b5db9ab43c4cc6f271f1ea2a7ef8f937aa74cd51ecfcf17a79ed36,36b2c065e6b5db9ab43c4cc6f271f1ea2a7ef8f937aa74cd51ecfcf17a79ed36,fdfc956558d18bd67f1d56da89a861aeb679e70ee0be20c20029aa3e06760b59,fdfc956558d18bd67f1d56da89a861aeb679e70ee0be20c20029aa3e06760b59,353938a9c7c245d4b5b06e99f237754709a3606379625336ccf0cc65c4c3a98c,353938a9c7c245d4b5b06e99f237754709a3606379625336ccf0cc65c4c3a98c,903.296630859375,903.296630859375,1,1,1,1,1,1
p41-plant-0004,brics-odroid-020_cam0,ALL_COMMON,57,21708674477b2761ce8c509f2f249d8331c38666e821af08d2f00c4f41750567,21708674477b2761ce8c509f2f249d8331c38666e821af08d2f00c4f41750567,deb6d4ba1c8e27bad9548ba379d9ff89489d5292513b0bb501a1d503821d530a,deb6d4ba1c8e27bad9548ba379d9ff89489d5292513b0bb501a1d503821d530a,da24439635f90e2260c996f3768f2eaa4d353f1f77045992841928f3dabac634,da24439635f90e2260c996f3768f2eaa4d353f1f77045992841928f3dabac634,937.6947631835938,937.6947631835938,1,1,1,1,1,1
p41-plant-0004,brics-odroid-020_cam0,DIVERSE16,16,e7d4d939c7deb359791346bb739c5dffd4503ebb8a24394f8c1cc73fe7d62e27,e7d4d939c7deb359791346bb739c5dffd4503ebb8a24394f8c1cc73fe7d62e27,c683ef12bb8c932e10acdea428d90cc945415dc56657794864c803763727ae28,c683ef12bb8c932e10acdea428d90cc945415dc56657794864c803763727ae28,da24439635f90e2260c996f3768f2eaa4d353f1f77045992841928f3dabac634,da24439635f90e2260c996f3768f2eaa4d353f1f77045992841928f3dabac634,942.6683959960938,942.6683959960938,1,1,1,1,1,1
p41-plant-0004,brics-odroid-020_cam0,DIVERSE32,32,ba8da6bdcbdf1483275e37a82d31e6377b7bb9a41914171435c146bef0c59470,ba8da6bdcbdf1483275e37a82d31e6377b7bb9a41914171435c146bef0c59470,d00ae41130ccff6b4142733c570aeeec546a27784c3785e49c3b94ea9aec5e8e,d00ae41130ccff6b4142733c570aeeec546a27784c3785e49c3b94ea9aec5e8e,da24439635f90e2260c996f3768f2eaa4d353f1f77045992841928f3dabac634,da24439635f90e2260c996f3768f2eaa4d353f1f77045992841928f3dabac634,939.1228637695312,939.1228637695312,1,1,1,1,1,1
p41-plant-0004,brics-odroid-020_cam0,LOW16,16,79c01f4c99904fb35aeff05e88d920459613d95f7619bbdb0a07d1ea1eabd000,79c01f4c99904fb35aeff05e88d920459613d95f7619bbdb0a07d1ea1eabd000,1a37b974edb5cec73ffc280cbc475cdc01cd944cc215a160dfe034b33f7fb2b8,1a37b974edb5cec73ffc280cbc475cdc01cd944cc215a160dfe034b33f7fb2b8,da24439635f90e2260c996f3768f2eaa4d353f1f77045992841928f3dabac634,da24439635f90e2260c996f3768f2eaa4d353f1f77045992841928f3dabac634,929.2874145507812,929.2874145507812,1,1,1,1,1,1
p41-plant-0004,brics-odroid-020_cam0,LOW32,32,573967c2742dd66a23e7d7905d7fbeb4e5c2f8d978d816ef6ec96b0c745f125e,573967c2742dd66a23e7d7905d7fbeb4e5c2f8d978d816ef6ec96b0c745f125e,5ad5491465e24c904dd8f9c6faef38caa4d5794d6696c14dd0b587e520f29d20,5ad5491465e24c904dd8f9c6faef38caa4d5794d6696c14dd0b587e520f29d20,da24439635f90e2260c996f3768f2eaa4d353f1f77045992841928f3dabac634,da24439635f90e2260c996f3768f2eaa4d353f1f77045992841928f3dabac634,928.8462219238281,928.8462219238281,1,1,1,1,1,1
p41-plant-0004,brics-odroid-020_cam0,N16,16,ad7ec75ad9111b4b97090397d7fea29647d62a10d8cf8d541f43b0234cec6b7a,ad7ec75ad9111b4b97090397d7fea29647d62a10d8cf8d541f43b0234cec6b7a,9d0781574aceb1a72761b55a43b87e649a354319eda3bd944e566fc33e192b27,9d0781574aceb1a72761b55a43b87e649a354319eda3bd944e566fc33e192b27,da24439635f90e2260c996f3768f2eaa4d353f1f77045992841928f3dabac634,da24439635f90e2260c996f3768f2eaa4d353f1f77045992841928f3dabac634,941.9564819335938,941.9564819335938,1,1,1,1,1,1
p41-plant-0004,brics-odroid-020_cam0,N32,32,e6a13cf6941e471fb2dc1576edd013957134025b4dac8239ab9ea62f0b8b0e22,e6a13cf6941e471fb2dc1576edd013957134025b4dac8239ab9ea62f0b8b0e22,7f88fe5bfe32a4b8b70edc24c72226ea3aa14773e2f4c17dd4a3420a872827cd,7f88fe5bfe32a4b8b70edc24c72226ea3aa14773e2f4c17dd4a3420a872827cd,da24439635f90e2260c996f3768f2eaa4d353f1f77045992841928f3dabac634,da24439635f90e2260c996f3768f2eaa4d353f1f77045992841928f3dabac634,938.7489013671875,938.7489013671875,1,1,1,1,1,1
p41-plant-0004,brics-odroid-020_cam0,N8,8,2f7ce87caa700d9a210c5bc49e08092a526db8804049d94443e446a281b9a1aa,2f7ce87caa700d9a210c5bc49e08092a526db8804049d94443e446a281b9a1aa,32971f18e49a5a5af950957a5b3ae4970a095ccabb4ff26964c35da58d7fffc0,32971f18e49a5a5af950957a5b3ae4970a095ccabb4ff26964c35da58d7fffc0,da24439635f90e2260c996f3768f2eaa4d353f1f77045992841928f3dabac634,da24439635f90e2260c996f3768f2eaa4d353f1f77045992841928f3dabac634,941.9564819335938,941.9564819335938,1,1,1,1,1,1
p41-plant-0004,brics-odroid-020_cam1,ALL_COMMON,26,e16d65e095cd18fb208dff010e2f08a033514e603dd11eeaa4dade43674e03c3,e16d65e095cd18fb208dff010e2f08a033514e603dd11eeaa4dade43674e03c3,147f2d4716ec5fd4d6277ab6c5df2991e3c5859cd41ce21619d98665af3beeed,147f2d4716ec5fd4d6277ab6c5df2991e3c5859cd41ce21619d98665af3beeed,f0b616276af2f3de4f685818bb4a53e42479cb1dafeca4ed425a072d684227b1,f0b616276af2f3de4f685818bb4a53e42479cb1dafeca4ed425a072d684227b1,856.2704162597656,856.2704162597656,1,1,1,1,1,1
p41-plant-0004,brics-odroid-020_cam1,N16,16,54c461ee8f7c5f4b7bf98afe154e2274a33c94759eda1bdc6dd0f57525ab69da,54c461ee8f7c5f4b7bf98afe154e2274a33c94759eda1bdc6dd0f57525ab69da,0ac2014bdc77a681804cda58a25e413f51d367e3328cec3623e3b1e704edb6e5,0ac2014bdc77a681804cda58a25e413f51d367e3328cec3623e3b1e704edb6e5,f0b616276af2f3de4f685818bb4a53e42479cb1dafeca4ed425a072d684227b1,f0b616276af2f3de4f685818bb4a53e42479cb1dafeca4ed425a072d684227b1,855.1389770507812,855.1389770507812,1,1,1,1,1,1
p41-plant-0004,brics-odroid-020_cam1,N8,8,3f88a7f40cfc490ba5339fe30f584eb8794a54e43d41fa496f331f828352efa7,3f88a7f40cfc490ba5339fe30f584eb8794a54e43d41fa496f331f828352efa7,ffa839e02956300b55f1f40b25d3e5b62d3ac469a81be40232c2e76391cd7f3b,ffa839e02956300b55f1f40b25d3e5b62d3ac469a81be40232c2e76391cd7f3b,f0b616276af2f3de4f685818bb4a53e42479cb1dafeca4ed425a072d684227b1,f0b616276af2f3de4f685818bb4a53e42479cb1dafeca4ed425a072d684227b1,854.0341796875,854.0341796875,1,1,1,1,1,1
p41-plant-0004,brics-odroid-021_cam0,ALL_COMMON,57,a6c90c8bc0039a109c9c0f7bfdfd155008f93f4f5d4c4777f3ed75dc3a8a944d,a6c90c8bc0039a109c9c0f7bfdfd155008f93f4f5d4c4777f3ed75dc3a8a944d,45bcbdc4d5c5364606330f596083d68c8633bc22d51c861c93232377e0b03d51,45bcbdc4d5c5364606330f596083d68c8633bc22d51c861c93232377e0b03d51,86ea314220714f7b041e965f40b1594253021b866c1f95bd38712e019451315b,86ea314220714f7b041e965f40b1594253021b866c1f95bd38712e019451315b,787.1708374023438,787.1708374023438,1,1,1,1,1,1
p41-plant-0004,brics-odroid-021_cam0,DIVERSE16,16,5b166cfa8bf1a3dddf328d644c75daff650e9bbf54d66903adb7cebc68758d67,5b166cfa8bf1a3dddf328d644c75daff650e9bbf54d66903adb7cebc68758d67,c87b1d2810cead2383edf438678499f448f5083ca54f730d0edfb4b0590b9d99,c87b1d2810cead2383edf438678499f448f5083ca54f730d0edfb4b0590b9d99,86ea314220714f7b041e965f40b1594253021b866c1f95bd38712e019451315b,86ea314220714f7b041e965f40b1594253021b866c1f95bd38712e019451315b,793.3114929199219,793.3114929199219,1,1,1,1,1,1
p41-plant-0004,brics-odroid-021_cam0,DIVERSE32,32,a9c4e2658520a07b2969eafa2b13f7b8afc9ccf0d59d22f4ac60f76de868a96d,a9c4e2658520a07b2969eafa2b13f7b8afc9ccf0d59d22f4ac60f76de868a96d,d43be4f5a740f0f9cbe1741395c48c8c4eeca24995bc0dbdfca822594fe21264,d43be4f5a740f0f9cbe1741395c48c8c4eeca24995bc0dbdfca822594fe21264,86ea314220714f7b041e965f40b1594253021b866c1f95bd38712e019451315b,86ea314220714f7b041e965f40b1594253021b866c1f95bd38712e019451315b,789.7637634277344,789.7637634277344,1,1,1,1,1,1
p41-plant-0004,brics-odroid-021_cam0,LOW16,16,d51500775132b4ad0c863ca843ab35cc48a0dfd06c230e98adf85f35680c4ed0,d51500775132b4ad0c863ca843ab35cc48a0dfd06c230e98adf85f35680c4ed0,f6c1642fb69f84c1be94a991ce233248dfd69bd0c66a187adcd1bfeb7f3b5d8b,f6c1642fb69f84c1be94a991ce233248dfd69bd0c66a187adcd1bfeb7f3b5d8b,86ea314220714f7b041e965f40b1594253021b866c1f95bd38712e019451315b,86ea314220714f7b041e965f40b1594253021b866c1f95bd38712e019451315b,781.3356018066406,781.3356018066406,1,1,1,1,1,1
p41-plant-0004,brics-odroid-021_cam0,LOW32,32,1ae466939ca85b714cdc884780505c784afb83e71d798306f267c840395bb667,1ae466939ca85b714cdc884780505c784afb83e71d798306f267c840395bb667,d645096fa035314a538401ad587d56619702a22a3ab25295d361aa69ef4cbcf9,d645096fa035314a538401ad587d56619702a22a3ab25295d361aa69ef4cbcf9,86ea314220714f7b041e965f40b1594253021b866c1f95bd38712e019451315b,86ea314220714f7b041e965f40b1594253021b866c1f95bd38712e019451315b,782.3030700683594,782.3030700683594,1,1,1,1,1,1
p41-plant-0004,brics-odroid-021_cam0,N16,16,12c45f14834cc729fde62615709cfdb0cf80344cc895e4cf89a54f3c54e80446,12c45f14834cc729fde62615709cfdb0cf80344cc895e4cf89a54f3c54e80446,cac208a8623c11148aa45b25d21da5da6b249b0dfc123adceab46a3c6f72539f,cac208a8623c11148aa45b25d21da5da6b249b0dfc123adceab46a3c6f72539f,86ea314220714f7b041e965f40b1594253021b866c1f95bd38712e019451315b,86ea314220714f7b041e965f40b1594253021b866c1f95bd38712e019451315b,790.7431640625,790.7431640625,1,1,1,1,1,1
p41-plant-0004,brics-odroid-021_cam0,N32,32,c118ce259cbb00edb7ecdd451c414809eba416c179bef8740dbb88d285e758cc,c118ce259cbb00edb7ecdd451c414809eba416c179bef8740dbb88d285e758cc,6523f1d8773f2abb15a0b2a3373b99d3bba9afb5e3293ade9520b3b94857a5f7,6523f1d8773f2abb15a0b2a3373b99d3bba9afb5e3293ade9520b3b94857a5f7,86ea314220714f7b041e965f40b1594253021b866c1f95bd38712e019451315b,86ea314220714f7b041e965f40b1594253021b866c1f95bd38712e019451315b,790.66943359375,790.66943359375,1,1,1,1,1,1
p41-plant-0004,brics-odroid-021_cam0,N8,8,2b420a85f6a4965eeb63639945738aee6275b506fde1b0d2502e94800355001e,2b420a85f6a4965eeb63639945738aee6275b506fde1b0d2502e94800355001e,18a5a499c0cfc75b8989bf647e0c0faa25d3aa4a0f45e174a48ed4cccd63edd7,18a5a499c0cfc75b8989bf647e0c0faa25d3aa4a0f45e174a48ed4cccd63edd7,86ea314220714f7b041e965f40b1594253021b866c1f95bd38712e019451315b,86ea314220714f7b041e965f40b1594253021b866c1f95bd38712e019451315b,792.1116333007812,792.1116333007812,1,1,1,1,1,1
p41-plant-0004,brics-odroid-021_cam1,ALL_COMMON,55,f287e77fe85178ca28cd0dba783d75465b868ddbb45f5397c7428e10fb833e20,f287e77fe85178ca28cd0dba783d75465b868ddbb45f5397c7428e10fb833e20,c978b626c7a396cf5e59b4e35dcc13b8be05fc18dbd786844da5fdb356b3c9f4,c978b626c7a396cf5e59b4e35dcc13b8be05fc18dbd786844da5fdb356b3c9f4,8f569e2b6ced490e0b6d3003e8e17188cf55b3db1798673ad64f7053701c121a,8f569e2b6ced490e0b6d3003e8e17188cf55b3db1798673ad64f7053701c121a,862.0287475585938,862.0287475585938,1,1,1,1,1,1
p41-plant-0004,brics-odroid-021_cam1,DIVERSE16,16,d92eaaf25bf97b8f0ee44eaf98ae0f749120f869535482e4fd91c7c22e885109,d92eaaf25bf97b8f0ee44eaf98ae0f749120f869535482e4fd91c7c22e885109,c94ffb2f28fc5e597337c7b2a6f8afa2d9d134b02e07211465b2caa38005ced7,c94ffb2f28fc5e597337c7b2a6f8afa2d9d134b02e07211465b2caa38005ced7,8f569e2b6ced490e0b6d3003e8e17188cf55b3db1798673ad64f7053701c121a,8f569e2b6ced490e0b6d3003e8e17188cf55b3db1798673ad64f7053701c121a,859.5793151855469,859.5793151855469,1,1,1,1,1,1
p41-plant-0004,brics-odroid-021_cam1,DIVERSE32,32,e1e45214d8a1af5a7d8233f02d819ff5f81fdfc32b8f16aa9b37449381bf286f,e1e45214d8a1af5a7d8233f02d819ff5f81fdfc32b8f16aa9b37449381bf286f,64f8c3879fcd11b10862cb4d19b1eee1c794d5f2a10491b529f3bf3b0eed69e1,64f8c3879fcd11b10862cb4d19b1eee1c794d5f2a10491b529f3bf3b0eed69e1,8f569e2b6ced490e0b6d3003e8e17188cf55b3db1798673ad64f7053701c121a,8f569e2b6ced490e0b6d3003e8e17188cf55b3db1798673ad64f7053701c121a,861.4744567871094,861.4744567871094,1,1,1,1,1,1
p41-plant-0004,brics-odroid-021_cam1,LOW16,16,477c22bf02e2fe017ea0d2a861a5798a32b08cfa8a2b7d8b98f7b15f593a858e,477c22bf02e2fe017ea0d2a861a5798a32b08cfa8a2b7d8b98f7b15f593a858e,5ba8b70ce8e330be13c9dce0b8c95917f48325996be551a9b8bd53e4b6f47780,5ba8b70ce8e330be13c9dce0b8c95917f48325996be551a9b8bd53e4b6f47780,8f569e2b6ced490e0b6d3003e8e17188cf55b3db1798673ad64f7053701c121a,8f569e2b6ced490e0b6d3003e8e17188cf55b3db1798673ad64f7053701c121a,862.3624877929688,862.3624877929688,1,1,1,1,1,1
p41-plant-0004,brics-odroid-021_cam1,LOW32,32,0e27bc21830209b6ea41dee9993fe19c9609e8b26e70cd0324fc57f561225fe9,0e27bc21830209b6ea41dee9993fe19c9609e8b26e70cd0324fc57f561225fe9,10e072caa9ccaa05a548a82dcafa458cfbbcbdfb6dae10b29717056676caea83,10e072caa9ccaa05a548a82dcafa458cfbbcbdfb6dae10b29717056676caea83,8f569e2b6ced490e0b6d3003e8e17188cf55b3db1798673ad64f7053701c121a,8f569e2b6ced490e0b6d3003e8e17188cf55b3db1798673ad64f7053701c121a,863.0870666503906,863.0870666503906,1,1,1,1,1,1
p41-plant-0004,brics-odroid-021_cam1,N16,16,1c844bfa28fca5cd3b321b846fb9e5ad5c030fadcf64c73c30b07a14d7ed3d3b,1c844bfa28fca5cd3b321b846fb9e5ad5c030fadcf64c73c30b07a14d7ed3d3b,545e8f5f9ec792384302464538140a8113520320d048890edeefd50d01203ea8,545e8f5f9ec792384302464538140a8113520320d048890edeefd50d01203ea8,8f569e2b6ced490e0b6d3003e8e17188cf55b3db1798673ad64f7053701c121a,8f569e2b6ced490e0b6d3003e8e17188cf55b3db1798673ad64f7053701c121a,861.8608703613281,861.8608703613281,1,1,1,1,1,1
p41-plant-0004,brics-odroid-021_cam1,N32,32,723f0170080d7c48f9e5efe7ee4c7c1d715e8c0e86662caf7cbd425e636bab0b,723f0170080d7c48f9e5efe7ee4c7c1d715e8c0e86662caf7cbd425e636bab0b,576f47bb3c7946829c5d4df15c9ec2797c60d00f1d1f9cc86f553461210f4a92,576f47bb3c7946829c5d4df15c9ec2797c60d00f1d1f9cc86f553461210f4a92,8f569e2b6ced490e0b6d3003e8e17188cf55b3db1798673ad64f7053701c121a,8f569e2b6ced490e0b6d3003e8e17188cf55b3db1798673ad64f7053701c121a,861.0139770507812,861.0139770507812,1,1,1,1,1,1
p41-plant-0004,brics-odroid-021_cam1,N8,8,44607e3f59956eb2409cf5189636743bc57ba566d0b32123260486cf0ccedba5,44607e3f59956eb2409cf5189636743bc57ba566d0b32123260486cf0ccedba5,5c12ffe432e74b33534899a9eafe969bf158de8385bc17b4652492f095b80b2d,5c12ffe432e74b33534899a9eafe969bf158de8385bc17b4652492f095b80b2d,8f569e2b6ced490e0b6d3003e8e17188cf55b3db1798673ad64f7053701c121a,8f569e2b6ced490e0b6d3003e8e17188cf55b3db1798673ad64f7053701c121a,862.7533264160156,862.7533264160156,1,1,1,1,1,1
p41-plant-0004,brics-odroid-022_cam0,ALL_COMMON,13,7b6c45af5ea20f846fb0a17694fa94881df02d6fdb8d8c9b1cbb132c422c80c2,7b6c45af5ea20f846fb0a17694fa94881df02d6fdb8d8c9b1cbb132c422c80c2,9c4d8f1a4a0b64752de46b6fe6257368e3a09e4d59e8e58d9cf7719bc1f03237,9c4d8f1a4a0b64752de46b6fe6257368e3a09e4d59e8e58d9cf7719bc1f03237,74f4df00c657862d4e91191299d644186e3fb7927df33a29854b85fede9439e0,74f4df00c657862d4e91191299d644186e3fb7927df33a29854b85fede9439e0,915.1299438476562,915.1299438476562,1,1,1,1,1,1
p41-plant-0004,brics-odroid-022_cam0,N8,8,b646dcab36ef88c02e44d4926c6703a50ebe52b2a932b82cb8ffbf18a064e9f0,b646dcab36ef88c02e44d4926c6703a50ebe52b2a932b82cb8ffbf18a064e9f0,d32743d2e92f0c72378e6038cfa988f811096e9e95f6ec0c5024da8d20ad71da,d32743d2e92f0c72378e6038cfa988f811096e9e95f6ec0c5024da8d20ad71da,74f4df00c657862d4e91191299d644186e3fb7927df33a29854b85fede9439e0,74f4df00c657862d4e91191299d644186e3fb7927df33a29854b85fede9439e0,913.349609375,913.349609375,1,1,1,1,1,1
p41-plant-0004,brics-odroid-022_cam1,ALL_COMMON,52,afc234d6e129e6e4e4041302db661d61e4df0ff5a7a83faec6327a219ff7596a,afc234d6e129e6e4e4041302db661d61e4df0ff5a7a83faec6327a219ff7596a,2c62eeb3e1d4d9be545ebe45536a5b78aff68918d4a24dfd3190682cfe630467,2c62eeb3e1d4d9be545ebe45536a5b78aff68918d4a24dfd3190682cfe630467,892423621a0bdfdeccf67b813a50a74f074d5be2d55ab4d7a1af355953c1a12c,892423621a0bdfdeccf67b813a50a74f074d5be2d55ab4d7a1af355953c1a12c,773.1038208007812,773.1038208007812,1,1,1,1,1,1
p41-plant-0004,brics-odroid-022_cam1,DIVERSE16,16,4daa739995f31890f3ad27dfc7918744d48ce008333bf5bec8efd604bf204c8a,4daa739995f31890f3ad27dfc7918744d48ce008333bf5bec8efd604bf204c8a,cfec7ee733fd3d00f0c333f807e96b19a075fe72b53ecaed8167ad77e5cc25e2,cfec7ee733fd3d00f0c333f807e96b19a075fe72b53ecaed8167ad77e5cc25e2,892423621a0bdfdeccf67b813a50a74f074d5be2d55ab4d7a1af355953c1a12c,892423621a0bdfdeccf67b813a50a74f074d5be2d55ab4d7a1af355953c1a12c,772.9330139160156,772.9330139160156,1,1,1,1,1,1
p41-plant-0004,brics-odroid-022_cam1,DIVERSE32,32,d144956002971b93f8e0a6bd5a746715992943622636d23f527debeff900e8ee,d144956002971b93f8e0a6bd5a746715992943622636d23f527debeff900e8ee,b6990020477a6dc2fe3c160182e6ce09c30babd5cf808ad64a4de51146e76b61,b6990020477a6dc2fe3c160182e6ce09c30babd5cf808ad64a4de51146e76b61,892423621a0bdfdeccf67b813a50a74f074d5be2d55ab4d7a1af355953c1a12c,892423621a0bdfdeccf67b813a50a74f074d5be2d55ab4d7a1af355953c1a12c,772.7322387695312,772.7322387695312,1,1,1,1,1,1
p41-plant-0004,brics-odroid-022_cam1,LOW16,16,3f62086a9f2d89fa939252a262a7042bf99b8d39d1f75fe78829f8cffc2a82f5,3f62086a9f2d89fa939252a262a7042bf99b8d39d1f75fe78829f8cffc2a82f5,a228f13e7a7f998d36bb2fb7fbdae4a004952e50458681aac7749c1490672cd0,a228f13e7a7f998d36bb2fb7fbdae4a004952e50458681aac7749c1490672cd0,892423621a0bdfdeccf67b813a50a74f074d5be2d55ab4d7a1af355953c1a12c,892423621a0bdfdeccf67b813a50a74f074d5be2d55ab4d7a1af355953c1a12c,771.3917541503906,771.3917541503906,1,1,1,1,1,1
p41-plant-0004,brics-odroid-022_cam1,LOW32,32,872072cdb2a6a6b904cd8a725bfbb61eefe5fa17cc9f55a96d3387272c56fc2d,872072cdb2a6a6b904cd8a725bfbb61eefe5fa17cc9f55a96d3387272c56fc2d,5dc46737c56677cce031af1fe5e38f0f2a2333aae63926aa0949923938bc53e7,5dc46737c56677cce031af1fe5e38f0f2a2333aae63926aa0949923938bc53e7,892423621a0bdfdeccf67b813a50a74f074d5be2d55ab4d7a1af355953c1a12c,892423621a0bdfdeccf67b813a50a74f074d5be2d55ab4d7a1af355953c1a12c,772.7138977050781,772.7138977050781,1,1,1,1,1,1
p41-plant-0004,brics-odroid-022_cam1,N16,16,e32ceaf42950d102e9d810d8cf09b967d75af68d4efffe1308bc93c06ecda2b5,e32ceaf42950d102e9d810d8cf09b967d75af68d4efffe1308bc93c06ecda2b5,8c2c86b9011a978d571d2c255bdf2c63825e6880992c178ee5c7b3144bcd4fe4,8c2c86b9011a978d571d2c255bdf2c63825e6880992c178ee5c7b3144bcd4fe4,892423621a0bdfdeccf67b813a50a74f074d5be2d55ab4d7a1af355953c1a12c,892423621a0bdfdeccf67b813a50a74f074d5be2d55ab4d7a1af355953c1a12c,773.1038208007812,773.1038208007812,1,1,1,1,1,1
p41-plant-0004,brics-odroid-022_cam1,N32,32,3b657d83b7df34ae0f649453012ac88477bff5e009f8ea3346110d8873c1b32f,3b657d83b7df34ae0f649453012ac88477bff5e009f8ea3346110d8873c1b32f,547fcb31143d5a1c8d35b23a2d1a45335ecb2a6974cb94f88fc16909c2d16f27,547fcb31143d5a1c8d35b23a2d1a45335ecb2a6974cb94f88fc16909c2d16f27,892423621a0bdfdeccf67b813a50a74f074d5be2d55ab4d7a1af355953c1a12c,892423621a0bdfdeccf67b813a50a74f074d5be2d55ab4d7a1af355953c1a12c,773.1038208007812,773.1038208007812,1,1,1,1,1,1
p41-plant-0004,brics-odroid-022_cam1,N8,8,6730ff44df6e9f85ba00624a59b3477f52b33609367109472628547ec49407c2,6730ff44df6e9f85ba00624a59b3477f52b33609367109472628547ec49407c2,ae9d9082ecac21ab44d969230b988863e79ea6cf217cb081b9bd13d3f6014b56,ae9d9082ecac21ab44d969230b988863e79ea6cf217cb081b9bd13d3f6014b56,892423621a0bdfdeccf67b813a50a74f074d5be2d55ab4d7a1af355953c1a12c,892423621a0bdfdeccf67b813a50a74f074d5be2d55ab4d7a1af355953c1a12c,776.4246826171875,776.4246826171875,1,1,1,1,1,1
p41-plant-0004,brics-odroid-023_cam0,ALL_COMMON,63,51a21cbeaeeb5effbb0129e5111570ee644756f2fcb31862d12a675c8428ac5d,51a21cbeaeeb5effbb0129e5111570ee644756f2fcb31862d12a675c8428ac5d,9d784b760252358a4094d299ed43ed7879d8b429fc43221301c22c54c8e6b062,9d784b760252358a4094d299ed43ed7879d8b429fc43221301c22c54c8e6b062,faced61a75f10979946b1c782f79bf9ef9aa768ff651c26d7ce0e489bc3e682d,faced61a75f10979946b1c782f79bf9ef9aa768ff651c26d7ce0e489bc3e682d,873.3460083007812,873.3460083007812,1,1,1,1,1,1
p41-plant-0004,brics-odroid-023_cam0,DIVERSE16,16,3150da3248f193f93c4b20e429ef5648e935c4a60e62deea5e52dbad1040c575,3150da3248f193f93c4b20e429ef5648e935c4a60e62deea5e52dbad1040c575,89487b4e1da3d7b43b7c64ae76f9f52cebe8b11723573ac9d168a9997c2c024a,89487b4e1da3d7b43b7c64ae76f9f52cebe8b11723573ac9d168a9997c2c024a,faced61a75f10979946b1c782f79bf9ef9aa768ff651c26d7ce0e489bc3e682d,faced61a75f10979946b1c782f79bf9ef9aa768ff651c26d7ce0e489bc3e682d,868.6322937011719,868.6322937011719,1,1,1,1,1,1
p41-plant-0004,brics-odroid-023_cam0,DIVERSE32,32,85c848cd918dd173f09e9bcbff8665b59c25592c9acd1fd41864906a62fee5a1,85c848cd918dd173f09e9bcbff8665b59c25592c9acd1fd41864906a62fee5a1,2ec1a08305b9adcd1d6b14d213ed6611e86804232258af30b6efc0876fa11804,2ec1a08305b9adcd1d6b14d213ed6611e86804232258af30b6efc0876fa11804,faced61a75f10979946b1c782f79bf9ef9aa768ff651c26d7ce0e489bc3e682d,faced61a75f10979946b1c782f79bf9ef9aa768ff651c26d7ce0e489bc3e682d,874.6868591308594,874.6868591308594,1,1,1,1,1,1
p41-plant-0004,brics-odroid-023_cam0,LOW16,16,a2642d61539c6f8262ea29cdf39048ff39ffec9fa869a8550696a2e46c267850,a2642d61539c6f8262ea29cdf39048ff39ffec9fa869a8550696a2e46c267850,7f7daf8494fc29b5921b9e7722463f6232db3de9e9ec28ed8e13e0a97a2a05b7,7f7daf8494fc29b5921b9e7722463f6232db3de9e9ec28ed8e13e0a97a2a05b7,faced61a75f10979946b1c782f79bf9ef9aa768ff651c26d7ce0e489bc3e682d,faced61a75f10979946b1c782f79bf9ef9aa768ff651c26d7ce0e489bc3e682d,871.8658752441406,871.8658752441406,1,1,1,1,1,1
p41-plant-0004,brics-odroid-023_cam0,LOW32,32,97e6ce5b4c9783f37f81c44389a2b82f77e85d1c95180e372b163e242996f908,97e6ce5b4c9783f37f81c44389a2b82f77e85d1c95180e372b163e242996f908,75b4eea25a6de3d0639b8354e9a15643470102bab53e299189ead91b22601487,75b4eea25a6de3d0639b8354e9a15643470102bab53e299189ead91b22601487,faced61a75f10979946b1c782f79bf9ef9aa768ff651c26d7ce0e489bc3e682d,faced61a75f10979946b1c782f79bf9ef9aa768ff651c26d7ce0e489bc3e682d,872.6844482421875,872.6844482421875,1,1,1,1,1,1
p41-plant-0004,brics-odroid-023_cam0,N16,16,d53774caa20987fbd8ef8a1ce80c407bcf34bcfbd61e065d07b6a10b20c70f3f,d53774caa20987fbd8ef8a1ce80c407bcf34bcfbd61e065d07b6a10b20c70f3f,2646acfe0c457c6346e92d335f8b88c3839e2eb374169042bcf3c69e2915497b,2646acfe0c457c6346e92d335f8b88c3839e2eb374169042bcf3c69e2915497b,faced61a75f10979946b1c782f79bf9ef9aa768ff651c26d7ce0e489bc3e682d,faced61a75f10979946b1c782f79bf9ef9aa768ff651c26d7ce0e489bc3e682d,874.0274353027344,874.0274353027344,1,1,1,1,1,1
p41-plant-0004,brics-odroid-023_cam0,N32,32,66b2a29c7d020a09e84b56ee69b1a5a4483d6b99282c4ea157626de963212c03,66b2a29c7d020a09e84b56ee69b1a5a4483d6b99282c4ea157626de963212c03,c6e2b003e812bf46e2b90c7510844b29850cf9ddc91b40c4a8e97ff141ea6d03,c6e2b003e812bf46e2b90c7510844b29850cf9ddc91b40c4a8e97ff141ea6d03,faced61a75f10979946b1c782f79bf9ef9aa768ff651c26d7ce0e489bc3e682d,faced61a75f10979946b1c782f79bf9ef9aa768ff651c26d7ce0e489bc3e682d,872.7470092773438,872.7470092773438,1,1,1,1,1,1
p41-plant-0004,brics-odroid-023_cam0,N8,8,2f7ce87caa700d9a210c5bc49e08092a526db8804049d94443e446a281b9a1aa,2f7ce87caa700d9a210c5bc49e08092a526db8804049d94443e446a281b9a1aa,19034bdc28536787fdbaf841a5f02b8b75bdfe14466698403234ec43e9a492c1,19034bdc28536787fdbaf841a5f02b8b75bdfe14466698403234ec43e9a492c1,faced61a75f10979946b1c782f79bf9ef9aa768ff651c26d7ce0e489bc3e682d,faced61a75f10979946b1c782f79bf9ef9aa768ff651c26d7ce0e489bc3e682d,872.7470092773438,872.7470092773438,1,1,1,1,1,1
p41-plant-0004,brics-odroid-024_cam0,ALL_COMMON,62,3cdbd553638c84e4116f9a24be8dd0fdd55bf3ab379357a2d33c5ea5d64b9531,3cdbd553638c84e4116f9a24be8dd0fdd55bf3ab379357a2d33c5ea5d64b9531,1e8b4c095e85103794eb1a21bc18a569c152b27f09b5f12711eb99ccf221e380,1e8b4c095e85103794eb1a21bc18a569c152b27f09b5f12711eb99ccf221e380,a9ad61783e9db7bf827b345513a1a3b6fc10448fcee385f966d0148c1b058749,a9ad61783e9db7bf827b345513a1a3b6fc10448fcee385f966d0148c1b058749,824.3345031738281,824.3345031738281,1,1,1,1,1,1
p41-plant-0004,brics-odroid-024_cam0,DIVERSE16,16,2db3226b6154b2ad372a0db04e0b313dd3d5824a71c3f59bb4df78cff10798da,2db3226b6154b2ad372a0db04e0b313dd3d5824a71c3f59bb4df78cff10798da,cc9b5d0f68889803536b2e972543a261106239a352c2c0114b722a5f15ce4b19,cc9b5d0f68889803536b2e972543a261106239a352c2c0114b722a5f15ce4b19,a9ad61783e9db7bf827b345513a1a3b6fc10448fcee385f966d0148c1b058749,a9ad61783e9db7bf827b345513a1a3b6fc10448fcee385f966d0148c1b058749,824.7592468261719,824.7592468261719,1,1,1,1,1,1
p41-plant-0004,brics-odroid-024_cam0,DIVERSE32,32,074dcbc1234b2b866503cddb40ba24b684033e3bddca45b106bc8d7fc3705f7f,074dcbc1234b2b866503cddb40ba24b684033e3bddca45b106bc8d7fc3705f7f,203404434d7a2ec2e011d448ea05dfa4b2ec4bec213579ff240c5b747b20406c,203404434d7a2ec2e011d448ea05dfa4b2ec4bec213579ff240c5b747b20406c,a9ad61783e9db7bf827b345513a1a3b6fc10448fcee385f966d0148c1b058749,a9ad61783e9db7bf827b345513a1a3b6fc10448fcee385f966d0148c1b058749,829.7900695800781,829.7900695800781,1,1,1,1,1,1
p41-plant-0004,brics-odroid-024_cam0,LOW16,16,e29d486075b074eaa4256a3f429202b71eed743e7ba5ce0430ce9d460ed344ef,e29d486075b074eaa4256a3f429202b71eed743e7ba5ce0430ce9d460ed344ef,74981fa468558d8d16bcd90b76ffa3c0cf5d02f9ae614d902fd252496883889c,74981fa468558d8d16bcd90b76ffa3c0cf5d02f9ae614d902fd252496883889c,a9ad61783e9db7bf827b345513a1a3b6fc10448fcee385f966d0148c1b058749,a9ad61783e9db7bf827b345513a1a3b6fc10448fcee385f966d0148c1b058749,822.5603332519531,822.5603332519531,1,1,1,1,1,1
p41-plant-0004,brics-odroid-024_cam0,LOW32,32,e4e9afcfc622db12ed4e84e141307befa432f51924da5bf8c9aac794fc2407de,e4e9afcfc622db12ed4e84e141307befa432f51924da5bf8c9aac794fc2407de,f69a18c980e7fd9beab0c0bde70bf2c57b59fadc3f9a04ce63ff7bb89e90fc94,f69a18c980e7fd9beab0c0bde70bf2c57b59fadc3f9a04ce63ff7bb89e90fc94,a9ad61783e9db7bf827b345513a1a3b6fc10448fcee385f966d0148c1b058749,a9ad61783e9db7bf827b345513a1a3b6fc10448fcee385f966d0148c1b058749,822.5603332519531,822.5603332519531,1,1,1,1,1,1
p41-plant-0004,brics-odroid-024_cam0,N16,16,1ab7a1191193132d4486a0a1f85571e2838ef4b152e3dc60fd3d5aa9dff1681f,1ab7a1191193132d4486a0a1f85571e2838ef4b152e3dc60fd3d5aa9dff1681f,c11fbe528c116fc80ab9a84906da51bed643c7b3453b0f23282755e423b4d723,c11fbe528c116fc80ab9a84906da51bed643c7b3453b0f23282755e423b4d723,a9ad61783e9db7bf827b345513a1a3b6fc10448fcee385f966d0148c1b058749,a9ad61783e9db7bf827b345513a1a3b6fc10448fcee385f966d0148c1b058749,822.6493530273438,822.6493530273438,1,1,1,1,1,1
p41-plant-0004,brics-odroid-024_cam0,N32,32,49740c0c04865c1830497473af3779202902fefe7811b3e3b4fa5687f39a4a4c,49740c0c04865c1830497473af3779202902fefe7811b3e3b4fa5687f39a4a4c,749fb435ccbb72b7c7a80107da80db85ac45cec87fe0501ebd0dafef855c5386,749fb435ccbb72b7c7a80107da80db85ac45cec87fe0501ebd0dafef855c5386,a9ad61783e9db7bf827b345513a1a3b6fc10448fcee385f966d0148c1b058749,a9ad61783e9db7bf827b345513a1a3b6fc10448fcee385f966d0148c1b058749,822.9405212402344,822.9405212402344,1,1,1,1,1,1
p41-plant-0004,brics-odroid-024_cam0,N8,8,0ea382220482386eb05671d45f3c8cf1628a5150fd86d050fd18afdcd604dc73,0ea382220482386eb05671d45f3c8cf1628a5150fd86d050fd18afdcd604dc73,979904f29b72f2ec57f4898512b73391b9b2c424c42d888420a5d7a2d76af100,979904f29b72f2ec57f4898512b73391b9b2c424c42d888420a5d7a2d76af100,a9ad61783e9db7bf827b345513a1a3b6fc10448fcee385f966d0148c1b058749,a9ad61783e9db7bf827b345513a1a3b6fc10448fcee385f966d0148c1b058749,822.3086242675781,822.3086242675781,1,1,1,1,1,1
p41-plant-0004,brics-odroid-024_cam1,ALL_COMMON,61,35b7292be1ff07c6fd3421fd532b8d22b1379004dc263acbe9ac728935f779cb,35b7292be1ff07c6fd3421fd532b8d22b1379004dc263acbe9ac728935f779cb,ceec1bad9b3ab136f339582cde1314fd18ba72f542d3cef761922c940d645d6e,ceec1bad9b3ab136f339582cde1314fd18ba72f542d3cef761922c940d645d6e,422aafdd7c8bf8a12d2b4057f194ef1b6689e1dd68a7be480249a54ed1478be0,422aafdd7c8bf8a12d2b4057f194ef1b6689e1dd68a7be480249a54ed1478be0,763.8087158203125,763.8087158203125,1,1,1,1,1,1
p41-plant-0004,brics-odroid-024_cam1,DIVERSE16,16,474b550980952c15015549b7dc42e9df0cc63684e48a373499284a4034130aa2,474b550980952c15015549b7dc42e9df0cc63684e48a373499284a4034130aa2,f1123f30b0849f885830d78a18b92d153cfc9d77c05046237d8d7b65cc2d18fc,f1123f30b0849f885830d78a18b92d153cfc9d77c05046237d8d7b65cc2d18fc,422aafdd7c8bf8a12d2b4057f194ef1b6689e1dd68a7be480249a54ed1478be0,422aafdd7c8bf8a12d2b4057f194ef1b6689e1dd68a7be480249a54ed1478be0,762.7542114257812,762.7542114257812,1,1,1,1,1,1
p41-plant-0004,brics-odroid-024_cam1,DIVERSE32,32,1e49c0408b5b2fded4055036d4f7b0dbd5c07f6b43b7a9fb76cd9615d2cd0388,1e49c0408b5b2fded4055036d4f7b0dbd5c07f6b43b7a9fb76cd9615d2cd0388,113a446043d602fd32b2fa3cd1a553a161e188f00c3eeff5f6b38fb9bc22c2dc,113a446043d602fd32b2fa3cd1a553a161e188f00c3eeff5f6b38fb9bc22c2dc,422aafdd7c8bf8a12d2b4057f194ef1b6689e1dd68a7be480249a54ed1478be0,422aafdd7c8bf8a12d2b4057f194ef1b6689e1dd68a7be480249a54ed1478be0,762.7542114257812,762.7542114257812,1,1,1,1,1,1
p41-plant-0004,brics-odroid-024_cam1,LOW16,16,8c7e37e2dd40ed5878e815b7273aea405084508a4958a2481fb2291f7b823d9a,8c7e37e2dd40ed5878e815b7273aea405084508a4958a2481fb2291f7b823d9a,b96d9581992fcab507257f3e00fe3e1043591feb8e904c99dbd8882ffd68e959,b96d9581992fcab507257f3e00fe3e1043591feb8e904c99dbd8882ffd68e959,422aafdd7c8bf8a12d2b4057f194ef1b6689e1dd68a7be480249a54ed1478be0,422aafdd7c8bf8a12d2b4057f194ef1b6689e1dd68a7be480249a54ed1478be0,761.1371459960938,761.1371459960938,1,1,1,1,1,1
p41-plant-0004,brics-odroid-024_cam1,LOW32,32,cad0628642d76d3fe2a58fe7a08e827d7df464095d5c14d38a583c6aded5e400,cad0628642d76d3fe2a58fe7a08e827d7df464095d5c14d38a583c6aded5e400,b33f7e28707e33fe3e44b9313b8a7c3d1bde09f03ca0f0cdac841ee80f347fce,b33f7e28707e33fe3e44b9313b8a7c3d1bde09f03ca0f0cdac841ee80f347fce,422aafdd7c8bf8a12d2b4057f194ef1b6689e1dd68a7be480249a54ed1478be0,422aafdd7c8bf8a12d2b4057f194ef1b6689e1dd68a7be480249a54ed1478be0,763.6001892089844,763.6001892089844,1,1,1,1,1,1
p41-plant-0004,brics-odroid-024_cam1,N16,16,02e9a6a9444ae5e98730bcd025937b32850d7d9b65791b024cc151fab3d1185f,02e9a6a9444ae5e98730bcd025937b32850d7d9b65791b024cc151fab3d1185f,e7085483ea9e884e50604a75c69af6bce5f2f174863a50c62ae30f940d6bc8d9,e7085483ea9e884e50604a75c69af6bce5f2f174863a50c62ae30f940d6bc8d9,422aafdd7c8bf8a12d2b4057f194ef1b6689e1dd68a7be480249a54ed1478be0,422aafdd7c8bf8a12d2b4057f194ef1b6689e1dd68a7be480249a54ed1478be0,765.1907958984375,765.1907958984375,1,1,1,1,1,1
p41-plant-0004,brics-odroid-024_cam1,N32,32,e50434190fdb5c43581adc01ef8b0bc9f9dc525a4b66bf26ac81d531ce31bc7c,e50434190fdb5c43581adc01ef8b0bc9f9dc525a4b66bf26ac81d531ce31bc7c,2eb54980cf3501778024feed06d0b41a79e6536ad1f5d7c146ae652f6934f32a,2eb54980cf3501778024feed06d0b41a79e6536ad1f5d7c146ae652f6934f32a,422aafdd7c8bf8a12d2b4057f194ef1b6689e1dd68a7be480249a54ed1478be0,422aafdd7c8bf8a12d2b4057f194ef1b6689e1dd68a7be480249a54ed1478be0,763.8523864746094,763.8523864746094,1,1,1,1,1,1
p41-plant-0004,brics-odroid-024_cam1,N8,8,3da3fd30fe4e66f49f448cd00eb72051a2fe056929da940b90408c21f0b77bba,3da3fd30fe4e66f49f448cd00eb72051a2fe056929da940b90408c21f0b77bba,cf46917ed15d90d81178210677b80131959b01326a067f6dc35b82c1ec6f057c,cf46917ed15d90d81178210677b80131959b01326a067f6dc35b82c1ec6f057c,422aafdd7c8bf8a12d2b4057f194ef1b6689e1dd68a7be480249a54ed1478be0,422aafdd7c8bf8a12d2b4057f194ef1b6689e1dd68a7be480249a54ed1478be0,764.8017883300781,764.8017883300781,1,1,1,1,1,1
p41-plant-0004,brics-odroid-025_cam0,ALL_COMMON,58,b26cb84142a26b584b08f94bee7307450c2646672bc7a89be6604be9a46bed68,b26cb84142a26b584b08f94bee7307450c2646672bc7a89be6604be9a46bed68,9554abbe527ba80e43b21b6cfc5ee1604c089c3802df3e478be345066d1c8879,9554abbe527ba80e43b21b6cfc5ee1604c089c3802df3e478be345066d1c8879,decf37b0e66d4e0f61c42a3af109cbf308ad4c60813d9c92a40d22e7387386df,decf37b0e66d4e0f61c42a3af109cbf308ad4c60813d9c92a40d22e7387386df,690.0672607421875,690.0672607421875,1,1,1,1,1,1
p41-plant-0004,brics-odroid-025_cam0,DIVERSE16,16,eb86297a5a58703c14b27994c69b1a3faaebd3b58a860172d8b999e4ba543c6a,eb86297a5a58703c14b27994c69b1a3faaebd3b58a860172d8b999e4ba543c6a,6efc45e1a967c90ea26935dfc1d42539ab6b152df4d409976ffdaf639ff12c7b,6efc45e1a967c90ea26935dfc1d42539ab6b152df4d409976ffdaf639ff12c7b,decf37b0e66d4e0f61c42a3af109cbf308ad4c60813d9c92a40d22e7387386df,decf37b0e66d4e0f61c42a3af109cbf308ad4c60813d9c92a40d22e7387386df,691.5761413574219,691.5761413574219,1,1,1,1,1,1
p41-plant-0004,brics-odroid-025_cam0,DIVERSE32,32,7e8eea7cbc768f232d38a0ab057aeaa0cfbf007d520f993c1c80b14c13f60490,7e8eea7cbc768f232d38a0ab057aeaa0cfbf007d520f993c1c80b14c13f60490,85d107f9b125d8a6418a3654838708f53ac0140d05bf8c3e0b46d3a4b3cf3973,85d107f9b125d8a6418a3654838708f53ac0140d05bf8c3e0b46d3a4b3cf3973,decf37b0e66d4e0f61c42a3af109cbf308ad4c60813d9c92a40d22e7387386df,decf37b0e66d4e0f61c42a3af109cbf308ad4c60813d9c92a40d22e7387386df,689.9977111816406,689.9977111816406,1,1,1,1,1,1
p41-plant-0004,brics-odroid-025_cam0,LOW16,16,90d24dcd451611374050e920527beb9d84e05b83b3b79e04094a903bee946f9a,90d24dcd451611374050e920527beb9d84e05b83b3b79e04094a903bee946f9a,a019bb14782e2c574b43fe18077b0d886edb6aed6a9270a6d0d19738574d64bf,a019bb14782e2c574b43fe18077b0d886edb6aed6a9270a6d0d19738574d64bf,decf37b0e66d4e0f61c42a3af109cbf308ad4c60813d9c92a40d22e7387386df,decf37b0e66d4e0f61c42a3af109cbf308ad4c60813d9c92a40d22e7387386df,689.2250366210938,689.2250366210938,1,1,1,1,1,1
p41-plant-0004,brics-odroid-025_cam0,LOW32,32,08b02fee488be80bbec6a6b22c9a78c8dd4fbfdfab314558afc67377d6eb15af,08b02fee488be80bbec6a6b22c9a78c8dd4fbfdfab314558afc67377d6eb15af,a40c2730b5d896264722aeaaf8739101ba6258eb92f779b69cf5aaa7c69b4abc,a40c2730b5d896264722aeaaf8739101ba6258eb92f779b69cf5aaa7c69b4abc,decf37b0e66d4e0f61c42a3af109cbf308ad4c60813d9c92a40d22e7387386df,decf37b0e66d4e0f61c42a3af109cbf308ad4c60813d9c92a40d22e7387386df,688.5999145507812,688.5999145507812,1,1,1,1,1,1
p41-plant-0004,brics-odroid-025_cam0,N16,16,644a7992807cec7ea10d14f4a91bcdd155b7740d97b8502c0243802937fa9a90,644a7992807cec7ea10d14f4a91bcdd155b7740d97b8502c0243802937fa9a90,0de69a75ecf8855a8d3623c510407f52293f7b4c513a960328438bfdfb418307,0de69a75ecf8855a8d3623c510407f52293f7b4c513a960328438bfdfb418307,decf37b0e66d4e0f61c42a3af109cbf308ad4c60813d9c92a40d22e7387386df,decf37b0e66d4e0f61c42a3af109cbf308ad4c60813d9c92a40d22e7387386df,690.2559814453125,690.2559814453125,1,1,1,1,1,1
p41-plant-0004,brics-odroid-025_cam0,N32,32,62448cd1e6d7016440481e98e739aa70a5b3ae60721290dca166102d05578fca,62448cd1e6d7016440481e98e739aa70a5b3ae60721290dca166102d05578fca,32c49c206fa5ffd810dc419579377ad464854c00fc88c636d236f111e472e66e,32c49c206fa5ffd810dc419579377ad464854c00fc88c636d236f111e472e66e,decf37b0e66d4e0f61c42a3af109cbf308ad4c60813d9c92a40d22e7387386df,decf37b0e66d4e0f61c42a3af109cbf308ad4c60813d9c92a40d22e7387386df,689.9043273925781,689.9043273925781,1,1,1,1,1,1
p41-plant-0004,brics-odroid-025_cam0,N8,8,3463268957cf2b6e59c9b02a5ca2c1a59163cde5e2400e9490eb7cc6c1d63208,3463268957cf2b6e59c9b02a5ca2c1a59163cde5e2400e9490eb7cc6c1d63208,8d6027238bfbce2a0efdfb0f0a3dfe464fd2f65281d7e8f3cffd936670b77c75,8d6027238bfbce2a0efdfb0f0a3dfe464fd2f65281d7e8f3cffd936670b77c75,decf37b0e66d4e0f61c42a3af109cbf308ad4c60813d9c92a40d22e7387386df,decf37b0e66d4e0f61c42a3af109cbf308ad4c60813d9c92a40d22e7387386df,691.1571044921875,691.1571044921875,1,1,1,1,1,1
p41-plant-0004,brics-odroid-025_cam1,ALL_COMMON,63,51a21cbeaeeb5effbb0129e5111570ee644756f2fcb31862d12a675c8428ac5d,51a21cbeaeeb5effbb0129e5111570ee644756f2fcb31862d12a675c8428ac5d,4d2bb8ff80327318c2f9efb8acd504194868f1765c203b5133ee1cb03f5bb7f5,4d2bb8ff80327318c2f9efb8acd504194868f1765c203b5133ee1cb03f5bb7f5,6ee5909b48d75735db9ff02dfd63676918770542b89e60cea70327d10391e5c7,6ee5909b48d75735db9ff02dfd63676918770542b89e60cea70327d10391e5c7,641.72998046875,641.72998046875,1,1,1,1,1,1
p41-plant-0004,brics-odroid-025_cam1,DIVERSE16,16,0959f79325eaba491978400d96cf962cf183bfe8f72ef9298fd99e8144dca97d,0959f79325eaba491978400d96cf962cf183bfe8f72ef9298fd99e8144dca97d,b64f7f67df164a400c5a8e96e3f07f1ab0fa99f1e4fa1bb8dafc2d68d8020568,b64f7f67df164a400c5a8e96e3f07f1ab0fa99f1e4fa1bb8dafc2d68d8020568,6ee5909b48d75735db9ff02dfd63676918770542b89e60cea70327d10391e5c7,6ee5909b48d75735db9ff02dfd63676918770542b89e60cea70327d10391e5c7,646.0700988769531,646.0700988769531,1,1,1,1,1,1
p41-plant-0004,brics-odroid-025_cam1,DIVERSE32,32,be281b18ac38d821fb3646aa8e642cdfa537a45e888751e0de2cc383b5d66712,be281b18ac38d821fb3646aa8e642cdfa537a45e888751e0de2cc383b5d66712,f7b7d6a00e2637b69a48163d1566f6aa186d60099e08e79a10b3d121c4c4a4f2,f7b7d6a00e2637b69a48163d1566f6aa186d60099e08e79a10b3d121c4c4a4f2,6ee5909b48d75735db9ff02dfd63676918770542b89e60cea70327d10391e5c7,6ee5909b48d75735db9ff02dfd63676918770542b89e60cea70327d10391e5c7,646.0700988769531,646.0700988769531,1,1,1,1,1,1
p41-plant-0004,brics-odroid-025_cam1,LOW16,16,93a8606a7bd71aa8dccd13a6a96e45ef2d1309ae8dbeb9722ecfef07fbaa702c,93a8606a7bd71aa8dccd13a6a96e45ef2d1309ae8dbeb9722ecfef07fbaa702c,1770b5d281ee6210bd22c6255ab595c48a1ffcee65243b845d02f3c6e7e585a9,1770b5d281ee6210bd22c6255ab595c48a1ffcee65243b845d02f3c6e7e585a9,6ee5909b48d75735db9ff02dfd63676918770542b89e60cea70327d10391e5c7,6ee5909b48d75735db9ff02dfd63676918770542b89e60cea70327d10391e5c7,639.5272827148438,639.5272827148438,1,1,1,1,1,1
p41-plant-0004,brics-odroid-025_cam1,LOW32,32,9d0ab94d3bbe7bd65052bea593d742dd8c5117a43bdf0c0f5226fe0701c1e8d5,9d0ab94d3bbe7bd65052bea593d742dd8c5117a43bdf0c0f5226fe0701c1e8d5,b07ac3bab7d25f1c181b9af603b45f91a2014d92eb40735b687d89069064ac7f,b07ac3bab7d25f1c181b9af603b45f91a2014d92eb40735b687d89069064ac7f,6ee5909b48d75735db9ff02dfd63676918770542b89e60cea70327d10391e5c7,6ee5909b48d75735db9ff02dfd63676918770542b89e60cea70327d10391e5c7,640.7936096191406,640.7936096191406,1,1,1,1,1,1
p41-plant-0004,brics-odroid-025_cam1,N16,16,d53774caa20987fbd8ef8a1ce80c407bcf34bcfbd61e065d07b6a10b20c70f3f,d53774caa20987fbd8ef8a1ce80c407bcf34bcfbd61e065d07b6a10b20c70f3f,aaf4e61ab7d9824ef669f7b5a84fda4262ff07e5f0cd542011be5dc797b7d083,aaf4e61ab7d9824ef669f7b5a84fda4262ff07e5f0cd542011be5dc797b7d083,6ee5909b48d75735db9ff02dfd63676918770542b89e60cea70327d10391e5c7,6ee5909b48d75735db9ff02dfd63676918770542b89e60cea70327d10391e5c7,644.7261962890625,644.7261962890625,1,1,1,1,1,1
p41-plant-0004,brics-odroid-025_cam1,N32,32,66b2a29c7d020a09e84b56ee69b1a5a4483d6b99282c4ea157626de963212c03,66b2a29c7d020a09e84b56ee69b1a5a4483d6b99282c4ea157626de963212c03,edefdcfe418920efbe0d5cc7b1d7b5d1ebacc33cb2987868a3990ea159c848e4,edefdcfe418920efbe0d5cc7b1d7b5d1ebacc33cb2987868a3990ea159c848e4,6ee5909b48d75735db9ff02dfd63676918770542b89e60cea70327d10391e5c7,6ee5909b48d75735db9ff02dfd63676918770542b89e60cea70327d10391e5c7,642.8331604003906,642.8331604003906,1,1,1,1,1,1
p41-plant-0004,brics-odroid-025_cam1,N8,8,2f7ce87caa700d9a210c5bc49e08092a526db8804049d94443e446a281b9a1aa,2f7ce87caa700d9a210c5bc49e08092a526db8804049d94443e446a281b9a1aa,497f28881612529537b68efa44ee220185dac86713de18acc9099ba874424322,497f28881612529537b68efa44ee220185dac86713de18acc9099ba874424322,6ee5909b48d75735db9ff02dfd63676918770542b89e60cea70327d10391e5c7,6ee5909b48d75735db9ff02dfd63676918770542b89e60cea70327d10391e5c7,648.7821960449219,648.7821960449219,1,1,1,1,1,1
p44-dog-0004,brics-odroid-001_cam1,ALL_COMMON,18,10462e6e39302bdd7e700db1c32744aedbf479c49461f3feb533061059badda9,10462e6e39302bdd7e700db1c32744aedbf479c49461f3feb533061059badda9,56f5b7e6b626b5dafb01f29ea275242a4e824376e65f39c8e5d3d368b12e158f,56f5b7e6b626b5dafb01f29ea275242a4e824376e65f39c8e5d3d368b12e158f,67e8d8aa3ea4418c5bab0b01384f498a7b351038d53e7352a0c58ff9d8e07c47,67e8d8aa3ea4418c5bab0b01384f498a7b351038d53e7352a0c58ff9d8e07c47,877.7084350585938,877.7084350585938,1,1,1,1,1,1
p44-dog-0004,brics-odroid-001_cam1,N16,16,e7d1b785dbf016734126a58f70e7cc4264e270029ad8eef2373992712f5403a1,e7d1b785dbf016734126a58f70e7cc4264e270029ad8eef2373992712f5403a1,2ec5bd63634ccf17038ae29cee16df2c3aa75966f8c75e54be4a486947bde3d8,2ec5bd63634ccf17038ae29cee16df2c3aa75966f8c75e54be4a486947bde3d8,67e8d8aa3ea4418c5bab0b01384f498a7b351038d53e7352a0c58ff9d8e07c47,67e8d8aa3ea4418c5bab0b01384f498a7b351038d53e7352a0c58ff9d8e07c47,878.1267395019531,878.1267395019531,1,1,1,1,1,1
p44-dog-0004,brics-odroid-001_cam1,N8,8,17b51d08521207f591e3ff4bc1379e3809b012f241eeabf81cdd483d965e5c43,17b51d08521207f591e3ff4bc1379e3809b012f241eeabf81cdd483d965e5c43,7d5fbd627d85ccde0339966abe1d2a38c23deb1e25a62b11f583d2605f0e074d,7d5fbd627d85ccde0339966abe1d2a38c23deb1e25a62b11f583d2605f0e074d,67e8d8aa3ea4418c5bab0b01384f498a7b351038d53e7352a0c58ff9d8e07c47,67e8d8aa3ea4418c5bab0b01384f498a7b351038d53e7352a0c58ff9d8e07c47,874.0360107421875,874.0360107421875,1,1,1,1,1,1
p44-dog-0004,brics-odroid-002_cam0,ALL_COMMON,25,ef948ceff4f68b6e660024abff651d2cce2b68b99a95747fb83378e98a4cbb8b,ef948ceff4f68b6e660024abff651d2cce2b68b99a95747fb83378e98a4cbb8b,39f42208f260d8e01ba009264c98b5926b2facd24ee6eb07885d0dd57470c904,39f42208f260d8e01ba009264c98b5926b2facd24ee6eb07885d0dd57470c904,454b61001e2c23d6f2629245d498073b9b5b75622d4ff141db48313881413bc3,454b61001e2c23d6f2629245d498073b9b5b75622d4ff141db48313881413bc3,862.878173828125,862.878173828125,1,1,1,1,1,1
p44-dog-0004,brics-odroid-002_cam0,N16,16,ff7a4717df3fb98f997db7595286388a37f28df336c7261cdc8c8b51ef635c6e,ff7a4717df3fb98f997db7595286388a37f28df336c7261cdc8c8b51ef635c6e,e6f10d5482d73fd82b456d84d693005c5f0e68a908b6b8717b46f338dc00bbad,e6f10d5482d73fd82b456d84d693005c5f0e68a908b6b8717b46f338dc00bbad,454b61001e2c23d6f2629245d498073b9b5b75622d4ff141db48313881413bc3,454b61001e2c23d6f2629245d498073b9b5b75622d4ff141db48313881413bc3,863.0222473144531,863.0222473144531,1,1,1,1,1,1
p44-dog-0004,brics-odroid-002_cam0,N8,8,e9d90fc6b396f067db5ab65ce88168ed69283e9fb0d981addc91a69e8cec89ee,e9d90fc6b396f067db5ab65ce88168ed69283e9fb0d981addc91a69e8cec89ee,d9490350143ff2d2224f2e49aa8deb5bd6c0b2c133ae64007dfa76e037380884,d9490350143ff2d2224f2e49aa8deb5bd6c0b2c133ae64007dfa76e037380884,454b61001e2c23d6f2629245d498073b9b5b75622d4ff141db48313881413bc3,454b61001e2c23d6f2629245d498073b9b5b75622d4ff141db48313881413bc3,860.8368835449219,860.8368835449219,1,1,1,1,1,1
p44-dog-0004,brics-odroid-006_cam0,ALL_COMMON,64,47370531465d2fa972a647f2e166e3a0d21c1e1c9593a0f089660975815c26ef,47370531465d2fa972a647f2e166e3a0d21c1e1c9593a0f089660975815c26ef,d1403fc12644beeaf0f5bdb615b46f4d1a27e1e80913cdabe416dd61484f6a66,d1403fc12644beeaf0f5bdb615b46f4d1a27e1e80913cdabe416dd61484f6a66,9d65c5626bc0a8c4d6df77df982769b3b06d0c493931c599d4db40048ea7d26a,9d65c5626bc0a8c4d6df77df982769b3b06d0c493931c599d4db40048ea7d26a,806.9283447265625,806.9283447265625,1,1,1,1,1,1
p44-dog-0004,brics-odroid-006_cam0,DIVERSE16,16,65d0f344c636d1be519b4113629adaff8fc933771ee845b83b634b47f87af5cf,65d0f344c636d1be519b4113629adaff8fc933771ee845b83b634b47f87af5cf,dda2c03a8bfaba71754a6a59099de34ddc44e24461bc8e113a652f9f4099f912,dda2c03a8bfaba71754a6a59099de34ddc44e24461bc8e113a652f9f4099f912,9d65c5626bc0a8c4d6df77df982769b3b06d0c493931c599d4db40048ea7d26a,9d65c5626bc0a8c4d6df77df982769b3b06d0c493931c599d4db40048ea7d26a,804.1551818847656,804.1551818847656,1,1,1,1,1,1
p44-dog-0004,brics-odroid-006_cam0,DIVERSE32,32,bd28a3d5f0f006d56822ed162f1191b39eab94cb055aaf1f9a5a3808685bcf3f,bd28a3d5f0f006d56822ed162f1191b39eab94cb055aaf1f9a5a3808685bcf3f,420314ec21ab020b73a0d76d8d15e83c3fadca62240111aa7d8dafe08c5eaca1,420314ec21ab020b73a0d76d8d15e83c3fadca62240111aa7d8dafe08c5eaca1,9d65c5626bc0a8c4d6df77df982769b3b06d0c493931c599d4db40048ea7d26a,9d65c5626bc0a8c4d6df77df982769b3b06d0c493931c599d4db40048ea7d26a,805.4263610839844,805.4263610839844,1,1,1,1,1,1
p44-dog-0004,brics-odroid-006_cam0,LOW16,16,26f7a1ff051724bdc70905e7c4f3ead89fe5fed7d388ff47e7b8d19183fad450,26f7a1ff051724bdc70905e7c4f3ead89fe5fed7d388ff47e7b8d19183fad450,4b6ab53eb8191c39f652029345c11327660ccc71db69cded33ba577ce90f9932,4b6ab53eb8191c39f652029345c11327660ccc71db69cded33ba577ce90f9932,9d65c5626bc0a8c4d6df77df982769b3b06d0c493931c599d4db40048ea7d26a,9d65c5626bc0a8c4d6df77df982769b3b06d0c493931c599d4db40048ea7d26a,803.3851318359375,803.3851318359375,1,1,1,1,1,1
p44-dog-0004,brics-odroid-006_cam0,LOW32,32,f7cb7b2db6d456ceecf4c723efc72e38f3924cd068ca29c988108938a649d224,f7cb7b2db6d456ceecf4c723efc72e38f3924cd068ca29c988108938a649d224,26bdeeb48b1ad571cd0732245e418a534227ca8110a2f295f444324287757381,26bdeeb48b1ad571cd0732245e418a534227ca8110a2f295f444324287757381,9d65c5626bc0a8c4d6df77df982769b3b06d0c493931c599d4db40048ea7d26a,9d65c5626bc0a8c4d6df77df982769b3b06d0c493931c599d4db40048ea7d26a,805.9334411621094,805.9334411621094,1,1,1,1,1,1
p44-dog-0004,brics-odroid-006_cam0,N16,16,b19e2f3e97b1853cdb76c35a68a11e11832712fa876532f0ea05481ceaa66813,b19e2f3e97b1853cdb76c35a68a11e11832712fa876532f0ea05481ceaa66813,6b4194006c7393557b8bef56f8cea321c835e43b06d3fb51773a598def1a08ce,6b4194006c7393557b8bef56f8cea321c835e43b06d3fb51773a598def1a08ce,9d65c5626bc0a8c4d6df77df982769b3b06d0c493931c599d4db40048ea7d26a,9d65c5626bc0a8c4d6df77df982769b3b06d0c493931c599d4db40048ea7d26a,808.3443603515625,808.3443603515625,1,1,1,1,1,1
p44-dog-0004,brics-odroid-006_cam0,N32,32,34b398aa3aa081dd12ca75adabbf9f45f2b4df943a52bd3b05ac75e4e11d6fb3,34b398aa3aa081dd12ca75adabbf9f45f2b4df943a52bd3b05ac75e4e11d6fb3,c982853c8cb58c2f5319791257c09f79a2e16c7f9a6e2f419554c9efbd12b450,c982853c8cb58c2f5319791257c09f79a2e16c7f9a6e2f419554c9efbd12b450,9d65c5626bc0a8c4d6df77df982769b3b06d0c493931c599d4db40048ea7d26a,9d65c5626bc0a8c4d6df77df982769b3b06d0c493931c599d4db40048ea7d26a,806.3605041503906,806.3605041503906,1,1,1,1,1,1
p44-dog-0004,brics-odroid-006_cam0,N64,64,47370531465d2fa972a647f2e166e3a0d21c1e1c9593a0f089660975815c26ef,47370531465d2fa972a647f2e166e3a0d21c1e1c9593a0f089660975815c26ef,d1403fc12644beeaf0f5bdb615b46f4d1a27e1e80913cdabe416dd61484f6a66,d1403fc12644beeaf0f5bdb615b46f4d1a27e1e80913cdabe416dd61484f6a66,9d65c5626bc0a8c4d6df77df982769b3b06d0c493931c599d4db40048ea7d26a,9d65c5626bc0a8c4d6df77df982769b3b06d0c493931c599d4db40048ea7d26a,806.9283447265625,806.9283447265625,1,1,1,1,1,1
p44-dog-0004,brics-odroid-006_cam0,N8,8,9957e7a28c33a2ec9170f92d4197d35ef11955faf2f5936bd40cc5820c0ae46b,9957e7a28c33a2ec9170f92d4197d35ef11955faf2f5936bd40cc5820c0ae46b,549d3c371f89c28f33659e77a8e5c100a582cac2ac191f543d834992da5f68fa,549d3c371f89c28f33659e77a8e5c100a582cac2ac191f543d834992da5f68fa,9d65c5626bc0a8c4d6df77df982769b3b06d0c493931c599d4db40048ea7d26a,9d65c5626bc0a8c4d6df77df982769b3b06d0c493931c599d4db40048ea7d26a,813.2258605957031,813.2258605957031,1,1,1,1,1,1
p44-dog-0004,brics-odroid-007_cam0,ALL_COMMON,64,47370531465d2fa972a647f2e166e3a0d21c1e1c9593a0f089660975815c26ef,47370531465d2fa972a647f2e166e3a0d21c1e1c9593a0f089660975815c26ef,dd4caadb92537dae986c0651f58131ddc2553eb5276d0ffd12237e754b74a41f,dd4caadb92537dae986c0651f58131ddc2553eb5276d0ffd12237e754b74a41f,b90821b6c73a464f366f005c29f67036b953cbca489e94f08e8957d6b59c385c,b90821b6c73a464f366f005c29f67036b953cbca489e94f08e8957d6b59c385c,860.4302368164062,860.4302368164062,1,1,1,1,1,1
p44-dog-0004,brics-odroid-007_cam0,DIVERSE16,16,80874c40277e14ac3821b7d2191575459bdc68fcd0b26a5f9d1b452b992112cb,80874c40277e14ac3821b7d2191575459bdc68fcd0b26a5f9d1b452b992112cb,ff6a704d189b03bb05b9342202196a2ae3e548652e16ac5927e44bd494725c6b,ff6a704d189b03bb05b9342202196a2ae3e548652e16ac5927e44bd494725c6b,b90821b6c73a464f366f005c29f67036b953cbca489e94f08e8957d6b59c385c,b90821b6c73a464f366f005c29f67036b953cbca489e94f08e8957d6b59c385c,861.1359558105469,861.1359558105469,1,1,1,1,1,1
p44-dog-0004,brics-odroid-007_cam0,DIVERSE32,32,cbc68240bf97cbc90576801698e1cb25b29407bd3a04048ef713d2cc8e46c728,cbc68240bf97cbc90576801698e1cb25b29407bd3a04048ef713d2cc8e46c728,342f86a138a069e44fee209d9f44a4c8303ed4ce950d0344493471ef8e2dc023,342f86a138a069e44fee209d9f44a4c8303ed4ce950d0344493471ef8e2dc023,b90821b6c73a464f366f005c29f67036b953cbca489e94f08e8957d6b59c385c,b90821b6c73a464f366f005c29f67036b953cbca489e94f08e8957d6b59c385c,860.3565979003906,860.3565979003906,1,1,1,1,1,1
p44-dog-0004,brics-odroid-007_cam0,LOW16,16,a0256d41bdb26fe3b2c772da30e10572391608c5c8083f979fd30e05b0297e8b,a0256d41bdb26fe3b2c772da30e10572391608c5c8083f979fd30e05b0297e8b,eaa8d3e1a8d01937d2ceb50df63b2e52675ffdcc4031036612050eb56bbcf17b,eaa8d3e1a8d01937d2ceb50df63b2e52675ffdcc4031036612050eb56bbcf17b,b90821b6c73a464f366f005c29f67036b953cbca489e94f08e8957d6b59c385c,b90821b6c73a464f366f005c29f67036b953cbca489e94f08e8957d6b59c385c,860.4302368164062,860.4302368164062,1,1,1,1,1,1
p44-dog-0004,brics-odroid-007_cam0,LOW32,32,faa47188f7b3dd83db4fd592eec4837d1d17d230504b0438f271fc7d6ecda752,faa47188f7b3dd83db4fd592eec4837d1d17d230504b0438f271fc7d6ecda752,8a284fd641d865fa12047ff33222d065b72fe77ae803e57236dbd9e27ea97d01,8a284fd641d865fa12047ff33222d065b72fe77ae803e57236dbd9e27ea97d01,b90821b6c73a464f366f005c29f67036b953cbca489e94f08e8957d6b59c385c,b90821b6c73a464f366f005c29f67036b953cbca489e94f08e8957d6b59c385c,860.7096252441406,860.7096252441406,1,1,1,1,1,1
p44-dog-0004,brics-odroid-007_cam0,N16,16,b19e2f3e97b1853cdb76c35a68a11e11832712fa876532f0ea05481ceaa66813,b19e2f3e97b1853cdb76c35a68a11e11832712fa876532f0ea05481ceaa66813,2d388e1c188c6a31f5326bf1c5d7c80ea3df7c8f2bb41964d33bb73234280289,2d388e1c188c6a31f5326bf1c5d7c80ea3df7c8f2bb41964d33bb73234280289,b90821b6c73a464f366f005c29f67036b953cbca489e94f08e8957d6b59c385c,b90821b6c73a464f366f005c29f67036b953cbca489e94f08e8957d6b59c385c,859.7498779296875,859.7498779296875,1,1,1,1,1,1
p44-dog-0004,brics-odroid-007_cam0,N32,32,34b398aa3aa081dd12ca75adabbf9f45f2b4df943a52bd3b05ac75e4e11d6fb3,34b398aa3aa081dd12ca75adabbf9f45f2b4df943a52bd3b05ac75e4e11d6fb3,6699921c6ac9ad007a118a73136692d71c8f16a95226c7588723344901604b5f,6699921c6ac9ad007a118a73136692d71c8f16a95226c7588723344901604b5f,b90821b6c73a464f366f005c29f67036b953cbca489e94f08e8957d6b59c385c,b90821b6c73a464f366f005c29f67036b953cbca489e94f08e8957d6b59c385c,860.3547058105469,860.3547058105469,1,1,1,1,1,1
p44-dog-0004,brics-odroid-007_cam0,N64,64,47370531465d2fa972a647f2e166e3a0d21c1e1c9593a0f089660975815c26ef,47370531465d2fa972a647f2e166e3a0d21c1e1c9593a0f089660975815c26ef,dd4caadb92537dae986c0651f58131ddc2553eb5276d0ffd12237e754b74a41f,dd4caadb92537dae986c0651f58131ddc2553eb5276d0ffd12237e754b74a41f,b90821b6c73a464f366f005c29f67036b953cbca489e94f08e8957d6b59c385c,b90821b6c73a464f366f005c29f67036b953cbca489e94f08e8957d6b59c385c,860.4302368164062,860.4302368164062,1,1,1,1,1,1
p44-dog-0004,brics-odroid-007_cam0,N8,8,9957e7a28c33a2ec9170f92d4197d35ef11955faf2f5936bd40cc5820c0ae46b,9957e7a28c33a2ec9170f92d4197d35ef11955faf2f5936bd40cc5820c0ae46b,5168c6e394c819c095a7edd35686d58a945148ee70b1222f62943b58c6522ab3,5168c6e394c819c095a7edd35686d58a945148ee70b1222f62943b58c6522ab3,b90821b6c73a464f366f005c29f67036b953cbca489e94f08e8957d6b59c385c,b90821b6c73a464f366f005c29f67036b953cbca489e94f08e8957d6b59c385c,858.6681823730469,858.6681823730469,1,1,1,1,1,1
p44-dog-0004,brics-odroid-007_cam1,ALL_COMMON,64,47370531465d2fa972a647f2e166e3a0d21c1e1c9593a0f089660975815c26ef,47370531465d2fa972a647f2e166e3a0d21c1e1c9593a0f089660975815c26ef,69812af18db1d6b75fa2ad036f9a83cd048ca4717fdc4d8ce8635cfff904eb9a,69812af18db1d6b75fa2ad036f9a83cd048ca4717fdc4d8ce8635cfff904eb9a,11f9fef5c61124fbbb08ee03b030161d0f294890f874be2f4490810a0bdc1f9b,11f9fef5c61124fbbb08ee03b030161d0f294890f874be2f4490810a0bdc1f9b,765.1459350585938,765.1459350585938,1,1,1,1,1,1
p44-dog-0004,brics-odroid-007_cam1,DIVERSE16,16,134e9876f0daae0a5e3bf8aefad393e7433eb41fb2b84d9435e8d34b2a3a2815,134e9876f0daae0a5e3bf8aefad393e7433eb41fb2b84d9435e8d34b2a3a2815,a1db26c359c27bff12db5f0014734d5aa6a67ad9740a39d8d3af6bb606da1c74,a1db26c359c27bff12db5f0014734d5aa6a67ad9740a39d8d3af6bb606da1c74,11f9fef5c61124fbbb08ee03b030161d0f294890f874be2f4490810a0bdc1f9b,11f9fef5c61124fbbb08ee03b030161d0f294890f874be2f4490810a0bdc1f9b,769.3334655761719,769.3334655761719,1,1,1,1,1,1
p44-dog-0004,brics-odroid-007_cam1,DIVERSE32,32,98f211aa63da335151a21294b49d0b6d4ec9ac9bf8b6ccf48fe5d8ae799414c9,98f211aa63da335151a21294b49d0b6d4ec9ac9bf8b6ccf48fe5d8ae799414c9,d780a836d4fc53765affe555a63de4f6956444a6be29b588590054bc74ac2513,d780a836d4fc53765affe555a63de4f6956444a6be29b588590054bc74ac2513,11f9fef5c61124fbbb08ee03b030161d0f294890f874be2f4490810a0bdc1f9b,11f9fef5c61124fbbb08ee03b030161d0f294890f874be2f4490810a0bdc1f9b,765.7405090332031,765.7405090332031,1,1,1,1,1,1
p44-dog-0004,brics-odroid-007_cam1,LOW16,16,b399de76322cb49d5c3e5b81f697efb0d48206cdb4900ac8fad6c33e8cee9247,b399de76322cb49d5c3e5b81f697efb0d48206cdb4900ac8fad6c33e8cee9247,906d5b69fb5297a5962024dbfbad89c8dda61304033feb520c720551534391c2,906d5b69fb5297a5962024dbfbad89c8dda61304033feb520c720551534391c2,11f9fef5c61124fbbb08ee03b030161d0f294890f874be2f4490810a0bdc1f9b,11f9fef5c61124fbbb08ee03b030161d0f294890f874be2f4490810a0bdc1f9b,763.15771484375,763.15771484375,1,1,1,1,1,1
p44-dog-0004,brics-odroid-007_cam1,LOW32,32,e8042ef1309c6e6a8886d79f56ceba59a5da27082e9b36cfc23968b7d1c0c614,e8042ef1309c6e6a8886d79f56ceba59a5da27082e9b36cfc23968b7d1c0c614,45dc6c53c68d75fcd83e59c9330b457ddfacc2826470ea690ede34ed9b86f7af,45dc6c53c68d75fcd83e59c9330b457ddfacc2826470ea690ede34ed9b86f7af,11f9fef5c61124fbbb08ee03b030161d0f294890f874be2f4490810a0bdc1f9b,11f9fef5c61124fbbb08ee03b030161d0f294890f874be2f4490810a0bdc1f9b,762.9523315429688,762.9523315429688,1,1,1,1,1,1
p44-dog-0004,brics-odroid-007_cam1,N16,16,b19e2f3e97b1853cdb76c35a68a11e11832712fa876532f0ea05481ceaa66813,b19e2f3e97b1853cdb76c35a68a11e11832712fa876532f0ea05481ceaa66813,130966d8b549d40f8ad09dbeeea148a05295d3428954defa19f3059407169337,130966d8b549d40f8ad09dbeeea148a05295d3428954defa19f3059407169337,11f9fef5c61124fbbb08ee03b030161d0f294890f874be2f4490810a0bdc1f9b,11f9fef5c61124fbbb08ee03b030161d0f294890f874be2f4490810a0bdc1f9b,764.8995056152344,764.8995056152344,1,1,1,1,1,1
p44-dog-0004,brics-odroid-007_cam1,N32,32,34b398aa3aa081dd12ca75adabbf9f45f2b4df943a52bd3b05ac75e4e11d6fb3,34b398aa3aa081dd12ca75adabbf9f45f2b4df943a52bd3b05ac75e4e11d6fb3,f7badea55dd2299a8478b630012524eaec71910c04196641e7bfd68ed8ffb57a,f7badea55dd2299a8478b630012524eaec71910c04196641e7bfd68ed8ffb57a,11f9fef5c61124fbbb08ee03b030161d0f294890f874be2f4490810a0bdc1f9b,11f9fef5c61124fbbb08ee03b030161d0f294890f874be2f4490810a0bdc1f9b,764.3897705078125,764.3897705078125,1,1,1,1,1,1
p44-dog-0004,brics-odroid-007_cam1,N64,64,47370531465d2fa972a647f2e166e3a0d21c1e1c9593a0f089660975815c26ef,47370531465d2fa972a647f2e166e3a0d21c1e1c9593a0f089660975815c26ef,69812af18db1d6b75fa2ad036f9a83cd048ca4717fdc4d8ce8635cfff904eb9a,69812af18db1d6b75fa2ad036f9a83cd048ca4717fdc4d8ce8635cfff904eb9a,11f9fef5c61124fbbb08ee03b030161d0f294890f874be2f4490810a0bdc1f9b,11f9fef5c61124fbbb08ee03b030161d0f294890f874be2f4490810a0bdc1f9b,765.1459350585938,765.1459350585938,1,1,1,1,1,1
p44-dog-0004,brics-odroid-007_cam1,N8,8,9957e7a28c33a2ec9170f92d4197d35ef11955faf2f5936bd40cc5820c0ae46b,9957e7a28c33a2ec9170f92d4197d35ef11955faf2f5936bd40cc5820c0ae46b,63d0ecb7c6432e7a1f84ee8b78a62b88edee9fc42fe986556dbf905e387ce076,63d0ecb7c6432e7a1f84ee8b78a62b88edee9fc42fe986556dbf905e387ce076,11f9fef5c61124fbbb08ee03b030161d0f294890f874be2f4490810a0bdc1f9b,11f9fef5c61124fbbb08ee03b030161d0f294890f874be2f4490810a0bdc1f9b,764.9527893066406,764.9527893066406,1,1,1,1,1,1
p44-dog-0004,brics-odroid-008_cam0,ALL_COMMON,14,d86151db9a815cc9ae93ebb660140f7e4297965d0c822d549a1747daa36e49f1,d86151db9a815cc9ae93ebb660140f7e4297965d0c822d549a1747daa36e49f1,19c842742a0d0efafa86a5c4996d73c732f426b4e8a2f66a5bd6bb9db4988d20,19c842742a0d0efafa86a5c4996d73c732f426b4e8a2f66a5bd6bb9db4988d20,114c7871c177bf3330083c31060223843c41d18bb68e96a747379234871d6eb4,114c7871c177bf3330083c31060223843c41d18bb68e96a747379234871d6eb4,945.6842346191406,945.6842346191406,1,1,1,1,1,1
p44-dog-0004,brics-odroid-008_cam0,N8,8,ede0ee9d86bcfc8dc1dc1f1c316dc878cbca7e965e437224eb895f03245d3b7f,ede0ee9d86bcfc8dc1dc1f1c316dc878cbca7e965e437224eb895f03245d3b7f,af0be1f4f5449883217e356b0903e966779a696c46770d1f8daf33d5618af6f5,af0be1f4f5449883217e356b0903e966779a696c46770d1f8daf33d5618af6f5,114c7871c177bf3330083c31060223843c41d18bb68e96a747379234871d6eb4,114c7871c177bf3330083c31060223843c41d18bb68e96a747379234871d6eb4,945.6842346191406,945.6842346191406,1,1,1,1,1,1
p44-dog-0004,brics-odroid-009_cam1,ALL_COMMON,64,47370531465d2fa972a647f2e166e3a0d21c1e1c9593a0f089660975815c26ef,47370531465d2fa972a647f2e166e3a0d21c1e1c9593a0f089660975815c26ef,8b925a9ad72c3b5f758a5f0eb5c5a2eccfc5dfc5dcd38e2cf2291c656e0b0960,8b925a9ad72c3b5f758a5f0eb5c5a2eccfc5dfc5dcd38e2cf2291c656e0b0960,6318c6fec2ec8d641279b0849fb157ba46064261a3ee1d97ca79cf59d375b5cb,6318c6fec2ec8d641279b0849fb157ba46064261a3ee1d97ca79cf59d375b5cb,860.8326416015625,860.8326416015625,1,1,1,1,1,1
p44-dog-0004,brics-odroid-009_cam1,DIVERSE16,16,f6bf88fbb1467396d2270fe6e3adfa328a737183db875d2dfe584e4f625f6e51,f6bf88fbb1467396d2270fe6e3adfa328a737183db875d2dfe584e4f625f6e51,dac714d085f90a450b49ce9038b40e6dacf74411a0cc593d0c720e45536dd37b,dac714d085f90a450b49ce9038b40e6dacf74411a0cc593d0c720e45536dd37b,6318c6fec2ec8d641279b0849fb157ba46064261a3ee1d97ca79cf59d375b5cb,6318c6fec2ec8d641279b0849fb157ba46064261a3ee1d97ca79cf59d375b5cb,861.4480285644531,861.4480285644531,1,1,1,1,1,1
p44-dog-0004,brics-odroid-009_cam1,DIVERSE32,32,1bc04313de5d5d90f237bd208fcec773b5f926d2a590fd887a32da29d035008a,1bc04313de5d5d90f237bd208fcec773b5f926d2a590fd887a32da29d035008a,cc9bc53f28683ae6dd5807bdc6bb514f1531f3b25de7bd75c022f9d56cd9ee28,cc9bc53f28683ae6dd5807bdc6bb514f1531f3b25de7bd75c022f9d56cd9ee28,6318c6fec2ec8d641279b0849fb157ba46064261a3ee1d97ca79cf59d375b5cb,6318c6fec2ec8d641279b0849fb157ba46064261a3ee1d97ca79cf59d375b5cb,860.8326416015625,860.8326416015625,1,1,1,1,1,1
p44-dog-0004,brics-odroid-009_cam1,LOW16,16,2714499546f7240870b1d9e0af57073c5960bd318a45ee7f815a7bf0da6ddd20,2714499546f7240870b1d9e0af57073c5960bd318a45ee7f815a7bf0da6ddd20,14e798fa3bca98d78f6857c698f00af0ad912912f2326ac795191c30b9e4a291,14e798fa3bca98d78f6857c698f00af0ad912912f2326ac795191c30b9e4a291,6318c6fec2ec8d641279b0849fb157ba46064261a3ee1d97ca79cf59d375b5cb,6318c6fec2ec8d641279b0849fb157ba46064261a3ee1d97ca79cf59d375b5cb,863.8573913574219,863.8573913574219,1,1,1,1,1,1
p44-dog-0004,brics-odroid-009_cam1,LOW32,32,1527acf7622d2fce840b2969aaf8abd5946e6435be1f252b9a3087833cd9c3bb,1527acf7622d2fce840b2969aaf8abd5946e6435be1f252b9a3087833cd9c3bb,22561c9c307f7e00f7ab3470fb4cc398b50df5b731dc28063cf5676f01fe37c5,22561c9c307f7e00f7ab3470fb4cc398b50df5b731dc28063cf5676f01fe37c5,6318c6fec2ec8d641279b0849fb157ba46064261a3ee1d97ca79cf59d375b5cb,6318c6fec2ec8d641279b0849fb157ba46064261a3ee1d97ca79cf59d375b5cb,863.0708618164062,863.0708618164062,1,1,1,1,1,1
p44-dog-0004,brics-odroid-009_cam1,N16,16,b19e2f3e97b1853cdb76c35a68a11e11832712fa876532f0ea05481ceaa66813,b19e2f3e97b1853cdb76c35a68a11e11832712fa876532f0ea05481ceaa66813,70e62cfd6c21a60128f4c9f2052109abf25f378a2013d8855aa24076f0de344a,70e62cfd6c21a60128f4c9f2052109abf25f378a2013d8855aa24076f0de344a,6318c6fec2ec8d641279b0849fb157ba46064261a3ee1d97ca79cf59d375b5cb,6318c6fec2ec8d641279b0849fb157ba46064261a3ee1d97ca79cf59d375b5cb,857.2000732421875,857.2000732421875,1,1,1,1,1,1
p44-dog-0004,brics-odroid-009_cam1,N32,32,34b398aa3aa081dd12ca75adabbf9f45f2b4df943a52bd3b05ac75e4e11d6fb3,34b398aa3aa081dd12ca75adabbf9f45f2b4df943a52bd3b05ac75e4e11d6fb3,bd8ac80e49205ca21baf8e10a176c69c6a6592d38eea1596168f625256aca729,bd8ac80e49205ca21baf8e10a176c69c6a6592d38eea1596168f625256aca729,6318c6fec2ec8d641279b0849fb157ba46064261a3ee1d97ca79cf59d375b5cb,6318c6fec2ec8d641279b0849fb157ba46064261a3ee1d97ca79cf59d375b5cb,860.4332275390625,860.4332275390625,1,1,1,1,1,1
p44-dog-0004,brics-odroid-009_cam1,N64,64,47370531465d2fa972a647f2e166e3a0d21c1e1c9593a0f089660975815c26ef,47370531465d2fa972a647f2e166e3a0d21c1e1c9593a0f089660975815c26ef,8b925a9ad72c3b5f758a5f0eb5c5a2eccfc5dfc5dcd38e2cf2291c656e0b0960,8b925a9ad72c3b5f758a5f0eb5c5a2eccfc5dfc5dcd38e2cf2291c656e0b0960,6318c6fec2ec8d641279b0849fb157ba46064261a3ee1d97ca79cf59d375b5cb,6318c6fec2ec8d641279b0849fb157ba46064261a3ee1d97ca79cf59d375b5cb,860.8326416015625,860.8326416015625,1,1,1,1,1,1
p44-dog-0004,brics-odroid-009_cam1,N8,8,9957e7a28c33a2ec9170f92d4197d35ef11955faf2f5936bd40cc5820c0ae46b,9957e7a28c33a2ec9170f92d4197d35ef11955faf2f5936bd40cc5820c0ae46b,40f636f8bb2fad6603b279087c6f7861672adee0c64903c7c7ababacfc3fd26e,40f636f8bb2fad6603b279087c6f7861672adee0c64903c7c7ababacfc3fd26e,6318c6fec2ec8d641279b0849fb157ba46064261a3ee1d97ca79cf59d375b5cb,6318c6fec2ec8d641279b0849fb157ba46064261a3ee1d97ca79cf59d375b5cb,859.0057373046875,859.0057373046875,1,1,1,1,1,1
p44-dog-0004,brics-odroid-010_cam0,ALL_COMMON,64,47370531465d2fa972a647f2e166e3a0d21c1e1c9593a0f089660975815c26ef,47370531465d2fa972a647f2e166e3a0d21c1e1c9593a0f089660975815c26ef,ab8fbc3e7ed50ebc8a56575c85ae05317411f19a1131b254f81a46a0df7ffa7f,ab8fbc3e7ed50ebc8a56575c85ae05317411f19a1131b254f81a46a0df7ffa7f,ab6a7a632451e8e035e790c35094de4950a1fd24bbaf4accc48879dbdf55557a,ab6a7a632451e8e035e790c35094de4950a1fd24bbaf4accc48879dbdf55557a,879.2644653320312,879.2644653320312,1,1,1,1,1,1
p44-dog-0004,brics-odroid-010_cam0,DIVERSE16,16,6361b949fcf283c3c239cc0907e34c1bdc90f03b735aaf49bb7a5065dcbd1194,6361b949fcf283c3c239cc0907e34c1bdc90f03b735aaf49bb7a5065dcbd1194,b09f4830fe038b8515bc9598112ac23cee7fdcecbaa9f6d067a14f5d8171af88,b09f4830fe038b8515bc9598112ac23cee7fdcecbaa9f6d067a14f5d8171af88,ab6a7a632451e8e035e790c35094de4950a1fd24bbaf4accc48879dbdf55557a,ab6a7a632451e8e035e790c35094de4950a1fd24bbaf4accc48879dbdf55557a,878.5809326171875,878.5809326171875,1,1,1,1,1,1
p44-dog-0004,brics-odroid-010_cam0,DIVERSE32,32,1f69e3ee6b5e141da342b4d62c22b10327314f1673e4fc51997371277f0557ae,1f69e3ee6b5e141da342b4d62c22b10327314f1673e4fc51997371277f0557ae,d884f989150ec85990854b74a43ba0b3f158fdd10919767d2e0fbfb54ed1f3c3,d884f989150ec85990854b74a43ba0b3f158fdd10919767d2e0fbfb54ed1f3c3,ab6a7a632451e8e035e790c35094de4950a1fd24bbaf4accc48879dbdf55557a,ab6a7a632451e8e035e790c35094de4950a1fd24bbaf4accc48879dbdf55557a,878.4168701171875,878.4168701171875,1,1,1,1,1,1
p44-dog-0004,brics-odroid-010_cam0,LOW16,16,377c08cd83a5995ef0716caec72082f1d29cf764c2725e69e87deb59914c7191,377c08cd83a5995ef0716caec72082f1d29cf764c2725e69e87deb59914c7191,d35b504f748ffb4dc85074ec7a9176035f7ab6e71c073c87cc6277ffa14ef7c4,d35b504f748ffb4dc85074ec7a9176035f7ab6e71c073c87cc6277ffa14ef7c4,ab6a7a632451e8e035e790c35094de4950a1fd24bbaf4accc48879dbdf55557a,ab6a7a632451e8e035e790c35094de4950a1fd24bbaf4accc48879dbdf55557a,885.9772338867188,885.9772338867188,1,1,1,1,1,1
p44-dog-0004,brics-odroid-010_cam0,LOW32,32,5d47887eb258d6b79afce1e5bad99137ec9871a85d21c354def31e4f94ae65ef,5d47887eb258d6b79afce1e5bad99137ec9871a85d21c354def31e4f94ae65ef,c0fe3224506de405173c0c5df984bf83158ea4cb0f41c327cc37a989c0e3f19d,c0fe3224506de405173c0c5df984bf83158ea4cb0f41c327cc37a989c0e3f19d,ab6a7a632451e8e035e790c35094de4950a1fd24bbaf4accc48879dbdf55557a,ab6a7a632451e8e035e790c35094de4950a1fd24bbaf4accc48879dbdf55557a,879.5447692871094,879.5447692871094,1,1,1,1,1,1
p44-dog-0004,brics-odroid-010_cam0,N16,16,b19e2f3e97b1853cdb76c35a68a11e11832712fa876532f0ea05481ceaa66813,b19e2f3e97b1853cdb76c35a68a11e11832712fa876532f0ea05481ceaa66813,5c9b84fa2a047075336e60f05edb62efaa58382c852caa8eeb9a329355fb369c,5c9b84fa2a047075336e60f05edb62efaa58382c852caa8eeb9a329355fb369c,ab6a7a632451e8e035e790c35094de4950a1fd24bbaf4accc48879dbdf55557a,ab6a7a632451e8e035e790c35094de4950a1fd24bbaf4accc48879dbdf55557a,879.9297790527344,879.9297790527344,1,1,1,1,1,1
p44-dog-0004,brics-odroid-010_cam0,N32,32,34b398aa3aa081dd12ca75adabbf9f45f2b4df943a52bd3b05ac75e4e11d6fb3,34b398aa3aa081dd12ca75adabbf9f45f2b4df943a52bd3b05ac75e4e11d6fb3,c5105cb888a4c654d06ab3ca6671e111ac69cfd29561b773577ff2f8d88f867e,c5105cb888a4c654d06ab3ca6671e111ac69cfd29561b773577ff2f8d88f867e,ab6a7a632451e8e035e790c35094de4950a1fd24bbaf4accc48879dbdf55557a,ab6a7a632451e8e035e790c35094de4950a1fd24bbaf4accc48879dbdf55557a,879.0222473144531,879.0222473144531,1,1,1,1,1,1
p44-dog-0004,brics-odroid-010_cam0,N64,64,47370531465d2fa972a647f2e166e3a0d21c1e1c9593a0f089660975815c26ef,47370531465d2fa972a647f2e166e3a0d21c1e1c9593a0f089660975815c26ef,ab8fbc3e7ed50ebc8a56575c85ae05317411f19a1131b254f81a46a0df7ffa7f,ab8fbc3e7ed50ebc8a56575c85ae05317411f19a1131b254f81a46a0df7ffa7f,ab6a7a632451e8e035e790c35094de4950a1fd24bbaf4accc48879dbdf55557a,ab6a7a632451e8e035e790c35094de4950a1fd24bbaf4accc48879dbdf55557a,879.2644653320312,879.2644653320312,1,1,1,1,1,1
p44-dog-0004,brics-odroid-010_cam0,N8,8,9957e7a28c33a2ec9170f92d4197d35ef11955faf2f5936bd40cc5820c0ae46b,9957e7a28c33a2ec9170f92d4197d35ef11955faf2f5936bd40cc5820c0ae46b,ea656574e70cb969797aa3851788263602fe00f5ef299d8171ae06292f6d9974,ea656574e70cb969797aa3851788263602fe00f5ef299d8171ae06292f6d9974,ab6a7a632451e8e035e790c35094de4950a1fd24bbaf4accc48879dbdf55557a,ab6a7a632451e8e035e790c35094de4950a1fd24bbaf4accc48879dbdf55557a,876.8471984863281,876.8471984863281,1,1,1,1,1,1
p44-dog-0004,brics-odroid-011_cam0,ALL_COMMON,64,47370531465d2fa972a647f2e166e3a0d21c1e1c9593a0f089660975815c26ef,47370531465d2fa972a647f2e166e3a0d21c1e1c9593a0f089660975815c26ef,d2c901087d793e3c2b0dd5d15f59fe2870632a26f97976d10615cf6382352f11,d2c901087d793e3c2b0dd5d15f59fe2870632a26f97976d10615cf6382352f11,7631bdbf5d7af321e42959581db1c66d0bac089aade6ea26f737f673beb8153f,7631bdbf5d7af321e42959581db1c66d0bac089aade6ea26f737f673beb8153f,755.8075866699219,755.8075866699219,1,1,1,1,1,1
p44-dog-0004,brics-odroid-011_cam0,DIVERSE16,16,bc9d4232134c0ba32e64dd7cdcf1dae4557d66ae3652df6d39bbedac1522eff3,bc9d4232134c0ba32e64dd7cdcf1dae4557d66ae3652df6d39bbedac1522eff3,ffbe78753d1a1c87e8c446427fa8e84b8fcd03a71b4c86ad5e4e049cb706f8ea,ffbe78753d1a1c87e8c446427fa8e84b8fcd03a71b4c86ad5e4e049cb706f8ea,7631bdbf5d7af321e42959581db1c66d0bac089aade6ea26f737f673beb8153f,7631bdbf5d7af321e42959581db1c66d0bac089aade6ea26f737f673beb8153f,755.400390625,755.400390625,1,1,1,1,1,1
p44-dog-0004,brics-odroid-011_cam0,DIVERSE32,32,7a1b30750a87478859f9dbbdb0a6c4c063de2076683f3ea9bdd2448fa3e7ff1c,7a1b30750a87478859f9dbbdb0a6c4c063de2076683f3ea9bdd2448fa3e7ff1c,d89f0abf79fa1c0bae69e4b7ef813d5c191ce3113c57ec938895e322e6d7f56b,d89f0abf79fa1c0bae69e4b7ef813d5c191ce3113c57ec938895e322e6d7f56b,7631bdbf5d7af321e42959581db1c66d0bac089aade6ea26f737f673beb8153f,7631bdbf5d7af321e42959581db1c66d0bac089aade6ea26f737f673beb8153f,754.2488403320312,754.2488403320312,1,1,1,1,1,1
p44-dog-0004,brics-odroid-011_cam0,LOW16,16,bd98bc1c50f4380b2aba498b24e7999649d51a6f885fa57c9b521146185c1c79,bd98bc1c50f4380b2aba498b24e7999649d51a6f885fa57c9b521146185c1c79,7138ea082c459e43b602fadaa1b73f012ae03515a5e4509a20857c34e9e93558,7138ea082c459e43b602fadaa1b73f012ae03515a5e4509a20857c34e9e93558,7631bdbf5d7af321e42959581db1c66d0bac089aade6ea26f737f673beb8153f,7631bdbf5d7af321e42959581db1c66d0bac089aade6ea26f737f673beb8153f,754.5370483398438,754.5370483398438,1,1,1,1,1,1
p44-dog-0004,brics-odroid-011_cam0,LOW32,32,ad16370119d8100715f66f058cd9e6011ce0f1edb5a10ff52ff1fa143c453287,ad16370119d8100715f66f058cd9e6011ce0f1edb5a10ff52ff1fa143c453287,3f67176337a8ad3d5dc04ad3aa37de2546f99ab121112a46b4b69e9dade9bd4d,3f67176337a8ad3d5dc04ad3aa37de2546f99ab121112a46b4b69e9dade9bd4d,7631bdbf5d7af321e42959581db1c66d0bac089aade6ea26f737f673beb8153f,7631bdbf5d7af321e42959581db1c66d0bac089aade6ea26f737f673beb8153f,754.260498046875,754.260498046875,1,1,1,1,1,1
p44-dog-0004,brics-odroid-011_cam0,N16,16,b19e2f3e97b1853cdb76c35a68a11e11832712fa876532f0ea05481ceaa66813,b19e2f3e97b1853cdb76c35a68a11e11832712fa876532f0ea05481ceaa66813,fb623dc829a97d5e78552d939b76aa5b200ea8ae13369da9c89e7baec3205ad4,fb623dc829a97d5e78552d939b76aa5b200ea8ae13369da9c89e7baec3205ad4,7631bdbf5d7af321e42959581db1c66d0bac089aade6ea26f737f673beb8153f,7631bdbf5d7af321e42959581db1c66d0bac089aade6ea26f737f673beb8153f,757.2436218261719,757.2436218261719,1,1,1,1,1,1
p44-dog-0004,brics-odroid-011_cam0,N32,32,34b398aa3aa081dd12ca75adabbf9f45f2b4df943a52bd3b05ac75e4e11d6fb3,34b398aa3aa081dd12ca75adabbf9f45f2b4df943a52bd3b05ac75e4e11d6fb3,15dc31349df07aa7c7e9c344051ee246d59405907ee1c33af1e819f3f75a9c14,15dc31349df07aa7c7e9c344051ee246d59405907ee1c33af1e819f3f75a9c14,7631bdbf5d7af321e42959581db1c66d0bac089aade6ea26f737f673beb8153f,7631bdbf5d7af321e42959581db1c66d0bac089aade6ea26f737f673beb8153f,756.0750427246094,756.0750427246094,1,1,1,1,1,1
p44-dog-0004,brics-odroid-011_cam0,N64,64,47370531465d2fa972a647f2e166e3a0d21c1e1c9593a0f089660975815c26ef,47370531465d2fa972a647f2e166e3a0d21c1e1c9593a0f089660975815c26ef,d2c901087d793e3c2b0dd5d15f59fe2870632a26f97976d10615cf6382352f11,d2c901087d793e3c2b0dd5d15f59fe2870632a26f97976d10615cf6382352f11,7631bdbf5d7af321e42959581db1c66d0bac089aade6ea26f737f673beb8153f,7631bdbf5d7af321e42959581db1c66d0bac089aade6ea26f737f673beb8153f,755.8075866699219,755.8075866699219,1,1,1,1,1,1
p44-dog-0004,brics-odroid-011_cam0,N8,8,9957e7a28c33a2ec9170f92d4197d35ef11955faf2f5936bd40cc5820c0ae46b,9957e7a28c33a2ec9170f92d4197d35ef11955faf2f5936bd40cc5820c0ae46b,3ff58ee2b8060848995472b6089806751a55721e076c84de5dd03945e72312b2,3ff58ee2b8060848995472b6089806751a55721e076c84de5dd03945e72312b2,7631bdbf5d7af321e42959581db1c66d0bac089aade6ea26f737f673beb8153f,7631bdbf5d7af321e42959581db1c66d0bac089aade6ea26f737f673beb8153f,758.7526550292969,758.7526550292969,1,1,1,1,1,1
p44-dog-0004,brics-odroid-012_cam0,ALL_COMMON,51,9695f2a37702f1a5d4fe1bdfcd5cfa0546d463b911c4890e9431b1eeaad1e16d,9695f2a37702f1a5d4fe1bdfcd5cfa0546d463b911c4890e9431b1eeaad1e16d,e421b62720c46fcd6d4b055ad10f0299d92571aeb9f4b052820509b624b76b04,e421b62720c46fcd6d4b055ad10f0299d92571aeb9f4b052820509b624b76b04,2420786e6bdf7a47dc55bfb4c778328a1bd65aa906c5e59142c622da4b87fe4f,2420786e6bdf7a47dc55bfb4c778328a1bd65aa906c5e59142c622da4b87fe4f,846.3138427734375,846.3138427734375,1,1,1,1,1,1
p44-dog-0004,brics-odroid-012_cam0,DIVERSE16,16,5c053a76cc5f7304821fa7c1fa8a384cb4bb135dfffdf0dd7cd36dad80309f6e,5c053a76cc5f7304821fa7c1fa8a384cb4bb135dfffdf0dd7cd36dad80309f6e,36952aa0684d4a62fea44485893adc2667667f4e9d4b4953a8fcc799c74d46cb,36952aa0684d4a62fea44485893adc2667667f4e9d4b4953a8fcc799c74d46cb,2420786e6bdf7a47dc55bfb4c778328a1bd65aa906c5e59142c622da4b87fe4f,2420786e6bdf7a47dc55bfb4c778328a1bd65aa906c5e59142c622da4b87fe4f,848.1499938964844,848.1499938964844,1,1,1,1,1,1
p44-dog-0004,brics-odroid-012_cam0,DIVERSE32,32,1fca00bc96c520e8c8420de804004aec6f20419b161b34fbac08d72e44c50c16,1fca00bc96c520e8c8420de804004aec6f20419b161b34fbac08d72e44c50c16,5c2193c5ba1452ac81087f4bbbee358af7261ead165696fe645fb02088210629,5c2193c5ba1452ac81087f4bbbee358af7261ead165696fe645fb02088210629,2420786e6bdf7a47dc55bfb4c778328a1bd65aa906c5e59142c622da4b87fe4f,2420786e6bdf7a47dc55bfb4c778328a1bd65aa906c5e59142c622da4b87fe4f,848.1499938964844,848.1499938964844,1,1,1,1,1,1
p44-dog-0004,brics-odroid-012_cam0,LOW16,16,497a454df5b1576943fdad33acd2c923b10312fa250bce93589823f719c04754,497a454df5b1576943fdad33acd2c923b10312fa250bce93589823f719c04754,84eb48ff4f37127a00845ac24e03f344bab64df65027c7e44c79232a69a1dd32,84eb48ff4f37127a00845ac24e03f344bab64df65027c7e44c79232a69a1dd32,2420786e6bdf7a47dc55bfb4c778328a1bd65aa906c5e59142c622da4b87fe4f,2420786e6bdf7a47dc55bfb4c778328a1bd65aa906c5e59142c622da4b87fe4f,840.1362915039062,840.1362915039062,1,1,1,1,1,1
p44-dog-0004,brics-odroid-012_cam0,LOW32,32,ce59890bdfbbd9aa2b83c6c475b4cd346889eba3e0ea1173003bb8999612392c,ce59890bdfbbd9aa2b83c6c475b4cd346889eba3e0ea1173003bb8999612392c,ba26c6855db13eabcfeca84388e196c044a20f61a4bb39fafb5df5254075897c,ba26c6855db13eabcfeca84388e196c044a20f61a4bb39fafb5df5254075897c,2420786e6bdf7a47dc55bfb4c778328a1bd65aa906c5e59142c622da4b87fe4f,2420786e6bdf7a47dc55bfb4c778328a1bd65aa906c5e59142c622da4b87fe4f,840.7887878417969,840.7887878417969,1,1,1,1,1,1
p44-dog-0004,brics-odroid-012_cam0,N16,16,d09f0330b77764fed9621996066bb488c3bac35a601bd2dd55a27a8a16f7a6c6,d09f0330b77764fed9621996066bb488c3bac35a601bd2dd55a27a8a16f7a6c6,e7b9f8e7a82210e8dceb474ba2b4ca566d5519f3647c870bd86b8604fa798e12,e7b9f8e7a82210e8dceb474ba2b4ca566d5519f3647c870bd86b8604fa798e12,2420786e6bdf7a47dc55bfb4c778328a1bd65aa906c5e59142c622da4b87fe4f,2420786e6bdf7a47dc55bfb4c778328a1bd65aa906c5e59142c622da4b87fe4f,846.3565673828125,846.3565673828125,1,1,1,1,1,1
p44-dog-0004,brics-odroid-012_cam0,N32,32,bf1c963e4dba851d9c453111662eae9c2bfd2c27469f10b3cfd938f119f5f6d4,bf1c963e4dba851d9c453111662eae9c2bfd2c27469f10b3cfd938f119f5f6d4,787ce856c28b4ce41b1f3f6ce2f30233dda8cd650b767b08d362b38239c5498f,787ce856c28b4ce41b1f3f6ce2f30233dda8cd650b767b08d362b38239c5498f,2420786e6bdf7a47dc55bfb4c778328a1bd65aa906c5e59142c622da4b87fe4f,2420786e6bdf7a47dc55bfb4c778328a1bd65aa906c5e59142c622da4b87fe4f,846.6432189941406,846.6432189941406,1,1,1,1,1,1
p44-dog-0004,brics-odroid-012_cam0,N8,8,87a7ffb91f06f58f3243c66268fecd72fbb4e1615fc09588757463f3a089f396,87a7ffb91f06f58f3243c66268fecd72fbb4e1615fc09588757463f3a089f396,17ecc72fce89a2c5e7538c86fff89dcc86005faa3e1949c21e3e933ba3fe1343,17ecc72fce89a2c5e7538c86fff89dcc86005faa3e1949c21e3e933ba3fe1343,2420786e6bdf7a47dc55bfb4c778328a1bd65aa906c5e59142c622da4b87fe4f,2420786e6bdf7a47dc55bfb4c778328a1bd65aa906c5e59142c622da4b87fe4f,844.5567321777344,844.5567321777344,1,1,1,1,1,1
p44-dog-0004,brics-odroid-012_cam1,ALL_COMMON,64,47370531465d2fa972a647f2e166e3a0d21c1e1c9593a0f089660975815c26ef,47370531465d2fa972a647f2e166e3a0d21c1e1c9593a0f089660975815c26ef,46cbafde798a4fc9e6baa4e8822295e2d48feaf2811df9472bc8fccdc6471dbd,46cbafde798a4fc9e6baa4e8822295e2d48feaf2811df9472bc8fccdc6471dbd,a59f54bc550ddf34a37685d42a907d8a39fa10bbb65c2757db9e8cb195d4608a,a59f54bc550ddf34a37685d42a907d8a39fa10bbb65c2757db9e8cb195d4608a,841.4112243652344,841.4112243652344,1,1,1,1,1,1
p44-dog-0004,brics-odroid-012_cam1,DIVERSE16,16,7d9538a3c96fc72bef11a841f2d23dc7fdfaf9a89f200e71ccb777642bdd714f,7d9538a3c96fc72bef11a841f2d23dc7fdfaf9a89f200e71ccb777642bdd714f,656428c98e3e199c8b586cee24e5d085e88ffc64f42789f9d9e5bf504f52f025,656428c98e3e199c8b586cee24e5d085e88ffc64f42789f9d9e5bf504f52f025,a59f54bc550ddf34a37685d42a907d8a39fa10bbb65c2757db9e8cb195d4608a,a59f54bc550ddf34a37685d42a907d8a39fa10bbb65c2757db9e8cb195d4608a,839.9190673828125,839.9190673828125,1,1,1,1,1,1
p44-dog-0004,brics-odroid-012_cam1,DIVERSE32,32,a6e65c47c89541c17da0eb9f8aff98f5c782c397fc7a86821d2490fc7720397a,a6e65c47c89541c17da0eb9f8aff98f5c782c397fc7a86821d2490fc7720397a,690f0896aa102d1a778dfc9ee328ee69c18dd181cbbe545a4f9cdd2a77a2a3b4,690f0896aa102d1a778dfc9ee328ee69c18dd181cbbe545a4f9cdd2a77a2a3b4,a59f54bc550ddf34a37685d42a907d8a39fa10bbb65c2757db9e8cb195d4608a,a59f54bc550ddf34a37685d42a907d8a39fa10bbb65c2757db9e8cb195d4608a,841.9453430175781,841.9453430175781,1,1,1,1,1,1
p44-dog-0004,brics-odroid-012_cam1,LOW16,16,1c536200a450d65ef3e576e2e29f210b2217f80040e94aa9d62b4695b4bee475,1c536200a450d65ef3e576e2e29f210b2217f80040e94aa9d62b4695b4bee475,a21e33f57a506bd62c6aaadd355ad6171021e8076128b8e4816b79da948b86fd,a21e33f57a506bd62c6aaadd355ad6171021e8076128b8e4816b79da948b86fd,a59f54bc550ddf34a37685d42a907d8a39fa10bbb65c2757db9e8cb195d4608a,a59f54bc550ddf34a37685d42a907d8a39fa10bbb65c2757db9e8cb195d4608a,845.0795288085938,845.0795288085938,1,1,1,1,1,1
p44-dog-0004,brics-odroid-012_cam1,LOW32,32,df145bf9fca6736cc01212cf00fb207e37a22a8db6fa1387988d1cc305137c30,df145bf9fca6736cc01212cf00fb207e37a22a8db6fa1387988d1cc305137c30,bada065611d1effc75843b827194f0b97c9348cec9173981c37e38508a44dfc5,bada065611d1effc75843b827194f0b97c9348cec9173981c37e38508a44dfc5,a59f54bc550ddf34a37685d42a907d8a39fa10bbb65c2757db9e8cb195d4608a,a59f54bc550ddf34a37685d42a907d8a39fa10bbb65c2757db9e8cb195d4608a,841.9453430175781,841.9453430175781,1,1,1,1,1,1
p44-dog-0004,brics-odroid-012_cam1,N16,16,b19e2f3e97b1853cdb76c35a68a11e11832712fa876532f0ea05481ceaa66813,b19e2f3e97b1853cdb76c35a68a11e11832712fa876532f0ea05481ceaa66813,fc25602ba351243d4117c25bf8713b0a6124ed04dff2a23cca6f180179090493,fc25602ba351243d4117c25bf8713b0a6124ed04dff2a23cca6f180179090493,a59f54bc550ddf34a37685d42a907d8a39fa10bbb65c2757db9e8cb195d4608a,a59f54bc550ddf34a37685d42a907d8a39fa10bbb65c2757db9e8cb195d4608a,841.036376953125,841.036376953125,1,1,1,1,1,1
p44-dog-0004,brics-odroid-012_cam1,N32,32,34b398aa3aa081dd12ca75adabbf9f45f2b4df943a52bd3b05ac75e4e11d6fb3,34b398aa3aa081dd12ca75adabbf9f45f2b4df943a52bd3b05ac75e4e11d6fb3,bf4634dd727f8be88e9c04f89dbcaee310faf2f1a8c27158c55436e6818d0eec,bf4634dd727f8be88e9c04f89dbcaee310faf2f1a8c27158c55436e6818d0eec,a59f54bc550ddf34a37685d42a907d8a39fa10bbb65c2757db9e8cb195d4608a,a59f54bc550ddf34a37685d42a907d8a39fa10bbb65c2757db9e8cb195d4608a,841.5922241210938,841.5922241210938,1,1,1,1,1,1
p44-dog-0004,brics-odroid-012_cam1,N64,64,47370531465d2fa972a647f2e166e3a0d21c1e1c9593a0f089660975815c26ef,47370531465d2fa972a647f2e166e3a0d21c1e1c9593a0f089660975815c26ef,46cbafde798a4fc9e6baa4e8822295e2d48feaf2811df9472bc8fccdc6471dbd,46cbafde798a4fc9e6baa4e8822295e2d48feaf2811df9472bc8fccdc6471dbd,a59f54bc550ddf34a37685d42a907d8a39fa10bbb65c2757db9e8cb195d4608a,a59f54bc550ddf34a37685d42a907d8a39fa10bbb65c2757db9e8cb195d4608a,841.4112243652344,841.4112243652344,1,1,1,1,1,1
p44-dog-0004,brics-odroid-012_cam1,N8,8,9957e7a28c33a2ec9170f92d4197d35ef11955faf2f5936bd40cc5820c0ae46b,9957e7a28c33a2ec9170f92d4197d35ef11955faf2f5936bd40cc5820c0ae46b,0f4f86f18fdef7cc858c1a72ca7641af7b52db756bebc2d4bb98cbbeaf995b8e,0f4f86f18fdef7cc858c1a72ca7641af7b52db756bebc2d4bb98cbbeaf995b8e,a59f54bc550ddf34a37685d42a907d8a39fa10bbb65c2757db9e8cb195d4608a,a59f54bc550ddf34a37685d42a907d8a39fa10bbb65c2757db9e8cb195d4608a,842.2606201171875,842.2606201171875,1,1,1,1,1,1
p44-dog-0004,brics-odroid-014_cam1,ALL_COMMON,41,8cb2d1fe9378a56f755c58e2abf2ee90acae7610a24cfc92817ec9c48450aca2,8cb2d1fe9378a56f755c58e2abf2ee90acae7610a24cfc92817ec9c48450aca2,5dd3e9c87ef6da20e7e521fdaf4b589a179f0c6bcef085076aec6910b6cb753a,5dd3e9c87ef6da20e7e521fdaf4b589a179f0c6bcef085076aec6910b6cb753a,83043f1c4cb99a56c964e8d80062f6e62a920ff637adc1d01c1c9ff94edd0f99,83043f1c4cb99a56c964e8d80062f6e62a920ff637adc1d01c1c9ff94edd0f99,773.3426513671875,773.3426513671875,1,1,1,1,1,1
p44-dog-0004,brics-odroid-014_cam1,DIVERSE16,16,3ef2547d544daf71c519dc684f247c3b9330bd8fc2d4cc0a07f84a23090bf03c,3ef2547d544daf71c519dc684f247c3b9330bd8fc2d4cc0a07f84a23090bf03c,55758673f2d82a94923ec4de7b5885c815789faef5f09ea041f725c610e73235,55758673f2d82a94923ec4de7b5885c815789faef5f09ea041f725c610e73235,83043f1c4cb99a56c964e8d80062f6e62a920ff637adc1d01c1c9ff94edd0f99,83043f1c4cb99a56c964e8d80062f6e62a920ff637adc1d01c1c9ff94edd0f99,774.4472961425781,774.4472961425781,1,1,1,1,1,1
p44-dog-0004,brics-odroid-014_cam1,DIVERSE32,32,79bd54c953fe8adea16bb4ac37974767507cc3ddbcd5463a6889a224854ace04,79bd54c953fe8adea16bb4ac37974767507cc3ddbcd5463a6889a224854ace04,8277161e1821ab9d9d1c325b1178df53d0f493e6622c47ffd0c6f531d02da2f3,8277161e1821ab9d9d1c325b1178df53d0f493e6622c47ffd0c6f531d02da2f3,83043f1c4cb99a56c964e8d80062f6e62a920ff637adc1d01c1c9ff94edd0f99,83043f1c4cb99a56c964e8d80062f6e62a920ff637adc1d01c1c9ff94edd0f99,774.4472961425781,774.4472961425781,1,1,1,1,1,1
p44-dog-0004,brics-odroid-014_cam1,LOW16,16,87ccda431eb68d517814850d9b301a6ce7c81efa08aae2fb1f0f6c9958213ebb,87ccda431eb68d517814850d9b301a6ce7c81efa08aae2fb1f0f6c9958213ebb,10eec33ad5413730ef9d8fca295c0ef42d0635715bc2034591f33e86b41b023d,10eec33ad5413730ef9d8fca295c0ef42d0635715bc2034591f33e86b41b023d,83043f1c4cb99a56c964e8d80062f6e62a920ff637adc1d01c1c9ff94edd0f99,83043f1c4cb99a56c964e8d80062f6e62a920ff637adc1d01c1c9ff94edd0f99,773.616455078125,773.616455078125,1,1,1,1,1,1
p44-dog-0004,brics-odroid-014_cam1,LOW32,32,1de9c2a9a9894919c5457bcf53221820d353304db32ea91cb97f6b09d7f87b69,1de9c2a9a9894919c5457bcf53221820d353304db32ea91cb97f6b09d7f87b69,2b97055bf68f38d66d92117940a0ec148c9aca9cfc554d04e3482f1a670892e9,2b97055bf68f38d66d92117940a0ec148c9aca9cfc554d04e3482f1a670892e9,83043f1c4cb99a56c964e8d80062f6e62a920ff637adc1d01c1c9ff94edd0f99,83043f1c4cb99a56c964e8d80062f6e62a920ff637adc1d01c1c9ff94edd0f99,768.3985290527344,768.3985290527344,1,1,1,1,1,1
p44-dog-0004,brics-odroid-014_cam1,N16,16,fa3fae172b2252f7955d25500ef6e28283f8247b3e175fe8cd9b4c057373d160,fa3fae172b2252f7955d25500ef6e28283f8247b3e175fe8cd9b4c057373d160,d472f45c9cf5bc991e95a11bf5a6efe3b9f9601641b7eca4fd859f434b9d9638,d472f45c9cf5bc991e95a11bf5a6efe3b9f9601641b7eca4fd859f434b9d9638,83043f1c4cb99a56c964e8d80062f6e62a920ff637adc1d01c1c9ff94edd0f99,83043f1c4cb99a56c964e8d80062f6e62a920ff637adc1d01c1c9ff94edd0f99,774.1188354492188,774.1188354492188,1,1,1,1,1,1
p44-dog-0004,brics-odroid-014_cam1,N32,32,befbb1022133e94d52c19e56932a602496503579de14b4b07ae3a42b4790bee4,befbb1022133e94d52c19e56932a602496503579de14b4b07ae3a42b4790bee4,7e756aea403d1cb8f5f75f21b9253e24e0dea30d79998ac7efc3a3eebdd1d642,7e756aea403d1cb8f5f75f21b9253e24e0dea30d79998ac7efc3a3eebdd1d642,83043f1c4cb99a56c964e8d80062f6e62a920ff637adc1d01c1c9ff94edd0f99,83043f1c4cb99a56c964e8d80062f6e62a920ff637adc1d01c1c9ff94edd0f99,773.5907592773438,773.5907592773438,1,1,1,1,1,1
p44-dog-0004,brics-odroid-014_cam1,N8,8,e5d93d879eab4c0439c72e5d2f4a8c17cc3b20a09ca7fc2c5c5a26c281cca222,e5d93d879eab4c0439c72e5d2f4a8c17cc3b20a09ca7fc2c5c5a26c281cca222,dc2909ffd79cdbf69c05ba8cf1dbd35198b666b37a06fa3d47da024780cc43e5,dc2909ffd79cdbf69c05ba8cf1dbd35198b666b37a06fa3d47da024780cc43e5,83043f1c4cb99a56c964e8d80062f6e62a920ff637adc1d01c1c9ff94edd0f99,83043f1c4cb99a56c964e8d80062f6e62a920ff637adc1d01c1c9ff94edd0f99,774.1188354492188,774.1188354492188,1,1,1,1,1,1
p44-dog-0004,brics-odroid-015_cam1,ALL_COMMON,64,47370531465d2fa972a647f2e166e3a0d21c1e1c9593a0f089660975815c26ef,47370531465d2fa972a647f2e166e3a0d21c1e1c9593a0f089660975815c26ef,7f0111e564276e14846abdda0dc3317e3777b537d95254a1e2f1f7b1234fc4c9,7f0111e564276e14846abdda0dc3317e3777b537d95254a1e2f1f7b1234fc4c9,a84ff3d9627adb33199b2182a3533cd13d170bb2fefc435d077d6ffcb2cbda67,a84ff3d9627adb33199b2182a3533cd13d170bb2fefc435d077d6ffcb2cbda67,765.4824829101562,765.4824829101562,1,1,1,1,1,1
p44-dog-0004,brics-odroid-015_cam1,DIVERSE16,16,8fcae0d32da3512614d9f002b61141a8731dc0de55b60835adf056cb83be7327,8fcae0d32da3512614d9f002b61141a8731dc0de55b60835adf056cb83be7327,87b3f5a85cbb9d428a75668e4f98166a722f0b567b9b728b35391d7ae86abf07,87b3f5a85cbb9d428a75668e4f98166a722f0b567b9b728b35391d7ae86abf07,a84ff3d9627adb33199b2182a3533cd13d170bb2fefc435d077d6ffcb2cbda67,a84ff3d9627adb33199b2182a3533cd13d170bb2fefc435d077d6ffcb2cbda67,766.0055847167969,766.0055847167969,1,1,1,1,1,1
p44-dog-0004,brics-odroid-015_cam1,DIVERSE32,32,0636c76db885dfda1747b7f04e4b2a2a371e4ac8ded84c1671b0fbb5ec558483,0636c76db885dfda1747b7f04e4b2a2a371e4ac8ded84c1671b0fbb5ec558483,0b9f0c635fceb7fcf56b7a5e5a8d1fa2968cb686c959284dde0043ee27c49ff3,0b9f0c635fceb7fcf56b7a5e5a8d1fa2968cb686c959284dde0043ee27c49ff3,a84ff3d9627adb33199b2182a3533cd13d170bb2fefc435d077d6ffcb2cbda67,a84ff3d9627adb33199b2182a3533cd13d170bb2fefc435d077d6ffcb2cbda67,765.2973022460938,765.2973022460938,1,1,1,1,1,1
p44-dog-0004,brics-odroid-015_cam1,LOW16,16,32f6be98fce146431b54d5cd5355838586c6a15a7552409b596f27dd2d329ac7,32f6be98fce146431b54d5cd5355838586c6a15a7552409b596f27dd2d329ac7,f17d9b214483053be9b9e236df1d17d6d1ee49ecd59cdf9c8f809354a31c169a,f17d9b214483053be9b9e236df1d17d6d1ee49ecd59cdf9c8f809354a31c169a,a84ff3d9627adb33199b2182a3533cd13d170bb2fefc435d077d6ffcb2cbda67,a84ff3d9627adb33199b2182a3533cd13d170bb2fefc435d077d6ffcb2cbda67,768.3862609863281,768.3862609863281,1,1,1,1,1,1
p44-dog-0004,brics-odroid-015_cam1,LOW32,32,682944122599015851ef55516618015f76c5e908cc3135e1dae435b9a274643d,682944122599015851ef55516618015f76c5e908cc3135e1dae435b9a274643d,e93a77d559439e0db7e2c7049109af8ab43fa646b4748ef3278d9459e4641125,e93a77d559439e0db7e2c7049109af8ab43fa646b4748ef3278d9459e4641125,a84ff3d9627adb33199b2182a3533cd13d170bb2fefc435d077d6ffcb2cbda67,a84ff3d9627adb33199b2182a3533cd13d170bb2fefc435d077d6ffcb2cbda67,765.3829040527344,765.3829040527344,1,1,1,1,1,1
p44-dog-0004,brics-odroid-015_cam1,N16,16,b19e2f3e97b1853cdb76c35a68a11e11832712fa876532f0ea05481ceaa66813,b19e2f3e97b1853cdb76c35a68a11e11832712fa876532f0ea05481ceaa66813,8c027723957a543196796162e746c60d476a61d147aca84e772ff719d4e45136,8c027723957a543196796162e746c60d476a61d147aca84e772ff719d4e45136,a84ff3d9627adb33199b2182a3533cd13d170bb2fefc435d077d6ffcb2cbda67,a84ff3d9627adb33199b2182a3533cd13d170bb2fefc435d077d6ffcb2cbda67,765.77099609375,765.77099609375,1,1,1,1,1,1
p44-dog-0004,brics-odroid-015_cam1,N32,32,34b398aa3aa081dd12ca75adabbf9f45f2b4df943a52bd3b05ac75e4e11d6fb3,34b398aa3aa081dd12ca75adabbf9f45f2b4df943a52bd3b05ac75e4e11d6fb3,0b7aabd8236554f46a669da671a299284b9a44e9e7c607d76eade21d774b4ac4,0b7aabd8236554f46a669da671a299284b9a44e9e7c607d76eade21d774b4ac4,a84ff3d9627adb33199b2182a3533cd13d170bb2fefc435d077d6ffcb2cbda67,a84ff3d9627adb33199b2182a3533cd13d170bb2fefc435d077d6ffcb2cbda67,765.3829040527344,765.3829040527344,1,1,1,1,1,1
p44-dog-0004,brics-odroid-015_cam1,N64,64,47370531465d2fa972a647f2e166e3a0d21c1e1c9593a0f089660975815c26ef,47370531465d2fa972a647f2e166e3a0d21c1e1c9593a0f089660975815c26ef,7f0111e564276e14846abdda0dc3317e3777b537d95254a1e2f1f7b1234fc4c9,7f0111e564276e14846abdda0dc3317e3777b537d95254a1e2f1f7b1234fc4c9,a84ff3d9627adb33199b2182a3533cd13d170bb2fefc435d077d6ffcb2cbda67,a84ff3d9627adb33199b2182a3533cd13d170bb2fefc435d077d6ffcb2cbda67,765.4824829101562,765.4824829101562,1,1,1,1,1,1
p44-dog-0004,brics-odroid-015_cam1,N8,8,9957e7a28c33a2ec9170f92d4197d35ef11955faf2f5936bd40cc5820c0ae46b,9957e7a28c33a2ec9170f92d4197d35ef11955faf2f5936bd40cc5820c0ae46b,45f6d3261e4a675ee9ea1b14553d241f6d751730ce06dbc1d5ece723913e3356,45f6d3261e4a675ee9ea1b14553d241f6d751730ce06dbc1d5ece723913e3356,a84ff3d9627adb33199b2182a3533cd13d170bb2fefc435d077d6ffcb2cbda67,a84ff3d9627adb33199b2182a3533cd13d170bb2fefc435d077d6ffcb2cbda67,765.3829040527344,765.3829040527344,1,1,1,1,1,1
p44-dog-0004,brics-odroid-016_cam0,ALL_COMMON,56,8a9a911d222cb74131d33830d07d8224d07f1274d5dd1b68edf8c851bf3fa233,8a9a911d222cb74131d33830d07d8224d07f1274d5dd1b68edf8c851bf3fa233,e77e3863ebac82a49ad22f660bdb55a92192dd1654f40a4f2b22908bb74592b8,e77e3863ebac82a49ad22f660bdb55a92192dd1654f40a4f2b22908bb74592b8,bd8ba88782da05a5d44346a8054c1f66c7ed40d3df2023063f20f92d3e00950c,bd8ba88782da05a5d44346a8054c1f66c7ed40d3df2023063f20f92d3e00950c,930.206298828125,930.206298828125,1,1,1,1,1,1
p44-dog-0004,brics-odroid-016_cam0,DIVERSE16,16,c5b080c7095a304f7975308ac47b9ee0b3b5cd3ca4bbc72fe92ce81bb0db3c7f,c5b080c7095a304f7975308ac47b9ee0b3b5cd3ca4bbc72fe92ce81bb0db3c7f,860b5c5ce38c5cdc79e77d083277cbbc626aa21920085d71bbc4c88e56e5def2,860b5c5ce38c5cdc79e77d083277cbbc626aa21920085d71bbc4c88e56e5def2,bd8ba88782da05a5d44346a8054c1f66c7ed40d3df2023063f20f92d3e00950c,bd8ba88782da05a5d44346a8054c1f66c7ed40d3df2023063f20f92d3e00950c,936.0510559082031,936.0510559082031,1,1,1,1,1,1
p44-dog-0004,brics-odroid-016_cam0,DIVERSE32,32,4fc66ef51232175b6a6cc6078d655417e2809cbeb5b702b9425f5fabdfd469b6,4fc66ef51232175b6a6cc6078d655417e2809cbeb5b702b9425f5fabdfd469b6,f7c40e2cbbf8451ddc8b5cf837c55ebd34fa98d0f9071e7dcf50a483f1bb2a06,f7c40e2cbbf8451ddc8b5cf837c55ebd34fa98d0f9071e7dcf50a483f1bb2a06,bd8ba88782da05a5d44346a8054c1f66c7ed40d3df2023063f20f92d3e00950c,bd8ba88782da05a5d44346a8054c1f66c7ed40d3df2023063f20f92d3e00950c,930.425537109375,930.425537109375,1,1,1,1,1,1
p44-dog-0004,brics-odroid-016_cam0,LOW16,16,edfb2bbd0f4b87135be575117fa83df55bc0a60db41ac9bfd8162fc8e3b6539f,edfb2bbd0f4b87135be575117fa83df55bc0a60db41ac9bfd8162fc8e3b6539f,25aa5408b3cca441d3ce584186f5d8e126e87da69b1c23b9c4308b1310a6130e,25aa5408b3cca441d3ce584186f5d8e126e87da69b1c23b9c4308b1310a6130e,bd8ba88782da05a5d44346a8054c1f66c7ed40d3df2023063f20f92d3e00950c,bd8ba88782da05a5d44346a8054c1f66c7ed40d3df2023063f20f92d3e00950c,930.3892822265625,930.3892822265625,1,1,1,1,1,1
p44-dog-0004,brics-odroid-016_cam0,LOW32,32,42fcbc389023cabc6e95a5eab59fa2e52272685f9531e67f531a53694da6f6f2,42fcbc389023cabc6e95a5eab59fa2e52272685f9531e67f531a53694da6f6f2,09edfd54f33635636474f91536f695f769350cfd25ea7b8167aaf6feb4b1f18b,09edfd54f33635636474f91536f695f769350cfd25ea7b8167aaf6feb4b1f18b,bd8ba88782da05a5d44346a8054c1f66c7ed40d3df2023063f20f92d3e00950c,bd8ba88782da05a5d44346a8054c1f66c7ed40d3df2023063f20f92d3e00950c,925.6385803222656,925.6385803222656,1,1,1,1,1,1
p44-dog-0004,brics-odroid-016_cam0,N16,16,226278e7ebfb99334a4df4adbea738d6bf0ff637b26a7c267d9a1b50e3156418,226278e7ebfb99334a4df4adbea738d6bf0ff637b26a7c267d9a1b50e3156418,d941dabfd284a596621389c8b36cac0547a5496bcc520a8ff3cb481d2c306f29,d941dabfd284a596621389c8b36cac0547a5496bcc520a8ff3cb481d2c306f29,bd8ba88782da05a5d44346a8054c1f66c7ed40d3df2023063f20f92d3e00950c,bd8ba88782da05a5d44346a8054c1f66c7ed40d3df2023063f20f92d3e00950c,933.0393371582031,933.0393371582031,1,1,1,1,1,1
p44-dog-0004,brics-odroid-016_cam0,N32,32,121c20263cb5bca607617736ba7f84b13ad2339c4bb184b372b192c836b336f7,121c20263cb5bca607617736ba7f84b13ad2339c4bb184b372b192c836b336f7,134d931fb89d0ec61c47379fb24a9fc1664c9442ba8a79916a7ed9b2a868260e,134d931fb89d0ec61c47379fb24a9fc1664c9442ba8a79916a7ed9b2a868260e,bd8ba88782da05a5d44346a8054c1f66c7ed40d3df2023063f20f92d3e00950c,bd8ba88782da05a5d44346a8054c1f66c7ed40d3df2023063f20f92d3e00950c,933.0393371582031,933.0393371582031,1,1,1,1,1,1
p44-dog-0004,brics-odroid-016_cam0,N8,8,14a904e4e378feaa897c9f20dd2ebb7a65aedc41a2e043adc190286df6cf791c,14a904e4e378feaa897c9f20dd2ebb7a65aedc41a2e043adc190286df6cf791c,826957233cb0ba08da735c9fbfec2f716cad42efdbed1aef261a914bc03fff80,826957233cb0ba08da735c9fbfec2f716cad42efdbed1aef261a914bc03fff80,bd8ba88782da05a5d44346a8054c1f66c7ed40d3df2023063f20f92d3e00950c,bd8ba88782da05a5d44346a8054c1f66c7ed40d3df2023063f20f92d3e00950c,933.0393371582031,933.0393371582031,1,1,1,1,1,1
p44-dog-0004,brics-odroid-017_cam0,ALL_COMMON,51,f00a4f0c6757cb786d5bae1977cc8c1a22d148b42b4531265c8f730d7875a109,f00a4f0c6757cb786d5bae1977cc8c1a22d148b42b4531265c8f730d7875a109,b45c8d68199fd4047fad16cf7f83c4e8159004a0a70c3e52374ac97a24ba85ac,b45c8d68199fd4047fad16cf7f83c4e8159004a0a70c3e52374ac97a24ba85ac,d298d274ce18d4171e69019b510401f5576f5afc733cf60963cef8d35eaf9ebb,d298d274ce18d4171e69019b510401f5576f5afc733cf60963cef8d35eaf9ebb,873.7101440429688,873.7101440429688,1,1,1,1,1,1
p44-dog-0004,brics-odroid-017_cam0,DIVERSE16,16,9877a2a1e89f1229d1f868aeb0a757a78b7ba755aaa64dbc8b557c471cffc350,9877a2a1e89f1229d1f868aeb0a757a78b7ba755aaa64dbc8b557c471cffc350,8631c7040176dfd6de1f8d5ebaaa9e9d215647bedb2a8bee4bb9f361e1aeb426,8631c7040176dfd6de1f8d5ebaaa9e9d215647bedb2a8bee4bb9f361e1aeb426,d298d274ce18d4171e69019b510401f5576f5afc733cf60963cef8d35eaf9ebb,d298d274ce18d4171e69019b510401f5576f5afc733cf60963cef8d35eaf9ebb,875.223388671875,875.223388671875,1,1,1,1,1,1
p44-dog-0004,brics-odroid-017_cam0,DIVERSE32,32,d060dc0c801b25137a3f65d87d6d3ce728b99852150b6d168f041321041c65e3,d060dc0c801b25137a3f65d87d6d3ce728b99852150b6d168f041321041c65e3,b0447d0259e72d21b162ca6d7e1dc6fcb59fb648210d1c9788f135e31858856b,b0447d0259e72d21b162ca6d7e1dc6fcb59fb648210d1c9788f135e31858856b,d298d274ce18d4171e69019b510401f5576f5afc733cf60963cef8d35eaf9ebb,d298d274ce18d4171e69019b510401f5576f5afc733cf60963cef8d35eaf9ebb,875.223388671875,875.223388671875,1,1,1,1,1,1
p44-dog-0004,brics-odroid-017_cam0,LOW16,16,f1c60bd136c97a1803f1ed2e654c7262c9182e244517da3775726b4e5294af27,f1c60bd136c97a1803f1ed2e654c7262c9182e244517da3775726b4e5294af27,179b654d31c7a2c7d5c7728d051280575ba25d25a1fb18a31638c9eb40a0ba81,179b654d31c7a2c7d5c7728d051280575ba25d25a1fb18a31638c9eb40a0ba81,d298d274ce18d4171e69019b510401f5576f5afc733cf60963cef8d35eaf9ebb,d298d274ce18d4171e69019b510401f5576f5afc733cf60963cef8d35eaf9ebb,876.1893615722656,876.1893615722656,1,1,1,1,1,1
p44-dog-0004,brics-odroid-017_cam0,LOW32,32,7543e02c50e5d0d9d2fd77b1d88e3cea0d3f0a739bea95206316aeb8e0305cae,7543e02c50e5d0d9d2fd77b1d88e3cea0d3f0a739bea95206316aeb8e0305cae,072fd5f6076d6106e883305d1cf9de9666f0d77be13d32c5e7d4ed9560a4eae9,072fd5f6076d6106e883305d1cf9de9666f0d77be13d32c5e7d4ed9560a4eae9,d298d274ce18d4171e69019b510401f5576f5afc733cf60963cef8d35eaf9ebb,d298d274ce18d4171e69019b510401f5576f5afc733cf60963cef8d35eaf9ebb,874.9408569335938,874.9408569335938,1,1,1,1,1,1
p44-dog-0004,brics-odroid-017_cam0,N16,16,dc672f80c58bd446991c0c4e2be3af6929ed5501efdc990ccb578e931f0fe59d,dc672f80c58bd446991c0c4e2be3af6929ed5501efdc990ccb578e931f0fe59d,d49a6e0d6087921a6dade36c01dc0790f6c474aec3f02f4e1e8388a0d3a9b215,d49a6e0d6087921a6dade36c01dc0790f6c474aec3f02f4e1e8388a0d3a9b215,d298d274ce18d4171e69019b510401f5576f5afc733cf60963cef8d35eaf9ebb,d298d274ce18d4171e69019b510401f5576f5afc733cf60963cef8d35eaf9ebb,873.7541809082031,873.7541809082031,1,1,1,1,1,1
p44-dog-0004,brics-odroid-017_cam0,N32,32,6d70acc9abfe79932e7573204ccc7982b2a52399547e3a2277fa1177bac55fed,6d70acc9abfe79932e7573204ccc7982b2a52399547e3a2277fa1177bac55fed,bf814896f048409fe854fb28fc11342d323577f00170aa09aedab153c52b6e10,bf814896f048409fe854fb28fc11342d323577f00170aa09aedab153c52b6e10,d298d274ce18d4171e69019b510401f5576f5afc733cf60963cef8d35eaf9ebb,d298d274ce18d4171e69019b510401f5576f5afc733cf60963cef8d35eaf9ebb,873.5259094238281,873.5259094238281,1,1,1,1,1,1
p44-dog-0004,brics-odroid-017_cam0,N8,8,a0184039259c1459da4273a54a516cd9929dd4e26b11ecc380fb1ea78cbe9bab,a0184039259c1459da4273a54a516cd9929dd4e26b11ecc380fb1ea78cbe9bab,eabadcfece5577211742561cb21c963cbf78054a8d4ec4872a667fd3a0439132,eabadcfece5577211742561cb21c963cbf78054a8d4ec4872a667fd3a0439132,d298d274ce18d4171e69019b510401f5576f5afc733cf60963cef8d35eaf9ebb,d298d274ce18d4171e69019b510401f5576f5afc733cf60963cef8d35eaf9ebb,868.8536071777344,868.8536071777344,1,1,1,1,1,1
p44-dog-0004,brics-odroid-017_cam1,ALL_COMMON,41,d2b143ff847d115d43f0d2fd3a5349df0bc32caa92df1e53e6e961efffb1517a,d2b143ff847d115d43f0d2fd3a5349df0bc32caa92df1e53e6e961efffb1517a,534eab78e0dde56ef0f7801c0116a905f9f3efec111960ed2ad60b193a82828a,534eab78e0dde56ef0f7801c0116a905f9f3efec111960ed2ad60b193a82828a,4a6246fc981ea9b3aa39ecde4b6b2bcd02ca0a04b0334b2a0e62d99b31ca7f63,4a6246fc981ea9b3aa39ecde4b6b2bcd02ca0a04b0334b2a0e62d99b31ca7f63,852.8450317382812,852.8450317382812,1,1,1,1,1,1
p44-dog-0004,brics-odroid-017_cam1,DIVERSE16,16,39646b5f7ab133b0847d0244f7a5e07b68b9d50203d0b24ed65b5c1164e638b3,39646b5f7ab133b0847d0244f7a5e07b68b9d50203d0b24ed65b5c1164e638b3,837d850b39f65d4af6045bf8950adab13f05dc53737d4f15d35e258722d5d018,837d850b39f65d4af6045bf8950adab13f05dc53737d4f15d35e258722d5d018,4a6246fc981ea9b3aa39ecde4b6b2bcd02ca0a04b0334b2a0e62d99b31ca7f63,4a6246fc981ea9b3aa39ecde4b6b2bcd02ca0a04b0334b2a0e62d99b31ca7f63,855.0147094726562,855.0147094726562,1,1,1,1,1,1
p44-dog-0004,brics-odroid-017_cam1,DIVERSE32,32,db8c3689a6e4450fdce621836c84b798acf6ad5f5b734ca4fd41215d70bc9306,db8c3689a6e4450fdce621836c84b798acf6ad5f5b734ca4fd41215d70bc9306,59dbd3ee16157a385293ffbb6ba1dc7f9df5df0851a253d071a4929e2e669b27,59dbd3ee16157a385293ffbb6ba1dc7f9df5df0851a253d071a4929e2e669b27,4a6246fc981ea9b3aa39ecde4b6b2bcd02ca0a04b0334b2a0e62d99b31ca7f63,4a6246fc981ea9b3aa39ecde4b6b2bcd02ca0a04b0334b2a0e62d99b31ca7f63,853.5298156738281,853.5298156738281,1,1,1,1,1,1
p44-dog-0004,brics-odroid-017_cam1,LOW16,16,eeb167cfc89fd865d63411d1817fb3bd3c0b0e64e466742c4d9ae0aa90ac60cf,eeb167cfc89fd865d63411d1817fb3bd3c0b0e64e466742c4d9ae0aa90ac60cf,79742411c91875dc791f6c083492e5585f12b25bcaea2fabcc8b6c3c9826291b,79742411c91875dc791f6c083492e5585f12b25bcaea2fabcc8b6c3c9826291b,4a6246fc981ea9b3aa39ecde4b6b2bcd02ca0a04b0334b2a0e62d99b31ca7f63,4a6246fc981ea9b3aa39ecde4b6b2bcd02ca0a04b0334b2a0e62d99b31ca7f63,846.5995788574219,846.5995788574219,1,1,1,1,1,1
p44-dog-0004,brics-odroid-017_cam1,LOW32,32,2e45abde2927e48a9954f1d24c03f1c3e55edc094aaff504b94a6f034244088f,2e45abde2927e48a9954f1d24c03f1c3e55edc094aaff504b94a6f034244088f,d07a0ebde5f4f611505edd4f31d388bc2d53dd9457f761d974ce2439b350989f,d07a0ebde5f4f611505edd4f31d388bc2d53dd9457f761d974ce2439b350989f,4a6246fc981ea9b3aa39ecde4b6b2bcd02ca0a04b0334b2a0e62d99b31ca7f63,4a6246fc981ea9b3aa39ecde4b6b2bcd02ca0a04b0334b2a0e62d99b31ca7f63,851.1887512207031,851.1887512207031,1,1,1,1,1,1
p44-dog-0004,brics-odroid-017_cam1,N16,16,5a8d3f32a4e635e3560c55c1d166ba7a67dfd5cd66aa2974c7dd808bef4b8dd0,5a8d3f32a4e635e3560c55c1d166ba7a67dfd5cd66aa2974c7dd808bef4b8dd0,d951b77ea5666463ab2db2142866f5f476d07d9e3cc60bb8792f745a55b3d06c,d951b77ea5666463ab2db2142866f5f476d07d9e3cc60bb8792f745a55b3d06c,4a6246fc981ea9b3aa39ecde4b6b2bcd02ca0a04b0334b2a0e62d99b31ca7f63,4a6246fc981ea9b3aa39ecde4b6b2bcd02ca0a04b0334b2a0e62d99b31ca7f63,853.5298156738281,853.5298156738281,1,1,1,1,1,1
p44-dog-0004,brics-odroid-017_cam1,N32,32,188498ec3c8b31e5ccd81b4ee9cf3a92e0a625f09076970786da73e0c9dd8dab,188498ec3c8b31e5ccd81b4ee9cf3a92e0a625f09076970786da73e0c9dd8dab,d3d1dcd6c5b3b2b7b6059dbca19a24d737f1cc0553375e6ac3468ae71e71e6fd,d3d1dcd6c5b3b2b7b6059dbca19a24d737f1cc0553375e6ac3468ae71e71e6fd,4a6246fc981ea9b3aa39ecde4b6b2bcd02ca0a04b0334b2a0e62d99b31ca7f63,4a6246fc981ea9b3aa39ecde4b6b2bcd02ca0a04b0334b2a0e62d99b31ca7f63,852.3762512207031,852.3762512207031,1,1,1,1,1,1
p44-dog-0004,brics-odroid-017_cam1,N8,8,c1fecc15fa95e2b4ce0f970b3909aa06c8bbc7909cdd3743d8ebc04bb0adf0c2,c1fecc15fa95e2b4ce0f970b3909aa06c8bbc7909cdd3743d8ebc04bb0adf0c2,d1321089e40500f5c19647b4e61b8c9cd30683ad5e663cc707d59aca516956cf,d1321089e40500f5c19647b4e61b8c9cd30683ad5e663cc707d59aca516956cf,4a6246fc981ea9b3aa39ecde4b6b2bcd02ca0a04b0334b2a0e62d99b31ca7f63,4a6246fc981ea9b3aa39ecde4b6b2bcd02ca0a04b0334b2a0e62d99b31ca7f63,853.7464904785156,853.7464904785156,1,1,1,1,1,1
p44-dog-0004,brics-odroid-019_cam1,ALL_COMMON,9,3ba0a92da6bc08ce026fda434897eea967d35ac5f80fab4bbc6946917acf64f9,3ba0a92da6bc08ce026fda434897eea967d35ac5f80fab4bbc6946917acf64f9,f482ea1421edcdd02226cc4646ccef45c0f51419789fd23b3edb30c5c5b54860,f482ea1421edcdd02226cc4646ccef45c0f51419789fd23b3edb30c5c5b54860,72b56c8b50dbec1dac71771bc1b1a946b1488b9d32eabc093bbce55a9516bfbc,72b56c8b50dbec1dac71771bc1b1a946b1488b9d32eabc093bbce55a9516bfbc,1002.7681884765625,1002.7681884765625,1,1,1,1,1,1
p44-dog-0004,brics-odroid-019_cam1,N8,8,2c45a9c16e3fb37ddff34894f8448140915502092c55db13cd24a043df308c65,2c45a9c16e3fb37ddff34894f8448140915502092c55db13cd24a043df308c65,bf90cde08765aaa79de6f960f3263a88f142625fd81bc86d8da7b6f342ee18ec,bf90cde08765aaa79de6f960f3263a88f142625fd81bc86d8da7b6f342ee18ec,72b56c8b50dbec1dac71771bc1b1a946b1488b9d32eabc093bbce55a9516bfbc,72b56c8b50dbec1dac71771bc1b1a946b1488b9d32eabc093bbce55a9516bfbc,1002.1057434082031,1002.1057434082031,1,1,1,1,1,1
p44-dog-0004,brics-odroid-020_cam0,ALL_COMMON,46,d1a63a4c08d650ed7f78c18f852baac0945927141c264d5b96cd404469ac606a,d1a63a4c08d650ed7f78c18f852baac0945927141c264d5b96cd404469ac606a,55bac03a1e77dad4f7fb479287b7db0932258f1df2b6a6c79c2489af06ebb8e7,55bac03a1e77dad4f7fb479287b7db0932258f1df2b6a6c79c2489af06ebb8e7,343eefa01034dc7662203628b579f6f949fafa536f8264ed386665a1ce112dee,343eefa01034dc7662203628b579f6f949fafa536f8264ed386665a1ce112dee,756.7109375,756.7109375,1,1,1,1,1,1
p44-dog-0004,brics-odroid-020_cam0,DIVERSE16,16,98c785096c6f709c2bf522981e4c557aa5c191b7712266ce039e5f1636d350a9,98c785096c6f709c2bf522981e4c557aa5c191b7712266ce039e5f1636d350a9,4455631460dc270ed3a3bf91ab82b3022797e7fe28232a12ff9d492782df43c9,4455631460dc270ed3a3bf91ab82b3022797e7fe28232a12ff9d492782df43c9,343eefa01034dc7662203628b579f6f949fafa536f8264ed386665a1ce112dee,343eefa01034dc7662203628b579f6f949fafa536f8264ed386665a1ce112dee,757.1496276855469,757.1496276855469,1,1,1,1,1,1
p44-dog-0004,brics-odroid-020_cam0,DIVERSE32,32,22db09d4b25c56aa5e24231dc2dcfc897f2cbe998afa0a727b6e2cd516823367,22db09d4b25c56aa5e24231dc2dcfc897f2cbe998afa0a727b6e2cd516823367,499bb387fbf36fd8a6484980f4f4036a0c7c214911a7558715b439b7f39d74b8,499bb387fbf36fd8a6484980f4f4036a0c7c214911a7558715b439b7f39d74b8,343eefa01034dc7662203628b579f6f949fafa536f8264ed386665a1ce112dee,343eefa01034dc7662203628b579f6f949fafa536f8264ed386665a1ce112dee,756.96044921875,756.96044921875,1,1,1,1,1,1
p44-dog-0004,brics-odroid-020_cam0,LOW16,16,c6e74a2754121542013ebaddfd19106d1a7aed72adc191e0bef0d39a8a6edf37,c6e74a2754121542013ebaddfd19106d1a7aed72adc191e0bef0d39a8a6edf37,579f18e583fab3e2c739901fbea57fb75e5bad2d4face6ed4eec064fc7d4e314,579f18e583fab3e2c739901fbea57fb75e5bad2d4face6ed4eec064fc7d4e314,343eefa01034dc7662203628b579f6f949fafa536f8264ed386665a1ce112dee,343eefa01034dc7662203628b579f6f949fafa536f8264ed386665a1ce112dee,751.5943603515625,751.5943603515625,1,1,1,1,1,1
p44-dog-0004,brics-odroid-020_cam0,LOW32,32,5bfc96d32609e07288d05eee805cd172c353c4e805506eaa514919b9300ab701,5bfc96d32609e07288d05eee805cd172c353c4e805506eaa514919b9300ab701,82b3c5ad5d40dd7b762b2009e07e816a551bb5592832b366f7c87215b80665dd,82b3c5ad5d40dd7b762b2009e07e816a551bb5592832b366f7c87215b80665dd,343eefa01034dc7662203628b579f6f949fafa536f8264ed386665a1ce112dee,343eefa01034dc7662203628b579f6f949fafa536f8264ed386665a1ce112dee,755.8568115234375,755.8568115234375,1,1,1,1,1,1
p44-dog-0004,brics-odroid-020_cam0,N16,16,29c99435a0c4640a524702ae791e12e1057123b1ace688e9bfb7a594e8996be8,29c99435a0c4640a524702ae791e12e1057123b1ace688e9bfb7a594e8996be8,2967030aa86960d3e9e437f61ac686924d1713c32f5194d943826cd84139d06f,2967030aa86960d3e9e437f61ac686924d1713c32f5194d943826cd84139d06f,343eefa01034dc7662203628b579f6f949fafa536f8264ed386665a1ce112dee,343eefa01034dc7662203628b579f6f949fafa536f8264ed386665a1ce112dee,753.5285034179688,753.5285034179688,1,1,1,1,1,1
p44-dog-0004,brics-odroid-020_cam0,N32,32,c214d22c7926c27e7474b8a468d5d1d2bc11db6cf8baccafd1e0afa282af3f6e,c214d22c7926c27e7474b8a468d5d1d2bc11db6cf8baccafd1e0afa282af3f6e,a319194e512b9b6c7b23458ed49acc3f7c52dbfe07874526ca0c51dee316e584,a319194e512b9b6c7b23458ed49acc3f7c52dbfe07874526ca0c51dee316e584,343eefa01034dc7662203628b579f6f949fafa536f8264ed386665a1ce112dee,343eefa01034dc7662203628b579f6f949fafa536f8264ed386665a1ce112dee,752.3146667480469,752.3146667480469,1,1,1,1,1,1
p44-dog-0004,brics-odroid-020_cam0,N8,8,c11cafea92a373c480e7ee9c325d07b8002f3d16bd7d170ad27a3ac7998e87a4,c11cafea92a373c480e7ee9c325d07b8002f3d16bd7d170ad27a3ac7998e87a4,6937a8a08d220e9ee3cd6c91bfca8f2aff06f52a033b2dc3276470cb33412933,6937a8a08d220e9ee3cd6c91bfca8f2aff06f52a033b2dc3276470cb33412933,343eefa01034dc7662203628b579f6f949fafa536f8264ed386665a1ce112dee,343eefa01034dc7662203628b579f6f949fafa536f8264ed386665a1ce112dee,753.3691711425781,753.3691711425781,1,1,1,1,1,1
p44-dog-0004,brics-odroid-020_cam1,ALL_COMMON,41,314ae329fd75a8ed9d4a02a3fa28c40ac79eebe90b43765bf90207dfab07b31e,314ae329fd75a8ed9d4a02a3fa28c40ac79eebe90b43765bf90207dfab07b31e,a160f811b4b45abd7fa2c2c6f019e7f5008cedba18d90c6f7c6dedb8830a7e21,a160f811b4b45abd7fa2c2c6f019e7f5008cedba18d90c6f7c6dedb8830a7e21,236627f131ab6517f036dc22c8e17ed6ca9ea4c32a434e04cd095d2a6d97aab6,236627f131ab6517f036dc22c8e17ed6ca9ea4c32a434e04cd095d2a6d97aab6,841.432861328125,841.432861328125,1,1,1,1,1,1
p44-dog-0004,brics-odroid-020_cam1,DIVERSE16,16,b5b6c4268d6708052ca57d1e4273738aa49c20c4db9e85377a195f9682df52eb,b5b6c4268d6708052ca57d1e4273738aa49c20c4db9e85377a195f9682df52eb,b2df52d9d2867b8e3becc41400c217f1a2a718cabffefb26318926e4631fa4d8,b2df52d9d2867b8e3becc41400c217f1a2a718cabffefb26318926e4631fa4d8,236627f131ab6517f036dc22c8e17ed6ca9ea4c32a434e04cd095d2a6d97aab6,236627f131ab6517f036dc22c8e17ed6ca9ea4c32a434e04cd095d2a6d97aab6,845.7489624023438,845.7489624023438,1,1,1,1,1,1
p44-dog-0004,brics-odroid-020_cam1,DIVERSE32,32,4c45cafab5939919705f3c875e3e49fa2c03d8b219fba0ac227a6c845547b6c4,4c45cafab5939919705f3c875e3e49fa2c03d8b219fba0ac227a6c845547b6c4,2054b28e53bcdb8d2b3312b2e463a09ffee089ae969116292cb2f947fb8db1ae,2054b28e53bcdb8d2b3312b2e463a09ffee089ae969116292cb2f947fb8db1ae,236627f131ab6517f036dc22c8e17ed6ca9ea4c32a434e04cd095d2a6d97aab6,236627f131ab6517f036dc22c8e17ed6ca9ea4c32a434e04cd095d2a6d97aab6,845.7489624023438,845.7489624023438,1,1,1,1,1,1
p44-dog-0004,brics-odroid-020_cam1,LOW16,16,74e565993936bb2f3a8e0f5137c0688ae576954d1f041b8842a93791f6f4bacc,74e565993936bb2f3a8e0f5137c0688ae576954d1f041b8842a93791f6f4bacc,981dc146384b141052533f49e494904b342251477e888e17234e66bfdfa5455c,981dc146384b141052533f49e494904b342251477e888e17234e66bfdfa5455c,236627f131ab6517f036dc22c8e17ed6ca9ea4c32a434e04cd095d2a6d97aab6,236627f131ab6517f036dc22c8e17ed6ca9ea4c32a434e04cd095d2a6d97aab6,849.2199096679688,849.2199096679688,1,1,1,1,1,1
p44-dog-0004,brics-odroid-020_cam1,LOW32,32,588c5fb7e91cc19600756b98624cbe2f8269dc32554acfb04c34ccc0b1585e70,588c5fb7e91cc19600756b98624cbe2f8269dc32554acfb04c34ccc0b1585e70,829d871a082d730afda85346311eec9b06b3f64c28d17e087d733282a799a2bf,829d871a082d730afda85346311eec9b06b3f64c28d17e087d733282a799a2bf,236627f131ab6517f036dc22c8e17ed6ca9ea4c32a434e04cd095d2a6d97aab6,236627f131ab6517f036dc22c8e17ed6ca9ea4c32a434e04cd095d2a6d97aab6,833.9749450683594,833.9749450683594,1,1,1,1,1,1
p44-dog-0004,brics-odroid-020_cam1,N16,16,25eebaddab3e739e0076bccc42c2200021a47df1eff9868fe73b8a78faa7b85a,25eebaddab3e739e0076bccc42c2200021a47df1eff9868fe73b8a78faa7b85a,d88fbd898755a58f6a298b00295c7e51ce32f56847a0aa70a9782000eeeb0551,d88fbd898755a58f6a298b00295c7e51ce32f56847a0aa70a9782000eeeb0551,236627f131ab6517f036dc22c8e17ed6ca9ea4c32a434e04cd095d2a6d97aab6,236627f131ab6517f036dc22c8e17ed6ca9ea4c32a434e04cd095d2a6d97aab6,844.052978515625,844.052978515625,1,1,1,1,1,1
p44-dog-0004,brics-odroid-020_cam1,N32,32,255d2c91e0d857499fd81744641bcad8d0aa992a55f5e80edb6e7a430d580f3c,255d2c91e0d857499fd81744641bcad8d0aa992a55f5e80edb6e7a430d580f3c,99a434e0804321f0938908de387b52be52127898009477155bbda539119a5a76,99a434e0804321f0938908de387b52be52127898009477155bbda539119a5a76,236627f131ab6517f036dc22c8e17ed6ca9ea4c32a434e04cd095d2a6d97aab6,236627f131ab6517f036dc22c8e17ed6ca9ea4c32a434e04cd095d2a6d97aab6,839.4336547851562,839.4336547851562,1,1,1,1,1,1
p44-dog-0004,brics-odroid-020_cam1,N8,8,80c0f343e387b5d55c729cc3fd228b28d595e9c50aab64965fb068fa739f2596,80c0f343e387b5d55c729cc3fd228b28d595e9c50aab64965fb068fa739f2596,f4b4f61e36617ad3d9f536f4e0b77e89c388e20e1dbd608e1a740cea1cd4c979,f4b4f61e36617ad3d9f536f4e0b77e89c388e20e1dbd608e1a740cea1cd4c979,236627f131ab6517f036dc22c8e17ed6ca9ea4c32a434e04cd095d2a6d97aab6,236627f131ab6517f036dc22c8e17ed6ca9ea4c32a434e04cd095d2a6d97aab6,844.052978515625,844.052978515625,1,1,1,1,1,1
p44-dog-0004,brics-odroid-021_cam0,ALL_COMMON,54,6f5df6e68ed9f3b996ddbcaab73327eb4e5a9f3a15c3769417a0692b2db5bdeb,6f5df6e68ed9f3b996ddbcaab73327eb4e5a9f3a15c3769417a0692b2db5bdeb,852bd15ae7a2f14cc994041e99186dc76d0a32ae3ab8fc365caa3362464feacb,852bd15ae7a2f14cc994041e99186dc76d0a32ae3ab8fc365caa3362464feacb,3144a40ef9c36de3651e6d1fe5e1c1e325afe692494965232fb410a1179a6da8,3144a40ef9c36de3651e6d1fe5e1c1e325afe692494965232fb410a1179a6da8,790.3062133789062,790.3062133789062,1,1,1,1,1,1
p44-dog-0004,brics-odroid-021_cam0,DIVERSE16,16,b1287a8300da98f32dabcefe263017dc6a696c4a35ecd5f81fa56d3487c414e6,b1287a8300da98f32dabcefe263017dc6a696c4a35ecd5f81fa56d3487c414e6,6a39baa26699e5c591509e6092221bccb9a0eaf5ab964ab7d56e702f942dafd3,6a39baa26699e5c591509e6092221bccb9a0eaf5ab964ab7d56e702f942dafd3,3144a40ef9c36de3651e6d1fe5e1c1e325afe692494965232fb410a1179a6da8,3144a40ef9c36de3651e6d1fe5e1c1e325afe692494965232fb410a1179a6da8,794.5785217285156,794.5785217285156,1,1,1,1,1,1
p44-dog-0004,brics-odroid-021_cam0,DIVERSE32,32,496d4e0174708e33c4429cd458ceca2493e7bb157d8e756c40e441de19f3f8e9,496d4e0174708e33c4429cd458ceca2493e7bb157d8e756c40e441de19f3f8e9,cd80afb1ca4ce005879d01109f63a30a66bf3de56521ddf8e862ba3f894292e1,cd80afb1ca4ce005879d01109f63a30a66bf3de56521ddf8e862ba3f894292e1,3144a40ef9c36de3651e6d1fe5e1c1e325afe692494965232fb410a1179a6da8,3144a40ef9c36de3651e6d1fe5e1c1e325afe692494965232fb410a1179a6da8,789.1976623535156,789.1976623535156,1,1,1,1,1,1
p44-dog-0004,brics-odroid-021_cam0,LOW16,16,9f71274ff4f066abed8f119e3cb8c8a518eedd8223b31d9efceadafec3173556,9f71274ff4f066abed8f119e3cb8c8a518eedd8223b31d9efceadafec3173556,39c80d501f7bf154fd5a6c01e23a4f4e6d2e6926ab010bb19e214983acbbd1b0,39c80d501f7bf154fd5a6c01e23a4f4e6d2e6926ab010bb19e214983acbbd1b0,3144a40ef9c36de3651e6d1fe5e1c1e325afe692494965232fb410a1179a6da8,3144a40ef9c36de3651e6d1fe5e1c1e325afe692494965232fb410a1179a6da8,792.1987915039062,792.1987915039062,1,1,1,1,1,1
p44-dog-0004,brics-odroid-021_cam0,LOW32,32,d1e6fc113ff29c2ed87566f5faacd1991b2442e284a13583e1d5baba4298aaef,d1e6fc113ff29c2ed87566f5faacd1991b2442e284a13583e1d5baba4298aaef,a20f704f08bf440997a4b9a043724ba4894476e9662d66d97c2605335e31aea8,a20f704f08bf440997a4b9a043724ba4894476e9662d66d97c2605335e31aea8,3144a40ef9c36de3651e6d1fe5e1c1e325afe692494965232fb410a1179a6da8,3144a40ef9c36de3651e6d1fe5e1c1e325afe692494965232fb410a1179a6da8,789.1976623535156,789.1976623535156,1,1,1,1,1,1
p44-dog-0004,brics-odroid-021_cam0,N16,16,6e3e801122cb6acbf9e1b34ee27572c91b36975e5c17671bf0bb68581e940d64,6e3e801122cb6acbf9e1b34ee27572c91b36975e5c17671bf0bb68581e940d64,92c39fb0fe00c7d1849091fda71ca9ab29a53b28133d924d94792b210171b325,92c39fb0fe00c7d1849091fda71ca9ab29a53b28133d924d94792b210171b325,3144a40ef9c36de3651e6d1fe5e1c1e325afe692494965232fb410a1179a6da8,3144a40ef9c36de3651e6d1fe5e1c1e325afe692494965232fb410a1179a6da8,790.4764404296875,790.4764404296875,1,1,1,1,1,1
p44-dog-0004,brics-odroid-021_cam0,N32,32,a174cf6fa33175e765c7f47b6e618685baf3f2aeddd7b08158a75bbcf53618d6,a174cf6fa33175e765c7f47b6e618685baf3f2aeddd7b08158a75bbcf53618d6,694e3a39b224b4c9eec870b547b67c2dcbf4820c47ffa9bd9bbe8e38614aa3db,694e3a39b224b4c9eec870b547b67c2dcbf4820c47ffa9bd9bbe8e38614aa3db,3144a40ef9c36de3651e6d1fe5e1c1e325afe692494965232fb410a1179a6da8,3144a40ef9c36de3651e6d1fe5e1c1e325afe692494965232fb410a1179a6da8,790.4764404296875,790.4764404296875,1,1,1,1,1,1
p44-dog-0004,brics-odroid-021_cam0,N8,8,4b2e904722444295646375ca72779d53253493b58e9715d8b8a3f3199c9eae7c,4b2e904722444295646375ca72779d53253493b58e9715d8b8a3f3199c9eae7c,86b112995bf67864aa3f52b50db1bb16e590a86f3fd97f61234ebb1111f5c659,86b112995bf67864aa3f52b50db1bb16e590a86f3fd97f61234ebb1111f5c659,3144a40ef9c36de3651e6d1fe5e1c1e325afe692494965232fb410a1179a6da8,3144a40ef9c36de3651e6d1fe5e1c1e325afe692494965232fb410a1179a6da8,799.7637023925781,799.7637023925781,1,1,1,1,1,1
p44-dog-0004,brics-odroid-021_cam1,ALL_COMMON,56,8a9a911d222cb74131d33830d07d8224d07f1274d5dd1b68edf8c851bf3fa233,8a9a911d222cb74131d33830d07d8224d07f1274d5dd1b68edf8c851bf3fa233,f13180b529c71638b6aa75957593d14053108e409fdb0285e4baf67f89fef7b1,f13180b529c71638b6aa75957593d14053108e409fdb0285e4baf67f89fef7b1,a126e17776790b5f2ccef2fbbed134736ee475f4cb87019b0fadc7d9a267f763,a126e17776790b5f2ccef2fbbed134736ee475f4cb87019b0fadc7d9a267f763,806.3634033203125,806.3634033203125,1,1,1,1,1,1
p44-dog-0004,brics-odroid-021_cam1,DIVERSE16,16,df06addd4b9bcdf4ed5a97e794b5d5cb50fecec3b5ab5388f6091f7ebfe30bae,df06addd4b9bcdf4ed5a97e794b5d5cb50fecec3b5ab5388f6091f7ebfe30bae,e88f355190d6c63716b9c4d4acdfad1f9254c17febdddacbe0bfb6908077172a,e88f355190d6c63716b9c4d4acdfad1f9254c17febdddacbe0bfb6908077172a,a126e17776790b5f2ccef2fbbed134736ee475f4cb87019b0fadc7d9a267f763,a126e17776790b5f2ccef2fbbed134736ee475f4cb87019b0fadc7d9a267f763,808.2344970703125,808.2344970703125,1,1,1,1,1,1
p44-dog-0004,brics-odroid-021_cam1,DIVERSE32,32,2631a3583a8cac1c76a47357eb6c52e4435768534ef094f4bfaf1373cda188e1,2631a3583a8cac1c76a47357eb6c52e4435768534ef094f4bfaf1373cda188e1,1192a237406055326736a8e5f5883e7b26818704ef1f24f62ef2a696f2ee975d,1192a237406055326736a8e5f5883e7b26818704ef1f24f62ef2a696f2ee975d,a126e17776790b5f2ccef2fbbed134736ee475f4cb87019b0fadc7d9a267f763,a126e17776790b5f2ccef2fbbed134736ee475f4cb87019b0fadc7d9a267f763,807.2280578613281,807.2280578613281,1,1,1,1,1,1
p44-dog-0004,brics-odroid-021_cam1,LOW16,16,d80479d33a03287fc90c50a8724d700259409611774e8bace582205b3922a153,d80479d33a03287fc90c50a8724d700259409611774e8bace582205b3922a153,72e614dcf11d09b11678c6016b336fc5cb0f5f2136b2f983f918564edfd8cf6f,72e614dcf11d09b11678c6016b336fc5cb0f5f2136b2f983f918564edfd8cf6f,a126e17776790b5f2ccef2fbbed134736ee475f4cb87019b0fadc7d9a267f763,a126e17776790b5f2ccef2fbbed134736ee475f4cb87019b0fadc7d9a267f763,812.9308471679688,812.9308471679688,1,1,1,1,1,1
p44-dog-0004,brics-odroid-021_cam1,LOW32,32,acdd62f29d55f3b366d0475f46ddcb706a83aed66cf4729fe559a198d650e07f,acdd62f29d55f3b366d0475f46ddcb706a83aed66cf4729fe559a198d650e07f,15d6bf788e3f1d6a6435680678b8e120cc53fc90389e95e451237f11c53d4f93,15d6bf788e3f1d6a6435680678b8e120cc53fc90389e95e451237f11c53d4f93,a126e17776790b5f2ccef2fbbed134736ee475f4cb87019b0fadc7d9a267f763,a126e17776790b5f2ccef2fbbed134736ee475f4cb87019b0fadc7d9a267f763,805.2890930175781,805.2890930175781,1,1,1,1,1,1
p44-dog-0004,brics-odroid-021_cam1,N16,16,226278e7ebfb99334a4df4adbea738d6bf0ff637b26a7c267d9a1b50e3156418,226278e7ebfb99334a4df4adbea738d6bf0ff637b26a7c267d9a1b50e3156418,3726310389b5877383329bb5ab392d131e46abca42d0b8d99e052329df37263f,3726310389b5877383329bb5ab392d131e46abca42d0b8d99e052329df37263f,a126e17776790b5f2ccef2fbbed134736ee475f4cb87019b0fadc7d9a267f763,a126e17776790b5f2ccef2fbbed134736ee475f4cb87019b0fadc7d9a267f763,808.0298156738281,808.0298156738281,1,1,1,1,1,1
p44-dog-0004,brics-odroid-021_cam1,N32,32,121c20263cb5bca607617736ba7f84b13ad2339c4bb184b372b192c836b336f7,121c20263cb5bca607617736ba7f84b13ad2339c4bb184b372b192c836b336f7,ae0dcfd8e885cd4205b9d400a2a32dcb2626bc440056f8922731058c85e7f115,ae0dcfd8e885cd4205b9d400a2a32dcb2626bc440056f8922731058c85e7f115,a126e17776790b5f2ccef2fbbed134736ee475f4cb87019b0fadc7d9a267f763,a126e17776790b5f2ccef2fbbed134736ee475f4cb87019b0fadc7d9a267f763,807.0233764648438,807.0233764648438,1,1,1,1,1,1
p44-dog-0004,brics-odroid-021_cam1,N8,8,14a904e4e378feaa897c9f20dd2ebb7a65aedc41a2e043adc190286df6cf791c,14a904e4e378feaa897c9f20dd2ebb7a65aedc41a2e043adc190286df6cf791c,b405b411399711e668b8496c60712125af7150d9732e4c3e06d49a377b39555e,b405b411399711e668b8496c60712125af7150d9732e4c3e06d49a377b39555e,a126e17776790b5f2ccef2fbbed134736ee475f4cb87019b0fadc7d9a267f763,a126e17776790b5f2ccef2fbbed134736ee475f4cb87019b0fadc7d9a267f763,809.9258728027344,809.9258728027344,1,1,1,1,1,1
p44-dog-0004,brics-odroid-022_cam0,ALL_COMMON,26,ca043d9b79efacab65e155b461b7f3b17ff6e82655872a137abe3857d8046696,ca043d9b79efacab65e155b461b7f3b17ff6e82655872a137abe3857d8046696,c75abfb5b44319df18db420cbf8092a9985d8f2de069a8754af4ca25b57b8673,c75abfb5b44319df18db420cbf8092a9985d8f2de069a8754af4ca25b57b8673,6085032319b614865bf974a0fecb3c3712e28f98d545f23361ed6079ddc90354,6085032319b614865bf974a0fecb3c3712e28f98d545f23361ed6079ddc90354,825.0638732910156,825.0638732910156,1,1,1,1,1,1
p44-dog-0004,brics-odroid-022_cam0,N16,16,c63d6477464fc556c18a28f5b511ae97657983b1e2af2b7a50c486b6b7f8f013,c63d6477464fc556c18a28f5b511ae97657983b1e2af2b7a50c486b6b7f8f013,f5edb954cfcddd2f03e82ede2a606789cfe39a4c747ee486cf6db116f1eb8b02,f5edb954cfcddd2f03e82ede2a606789cfe39a4c747ee486cf6db116f1eb8b02,6085032319b614865bf974a0fecb3c3712e28f98d545f23361ed6079ddc90354,6085032319b614865bf974a0fecb3c3712e28f98d545f23361ed6079ddc90354,826.4571533203125,826.4571533203125,1,1,1,1,1,1
p44-dog-0004,brics-odroid-022_cam0,N8,8,5ab13e60ea48fa03d216c58c857db8a8ef33a797e12569a92467e869a8f221d9,5ab13e60ea48fa03d216c58c857db8a8ef33a797e12569a92467e869a8f221d9,dfac39d0225109458e6da70d5bea8a9dcf7a56459a66348e293ad6390e00e7f0,dfac39d0225109458e6da70d5bea8a9dcf7a56459a66348e293ad6390e00e7f0,6085032319b614865bf974a0fecb3c3712e28f98d545f23361ed6079ddc90354,6085032319b614865bf974a0fecb3c3712e28f98d545f23361ed6079ddc90354,826.4571533203125,826.4571533203125,1,1,1,1,1,1
p44-dog-0004,brics-odroid-022_cam1,ALL_COMMON,61,4ca53945d7ef744d9409e7c209b6e90996b0d9f41f25f27f8b35bdfb3cab8b21,4ca53945d7ef744d9409e7c209b6e90996b0d9f41f25f27f8b35bdfb3cab8b21,3fb5dafaa6abbea36fa4fc29a55e4bded9c5bb175b417465eb93547844597371,3fb5dafaa6abbea36fa4fc29a55e4bded9c5bb175b417465eb93547844597371,901f221a07f4c037b4b253470456a2ef8ed5039adeb26f80c58114527ab887e4,901f221a07f4c037b4b253470456a2ef8ed5039adeb26f80c58114527ab887e4,725.3905639648438,725.3905639648438,1,1,1,1,1,1
p44-dog-0004,brics-odroid-022_cam1,DIVERSE16,16,5899be46292bc91896325ee420b810bc9a6d64aed9b662b3d3b3fa48b6263db6,5899be46292bc91896325ee420b810bc9a6d64aed9b662b3d3b3fa48b6263db6,80e53f4f09615d8af75dcfe308ca38087dc44858521742383b172eb0ed85ac36,80e53f4f09615d8af75dcfe308ca38087dc44858521742383b172eb0ed85ac36,901f221a07f4c037b4b253470456a2ef8ed5039adeb26f80c58114527ab887e4,901f221a07f4c037b4b253470456a2ef8ed5039adeb26f80c58114527ab887e4,725.6307983398438,725.6307983398438,1,1,1,1,1,1
p44-dog-0004,brics-odroid-022_cam1,DIVERSE32,32,6485aee537f9cbad5d4c2f104c2cdaf56def9c6508834e459f323740fdfb16a1,6485aee537f9cbad5d4c2f104c2cdaf56def9c6508834e459f323740fdfb16a1,9d813b6e7d5245fe3269b12585a269811ebb9691ac1577361ff4789fac8e55d1,9d813b6e7d5245fe3269b12585a269811ebb9691ac1577361ff4789fac8e55d1,901f221a07f4c037b4b253470456a2ef8ed5039adeb26f80c58114527ab887e4,901f221a07f4c037b4b253470456a2ef8ed5039adeb26f80c58114527ab887e4,725.1945190429688,725.1945190429688,1,1,1,1,1,1
p44-dog-0004,brics-odroid-022_cam1,LOW16,16,3d3627d0d5c2fc22496f0749c6ad78ae4a7d844879d04aaa3c8cc55b2fd1a763,3d3627d0d5c2fc22496f0749c6ad78ae4a7d844879d04aaa3c8cc55b2fd1a763,0b6187e7d782055e2b53b639c41670776b894f35e73455aa729aa2a788e48a0f,0b6187e7d782055e2b53b639c41670776b894f35e73455aa729aa2a788e48a0f,901f221a07f4c037b4b253470456a2ef8ed5039adeb26f80c58114527ab887e4,901f221a07f4c037b4b253470456a2ef8ed5039adeb26f80c58114527ab887e4,729.4850158691406,729.4850158691406,1,1,1,1,1,1
p44-dog-0004,brics-odroid-022_cam1,LOW32,32,9647cc0854df917991d4843521b6ed48c9a6f638b26124e74c8794c04b4797b2,9647cc0854df917991d4843521b6ed48c9a6f638b26124e74c8794c04b4797b2,e79d56d4195d1852013a15647beb0c61791cc156864bc2a201c3cb55240537ba,e79d56d4195d1852013a15647beb0c61791cc156864bc2a201c3cb55240537ba,901f221a07f4c037b4b253470456a2ef8ed5039adeb26f80c58114527ab887e4,901f221a07f4c037b4b253470456a2ef8ed5039adeb26f80c58114527ab887e4,728.0763244628906,728.0763244628906,1,1,1,1,1,1
p44-dog-0004,brics-odroid-022_cam1,N16,16,bb34021d701399ad71fabaeb943db5a8002255d82cefb77e9bf46e3c0dc87d9a,bb34021d701399ad71fabaeb943db5a8002255d82cefb77e9bf46e3c0dc87d9a,18ed9b3948ce7ffac7390cd9e36a7e65744da42a4803b8987a47c6dcce7f4a1e,18ed9b3948ce7ffac7390cd9e36a7e65744da42a4803b8987a47c6dcce7f4a1e,901f221a07f4c037b4b253470456a2ef8ed5039adeb26f80c58114527ab887e4,901f221a07f4c037b4b253470456a2ef8ed5039adeb26f80c58114527ab887e4,726.0666809082031,726.0666809082031,1,1,1,1,1,1
p44-dog-0004,brics-odroid-022_cam1,N32,32,b39135e70a45270104e9d2ad90c2475d00725600a5a0bdd26db809d2fb8da4a2,b39135e70a45270104e9d2ad90c2475d00725600a5a0bdd26db809d2fb8da4a2,be87b3f8aee39831d4f1f36c5f175158e2e987ef31ec086e9182b082f465de38,be87b3f8aee39831d4f1f36c5f175158e2e987ef31ec086e9182b082f465de38,901f221a07f4c037b4b253470456a2ef8ed5039adeb26f80c58114527ab887e4,901f221a07f4c037b4b253470456a2ef8ed5039adeb26f80c58114527ab887e4,725.1945190429688,725.1945190429688,1,1,1,1,1,1
p44-dog-0004,brics-odroid-022_cam1,N8,8,9957e7a28c33a2ec9170f92d4197d35ef11955faf2f5936bd40cc5820c0ae46b,9957e7a28c33a2ec9170f92d4197d35ef11955faf2f5936bd40cc5820c0ae46b,d04f9abd772e0e1bf7046c70d1fe573e87abc6c5aa55f50295ba94ca918c7298,d04f9abd772e0e1bf7046c70d1fe573e87abc6c5aa55f50295ba94ca918c7298,901f221a07f4c037b4b253470456a2ef8ed5039adeb26f80c58114527ab887e4,901f221a07f4c037b4b253470456a2ef8ed5039adeb26f80c58114527ab887e4,728.564453125,728.564453125,1,1,1,1,1,1
p44-dog-0004,brics-odroid-023_cam0,ALL_COMMON,7,83f0eb95d71f495d2f121983b7549768b47d23707aae71f2f65fa06dc76d7aea,83f0eb95d71f495d2f121983b7549768b47d23707aae71f2f65fa06dc76d7aea,0d736a1a22f425aeebbe9b2d9d2295e53e036a1be698b999a641eb05ce734bef,0d736a1a22f425aeebbe9b2d9d2295e53e036a1be698b999a641eb05ce734bef,4ed9a1111af1edd8aefe84af0c19e6a41b5771d6cf183ae371a7a208393c6e85,4ed9a1111af1edd8aefe84af0c19e6a41b5771d6cf183ae371a7a208393c6e85,832.4121704101562,832.4121704101562,1,1,1,1,1,1
p44-dog-0004,brics-odroid-024_cam0,ALL_COMMON,64,47370531465d2fa972a647f2e166e3a0d21c1e1c9593a0f089660975815c26ef,47370531465d2fa972a647f2e166e3a0d21c1e1c9593a0f089660975815c26ef,594a192866993b46e6cfe0807d90d0a6e9166f9ff1d2b6d4a392e0e21feab3b2,594a192866993b46e6cfe0807d90d0a6e9166f9ff1d2b6d4a392e0e21feab3b2,81429e8377e0c2743a06ed92dd7e145725349902ec03929ea339758f48ee2586,81429e8377e0c2743a06ed92dd7e145725349902ec03929ea339758f48ee2586,737.3396606445312,737.3396606445312,1,1,1,1,1,1
p44-dog-0004,brics-odroid-024_cam0,DIVERSE16,16,3ed9400e447ebc354852f7de107be45a732ef7ec32d5fca589832849018be8fc,3ed9400e447ebc354852f7de107be45a732ef7ec32d5fca589832849018be8fc,09dcc0dbd6fbddfaa06d35cad0b27e87077a7d1768dcadae65d7ac0b3431fac5,09dcc0dbd6fbddfaa06d35cad0b27e87077a7d1768dcadae65d7ac0b3431fac5,81429e8377e0c2743a06ed92dd7e145725349902ec03929ea339758f48ee2586,81429e8377e0c2743a06ed92dd7e145725349902ec03929ea339758f48ee2586,735.3812866210938,735.3812866210938,1,1,1,1,1,1
p44-dog-0004,brics-odroid-024_cam0,DIVERSE32,32,5fed620615975cc363ad10d6ef125ac201a5b0380401419b723729edb320b523,5fed620615975cc363ad10d6ef125ac201a5b0380401419b723729edb320b523,eb73f4f6eff43b32afee0fbe2d2df2113b5aa5843bd933fb834eec7dd7609227,eb73f4f6eff43b32afee0fbe2d2df2113b5aa5843bd933fb834eec7dd7609227,81429e8377e0c2743a06ed92dd7e145725349902ec03929ea339758f48ee2586,81429e8377e0c2743a06ed92dd7e145725349902ec03929ea339758f48ee2586,736.5209350585938,736.5209350585938,1,1,1,1,1,1
p44-dog-0004,brics-odroid-024_cam0,LOW16,16,1343b18e3d4199bae413d5cc43eb3a1b076500227f4293a8943ef3e2920bccb2,1343b18e3d4199bae413d5cc43eb3a1b076500227f4293a8943ef3e2920bccb2,3e53c96727b5e4cdb2f0add9788cb2bbf1ce5d1915bcaf4b7eb2f049336307ad,3e53c96727b5e4cdb2f0add9788cb2bbf1ce5d1915bcaf4b7eb2f049336307ad,81429e8377e0c2743a06ed92dd7e145725349902ec03929ea339758f48ee2586,81429e8377e0c2743a06ed92dd7e145725349902ec03929ea339758f48ee2586,730.2785034179688,730.2785034179688,1,1,1,1,1,1
p44-dog-0004,brics-odroid-024_cam0,LOW32,32,2fa2d50a57c6dc95f512a6837544e53ff95f05f5304c80abea59dd8ff001c276,2fa2d50a57c6dc95f512a6837544e53ff95f05f5304c80abea59dd8ff001c276,b17cfc1ca1ed0abe2b940b93bac94982e6051bc46eafb1d2b590ac3f1818fd1f,b17cfc1ca1ed0abe2b940b93bac94982e6051bc46eafb1d2b590ac3f1818fd1f,81429e8377e0c2743a06ed92dd7e145725349902ec03929ea339758f48ee2586,81429e8377e0c2743a06ed92dd7e145725349902ec03929ea339758f48ee2586,738.5711059570312,738.5711059570312,1,1,1,1,1,1
p44-dog-0004,brics-odroid-024_cam0,N16,16,b19e2f3e97b1853cdb76c35a68a11e11832712fa876532f0ea05481ceaa66813,b19e2f3e97b1853cdb76c35a68a11e11832712fa876532f0ea05481ceaa66813,42f2d60029e2d11435501e611c6ded84ee87e04b6a2fd8163f934938926d5b3b,42f2d60029e2d11435501e611c6ded84ee87e04b6a2fd8163f934938926d5b3b,81429e8377e0c2743a06ed92dd7e145725349902ec03929ea339758f48ee2586,81429e8377e0c2743a06ed92dd7e145725349902ec03929ea339758f48ee2586,738.8299865722656,738.8299865722656,1,1,1,1,1,1
p44-dog-0004,brics-odroid-024_cam0,N32,32,34b398aa3aa081dd12ca75adabbf9f45f2b4df943a52bd3b05ac75e4e11d6fb3,34b398aa3aa081dd12ca75adabbf9f45f2b4df943a52bd3b05ac75e4e11d6fb3,a087b10a48ba3a93508bda3cb02e4c93c4ad4dd9ba944ac4cc54c8c827c1ce75,a087b10a48ba3a93508bda3cb02e4c93c4ad4dd9ba944ac4cc54c8c827c1ce75,81429e8377e0c2743a06ed92dd7e145725349902ec03929ea339758f48ee2586,81429e8377e0c2743a06ed92dd7e145725349902ec03929ea339758f48ee2586,737.5401916503906,737.5401916503906,1,1,1,1,1,1
p44-dog-0004,brics-odroid-024_cam0,N64,64,47370531465d2fa972a647f2e166e3a0d21c1e1c9593a0f089660975815c26ef,47370531465d2fa972a647f2e166e3a0d21c1e1c9593a0f089660975815c26ef,594a192866993b46e6cfe0807d90d0a6e9166f9ff1d2b6d4a392e0e21feab3b2,594a192866993b46e6cfe0807d90d0a6e9166f9ff1d2b6d4a392e0e21feab3b2,81429e8377e0c2743a06ed92dd7e145725349902ec03929ea339758f48ee2586,81429e8377e0c2743a06ed92dd7e145725349902ec03929ea339758f48ee2586,737.3396606445312,737.3396606445312,1,1,1,1,1,1
p44-dog-0004,brics-odroid-024_cam0,N8,8,9957e7a28c33a2ec9170f92d4197d35ef11955faf2f5936bd40cc5820c0ae46b,9957e7a28c33a2ec9170f92d4197d35ef11955faf2f5936bd40cc5820c0ae46b,04e8208d3fa1608fb9739750eb35e816d98181e06d7cdc121cf29378214b04f2,04e8208d3fa1608fb9739750eb35e816d98181e06d7cdc121cf29378214b04f2,81429e8377e0c2743a06ed92dd7e145725349902ec03929ea339758f48ee2586,81429e8377e0c2743a06ed92dd7e145725349902ec03929ea339758f48ee2586,738.685791015625,738.685791015625,1,1,1,1,1,1
p44-dog-0004,brics-odroid-024_cam1,ALL_COMMON,64,47370531465d2fa972a647f2e166e3a0d21c1e1c9593a0f089660975815c26ef,47370531465d2fa972a647f2e166e3a0d21c1e1c9593a0f089660975815c26ef,c6b61e75b24b51e70dc534dc1dc01e12daa3e51615128be9b138e3baa9e7bc87,c6b61e75b24b51e70dc534dc1dc01e12daa3e51615128be9b138e3baa9e7bc87,bdb4b0a70939c228f32599fd42aa0c752944ecf9becf309e0c39b89f9dfe76c8,bdb4b0a70939c228f32599fd42aa0c752944ecf9becf309e0c39b89f9dfe76c8,792.0252685546875,792.0252685546875,1,1,1,1,1,1
p44-dog-0004,brics-odroid-024_cam1,DIVERSE16,16,3d3afa1f8da222c36e3bde0f0580ac357b133e6e9f1774656410cdcb403ddb5b,3d3afa1f8da222c36e3bde0f0580ac357b133e6e9f1774656410cdcb403ddb5b,5bdbbeb4183bf84e503941c60f758e7b76ffcb9992c815e0faffee2dbfb2e8a3,5bdbbeb4183bf84e503941c60f758e7b76ffcb9992c815e0faffee2dbfb2e8a3,bdb4b0a70939c228f32599fd42aa0c752944ecf9becf309e0c39b89f9dfe76c8,bdb4b0a70939c228f32599fd42aa0c752944ecf9becf309e0c39b89f9dfe76c8,793.2832946777344,793.2832946777344,1,1,1,1,1,1
p44-dog-0004,brics-odroid-024_cam1,DIVERSE32,32,c936e322c1544499301f6739de694d726f64a3067d8438c382b51f9cea02a1c5,c936e322c1544499301f6739de694d726f64a3067d8438c382b51f9cea02a1c5,fd020a20a53865738f8d273484c8b9459abdb29dd50ee37c2dd1a0642ac17c54,fd020a20a53865738f8d273484c8b9459abdb29dd50ee37c2dd1a0642ac17c54,bdb4b0a70939c228f32599fd42aa0c752944ecf9becf309e0c39b89f9dfe76c8,bdb4b0a70939c228f32599fd42aa0c752944ecf9becf309e0c39b89f9dfe76c8,791.4129028320312,791.4129028320312,1,1,1,1,1,1
p44-dog-0004,brics-odroid-024_cam1,LOW16,16,7304dd695c5f09919e231696834ac3524a1f31fe4c310a297c44461b7e889ecb,7304dd695c5f09919e231696834ac3524a1f31fe4c310a297c44461b7e889ecb,6963bbd43708fe58efe6b24327ac98bed6a4e6b36be9452992e9d29c071cdff0,6963bbd43708fe58efe6b24327ac98bed6a4e6b36be9452992e9d29c071cdff0,bdb4b0a70939c228f32599fd42aa0c752944ecf9becf309e0c39b89f9dfe76c8,bdb4b0a70939c228f32599fd42aa0c752944ecf9becf309e0c39b89f9dfe76c8,776.5360717773438,776.5360717773438,1,1,1,1,1,1
p44-dog-0004,brics-odroid-024_cam1,LOW32,32,18738c4dd7a6c59c372fa698e68db35e8354cc06698b51ed98956fd6e95cf303,18738c4dd7a6c59c372fa698e68db35e8354cc06698b51ed98956fd6e95cf303,0c73c2f67ff92a1fd306937ee0306133a6debf4cfd836a30768de27aa6b8c9d7,0c73c2f67ff92a1fd306937ee0306133a6debf4cfd836a30768de27aa6b8c9d7,bdb4b0a70939c228f32599fd42aa0c752944ecf9becf309e0c39b89f9dfe76c8,bdb4b0a70939c228f32599fd42aa0c752944ecf9becf309e0c39b89f9dfe76c8,790.2993469238281,790.2993469238281,1,1,1,1,1,1
p44-dog-0004,brics-odroid-024_cam1,N16,16,b19e2f3e97b1853cdb76c35a68a11e11832712fa876532f0ea05481ceaa66813,b19e2f3e97b1853cdb76c35a68a11e11832712fa876532f0ea05481ceaa66813,ff7c383d9e0a8304e8fbaff33f6f84aa3b913c0a7feb90e0133397b0fd1e4fc6,ff7c383d9e0a8304e8fbaff33f6f84aa3b913c0a7feb90e0133397b0fd1e4fc6,bdb4b0a70939c228f32599fd42aa0c752944ecf9becf309e0c39b89f9dfe76c8,bdb4b0a70939c228f32599fd42aa0c752944ecf9becf309e0c39b89f9dfe76c8,792.241455078125,792.241455078125,1,1,1,1,1,1
p44-dog-0004,brics-odroid-024_cam1,N32,32,34b398aa3aa081dd12ca75adabbf9f45f2b4df943a52bd3b05ac75e4e11d6fb3,34b398aa3aa081dd12ca75adabbf9f45f2b4df943a52bd3b05ac75e4e11d6fb3,e651af2d544ef3186795383f79253c6a7430a4aaa986279b17f4cc477bd6b2c2,e651af2d544ef3186795383f79253c6a7430a4aaa986279b17f4cc477bd6b2c2,bdb4b0a70939c228f32599fd42aa0c752944ecf9becf309e0c39b89f9dfe76c8,bdb4b0a70939c228f32599fd42aa0c752944ecf9becf309e0c39b89f9dfe76c8,791.9801635742188,791.9801635742188,1,1,1,1,1,1
p44-dog-0004,brics-odroid-024_cam1,N64,64,47370531465d2fa972a647f2e166e3a0d21c1e1c9593a0f089660975815c26ef,47370531465d2fa972a647f2e166e3a0d21c1e1c9593a0f089660975815c26ef,c6b61e75b24b51e70dc534dc1dc01e12daa3e51615128be9b138e3baa9e7bc87,c6b61e75b24b51e70dc534dc1dc01e12daa3e51615128be9b138e3baa9e7bc87,bdb4b0a70939c228f32599fd42aa0c752944ecf9becf309e0c39b89f9dfe76c8,bdb4b0a70939c228f32599fd42aa0c752944ecf9becf309e0c39b89f9dfe76c8,792.0252685546875,792.0252685546875,1,1,1,1,1,1
p44-dog-0004,brics-odroid-024_cam1,N8,8,9957e7a28c33a2ec9170f92d4197d35ef11955faf2f5936bd40cc5820c0ae46b,9957e7a28c33a2ec9170f92d4197d35ef11955faf2f5936bd40cc5820c0ae46b,f5ad9963c4d7b2f00765bab392e1ce77868d8e39252b83cc18d0c616e392e494,f5ad9963c4d7b2f00765bab392e1ce77868d8e39252b83cc18d0c616e392e494,bdb4b0a70939c228f32599fd42aa0c752944ecf9becf309e0c39b89f9dfe76c8,bdb4b0a70939c228f32599fd42aa0c752944ecf9becf309e0c39b89f9dfe76c8,795.7164001464844,795.7164001464844,1,1,1,1,1,1
p44-dog-0004,brics-odroid-025_cam0,ALL_COMMON,46,cb4ee5f9cbeeafbd42792ebe6d5cb48e7e781fa0f74f83924a99bfeb5b3b454e,cb4ee5f9cbeeafbd42792ebe6d5cb48e7e781fa0f74f83924a99bfeb5b3b454e,1eaa3172fa3a32f96900de795239e51b9363d6d3a93fa3d0c36f32c664ce75bd,1eaa3172fa3a32f96900de795239e51b9363d6d3a93fa3d0c36f32c664ce75bd,2281d730ed8daba8d6c1a58746dc42c8d0b9535da6d18629387415d5419dd802,2281d730ed8daba8d6c1a58746dc42c8d0b9535da6d18629387415d5419dd802,658.8664855957031,658.8664855957031,1,1,1,1,1,1
p44-dog-0004,brics-odroid-025_cam0,DIVERSE16,16,0a2f889e3827c4a0eb15b93f3451ab0b175b6536ea6a938cb26007eaac4b0463,0a2f889e3827c4a0eb15b93f3451ab0b175b6536ea6a938cb26007eaac4b0463,8d6158a306957fc8729fc0007689e5c3c02ea4a83f359adcb5852ecff5011650,8d6158a306957fc8729fc0007689e5c3c02ea4a83f359adcb5852ecff5011650,2281d730ed8daba8d6c1a58746dc42c8d0b9535da6d18629387415d5419dd802,2281d730ed8daba8d6c1a58746dc42c8d0b9535da6d18629387415d5419dd802,657.0822143554688,657.0822143554688,1,1,1,1,1,1
p44-dog-0004,brics-odroid-025_cam0,DIVERSE32,32,7e2a87d52903343e251b14c98325ca439f7c1a4d38ccf8f80414a00c373c01c2,7e2a87d52903343e251b14c98325ca439f7c1a4d38ccf8f80414a00c373c01c2,c62bd9bc2ed8c8961125b29a3ba129b95aab70b3c896cc3cc43fab53b975622b,c62bd9bc2ed8c8961125b29a3ba129b95aab70b3c896cc3cc43fab53b975622b,2281d730ed8daba8d6c1a58746dc42c8d0b9535da6d18629387415d5419dd802,2281d730ed8daba8d6c1a58746dc42c8d0b9535da6d18629387415d5419dd802,658.8664855957031,658.8664855957031,1,1,1,1,1,1
p44-dog-0004,brics-odroid-025_cam0,LOW16,16,6be2bc1ecefd080334377ae3644c4343b72c3ee59990e4318528d7d37e4fbdaf,6be2bc1ecefd080334377ae3644c4343b72c3ee59990e4318528d7d37e4fbdaf,1e31d9afd21ac109ddffb5332f1b5dc80fb84d9a20e444395997b30c73161e8f,1e31d9afd21ac109ddffb5332f1b5dc80fb84d9a20e444395997b30c73161e8f,2281d730ed8daba8d6c1a58746dc42c8d0b9535da6d18629387415d5419dd802,2281d730ed8daba8d6c1a58746dc42c8d0b9535da6d18629387415d5419dd802,654.0901184082031,654.0901184082031,1,1,1,1,1,1
p44-dog-0004,brics-odroid-025_cam0,LOW32,32,8bf4981b7056c5ea70bf069e5c673a611e889da0fbd38163f470a5c86e08b6e5,8bf4981b7056c5ea70bf069e5c673a611e889da0fbd38163f470a5c86e08b6e5,11b20f48d8c05e96959696d388415a23044cb891120d57c3d1e0d068bba42c20,11b20f48d8c05e96959696d388415a23044cb891120d57c3d1e0d068bba42c20,2281d730ed8daba8d6c1a58746dc42c8d0b9535da6d18629387415d5419dd802,2281d730ed8daba8d6c1a58746dc42c8d0b9535da6d18629387415d5419dd802,658.6555480957031,658.6555480957031,1,1,1,1,1,1
p44-dog-0004,brics-odroid-025_cam0,N16,16,87e451581a895d62a983871290a55d43d4e64ffe70d69116e96d2a30dc089544,87e451581a895d62a983871290a55d43d4e64ffe70d69116e96d2a30dc089544,9186d66b134a7e169bb3b62ea06c515b4e2fe5bb44ccb746581302e1c0942b55,9186d66b134a7e169bb3b62ea06c515b4e2fe5bb44ccb746581302e1c0942b55,2281d730ed8daba8d6c1a58746dc42c8d0b9535da6d18629387415d5419dd802,2281d730ed8daba8d6c1a58746dc42c8d0b9535da6d18629387415d5419dd802,657.3224182128906,657.3224182128906,1,1,1,1,1,1
p44-dog-0004,brics-odroid-025_cam0,N32,32,5cc9bc73612f68cc75481b4945b3bd86fc4bbe2aa67ec56b87036411ad88426f,5cc9bc73612f68cc75481b4945b3bd86fc4bbe2aa67ec56b87036411ad88426f,ad62765886d860bf9cef6c44c12f17b6d288a5160f27728c62f56a27cfd3bab7,ad62765886d860bf9cef6c44c12f17b6d288a5160f27728c62f56a27cfd3bab7,2281d730ed8daba8d6c1a58746dc42c8d0b9535da6d18629387415d5419dd802,2281d730ed8daba8d6c1a58746dc42c8d0b9535da6d18629387415d5419dd802,659.106689453125,659.106689453125,1,1,1,1,1,1
p44-dog-0004,brics-odroid-025_cam0,N8,8,38d1420761e2d7701eb80792b5027347c7fb5eacb274f6029fe409028f6f780f,38d1420761e2d7701eb80792b5027347c7fb5eacb274f6029fe409028f6f780f,a1d1287ac80e06ed23755afa3c2ce2fad39634dd99115738176399edca3f0f0a,a1d1287ac80e06ed23755afa3c2ce2fad39634dd99115738176399edca3f0f0a,2281d730ed8daba8d6c1a58746dc42c8d0b9535da6d18629387415d5419dd802,2281d730ed8daba8d6c1a58746dc42c8d0b9535da6d18629387415d5419dd802,661.0763244628906,661.0763244628906,1,1,1,1,1,1
p44-dog-0004,brics-odroid-025_cam1,ALL_COMMON,64,47370531465d2fa972a647f2e166e3a0d21c1e1c9593a0f089660975815c26ef,47370531465d2fa972a647f2e166e3a0d21c1e1c9593a0f089660975815c26ef,88cb377efb809ab06f5efd31ca9c71910f4dcb25dad1cfe2a132b06b9387638c,88cb377efb809ab06f5efd31ca9c71910f4dcb25dad1cfe2a132b06b9387638c,5129a75a2dda2e1f09af90167aa1912bf1d1811fb8236ce1bef255dc9dfc22e9,5129a75a2dda2e1f09af90167aa1912bf1d1811fb8236ce1bef255dc9dfc22e9,706.2935485839844,706.2935485839844,1,1,1,1,1,1
p44-dog-0004,brics-odroid-025_cam1,DIVERSE16,16,634de138773972832b3f0440bc4c4ee21537635386b8671b77cda50d20985ccf,634de138773972832b3f0440bc4c4ee21537635386b8671b77cda50d20985ccf,2db63090dfc9df2e53c1d0ef22597c836c1868af942a8a1953b74ef64072bd78,2db63090dfc9df2e53c1d0ef22597c836c1868af942a8a1953b74ef64072bd78,5129a75a2dda2e1f09af90167aa1912bf1d1811fb8236ce1bef255dc9dfc22e9,5129a75a2dda2e1f09af90167aa1912bf1d1811fb8236ce1bef255dc9dfc22e9,703.2987365722656,703.2987365722656,1,1,1,1,1,1
p44-dog-0004,brics-odroid-025_cam1,DIVERSE32,32,d0fa6e86455eb2927cbdbdc13cadfbb08e3526754811f8a475ad0dfc4a37f1e6,d0fa6e86455eb2927cbdbdc13cadfbb08e3526754811f8a475ad0dfc4a37f1e6,9765e8fc7430ac81bf0ca0b71b612b519ab43b7aea3ba97846d3390203da3865,9765e8fc7430ac81bf0ca0b71b612b519ab43b7aea3ba97846d3390203da3865,5129a75a2dda2e1f09af90167aa1912bf1d1811fb8236ce1bef255dc9dfc22e9,5129a75a2dda2e1f09af90167aa1912bf1d1811fb8236ce1bef255dc9dfc22e9,701.540283203125,701.540283203125,1,1,1,1,1,1
p44-dog-0004,brics-odroid-025_cam1,LOW16,16,f82f73cba7ce6f79f1bcad0fd1075280fd466c4026f256e98e7b1f390922863d,f82f73cba7ce6f79f1bcad0fd1075280fd466c4026f256e98e7b1f390922863d,3175057fd31bb0bbf38dea5fb50d42c675b149a32807994535590e5511b1b715,3175057fd31bb0bbf38dea5fb50d42c675b149a32807994535590e5511b1b715,5129a75a2dda2e1f09af90167aa1912bf1d1811fb8236ce1bef255dc9dfc22e9,5129a75a2dda2e1f09af90167aa1912bf1d1811fb8236ce1bef255dc9dfc22e9,710.786865234375,710.786865234375,1,1,1,1,1,1
p44-dog-0004,brics-odroid-025_cam1,LOW32,32,37eb63ced1074b5f8c3ac049981997137f5c9e4dbc342aaa49d947e4ecf9572b,37eb63ced1074b5f8c3ac049981997137f5c9e4dbc342aaa49d947e4ecf9572b,902ab55d8afabf4a4590775cb8d56eac8c11b0936ba9e10139ce27c5801604f0,902ab55d8afabf4a4590775cb8d56eac8c11b0936ba9e10139ce27c5801604f0,5129a75a2dda2e1f09af90167aa1912bf1d1811fb8236ce1bef255dc9dfc22e9,5129a75a2dda2e1f09af90167aa1912bf1d1811fb8236ce1bef255dc9dfc22e9,712.6775207519531,712.6775207519531,1,1,1,1,1,1
p44-dog-0004,brics-odroid-025_cam1,N16,16,b19e2f3e97b1853cdb76c35a68a11e11832712fa876532f0ea05481ceaa66813,b19e2f3e97b1853cdb76c35a68a11e11832712fa876532f0ea05481ceaa66813,9d478b8ea292f62fffd03dc98b05b4f2be3b7e2336d850394827034b0fba2bb4,9d478b8ea292f62fffd03dc98b05b4f2be3b7e2336d850394827034b0fba2bb4,5129a75a2dda2e1f09af90167aa1912bf1d1811fb8236ce1bef255dc9dfc22e9,5129a75a2dda2e1f09af90167aa1912bf1d1811fb8236ce1bef255dc9dfc22e9,706.9486389160156,706.9486389160156,1,1,1,1,1,1
p44-dog-0004,brics-odroid-025_cam1,N32,32,34b398aa3aa081dd12ca75adabbf9f45f2b4df943a52bd3b05ac75e4e11d6fb3,34b398aa3aa081dd12ca75adabbf9f45f2b4df943a52bd3b05ac75e4e11d6fb3,2cc8aa6dd41a19460d1418eda8d6be473a033170a44fed272629db2f065e52f3,2cc8aa6dd41a19460d1418eda8d6be473a033170a44fed272629db2f065e52f3,5129a75a2dda2e1f09af90167aa1912bf1d1811fb8236ce1bef255dc9dfc22e9,5129a75a2dda2e1f09af90167aa1912bf1d1811fb8236ce1bef255dc9dfc22e9,707.005126953125,707.005126953125,1,1,1,1,1,1
p44-dog-0004,brics-odroid-025_cam1,N64,64,47370531465d2fa972a647f2e166e3a0d21c1e1c9593a0f089660975815c26ef,47370531465d2fa972a647f2e166e3a0d21c1e1c9593a0f089660975815c26ef,88cb377efb809ab06f5efd31ca9c71910f4dcb25dad1cfe2a132b06b9387638c,88cb377efb809ab06f5efd31ca9c71910f4dcb25dad1cfe2a132b06b9387638c,5129a75a2dda2e1f09af90167aa1912bf1d1811fb8236ce1bef255dc9dfc22e9,5129a75a2dda2e1f09af90167aa1912bf1d1811fb8236ce1bef255dc9dfc22e9,706.2935485839844,706.2935485839844,1,1,1,1,1,1
p44-dog-0004,brics-odroid-025_cam1,N8,8,9957e7a28c33a2ec9170f92d4197d35ef11955faf2f5936bd40cc5820c0ae46b,9957e7a28c33a2ec9170f92d4197d35ef11955faf2f5936bd40cc5820c0ae46b,15ce9607e9484d69b8e6f0c7f62dd0cd32ed12ab5c9f9729ea3ef1888168a1e6,15ce9607e9484d69b8e6f0c7f62dd0cd32ed12ab5c9f9729ea3ef1888168a1e6,5129a75a2dda2e1f09af90167aa1912bf1d1811fb8236ce1bef255dc9dfc22e9,5129a75a2dda2e1f09af90167aa1912bf1d1811fb8236ce1bef255dc9dfc22e9,707.9220275878906,707.9220275878906,1,1,1,1,1,1
p44-dog-0004,brics-odroid-026_cam0,ALL_COMMON,49,a28ec26637f5999b29f346f09d93640785ea03e08b5b5fdb8d9f02e7304aabd0,a28ec26637f5999b29f346f09d93640785ea03e08b5b5fdb8d9f02e7304aabd0,923c03190f63ddb8767854b00bc7cd6cbbc24ca422571ee51537214365c1a27f,923c03190f63ddb8767854b00bc7cd6cbbc24ca422571ee51537214365c1a27f,c2a6788c8e011369b2dd8b3404712a0a6209516b5248e45523e7eeff46e3e162,c2a6788c8e011369b2dd8b3404712a0a6209516b5248e45523e7eeff46e3e162,891.555419921875,891.555419921875,1,1,1,1,1,1
p44-dog-0004,brics-odroid-026_cam0,DIVERSE16,16,eae034645a5a5f6019e0a74d021e84e6475b681764e51a967484c6ed93c4bef9,eae034645a5a5f6019e0a74d021e84e6475b681764e51a967484c6ed93c4bef9,2137a4e4e050fd7b15cefc25f40e5cc6c949373303aac4acab5b185fbc5e2508,2137a4e4e050fd7b15cefc25f40e5cc6c949373303aac4acab5b185fbc5e2508,c2a6788c8e011369b2dd8b3404712a0a6209516b5248e45523e7eeff46e3e162,c2a6788c8e011369b2dd8b3404712a0a6209516b5248e45523e7eeff46e3e162,887.5027465820312,887.5027465820312,1,1,1,1,1,1
p44-dog-0004,brics-odroid-026_cam0,DIVERSE32,32,2948c39705f2fa3b8a12e6c4885ec867490e75db1c35ba1abcd377247b998610,2948c39705f2fa3b8a12e6c4885ec867490e75db1c35ba1abcd377247b998610,9f9a5389710740cc8e7bccbf883b305d30e1c86c50e6281fdd117a41cc05551d,9f9a5389710740cc8e7bccbf883b305d30e1c86c50e6281fdd117a41cc05551d,c2a6788c8e011369b2dd8b3404712a0a6209516b5248e45523e7eeff46e3e162,c2a6788c8e011369b2dd8b3404712a0a6209516b5248e45523e7eeff46e3e162,895.318115234375,895.318115234375,1,1,1,1,1,1
p44-dog-0004,brics-odroid-026_cam0,LOW16,16,8f93be53719d86cc629ce3f4b9ba53f47c1d98cdbac8996676ddf72ea550249e,8f93be53719d86cc629ce3f4b9ba53f47c1d98cdbac8996676ddf72ea550249e,47d6f81c8165d00e352723d8e5c776a46a5dd9b5c054701972a018a89fcbcb00,47d6f81c8165d00e352723d8e5c776a46a5dd9b5c054701972a018a89fcbcb00,c2a6788c8e011369b2dd8b3404712a0a6209516b5248e45523e7eeff46e3e162,c2a6788c8e011369b2dd8b3404712a0a6209516b5248e45523e7eeff46e3e162,912.6881713867188,912.6881713867188,1,1,1,1,1,1
p44-dog-0004,brics-odroid-026_cam0,LOW32,32,a34f686a150fb2ea23a36d9e2e8f283df328e21ec4f9910b41f527fd7af6075b,a34f686a150fb2ea23a36d9e2e8f283df328e21ec4f9910b41f527fd7af6075b,fb88fa60f2f2dd66dc551d07c7d134d3a350bf1f54fe923e131542c9808fb336,fb88fa60f2f2dd66dc551d07c7d134d3a350bf1f54fe923e131542c9808fb336,c2a6788c8e011369b2dd8b3404712a0a6209516b5248e45523e7eeff46e3e162,c2a6788c8e011369b2dd8b3404712a0a6209516b5248e45523e7eeff46e3e162,895.318115234375,895.318115234375,1,1,1,1,1,1
p44-dog-0004,brics-odroid-026_cam0,N16,16,71613d3bbd151dc4dbace68a28cd64f169b2e013aa4f8ffc21859601d199fbe8,71613d3bbd151dc4dbace68a28cd64f169b2e013aa4f8ffc21859601d199fbe8,d74f78f4df4679f94789d310bf346c10e07a1946db10e9672a51fe91402daa60,d74f78f4df4679f94789d310bf346c10e07a1946db10e9672a51fe91402daa60,c2a6788c8e011369b2dd8b3404712a0a6209516b5248e45523e7eeff46e3e162,c2a6788c8e011369b2dd8b3404712a0a6209516b5248e45523e7eeff46e3e162,889.6972045898438,889.6972045898438,1,1,1,1,1,1
p44-dog-0004,brics-odroid-026_cam0,N32,32,b3e0d8711b4ba6278ec0c4cdd7cb97714a28636fda5a77868a5e910c6eb723f6,b3e0d8711b4ba6278ec0c4cdd7cb97714a28636fda5a77868a5e910c6eb723f6,c4cdbd8190ae743eb5389c11c9667f7d0b5001c6de00e1cc35c2043d5d77292a,c4cdbd8190ae743eb5389c11c9667f7d0b5001c6de00e1cc35c2043d5d77292a,c2a6788c8e011369b2dd8b3404712a0a6209516b5248e45523e7eeff46e3e162,c2a6788c8e011369b2dd8b3404712a0a6209516b5248e45523e7eeff46e3e162,885.1910095214844,885.1910095214844,1,1,1,1,1,1
p44-dog-0004,brics-odroid-026_cam0,N8,8,c81d5fb1b876804df6c1afd9c81c019629400da3cc97828715531daa0589d501,c81d5fb1b876804df6c1afd9c81c019629400da3cc97828715531daa0589d501,40b704d121badbc7649a8bc893dc68e94b79ed25fca5d45fe6726c7d8be2c2be,40b704d121badbc7649a8bc893dc68e94b79ed25fca5d45fe6726c7d8be2c2be,c2a6788c8e011369b2dd8b3404712a0a6209516b5248e45523e7eeff46e3e162,c2a6788c8e011369b2dd8b3404712a0a6209516b5248e45523e7eeff46e3e162,885.7822265625,885.7822265625,1,1,1,1,1,1
p44-dog-0004,brics-odroid-026_cam1,ALL_COMMON,19,0371ca3607108d0a1989d28cf897c1a40021358f489cc99d74484648dd41a3b4,0371ca3607108d0a1989d28cf897c1a40021358f489cc99d74484648dd41a3b4,82dfca356aa1a148ca547c3ba887c33bf1951af18f2fa0fe1043eb7889c970e1,82dfca356aa1a148ca547c3ba887c33bf1951af18f2fa0fe1043eb7889c970e1,6aa619836f38b2d8521402f94ea7055fd5a1d1328b624e501f7aa9dba592ea7c,6aa619836f38b2d8521402f94ea7055fd5a1d1328b624e501f7aa9dba592ea7c,895.3971557617188,895.3971557617188,1,1,1,1,1,1
p44-dog-0004,brics-odroid-026_cam1,N16,16,c2759b5ad1e9e8225cdf2c5eef5470437fb9d841994c3558d539fe3d4856bfa7,c2759b5ad1e9e8225cdf2c5eef5470437fb9d841994c3558d539fe3d4856bfa7,de9a09ab6940dd03b9e46e3fd978a0e30b8e15f761a3f47d00a37f265c4ce79c,de9a09ab6940dd03b9e46e3fd978a0e30b8e15f761a3f47d00a37f265c4ce79c,6aa619836f38b2d8521402f94ea7055fd5a1d1328b624e501f7aa9dba592ea7c,6aa619836f38b2d8521402f94ea7055fd5a1d1328b624e501f7aa9dba592ea7c,896.9918823242188,896.9918823242188,1,1,1,1,1,1
p44-dog-0004,brics-odroid-026_cam1,N8,8,a99aebeba06cc0af6091789ec0528c1e6940a08189af28b714391e7f405d7f6e,a99aebeba06cc0af6091789ec0528c1e6940a08189af28b714391e7f405d7f6e,2c6aa85e8de433c058e250612010339b4fd7d40fc6ba88ed65ff141f78b3360d,2c6aa85e8de433c058e250612010339b4fd7d40fc6ba88ed65ff141f78b3360d,6aa619836f38b2d8521402f94ea7055fd5a1d1328b624e501f7aa9dba592ea7c,6aa619836f38b2d8521402f94ea7055fd5a1d1328b624e501f7aa9dba592ea7c,896.9918823242188,896.9918823242188,1,1,1,1,1,1
p44-dog-0004,brics-odroid-027_cam0,ALL_COMMON,6,cc0df90cfa78bd3fa0454604f4ac893dee1fdb4af71d239d0da719e9702d6f4f,cc0df90cfa78bd3fa0454604f4ac893dee1fdb4af71d239d0da719e9702d6f4f,64ddebbb8fc2a279012240a63947ac223c0647d77752128eaf946071f95a9e04,64ddebbb8fc2a279012240a63947ac223c0647d77752128eaf946071f95a9e04,72e232c4d8cf7fdd3370a1a7aacae404c8db85b696568b839bf92d009f282e2d,72e232c4d8cf7fdd3370a1a7aacae404c8db85b696568b839bf92d009f282e2d,901.2558898925781,901.2558898925781,1,1,1,1,1,1
p44-dog-0004,brics-odroid-029_cam0,ALL_COMMON,18,e301123191d2ea8ee7848ade7bab41054869a8b7653215ec7cfe17792ca0b4e0,e301123191d2ea8ee7848ade7bab41054869a8b7653215ec7cfe17792ca0b4e0,cafb04003cea56ff43b71e0421b6780e4cc30eefd6740465753c0085e07cb05f,cafb04003cea56ff43b71e0421b6780e4cc30eefd6740465753c0085e07cb05f,ace7deecff272f85884d29fd52770f285b1191c8bd94671a120f934864ecfdf3,ace7deecff272f85884d29fd52770f285b1191c8bd94671a120f934864ecfdf3,825.6123352050781,825.6123352050781,1,1,1,1,1,1
p44-dog-0004,brics-odroid-029_cam0,N16,16,d6b9120c749d75c9fd2df07852a31031e97aa820d512d91fb85a53686078a3bb,d6b9120c749d75c9fd2df07852a31031e97aa820d512d91fb85a53686078a3bb,07c69581ab33dc6e6f314b37d56ae9f99ad144cc6f9a883915de5ba0db459efd,07c69581ab33dc6e6f314b37d56ae9f99ad144cc6f9a883915de5ba0db459efd,ace7deecff272f85884d29fd52770f285b1191c8bd94671a120f934864ecfdf3,ace7deecff272f85884d29fd52770f285b1191c8bd94671a120f934864ecfdf3,826.7654724121094,826.7654724121094,1,1,1,1,1,1
p44-dog-0004,brics-odroid-029_cam0,N8,8,0c702177f4083e2ea46be95f467a0056cb04441d2a6f89b885d5d948b00e3331,0c702177f4083e2ea46be95f467a0056cb04441d2a6f89b885d5d948b00e3331,f535dd91faa78119718049f69aabd6fcb0515ad11d2d7aadfc8851dc2772865c,f535dd91faa78119718049f69aabd6fcb0515ad11d2d7aadfc8851dc2772865c,ace7deecff272f85884d29fd52770f285b1191c8bd94671a120f934864ecfdf3,ace7deecff272f85884d29fd52770f285b1191c8bd94671a120f934864ecfdf3,828.4336853027344,828.4336853027344,1,1,1,1,1,1
p44-dog-0004,brics-odroid-029_cam1,ALL_COMMON,19,46754d08a82988dcb6bca5816e02d5a92ca6f2d5e287c7f9c1642446730a89b1,46754d08a82988dcb6bca5816e02d5a92ca6f2d5e287c7f9c1642446730a89b1,c4870fa949159c51abb5e3e2fa6ee83618920fb364d60b5ffe8542113e56240a,c4870fa949159c51abb5e3e2fa6ee83618920fb364d60b5ffe8542113e56240a,db50edbe17aad422c8fd913877baaa4c6dbe4b36682924322f6100383d0c9f85,db50edbe17aad422c8fd913877baaa4c6dbe4b36682924322f6100383d0c9f85,793.1149291992188,793.1149291992188,1,1,1,1,1,1
p44-dog-0004,brics-odroid-029_cam1,N16,16,add42877ed26f1436d4ef3f46569fa01e10b32f0936b8be9c5fc7ba9ceef73be,add42877ed26f1436d4ef3f46569fa01e10b32f0936b8be9c5fc7ba9ceef73be,ec7f232d8cbf86ba9eb341a3caf2bb5c0d71b45bd6e4ba417c1e5b9b38899b24,ec7f232d8cbf86ba9eb341a3caf2bb5c0d71b45bd6e4ba417c1e5b9b38899b24,db50edbe17aad422c8fd913877baaa4c6dbe4b36682924322f6100383d0c9f85,db50edbe17aad422c8fd913877baaa4c6dbe4b36682924322f6100383d0c9f85,793.1208801269531,793.1208801269531,1,1,1,1,1,1
p44-dog-0004,brics-odroid-029_cam1,N8,8,4e8036fde686f190976108324adc9935f5f29b120a4990d2682d50c6b6f4b51f,4e8036fde686f190976108324adc9935f5f29b120a4990d2682d50c6b6f4b51f,238b13efa50f592a4a291fac9edd7b28feaccd3135c8a9d0628f3b38919c3135,238b13efa50f592a4a291fac9edd7b28feaccd3135c8a9d0628f3b38919c3135,db50edbe17aad422c8fd913877baaa4c6dbe4b36682924322f6100383d0c9f85,db50edbe17aad422c8fd913877baaa4c6dbe4b36682924322f6100383d0c9f85,784.58251953125,784.58251953125,1,1,1,1,1,1
p44-dog-0004,brics-odroid-030_cam0,ALL_COMMON,12,db62b52940a414a34604bfb6810aa61494b12576ccdbcbb158901765488c5bf2,db62b52940a414a34604bfb6810aa61494b12576ccdbcbb158901765488c5bf2,17b646ef60452df2e099970c6edd3e34f1216e93ff036997f431bf75546e97bf,17b646ef60452df2e099970c6edd3e34f1216e93ff036997f431bf75546e97bf,468877ec5a62a4d347975a987ec4bbe35a44dbd130a80b73e0f41c7489b4c071,468877ec5a62a4d347975a987ec4bbe35a44dbd130a80b73e0f41c7489b4c071,776.0543518066406,776.0543518066406,1,1,1,1,1,1
p44-dog-0004,brics-odroid-030_cam0,N8,8,65cbda0b7ade7a64e3b2e64cf2733f1005282748b66ac7e4525f8026678af4be,65cbda0b7ade7a64e3b2e64cf2733f1005282748b66ac7e4525f8026678af4be,979be68ebdabc36708d0dbdd9c7bf91fd8e33048f3e0e28f9f780bbddc83bfce,979be68ebdabc36708d0dbdd9c7bf91fd8e33048f3e0e28f9f780bbddc83bfce,468877ec5a62a4d347975a987ec4bbe35a44dbd130a80b73e0f41c7489b4c071,468877ec5a62a4d347975a987ec4bbe35a44dbd130a80b73e0f41c7489b4c071,774.8166198730469,774.8166198730469,1,1,1,1,1,1
p52-instrument-0034,brics-odroid-002_cam0,ALL_COMMON,64,00d765cc938f5d4d172d4999378aa914cb082bef91c2324f0d11c7df1d6176cd,00d765cc938f5d4d172d4999378aa914cb082bef91c2324f0d11c7df1d6176cd,b287ee23b89508184c914611e93cbaf6e42a5a87fab72739e8ad36b9eec9aaa3,b287ee23b89508184c914611e93cbaf6e42a5a87fab72739e8ad36b9eec9aaa3,4df7781448cd0c028a0c081b6fc81f169fdba5c005e890f423a5bdcab8b5a67b,4df7781448cd0c028a0c081b6fc81f169fdba5c005e890f423a5bdcab8b5a67b,885.4076538085938,885.4076538085938,1,1,1,1,1,1
p52-instrument-0034,brics-odroid-002_cam0,DIVERSE16,16,5ce7f72182080627a66aeaea4d70499fac24d830831e4ccd4b3eb266889044a3,5ce7f72182080627a66aeaea4d70499fac24d830831e4ccd4b3eb266889044a3,7ab56f70ba6f47a7aa22d9054d65a023e2dbbc81abe082c416495aa030c05719,7ab56f70ba6f47a7aa22d9054d65a023e2dbbc81abe082c416495aa030c05719,4df7781448cd0c028a0c081b6fc81f169fdba5c005e890f423a5bdcab8b5a67b,4df7781448cd0c028a0c081b6fc81f169fdba5c005e890f423a5bdcab8b5a67b,884.858154296875,884.858154296875,1,1,1,1,1,1
p52-instrument-0034,brics-odroid-002_cam0,DIVERSE32,32,0976b9a7d30627402139401cf8f0d63d63c487e4716030bd13a21553a09caacc,0976b9a7d30627402139401cf8f0d63d63c487e4716030bd13a21553a09caacc,a1b59cd4aea24fa2684a1154bc13b209322da3dcfb721259da3f9f0f1015295f,a1b59cd4aea24fa2684a1154bc13b209322da3dcfb721259da3f9f0f1015295f,4df7781448cd0c028a0c081b6fc81f169fdba5c005e890f423a5bdcab8b5a67b,4df7781448cd0c028a0c081b6fc81f169fdba5c005e890f423a5bdcab8b5a67b,885.4076538085938,885.4076538085938,1,1,1,1,1,1
p52-instrument-0034,brics-odroid-002_cam0,LOW16,16,8ebbc015fbadb567f65b635df02944b1ccaafe5a9c60f0470a740ef427517c23,8ebbc015fbadb567f65b635df02944b1ccaafe5a9c60f0470a740ef427517c23,ecec5d7477aef50a04386545a8f1a3612be04994bcb8a0ca8c9560d1b98a4d48,ecec5d7477aef50a04386545a8f1a3612be04994bcb8a0ca8c9560d1b98a4d48,4df7781448cd0c028a0c081b6fc81f169fdba5c005e890f423a5bdcab8b5a67b,4df7781448cd0c028a0c081b6fc81f169fdba5c005e890f423a5bdcab8b5a67b,886.767333984375,886.767333984375,1,1,1,1,1,1
p52-instrument-0034,brics-odroid-002_cam0,LOW32,32,f18952ffc08da29f229ab512bf85cd530a1a6fab158a7c205d30235cfb66735e,f18952ffc08da29f229ab512bf85cd530a1a6fab158a7c205d30235cfb66735e,cc33bf522695fdd67c3f8ac6c8999ee5214d9c21183c8db280032604dc1a8605,cc33bf522695fdd67c3f8ac6c8999ee5214d9c21183c8db280032604dc1a8605,4df7781448cd0c028a0c081b6fc81f169fdba5c005e890f423a5bdcab8b5a67b,4df7781448cd0c028a0c081b6fc81f169fdba5c005e890f423a5bdcab8b5a67b,885.3819274902344,885.3819274902344,1,1,1,1,1,1
p52-instrument-0034,brics-odroid-002_cam0,N16,16,9941755dd5c7fcc870908c351fecb058e99b93f7c46842b9ebf09cea52729258,9941755dd5c7fcc870908c351fecb058e99b93f7c46842b9ebf09cea52729258,af8bb219bf6c667a51c7254663366bb49d8cdbc0a280ea117cecbb42e7f5d15a,af8bb219bf6c667a51c7254663366bb49d8cdbc0a280ea117cecbb42e7f5d15a,4df7781448cd0c028a0c081b6fc81f169fdba5c005e890f423a5bdcab8b5a67b,4df7781448cd0c028a0c081b6fc81f169fdba5c005e890f423a5bdcab8b5a67b,887.1742858886719,887.1742858886719,1,1,1,1,1,1
p52-instrument-0034,brics-odroid-002_cam0,N32,32,54c68d21143155e478cc323644b8301ab23f6737c9e1e04de038504374c4cb7e,54c68d21143155e478cc323644b8301ab23f6737c9e1e04de038504374c4cb7e,8f21a650094a2a51efe1c01232c6b1d3949fe3cc0be698cffac24b9e45600b27,8f21a650094a2a51efe1c01232c6b1d3949fe3cc0be698cffac24b9e45600b27,4df7781448cd0c028a0c081b6fc81f169fdba5c005e890f423a5bdcab8b5a67b,4df7781448cd0c028a0c081b6fc81f169fdba5c005e890f423a5bdcab8b5a67b,884.9083862304688,884.9083862304688,1,1,1,1,1,1
p52-instrument-0034,brics-odroid-002_cam0,N64,64,00d765cc938f5d4d172d4999378aa914cb082bef91c2324f0d11c7df1d6176cd,00d765cc938f5d4d172d4999378aa914cb082bef91c2324f0d11c7df1d6176cd,b287ee23b89508184c914611e93cbaf6e42a5a87fab72739e8ad36b9eec9aaa3,b287ee23b89508184c914611e93cbaf6e42a5a87fab72739e8ad36b9eec9aaa3,4df7781448cd0c028a0c081b6fc81f169fdba5c005e890f423a5bdcab8b5a67b,4df7781448cd0c028a0c081b6fc81f169fdba5c005e890f423a5bdcab8b5a67b,885.4076538085938,885.4076538085938,1,1,1,1,1,1
p52-instrument-0034,brics-odroid-002_cam0,N8,8,b1e82838fe253202af4ffcda714481c33d3c7a93d83c315e597aff5019ae3ce2,b1e82838fe253202af4ffcda714481c33d3c7a93d83c315e597aff5019ae3ce2,8efa0374f54a03d0c580d2f9fc91d2a26d411d76e8c0e0d0d81532e9eb96d7e7,8efa0374f54a03d0c580d2f9fc91d2a26d411d76e8c0e0d0d81532e9eb96d7e7,4df7781448cd0c028a0c081b6fc81f169fdba5c005e890f423a5bdcab8b5a67b,4df7781448cd0c028a0c081b6fc81f169fdba5c005e890f423a5bdcab8b5a67b,888.2850036621094,888.2850036621094,1,1,1,1,1,1
p52-instrument-0034,brics-odroid-007_cam0,ALL_COMMON,64,00d765cc938f5d4d172d4999378aa914cb082bef91c2324f0d11c7df1d6176cd,00d765cc938f5d4d172d4999378aa914cb082bef91c2324f0d11c7df1d6176cd,141535eb859fd587157031dbbfe7088697cde6b4f914cf2ac86cf3a1ca2bdf86,141535eb859fd587157031dbbfe7088697cde6b4f914cf2ac86cf3a1ca2bdf86,16ef153e0bf8c473c10c777dcf901746743fcea808eab601de7fa585a3daefa1,16ef153e0bf8c473c10c777dcf901746743fcea808eab601de7fa585a3daefa1,875.3183288574219,875.3183288574219,1,1,1,1,1,1
p52-instrument-0034,brics-odroid-007_cam0,DIVERSE16,16,fe0a6b13f1f77e27c70047988af5ef82139fff37a6b670296137fc92794b0ebe,fe0a6b13f1f77e27c70047988af5ef82139fff37a6b670296137fc92794b0ebe,c5a45b242b221d55de13a725415427b976ad80a3f4feff8976db964dddde3c34,c5a45b242b221d55de13a725415427b976ad80a3f4feff8976db964dddde3c34,16ef153e0bf8c473c10c777dcf901746743fcea808eab601de7fa585a3daefa1,16ef153e0bf8c473c10c777dcf901746743fcea808eab601de7fa585a3daefa1,873.74169921875,873.74169921875,1,1,1,1,1,1
p52-instrument-0034,brics-odroid-007_cam0,DIVERSE32,32,56b786343d630bfc8d6c0652c9da25642efbb2a93ad4388f89c9c776f2d0cd65,56b786343d630bfc8d6c0652c9da25642efbb2a93ad4388f89c9c776f2d0cd65,f0d7d3904a10ffdcc658fdc8fa1ed7be32ae68348af2aa9af0e1bc744016935b,f0d7d3904a10ffdcc658fdc8fa1ed7be32ae68348af2aa9af0e1bc744016935b,16ef153e0bf8c473c10c777dcf901746743fcea808eab601de7fa585a3daefa1,16ef153e0bf8c473c10c777dcf901746743fcea808eab601de7fa585a3daefa1,875.2218627929688,875.2218627929688,1,1,1,1,1,1
p52-instrument-0034,brics-odroid-007_cam0,LOW16,16,ae6eae701d694e3f237c99c9f2d439218c04e9f4af2458cb803f1e55e6621644,ae6eae701d694e3f237c99c9f2d439218c04e9f4af2458cb803f1e55e6621644,30217868fdf504d5c62b100461ba1849a6e871157dc10705b20c2a2eba2f66e0,30217868fdf504d5c62b100461ba1849a6e871157dc10705b20c2a2eba2f66e0,16ef153e0bf8c473c10c777dcf901746743fcea808eab601de7fa585a3daefa1,16ef153e0bf8c473c10c777dcf901746743fcea808eab601de7fa585a3daefa1,874.9640197753906,874.9640197753906,1,1,1,1,1,1
p52-instrument-0034,brics-odroid-007_cam0,LOW32,32,297b0adc9e9546e3555cc345830865b83701149a906386cff404d9c5d6b7a3cb,297b0adc9e9546e3555cc345830865b83701149a906386cff404d9c5d6b7a3cb,746e26e1293b8c2af3a73f95daa1e88333ee5d736d9a7b736a5944a80fd39d45,746e26e1293b8c2af3a73f95daa1e88333ee5d736d9a7b736a5944a80fd39d45,16ef153e0bf8c473c10c777dcf901746743fcea808eab601de7fa585a3daefa1,16ef153e0bf8c473c10c777dcf901746743fcea808eab601de7fa585a3daefa1,875.9639282226562,875.9639282226562,1,1,1,1,1,1
p52-instrument-0034,brics-odroid-007_cam0,N16,16,9941755dd5c7fcc870908c351fecb058e99b93f7c46842b9ebf09cea52729258,9941755dd5c7fcc870908c351fecb058e99b93f7c46842b9ebf09cea52729258,e63286bd44f3736fcaa3bd566bc3a4b4f876cb0343ff51f547ab2044b895dc49,e63286bd44f3736fcaa3bd566bc3a4b4f876cb0343ff51f547ab2044b895dc49,16ef153e0bf8c473c10c777dcf901746743fcea808eab601de7fa585a3daefa1,16ef153e0bf8c473c10c777dcf901746743fcea808eab601de7fa585a3daefa1,874.9330749511719,874.9330749511719,1,1,1,1,1,1
p52-instrument-0034,brics-odroid-007_cam0,N32,32,54c68d21143155e478cc323644b8301ab23f6737c9e1e04de038504374c4cb7e,54c68d21143155e478cc323644b8301ab23f6737c9e1e04de038504374c4cb7e,69c0955da63fe4c17a3217325b1f1d03e5f9520701a8a2dcc7da4e2933e932a2,69c0955da63fe4c17a3217325b1f1d03e5f9520701a8a2dcc7da4e2933e932a2,16ef153e0bf8c473c10c777dcf901746743fcea808eab601de7fa585a3daefa1,16ef153e0bf8c473c10c777dcf901746743fcea808eab601de7fa585a3daefa1,875.0845031738281,875.0845031738281,1,1,1,1,1,1
p52-instrument-0034,brics-odroid-007_cam0,N64,64,00d765cc938f5d4d172d4999378aa914cb082bef91c2324f0d11c7df1d6176cd,00d765cc938f5d4d172d4999378aa914cb082bef91c2324f0d11c7df1d6176cd,141535eb859fd587157031dbbfe7088697cde6b4f914cf2ac86cf3a1ca2bdf86,141535eb859fd587157031dbbfe7088697cde6b4f914cf2ac86cf3a1ca2bdf86,16ef153e0bf8c473c10c777dcf901746743fcea808eab601de7fa585a3daefa1,16ef153e0bf8c473c10c777dcf901746743fcea808eab601de7fa585a3daefa1,875.3183288574219,875.3183288574219,1,1,1,1,1,1
p52-instrument-0034,brics-odroid-007_cam0,N8,8,b1e82838fe253202af4ffcda714481c33d3c7a93d83c315e597aff5019ae3ce2,b1e82838fe253202af4ffcda714481c33d3c7a93d83c315e597aff5019ae3ce2,be3eb8bc6be941e8ffd3e4e7d580b0fa0dd4376abbb1e298252eeb049d0685c8,be3eb8bc6be941e8ffd3e4e7d580b0fa0dd4376abbb1e298252eeb049d0685c8,16ef153e0bf8c473c10c777dcf901746743fcea808eab601de7fa585a3daefa1,16ef153e0bf8c473c10c777dcf901746743fcea808eab601de7fa585a3daefa1,875.1978454589844,875.1978454589844,1,1,1,1,1,1
p52-instrument-0034,brics-odroid-007_cam1,ALL_COMMON,64,00d765cc938f5d4d172d4999378aa914cb082bef91c2324f0d11c7df1d6176cd,00d765cc938f5d4d172d4999378aa914cb082bef91c2324f0d11c7df1d6176cd,23fd260b6c225f72508c7bc2db54abf675d08d2cea4e89b7abe145a3dd6434a5,23fd260b6c225f72508c7bc2db54abf675d08d2cea4e89b7abe145a3dd6434a5,a1f74ecbd1ae738493cceb7cf6cff9f0078384cb26e4a0f62704eb7c3ce48843,a1f74ecbd1ae738493cceb7cf6cff9f0078384cb26e4a0f62704eb7c3ce48843,809.2392578125,809.2392578125,1,1,1,1,1,1
p52-instrument-0034,brics-odroid-007_cam1,DIVERSE16,16,02c398d05d287cfb67bbfcacf7df1e17192881cec20231a27b760f9571288b2d,02c398d05d287cfb67bbfcacf7df1e17192881cec20231a27b760f9571288b2d,671a542d0591155b979af5b5ecf75cd22041ed81df88f196817667fb2e020a4a,671a542d0591155b979af5b5ecf75cd22041ed81df88f196817667fb2e020a4a,a1f74ecbd1ae738493cceb7cf6cff9f0078384cb26e4a0f62704eb7c3ce48843,a1f74ecbd1ae738493cceb7cf6cff9f0078384cb26e4a0f62704eb7c3ce48843,810.6235961914062,810.6235961914062,1,1,1,1,1,1
p52-instrument-0034,brics-odroid-007_cam1,DIVERSE32,32,62b46a38d42a39c62ba251912116448d8bb6aa82b7330852d2ec2b17c0db5bc8,62b46a38d42a39c62ba251912116448d8bb6aa82b7330852d2ec2b17c0db5bc8,1a5c3da01995bd5a265854eae4383985cc496124853ba0893ad46dc808b375b1,1a5c3da01995bd5a265854eae4383985cc496124853ba0893ad46dc808b375b1,a1f74ecbd1ae738493cceb7cf6cff9f0078384cb26e4a0f62704eb7c3ce48843,a1f74ecbd1ae738493cceb7cf6cff9f0078384cb26e4a0f62704eb7c3ce48843,810.8229370117188,810.8229370117188,1,1,1,1,1,1
p52-instrument-0034,brics-odroid-007_cam1,LOW16,16,5a4472fcd639dd3c8020d4d898e2bce8427d2d7c3b994aca8899c309de2ba622,5a4472fcd639dd3c8020d4d898e2bce8427d2d7c3b994aca8899c309de2ba622,7e1076e9f7c8333eba30cc4da0202cf3e288ee08dddcfbe3c229571acf3f2006,7e1076e9f7c8333eba30cc4da0202cf3e288ee08dddcfbe3c229571acf3f2006,a1f74ecbd1ae738493cceb7cf6cff9f0078384cb26e4a0f62704eb7c3ce48843,a1f74ecbd1ae738493cceb7cf6cff9f0078384cb26e4a0f62704eb7c3ce48843,805.7185668945312,805.7185668945312,1,1,1,1,1,1
p52-instrument-0034,brics-odroid-007_cam1,LOW32,32,49e4b59a5c8368a67db31ebafb56a5d365e06f0c15bd98b1758eea9d167e94dd,49e4b59a5c8368a67db31ebafb56a5d365e06f0c15bd98b1758eea9d167e94dd,6fd286cc421db9db740488ecf5f1f54a43032e4870f3917bcee3144d703343a7,6fd286cc421db9db740488ecf5f1f54a43032e4870f3917bcee3144d703343a7,a1f74ecbd1ae738493cceb7cf6cff9f0078384cb26e4a0f62704eb7c3ce48843,a1f74ecbd1ae738493cceb7cf6cff9f0078384cb26e4a0f62704eb7c3ce48843,809.2392578125,809.2392578125,1,1,1,1,1,1
p52-instrument-0034,brics-odroid-007_cam1,N16,16,9941755dd5c7fcc870908c351fecb058e99b93f7c46842b9ebf09cea52729258,9941755dd5c7fcc870908c351fecb058e99b93f7c46842b9ebf09cea52729258,b9855b44ccf8623e72a6fa0e68a4f259a9a6a99b809d7f3ca1fb7e388f54c0d9,b9855b44ccf8623e72a6fa0e68a4f259a9a6a99b809d7f3ca1fb7e388f54c0d9,a1f74ecbd1ae738493cceb7cf6cff9f0078384cb26e4a0f62704eb7c3ce48843,a1f74ecbd1ae738493cceb7cf6cff9f0078384cb26e4a0f62704eb7c3ce48843,807.0832824707031,807.0832824707031,1,1,1,1,1,1
p52-instrument-0034,brics-odroid-007_cam1,N32,32,54c68d21143155e478cc323644b8301ab23f6737c9e1e04de038504374c4cb7e,54c68d21143155e478cc323644b8301ab23f6737c9e1e04de038504374c4cb7e,f2ec985ea91b6d8439f500bf7d0d2cce03b4b7120f824ca596c6fbd1800eb601,f2ec985ea91b6d8439f500bf7d0d2cce03b4b7120f824ca596c6fbd1800eb601,a1f74ecbd1ae738493cceb7cf6cff9f0078384cb26e4a0f62704eb7c3ce48843,a1f74ecbd1ae738493cceb7cf6cff9f0078384cb26e4a0f62704eb7c3ce48843,809.0399169921875,809.0399169921875,1,1,1,1,1,1
p52-instrument-0034,brics-odroid-007_cam1,N64,64,00d765cc938f5d4d172d4999378aa914cb082bef91c2324f0d11c7df1d6176cd,00d765cc938f5d4d172d4999378aa914cb082bef91c2324f0d11c7df1d6176cd,23fd260b6c225f72508c7bc2db54abf675d08d2cea4e89b7abe145a3dd6434a5,23fd260b6c225f72508c7bc2db54abf675d08d2cea4e89b7abe145a3dd6434a5,a1f74ecbd1ae738493cceb7cf6cff9f0078384cb26e4a0f62704eb7c3ce48843,a1f74ecbd1ae738493cceb7cf6cff9f0078384cb26e4a0f62704eb7c3ce48843,809.2392578125,809.2392578125,1,1,1,1,1,1
p52-instrument-0034,brics-odroid-007_cam1,N8,8,b1e82838fe253202af4ffcda714481c33d3c7a93d83c315e597aff5019ae3ce2,b1e82838fe253202af4ffcda714481c33d3c7a93d83c315e597aff5019ae3ce2,ce38fcc9e9175b0ad1dbc1723961b3cde30d576d2f2e76e2afd917afb0a2fe6f,ce38fcc9e9175b0ad1dbc1723961b3cde30d576d2f2e76e2afd917afb0a2fe6f,a1f74ecbd1ae738493cceb7cf6cff9f0078384cb26e4a0f62704eb7c3ce48843,a1f74ecbd1ae738493cceb7cf6cff9f0078384cb26e4a0f62704eb7c3ce48843,807.0832824707031,807.0832824707031,1,1,1,1,1,1
p52-instrument-0034,brics-odroid-012_cam1,ALL_COMMON,64,00d765cc938f5d4d172d4999378aa914cb082bef91c2324f0d11c7df1d6176cd,00d765cc938f5d4d172d4999378aa914cb082bef91c2324f0d11c7df1d6176cd,f6c880af38ff8863a025bcb821bf0e5b62afafa107b57dc7c5c2595df60d016b,f6c880af38ff8863a025bcb821bf0e5b62afafa107b57dc7c5c2595df60d016b,6fef55a5336b57c2e72e82cc54a74786ba2fcc960395622bebd077733ec2ac92,6fef55a5336b57c2e72e82cc54a74786ba2fcc960395622bebd077733ec2ac92,850.6044006347656,850.6044006347656,1,1,1,1,1,1
p52-instrument-0034,brics-odroid-012_cam1,DIVERSE16,16,479d6c35717f9118995328cc1686d50d821f70329c835b1c0dcd087e9f986e5d,479d6c35717f9118995328cc1686d50d821f70329c835b1c0dcd087e9f986e5d,ccbc194dc6237fc64f0dbafb2633fba59a306ed992a01937e096979851e51f31,ccbc194dc6237fc64f0dbafb2633fba59a306ed992a01937e096979851e51f31,6fef55a5336b57c2e72e82cc54a74786ba2fcc960395622bebd077733ec2ac92,6fef55a5336b57c2e72e82cc54a74786ba2fcc960395622bebd077733ec2ac92,851.8297729492188,851.8297729492188,1,1,1,1,1,1
p52-instrument-0034,brics-odroid-012_cam1,DIVERSE32,32,01357d2322648c7b1632035c3d4a28c28206f662e6245f3582998de4fe041c7f,01357d2322648c7b1632035c3d4a28c28206f662e6245f3582998de4fe041c7f,7eb8e8142baa250cd945aa3ea65145ca01851fe4908f3d38fe8e45999cb55fdf,7eb8e8142baa250cd945aa3ea65145ca01851fe4908f3d38fe8e45999cb55fdf,6fef55a5336b57c2e72e82cc54a74786ba2fcc960395622bebd077733ec2ac92,6fef55a5336b57c2e72e82cc54a74786ba2fcc960395622bebd077733ec2ac92,851.0002746582031,851.0002746582031,1,1,1,1,1,1
p52-instrument-0034,brics-odroid-012_cam1,LOW16,16,299680ec7cd0e9bddb13aba0f7dc1f3f154a467a687cf342aae8548881a3dfbb,299680ec7cd0e9bddb13aba0f7dc1f3f154a467a687cf342aae8548881a3dfbb,c195d3748e19b01450227fe6fc131c79b6de5749a66980db5a91bec3356fece3,c195d3748e19b01450227fe6fc131c79b6de5749a66980db5a91bec3356fece3,6fef55a5336b57c2e72e82cc54a74786ba2fcc960395622bebd077733ec2ac92,6fef55a5336b57c2e72e82cc54a74786ba2fcc960395622bebd077733ec2ac92,851.2333679199219,851.2333679199219,1,1,1,1,1,1
p52-instrument-0034,brics-odroid-012_cam1,LOW32,32,fa9867f2c0ce60f7cbb6150260b2209b7ce518bfb4ba9c0c741160b3800ab5d1,fa9867f2c0ce60f7cbb6150260b2209b7ce518bfb4ba9c0c741160b3800ab5d1,69b7027d331b6bade5e86b6ef4cffd1c31650175f367608aadbd681e2794d445,69b7027d331b6bade5e86b6ef4cffd1c31650175f367608aadbd681e2794d445,6fef55a5336b57c2e72e82cc54a74786ba2fcc960395622bebd077733ec2ac92,6fef55a5336b57c2e72e82cc54a74786ba2fcc960395622bebd077733ec2ac92,850.6200256347656,850.6200256347656,1,1,1,1,1,1
p52-instrument-0034,brics-odroid-012_cam1,N16,16,9941755dd5c7fcc870908c351fecb058e99b93f7c46842b9ebf09cea52729258,9941755dd5c7fcc870908c351fecb058e99b93f7c46842b9ebf09cea52729258,a9ac746e31c86091d014938b9ad058179f0fa862a327f2dc653847c009d577da,a9ac746e31c86091d014938b9ad058179f0fa862a327f2dc653847c009d577da,6fef55a5336b57c2e72e82cc54a74786ba2fcc960395622bebd077733ec2ac92,6fef55a5336b57c2e72e82cc54a74786ba2fcc960395622bebd077733ec2ac92,850.1145629882812,850.1145629882812,1,1,1,1,1,1
p52-instrument-0034,brics-odroid-012_cam1,N32,32,54c68d21143155e478cc323644b8301ab23f6737c9e1e04de038504374c4cb7e,54c68d21143155e478cc323644b8301ab23f6737c9e1e04de038504374c4cb7e,23618c8e69aa82ed3c292a365173c601c92d6a636b30791055c8639f952d0f95,23618c8e69aa82ed3c292a365173c601c92d6a636b30791055c8639f952d0f95,6fef55a5336b57c2e72e82cc54a74786ba2fcc960395622bebd077733ec2ac92,6fef55a5336b57c2e72e82cc54a74786ba2fcc960395622bebd077733ec2ac92,850.6200256347656,850.6200256347656,1,1,1,1,1,1
p52-instrument-0034,brics-odroid-012_cam1,N64,64,00d765cc938f5d4d172d4999378aa914cb082bef91c2324f0d11c7df1d6176cd,00d765cc938f5d4d172d4999378aa914cb082bef91c2324f0d11c7df1d6176cd,f6c880af38ff8863a025bcb821bf0e5b62afafa107b57dc7c5c2595df60d016b,f6c880af38ff8863a025bcb821bf0e5b62afafa107b57dc7c5c2595df60d016b,6fef55a5336b57c2e72e82cc54a74786ba2fcc960395622bebd077733ec2ac92,6fef55a5336b57c2e72e82cc54a74786ba2fcc960395622bebd077733ec2ac92,850.6044006347656,850.6044006347656,1,1,1,1,1,1
p52-instrument-0034,brics-odroid-012_cam1,N8,8,b1e82838fe253202af4ffcda714481c33d3c7a93d83c315e597aff5019ae3ce2,b1e82838fe253202af4ffcda714481c33d3c7a93d83c315e597aff5019ae3ce2,e160b666e037e8bc0f8a5a5ea0ec9ca38b7586d56249936e583e33d8b8cbed72,e160b666e037e8bc0f8a5a5ea0ec9ca38b7586d56249936e583e33d8b8cbed72,6fef55a5336b57c2e72e82cc54a74786ba2fcc960395622bebd077733ec2ac92,6fef55a5336b57c2e72e82cc54a74786ba2fcc960395622bebd077733ec2ac92,850.9780883789062,850.9780883789062,1,1,1,1,1,1
p52-instrument-0034,brics-odroid-015_cam1,ALL_COMMON,64,00d765cc938f5d4d172d4999378aa914cb082bef91c2324f0d11c7df1d6176cd,00d765cc938f5d4d172d4999378aa914cb082bef91c2324f0d11c7df1d6176cd,9346d19719676dbdc41601a9e44d20de561affeb6673a1d8298c3af335ecb648,9346d19719676dbdc41601a9e44d20de561affeb6673a1d8298c3af335ecb648,35692a071b8fe58bf799c0eac11205c92157c99bcf23e14018f4e0ef55093ec2,35692a071b8fe58bf799c0eac11205c92157c99bcf23e14018f4e0ef55093ec2,789.217529296875,789.217529296875,1,1,1,1,1,1
p52-instrument-0034,brics-odroid-015_cam1,DIVERSE16,16,80ebf049ad09ad87bb8a3038c1e4706a3709b1365bbb2d8cd04d18414a017cbe,80ebf049ad09ad87bb8a3038c1e4706a3709b1365bbb2d8cd04d18414a017cbe,f3a5544cdff00d785d70c6333607553c0f11a6d96bceedb9aa9e4874fdac9df9,f3a5544cdff00d785d70c6333607553c0f11a6d96bceedb9aa9e4874fdac9df9,35692a071b8fe58bf799c0eac11205c92157c99bcf23e14018f4e0ef55093ec2,35692a071b8fe58bf799c0eac11205c92157c99bcf23e14018f4e0ef55093ec2,790.4342651367188,790.4342651367188,1,1,1,1,1,1
p52-instrument-0034,brics-odroid-015_cam1,DIVERSE32,32,45060aee3672ae6d1caf6aa8415cd959f279a9db92cc6ff6cd364bf0f63d4028,45060aee3672ae6d1caf6aa8415cd959f279a9db92cc6ff6cd364bf0f63d4028,ff3b3bf20e1d332d385a6966fdcd3b9ee35607ad162ce9c69ecd2813328558c1,ff3b3bf20e1d332d385a6966fdcd3b9ee35607ad162ce9c69ecd2813328558c1,35692a071b8fe58bf799c0eac11205c92157c99bcf23e14018f4e0ef55093ec2,35692a071b8fe58bf799c0eac11205c92157c99bcf23e14018f4e0ef55093ec2,789.8858337402344,789.8858337402344,1,1,1,1,1,1
p52-instrument-0034,brics-odroid-015_cam1,LOW16,16,739c2e1ddd8124d89f04b7f1ac084d814147ed7b368c65d8ae64f8b2c59ad6a4,739c2e1ddd8124d89f04b7f1ac084d814147ed7b368c65d8ae64f8b2c59ad6a4,164127af1625f100a5892fda4f2409bd2473cd8e2ffe1bab8ce27b17e52c7398,164127af1625f100a5892fda4f2409bd2473cd8e2ffe1bab8ce27b17e52c7398,35692a071b8fe58bf799c0eac11205c92157c99bcf23e14018f4e0ef55093ec2,35692a071b8fe58bf799c0eac11205c92157c99bcf23e14018f4e0ef55093ec2,788.6872863769531,788.6872863769531,1,1,1,1,1,1
p52-instrument-0034,brics-odroid-015_cam1,LOW32,32,15b95e7423c9727ec05a30b8722f0a9b89fda77de19f8b940e1e7847ae460966,15b95e7423c9727ec05a30b8722f0a9b89fda77de19f8b940e1e7847ae460966,8593efdbf54b47f985b297cb6dc0e2a990f6098e9d92022a5ecd5ea43cbc8b1d,8593efdbf54b47f985b297cb6dc0e2a990f6098e9d92022a5ecd5ea43cbc8b1d,35692a071b8fe58bf799c0eac11205c92157c99bcf23e14018f4e0ef55093ec2,35692a071b8fe58bf799c0eac11205c92157c99bcf23e14018f4e0ef55093ec2,788.83837890625,788.83837890625,1,1,1,1,1,1
p52-instrument-0034,brics-odroid-015_cam1,N16,16,9941755dd5c7fcc870908c351fecb058e99b93f7c46842b9ebf09cea52729258,9941755dd5c7fcc870908c351fecb058e99b93f7c46842b9ebf09cea52729258,d19209b2c252eb3708b3874368e142ea0f9d5f2666b68e5dc1188a0bf05e0913,d19209b2c252eb3708b3874368e142ea0f9d5f2666b68e5dc1188a0bf05e0913,35692a071b8fe58bf799c0eac11205c92157c99bcf23e14018f4e0ef55093ec2,35692a071b8fe58bf799c0eac11205c92157c99bcf23e14018f4e0ef55093ec2,789.34375,789.34375,1,1,1,1,1,1
p52-instrument-0034,brics-odroid-015_cam1,N32,32,54c68d21143155e478cc323644b8301ab23f6737c9e1e04de038504374c4cb7e,54c68d21143155e478cc323644b8301ab23f6737c9e1e04de038504374c4cb7e,1e05411c109677c6061d5917302b56d37240668e588ba41d2abfc29ab37091fc,1e05411c109677c6061d5917302b56d37240668e588ba41d2abfc29ab37091fc,35692a071b8fe58bf799c0eac11205c92157c99bcf23e14018f4e0ef55093ec2,35692a071b8fe58bf799c0eac11205c92157c99bcf23e14018f4e0ef55093ec2,789.2845153808594,789.2845153808594,1,1,1,1,1,1
p52-instrument-0034,brics-odroid-015_cam1,N64,64,00d765cc938f5d4d172d4999378aa914cb082bef91c2324f0d11c7df1d6176cd,00d765cc938f5d4d172d4999378aa914cb082bef91c2324f0d11c7df1d6176cd,9346d19719676dbdc41601a9e44d20de561affeb6673a1d8298c3af335ecb648,9346d19719676dbdc41601a9e44d20de561affeb6673a1d8298c3af335ecb648,35692a071b8fe58bf799c0eac11205c92157c99bcf23e14018f4e0ef55093ec2,35692a071b8fe58bf799c0eac11205c92157c99bcf23e14018f4e0ef55093ec2,789.217529296875,789.217529296875,1,1,1,1,1,1
p52-instrument-0034,brics-odroid-015_cam1,N8,8,b1e82838fe253202af4ffcda714481c33d3c7a93d83c315e597aff5019ae3ce2,b1e82838fe253202af4ffcda714481c33d3c7a93d83c315e597aff5019ae3ce2,0ffd46069b61f7ec7b9ec05bb749a78ad52b333a4685f9edfc2fc3ba391ff5ce,0ffd46069b61f7ec7b9ec05bb749a78ad52b333a4685f9edfc2fc3ba391ff5ce,35692a071b8fe58bf799c0eac11205c92157c99bcf23e14018f4e0ef55093ec2,35692a071b8fe58bf799c0eac11205c92157c99bcf23e14018f4e0ef55093ec2,790.2774963378906,790.2774963378906,1,1,1,1,1,1
p52-instrument-0034,brics-odroid-016_cam0,ALL_COMMON,64,00d765cc938f5d4d172d4999378aa914cb082bef91c2324f0d11c7df1d6176cd,00d765cc938f5d4d172d4999378aa914cb082bef91c2324f0d11c7df1d6176cd,55a2936962e31523478338eb04be83c8d3857a0d79b8cdddd1f7f1d5a8b6fa62,55a2936962e31523478338eb04be83c8d3857a0d79b8cdddd1f7f1d5a8b6fa62,be25cd8264c4f328ce474a73bc54767739300517b941cd3dee44804f645727e0,be25cd8264c4f328ce474a73bc54767739300517b941cd3dee44804f645727e0,984.5509338378906,984.5509338378906,1,1,1,1,1,1
p52-instrument-0034,brics-odroid-016_cam0,DIVERSE16,16,b342f9bf1ad4d81b68fd23507314d1e16a38c1ba601da80ca64f55cbc96ca7a8,b342f9bf1ad4d81b68fd23507314d1e16a38c1ba601da80ca64f55cbc96ca7a8,96efb6dca07338f4884fb42311cdbc38cdd370f48d910f6ee920334bbe6b2fa4,96efb6dca07338f4884fb42311cdbc38cdd370f48d910f6ee920334bbe6b2fa4,be25cd8264c4f328ce474a73bc54767739300517b941cd3dee44804f645727e0,be25cd8264c4f328ce474a73bc54767739300517b941cd3dee44804f645727e0,985.4773864746094,985.4773864746094,1,1,1,1,1,1
p52-instrument-0034,brics-odroid-016_cam0,DIVERSE32,32,c1099d93feb982a04121dcb97b677fb8d5076ee7bf1c3a0857002ea4323a6222,c1099d93feb982a04121dcb97b677fb8d5076ee7bf1c3a0857002ea4323a6222,aafcd23d815a4f6d6099f652e81208b03227a1654c116f3d14a87af3ecef2c5d,aafcd23d815a4f6d6099f652e81208b03227a1654c116f3d14a87af3ecef2c5d,be25cd8264c4f328ce474a73bc54767739300517b941cd3dee44804f645727e0,be25cd8264c4f328ce474a73bc54767739300517b941cd3dee44804f645727e0,983.6956481933594,983.6956481933594,1,1,1,1,1,1
p52-instrument-0034,brics-odroid-016_cam0,LOW16,16,36a4c3020c1ba436892bb7e70fcb7e649451005884b5ad04447cf9e0900e3bc8,36a4c3020c1ba436892bb7e70fcb7e649451005884b5ad04447cf9e0900e3bc8,16d6c7372f01647c96a3988fb29049fb6375ff72b354e6e1d4b4ce2c4245c973,16d6c7372f01647c96a3988fb29049fb6375ff72b354e6e1d4b4ce2c4245c973,be25cd8264c4f328ce474a73bc54767739300517b941cd3dee44804f645727e0,be25cd8264c4f328ce474a73bc54767739300517b941cd3dee44804f645727e0,984.4687805175781,984.4687805175781,1,1,1,1,1,1
p52-instrument-0034,brics-odroid-016_cam0,LOW32,32,8a078d8c64aad5d91334e0a078a474a761a31cb1489c66146de3c61a37ae80c5,8a078d8c64aad5d91334e0a078a474a761a31cb1489c66146de3c61a37ae80c5,89210e039b378034a1e0cfc8dd7c29e0bca468dd452ae93d47fe5059bd3bafe1,89210e039b378034a1e0cfc8dd7c29e0bca468dd452ae93d47fe5059bd3bafe1,be25cd8264c4f328ce474a73bc54767739300517b941cd3dee44804f645727e0,be25cd8264c4f328ce474a73bc54767739300517b941cd3dee44804f645727e0,984.3138122558594,984.3138122558594,1,1,1,1,1,1
p52-instrument-0034,brics-odroid-016_cam0,N16,16,9941755dd5c7fcc870908c351fecb058e99b93f7c46842b9ebf09cea52729258,9941755dd5c7fcc870908c351fecb058e99b93f7c46842b9ebf09cea52729258,2462bbb9703d7d3cb753b20dece202ddeb42645555f007d9d505d2ff0567e836,2462bbb9703d7d3cb753b20dece202ddeb42645555f007d9d505d2ff0567e836,be25cd8264c4f328ce474a73bc54767739300517b941cd3dee44804f645727e0,be25cd8264c4f328ce474a73bc54767739300517b941cd3dee44804f645727e0,984.8081665039062,984.8081665039062,1,1,1,1,1,1
p52-instrument-0034,brics-odroid-016_cam0,N32,32,54c68d21143155e478cc323644b8301ab23f6737c9e1e04de038504374c4cb7e,54c68d21143155e478cc323644b8301ab23f6737c9e1e04de038504374c4cb7e,20882fbb752b05bdfb707028c406f1e14b4d79f65bb1dcc12014c8246b98a594,20882fbb752b05bdfb707028c406f1e14b4d79f65bb1dcc12014c8246b98a594,be25cd8264c4f328ce474a73bc54767739300517b941cd3dee44804f645727e0,be25cd8264c4f328ce474a73bc54767739300517b941cd3dee44804f645727e0,984.8081665039062,984.8081665039062,1,1,1,1,1,1
p52-instrument-0034,brics-odroid-016_cam0,N64,64,00d765cc938f5d4d172d4999378aa914cb082bef91c2324f0d11c7df1d6176cd,00d765cc938f5d4d172d4999378aa914cb082bef91c2324f0d11c7df1d6176cd,55a2936962e31523478338eb04be83c8d3857a0d79b8cdddd1f7f1d5a8b6fa62,55a2936962e31523478338eb04be83c8d3857a0d79b8cdddd1f7f1d5a8b6fa62,be25cd8264c4f328ce474a73bc54767739300517b941cd3dee44804f645727e0,be25cd8264c4f328ce474a73bc54767739300517b941cd3dee44804f645727e0,984.5509338378906,984.5509338378906,1,1,1,1,1,1
p52-instrument-0034,brics-odroid-016_cam0,N8,8,b1e82838fe253202af4ffcda714481c33d3c7a93d83c315e597aff5019ae3ce2,b1e82838fe253202af4ffcda714481c33d3c7a93d83c315e597aff5019ae3ce2,8a4110badb2cdf99a7f9a0eee82159d1744fe2f315d38f13268ba240c9505594,8a4110badb2cdf99a7f9a0eee82159d1744fe2f315d38f13268ba240c9505594,be25cd8264c4f328ce474a73bc54767739300517b941cd3dee44804f645727e0,be25cd8264c4f328ce474a73bc54767739300517b941cd3dee44804f645727e0,985.5407409667969,985.5407409667969,1,1,1,1,1,1
p52-instrument-0034,brics-odroid-021_cam0,ALL_COMMON,64,00d765cc938f5d4d172d4999378aa914cb082bef91c2324f0d11c7df1d6176cd,00d765cc938f5d4d172d4999378aa914cb082bef91c2324f0d11c7df1d6176cd,2b59420c215b6ade3b4bdf64fe2a3ac71cdf0633f5cab47667293c30afa7c80b,2b59420c215b6ade3b4bdf64fe2a3ac71cdf0633f5cab47667293c30afa7c80b,7a2a6ff1faa93e091fe7406a6e240e9212b8a55f0df9a84aa6939e4c0a9c8e8c,7a2a6ff1faa93e091fe7406a6e240e9212b8a55f0df9a84aa6939e4c0a9c8e8c,802.6807556152344,802.6807556152344,1,1,1,1,1,1
p52-instrument-0034,brics-odroid-021_cam0,DIVERSE16,16,2f4f951bf9633882f33ebb073cd46224ca38256a1381c877bd528944bbd46e4f,2f4f951bf9633882f33ebb073cd46224ca38256a1381c877bd528944bbd46e4f,ec08de01c7a629e99d6f4c4ab9d5b3678be596359f2f281bc3fcb11f45107992,ec08de01c7a629e99d6f4c4ab9d5b3678be596359f2f281bc3fcb11f45107992,7a2a6ff1faa93e091fe7406a6e240e9212b8a55f0df9a84aa6939e4c0a9c8e8c,7a2a6ff1faa93e091fe7406a6e240e9212b8a55f0df9a84aa6939e4c0a9c8e8c,802.4869995117188,802.4869995117188,1,1,1,1,1,1
p52-instrument-0034,brics-odroid-021_cam0,DIVERSE32,32,cee067ea3a94d3ea1e3911b2b579d6afa3a3375553f7eb8d9e79db79dc4b36a0,cee067ea3a94d3ea1e3911b2b579d6afa3a3375553f7eb8d9e79db79dc4b36a0,a687c1d5c9456516073123c16317a0493d0c274aa1ff3fbbd09f2f2390ca02aa,a687c1d5c9456516073123c16317a0493d0c274aa1ff3fbbd09f2f2390ca02aa,7a2a6ff1faa93e091fe7406a6e240e9212b8a55f0df9a84aa6939e4c0a9c8e8c,7a2a6ff1faa93e091fe7406a6e240e9212b8a55f0df9a84aa6939e4c0a9c8e8c,802.2216491699219,802.2216491699219,1,1,1,1,1,1
p52-instrument-0034,brics-odroid-021_cam0,LOW16,16,d904a54029158bd71e67c36d3f3255a1f99cb6b30f296d5fa062856fa87fdee7,d904a54029158bd71e67c36d3f3255a1f99cb6b30f296d5fa062856fa87fdee7,fabbc64eaf329fafb2bcb9c0c6faefa77f826d1ff1f2f9c8586c4835f3578d31,fabbc64eaf329fafb2bcb9c0c6faefa77f826d1ff1f2f9c8586c4835f3578d31,7a2a6ff1faa93e091fe7406a6e240e9212b8a55f0df9a84aa6939e4c0a9c8e8c,7a2a6ff1faa93e091fe7406a6e240e9212b8a55f0df9a84aa6939e4c0a9c8e8c,803.3237609863281,803.3237609863281,1,1,1,1,1,1
p52-instrument-0034,brics-odroid-021_cam0,LOW32,32,9559060a64550a828c4394f4de08fd547a75d2275c9ea06c029524f51ec1fc40,9559060a64550a828c4394f4de08fd547a75d2275c9ea06c029524f51ec1fc40,173a9048f3b32560395001f864de10f2b2d773f27ce84e517e51d2e030801094,173a9048f3b32560395001f864de10f2b2d773f27ce84e517e51d2e030801094,7a2a6ff1faa93e091fe7406a6e240e9212b8a55f0df9a84aa6939e4c0a9c8e8c,7a2a6ff1faa93e091fe7406a6e240e9212b8a55f0df9a84aa6939e4c0a9c8e8c,803.3004760742188,803.3004760742188,1,1,1,1,1,1
p52-instrument-0034,brics-odroid-021_cam0,N16,16,9941755dd5c7fcc870908c351fecb058e99b93f7c46842b9ebf09cea52729258,9941755dd5c7fcc870908c351fecb058e99b93f7c46842b9ebf09cea52729258,7e4ffa19088c661e8f936c8332cce848eec566bf635ca6f6eec180c9ecf5326a,7e4ffa19088c661e8f936c8332cce848eec566bf635ca6f6eec180c9ecf5326a,7a2a6ff1faa93e091fe7406a6e240e9212b8a55f0df9a84aa6939e4c0a9c8e8c,7a2a6ff1faa93e091fe7406a6e240e9212b8a55f0df9a84aa6939e4c0a9c8e8c,802.8363037109375,802.8363037109375,1,1,1,1,1,1
p52-instrument-0034,brics-odroid-021_cam0,N32,32,54c68d21143155e478cc323644b8301ab23f6737c9e1e04de038504374c4cb7e,54c68d21143155e478cc323644b8301ab23f6737c9e1e04de038504374c4cb7e,1a45015b6a6d0fca227745bd5363a45233a871f83f593da63e49c88338c3ba58,1a45015b6a6d0fca227745bd5363a45233a871f83f593da63e49c88338c3ba58,7a2a6ff1faa93e091fe7406a6e240e9212b8a55f0df9a84aa6939e4c0a9c8e8c,7a2a6ff1faa93e091fe7406a6e240e9212b8a55f0df9a84aa6939e4c0a9c8e8c,802.0419921875,802.0419921875,1,1,1,1,1,1
p52-instrument-0034,brics-odroid-021_cam0,N64,64,00d765cc938f5d4d172d4999378aa914cb082bef91c2324f0d11c7df1d6176cd,00d765cc938f5d4d172d4999378aa914cb082bef91c2324f0d11c7df1d6176cd,2b59420c215b6ade3b4bdf64fe2a3ac71cdf0633f5cab47667293c30afa7c80b,2b59420c215b6ade3b4bdf64fe2a3ac71cdf0633f5cab47667293c30afa7c80b,7a2a6ff1faa93e091fe7406a6e240e9212b8a55f0df9a84aa6939e4c0a9c8e8c,7a2a6ff1faa93e091fe7406a6e240e9212b8a55f0df9a84aa6939e4c0a9c8e8c,802.6807556152344,802.6807556152344,1,1,1,1,1,1
p52-instrument-0034,brics-odroid-021_cam0,N8,8,b1e82838fe253202af4ffcda714481c33d3c7a93d83c315e597aff5019ae3ce2,b1e82838fe253202af4ffcda714481c33d3c7a93d83c315e597aff5019ae3ce2,88a2088cb9c384d26b0421204144ebafe93b3b3ced1034013c7cb8b95ce7ac89,88a2088cb9c384d26b0421204144ebafe93b3b3ced1034013c7cb8b95ce7ac89,7a2a6ff1faa93e091fe7406a6e240e9212b8a55f0df9a84aa6939e4c0a9c8e8c,7a2a6ff1faa93e091fe7406a6e240e9212b8a55f0df9a84aa6939e4c0a9c8e8c,803.4551086425781,803.4551086425781,1,1,1,1,1,1
p52-instrument-0034,brics-odroid-023_cam0,ALL_COMMON,64,00d765cc938f5d4d172d4999378aa914cb082bef91c2324f0d11c7df1d6176cd,00d765cc938f5d4d172d4999378aa914cb082bef91c2324f0d11c7df1d6176cd,71e17dfc2c14af49611d9ff76c7dedf5036bc4a544311ba179657a21a39dd71a,71e17dfc2c14af49611d9ff76c7dedf5036bc4a544311ba179657a21a39dd71a,1a5171b33375df551dd91dba1822157791175e5517fc706bc1e5ba1e575f4f05,1a5171b33375df551dd91dba1822157791175e5517fc706bc1e5ba1e575f4f05,855.3344421386719,855.3344421386719,1,1,1,1,1,1
p52-instrument-0034,brics-odroid-023_cam0,DIVERSE16,16,d97086e69af5eaa079952cd51563568f2af1cc1de57e035bfec8eb890e509daf,d97086e69af5eaa079952cd51563568f2af1cc1de57e035bfec8eb890e509daf,06746419d3b76309eacd6ae8629171ba364dd433b15d93c16353a9de6eb4308d,06746419d3b76309eacd6ae8629171ba364dd433b15d93c16353a9de6eb4308d,1a5171b33375df551dd91dba1822157791175e5517fc706bc1e5ba1e575f4f05,1a5171b33375df551dd91dba1822157791175e5517fc706bc1e5ba1e575f4f05,855.1956787109375,855.1956787109375,1,1,1,1,1,1
p52-instrument-0034,brics-odroid-023_cam0,DIVERSE32,32,f5961e61fae94f81cb71f8a8c1cbbe58b1b03daf46693ce691995d7c7412e574,f5961e61fae94f81cb71f8a8c1cbbe58b1b03daf46693ce691995d7c7412e574,ec82055f9c99120ffc1d7d5774329610cc66901ba2529ba09e0bfa7e7c332083,ec82055f9c99120ffc1d7d5774329610cc66901ba2529ba09e0bfa7e7c332083,1a5171b33375df551dd91dba1822157791175e5517fc706bc1e5ba1e575f4f05,1a5171b33375df551dd91dba1822157791175e5517fc706bc1e5ba1e575f4f05,853.8256530761719,853.8256530761719,1,1,1,1,1,1
p52-instrument-0034,brics-odroid-023_cam0,LOW16,16,c385045e0c01af9be6748545976e59d328313961d246a6c74875e3e100def38d,c385045e0c01af9be6748545976e59d328313961d246a6c74875e3e100def38d,69bbe01d3ff2bdb7f9c366ecaca58a34bb8589c1b465caf3298a17eac2440831,69bbe01d3ff2bdb7f9c366ecaca58a34bb8589c1b465caf3298a17eac2440831,1a5171b33375df551dd91dba1822157791175e5517fc706bc1e5ba1e575f4f05,1a5171b33375df551dd91dba1822157791175e5517fc706bc1e5ba1e575f4f05,856.0588684082031,856.0588684082031,1,1,1,1,1,1
p52-instrument-0034,brics-odroid-023_cam0,LOW32,32,74fb55a9007e732510a7a45172c03faf94128fd5630610f4c82fd034efaf7fab,74fb55a9007e732510a7a45172c03faf94128fd5630610f4c82fd034efaf7fab,de68ecfce1591ac7b4176501465133e3c639628a514d2b26d1c2650d14a21e26,de68ecfce1591ac7b4176501465133e3c639628a514d2b26d1c2650d14a21e26,1a5171b33375df551dd91dba1822157791175e5517fc706bc1e5ba1e575f4f05,1a5171b33375df551dd91dba1822157791175e5517fc706bc1e5ba1e575f4f05,855.5980529785156,855.5980529785156,1,1,1,1,1,1
p52-instrument-0034,brics-odroid-023_cam0,N16,16,9941755dd5c7fcc870908c351fecb058e99b93f7c46842b9ebf09cea52729258,9941755dd5c7fcc870908c351fecb058e99b93f7c46842b9ebf09cea52729258,25ba8ad48afc2d537d1955de333d759a8444bedc41e6b6fa187165a2f0bae5cd,25ba8ad48afc2d537d1955de333d759a8444bedc41e6b6fa187165a2f0bae5cd,1a5171b33375df551dd91dba1822157791175e5517fc706bc1e5ba1e575f4f05,1a5171b33375df551dd91dba1822157791175e5517fc706bc1e5ba1e575f4f05,855.6446228027344,855.6446228027344,1,1,1,1,1,1
p52-instrument-0034,brics-odroid-023_cam0,N32,32,54c68d21143155e478cc323644b8301ab23f6737c9e1e04de038504374c4cb7e,54c68d21143155e478cc323644b8301ab23f6737c9e1e04de038504374c4cb7e,2e4e056835b44471a0af31fe3e7630f93b3f4839e9226a594fbcc95e9a1b0e66,2e4e056835b44471a0af31fe3e7630f93b3f4839e9226a594fbcc95e9a1b0e66,1a5171b33375df551dd91dba1822157791175e5517fc706bc1e5ba1e575f4f05,1a5171b33375df551dd91dba1822157791175e5517fc706bc1e5ba1e575f4f05,855.5630187988281,855.5630187988281,1,1,1,1,1,1
p52-instrument-0034,brics-odroid-023_cam0,N64,64,00d765cc938f5d4d172d4999378aa914cb082bef91c2324f0d11c7df1d6176cd,00d765cc938f5d4d172d4999378aa914cb082bef91c2324f0d11c7df1d6176cd,71e17dfc2c14af49611d9ff76c7dedf5036bc4a544311ba179657a21a39dd71a,71e17dfc2c14af49611d9ff76c7dedf5036bc4a544311ba179657a21a39dd71a,1a5171b33375df551dd91dba1822157791175e5517fc706bc1e5ba1e575f4f05,1a5171b33375df551dd91dba1822157791175e5517fc706bc1e5ba1e575f4f05,855.3344421386719,855.3344421386719,1,1,1,1,1,1
p52-instrument-0034,brics-odroid-023_cam0,N8,8,b1e82838fe253202af4ffcda714481c33d3c7a93d83c315e597aff5019ae3ce2,b1e82838fe253202af4ffcda714481c33d3c7a93d83c315e597aff5019ae3ce2,df14a16db846f29166f80ce40f595f312378b2a42366bb03d029dce34a072bc0,df14a16db846f29166f80ce40f595f312378b2a42366bb03d029dce34a072bc0,1a5171b33375df551dd91dba1822157791175e5517fc706bc1e5ba1e575f4f05,1a5171b33375df551dd91dba1822157791175e5517fc706bc1e5ba1e575f4f05,855.146484375,855.146484375,1,1,1,1,1,1
p52-instrument-0034,brics-odroid-024_cam0,ALL_COMMON,64,00d765cc938f5d4d172d4999378aa914cb082bef91c2324f0d11c7df1d6176cd,00d765cc938f5d4d172d4999378aa914cb082bef91c2324f0d11c7df1d6176cd,716a281cddeeaa279cf08b0b32ad3b0efe7fdf49c2ad31f3f4cc471468ac43e2,716a281cddeeaa279cf08b0b32ad3b0efe7fdf49c2ad31f3f4cc471468ac43e2,607ea5d9e71c9a7fea023654ec09363061f41c750e44e50897fa218450f204ea,607ea5d9e71c9a7fea023654ec09363061f41c750e44e50897fa218450f204ea,863.1531066894531,863.1531066894531,1,1,1,1,1,1
p52-instrument-0034,brics-odroid-024_cam0,DIVERSE16,16,49c991d39c93847b1d0af0b06ce27ebbd1fdc4c22e4d7e17eb8a2c7a223a2847,49c991d39c93847b1d0af0b06ce27ebbd1fdc4c22e4d7e17eb8a2c7a223a2847,bdb33ab488a68d3a241334c7defe23a993de3caaa8f55517f0c74a748512f3e9,bdb33ab488a68d3a241334c7defe23a993de3caaa8f55517f0c74a748512f3e9,607ea5d9e71c9a7fea023654ec09363061f41c750e44e50897fa218450f204ea,607ea5d9e71c9a7fea023654ec09363061f41c750e44e50897fa218450f204ea,864.5199584960938,864.5199584960938,1,1,1,1,1,1
p52-instrument-0034,brics-odroid-024_cam0,DIVERSE32,32,d5a04bb6820f8c4e760f824c79b0b5478ad4e3556730d45ec0d1622ba0a9932a,d5a04bb6820f8c4e760f824c79b0b5478ad4e3556730d45ec0d1622ba0a9932a,712e0c2835e12016eb71e105152bf818d20ed81af4f66f1764e730a7f0538e06,712e0c2835e12016eb71e105152bf818d20ed81af4f66f1764e730a7f0538e06,607ea5d9e71c9a7fea023654ec09363061f41c750e44e50897fa218450f204ea,607ea5d9e71c9a7fea023654ec09363061f41c750e44e50897fa218450f204ea,864.1070861816406,864.1070861816406,1,1,1,1,1,1
p52-instrument-0034,brics-odroid-024_cam0,LOW16,16,b82c004c79a047dd750c310eba703d96b3e065cf62d6739d014938f4cc28652a,b82c004c79a047dd750c310eba703d96b3e065cf62d6739d014938f4cc28652a,9947b41661bb3aa4c39806b2a19d962850a295feac819de093e65249dbb06204,9947b41661bb3aa4c39806b2a19d962850a295feac819de093e65249dbb06204,607ea5d9e71c9a7fea023654ec09363061f41c750e44e50897fa218450f204ea,607ea5d9e71c9a7fea023654ec09363061f41c750e44e50897fa218450f204ea,863.7357482910156,863.7357482910156,1,1,1,1,1,1
p52-instrument-0034,brics-odroid-024_cam0,LOW32,32,af27220b8e811fa2d002481f63bdea9a1adb4b39833fea358babce6b697a82f8,af27220b8e811fa2d002481f63bdea9a1adb4b39833fea358babce6b697a82f8,c1bc173fc47d5d978a37679b1466d7d1f9b7095dd370a3f3383295efe3472761,c1bc173fc47d5d978a37679b1466d7d1f9b7095dd370a3f3383295efe3472761,607ea5d9e71c9a7fea023654ec09363061f41c750e44e50897fa218450f204ea,607ea5d9e71c9a7fea023654ec09363061f41c750e44e50897fa218450f204ea,863.3109741210938,863.3109741210938,1,1,1,1,1,1
p52-instrument-0034,brics-odroid-024_cam0,N16,16,9941755dd5c7fcc870908c351fecb058e99b93f7c46842b9ebf09cea52729258,9941755dd5c7fcc870908c351fecb058e99b93f7c46842b9ebf09cea52729258,6cd57188981dc13cc88805c65521bf084324e772de9f406455068c1d388a376b,6cd57188981dc13cc88805c65521bf084324e772de9f406455068c1d388a376b,607ea5d9e71c9a7fea023654ec09363061f41c750e44e50897fa218450f204ea,607ea5d9e71c9a7fea023654ec09363061f41c750e44e50897fa218450f204ea,862.7027587890625,862.7027587890625,1,1,1,1,1,1
p52-instrument-0034,brics-odroid-024_cam0,N32,32,54c68d21143155e478cc323644b8301ab23f6737c9e1e04de038504374c4cb7e,54c68d21143155e478cc323644b8301ab23f6737c9e1e04de038504374c4cb7e,20214033d559bf0bf3ae4c10eac5bf1a5f08cfcbbe4d4449c094c357fe8ab7ba,20214033d559bf0bf3ae4c10eac5bf1a5f08cfcbbe4d4449c094c357fe8ab7ba,607ea5d9e71c9a7fea023654ec09363061f41c750e44e50897fa218450f204ea,607ea5d9e71c9a7fea023654ec09363061f41c750e44e50897fa218450f204ea,862.8274230957031,862.8274230957031,1,1,1,1,1,1
p52-instrument-0034,brics-odroid-024_cam0,N64,64,00d765cc938f5d4d172d4999378aa914cb082bef91c2324f0d11c7df1d6176cd,00d765cc938f5d4d172d4999378aa914cb082bef91c2324f0d11c7df1d6176cd,716a281cddeeaa279cf08b0b32ad3b0efe7fdf49c2ad31f3f4cc471468ac43e2,716a281cddeeaa279cf08b0b32ad3b0efe7fdf49c2ad31f3f4cc471468ac43e2,607ea5d9e71c9a7fea023654ec09363061f41c750e44e50897fa218450f204ea,607ea5d9e71c9a7fea023654ec09363061f41c750e44e50897fa218450f204ea,863.1531066894531,863.1531066894531,1,1,1,1,1,1
p52-instrument-0034,brics-odroid-024_cam0,N8,8,b1e82838fe253202af4ffcda714481c33d3c7a93d83c315e597aff5019ae3ce2,b1e82838fe253202af4ffcda714481c33d3c7a93d83c315e597aff5019ae3ce2,d55c33263a3d2e6c6c18ea0acb816126f8d727cf64968d002d0f7144f17332cc,d55c33263a3d2e6c6c18ea0acb816126f8d727cf64968d002d0f7144f17332cc,607ea5d9e71c9a7fea023654ec09363061f41c750e44e50897fa218450f204ea,607ea5d9e71c9a7fea023654ec09363061f41c750e44e50897fa218450f204ea,862.44482421875,862.44482421875,1,1,1,1,1,1
p52-instrument-0034,brics-odroid-025_cam1,ALL_COMMON,64,00d765cc938f5d4d172d4999378aa914cb082bef91c2324f0d11c7df1d6176cd,00d765cc938f5d4d172d4999378aa914cb082bef91c2324f0d11c7df1d6176cd,225a7066578f5b68930ff828c987504fde9554046f4336547df96ee13928fdb3,225a7066578f5b68930ff828c987504fde9554046f4336547df96ee13928fdb3,e0ab7ff74c88a631c5d42df52c06c3578d8833108d621dfa12862b6046768152,e0ab7ff74c88a631c5d42df52c06c3578d8833108d621dfa12862b6046768152,874.7498474121094,874.7498474121094,1,1,1,1,1,1
p52-instrument-0034,brics-odroid-025_cam1,DIVERSE16,16,a27f786c84ee5a3deb2a252c11209f9d892a5b53a05b00e2ad2526cfcd9a0eed,a27f786c84ee5a3deb2a252c11209f9d892a5b53a05b00e2ad2526cfcd9a0eed,0a0ddeec4157ae58bc6aa33748eefddfeef91eaf159cd98485e30162efdf4f9b,0a0ddeec4157ae58bc6aa33748eefddfeef91eaf159cd98485e30162efdf4f9b,e0ab7ff74c88a631c5d42df52c06c3578d8833108d621dfa12862b6046768152,e0ab7ff74c88a631c5d42df52c06c3578d8833108d621dfa12862b6046768152,876.8638916015625,876.8638916015625,1,1,1,1,1,1
p52-instrument-0034,brics-odroid-025_cam1,DIVERSE32,32,35f9781037c518cfa316de6d5a65a57700de556fd60dc9daaf589d9f137456a8,35f9781037c518cfa316de6d5a65a57700de556fd60dc9daaf589d9f137456a8,b11698a5a6616579e52fcdbcac92124feb298f3c2065336f2f237989cf78eeb3,b11698a5a6616579e52fcdbcac92124feb298f3c2065336f2f237989cf78eeb3,e0ab7ff74c88a631c5d42df52c06c3578d8833108d621dfa12862b6046768152,e0ab7ff74c88a631c5d42df52c06c3578d8833108d621dfa12862b6046768152,875.767578125,875.767578125,1,1,1,1,1,1
p52-instrument-0034,brics-odroid-025_cam1,LOW16,16,0926f4714c3ad5f93bf3c14fb48d7496d9defe56ee0d427107b752d14cc25d31,0926f4714c3ad5f93bf3c14fb48d7496d9defe56ee0d427107b752d14cc25d31,b2a6f05295a78ca2c4769784fcbddb3076f9db1896e1ff190259d23d27efb378,b2a6f05295a78ca2c4769784fcbddb3076f9db1896e1ff190259d23d27efb378,e0ab7ff74c88a631c5d42df52c06c3578d8833108d621dfa12862b6046768152,e0ab7ff74c88a631c5d42df52c06c3578d8833108d621dfa12862b6046768152,872.7232666015625,872.7232666015625,1,1,1,1,1,1
p52-instrument-0034,brics-odroid-025_cam1,LOW32,32,989f865d2c0dc266f888d29f4b5cc29cedd7e4de2d85ee6d4cbfc2160e9637aa,989f865d2c0dc266f888d29f4b5cc29cedd7e4de2d85ee6d4cbfc2160e9637aa,899aa64a476f7cdcac9d22c9936d248d42bf7f66a59099857aaa7c6751824d1f,899aa64a476f7cdcac9d22c9936d248d42bf7f66a59099857aaa7c6751824d1f,e0ab7ff74c88a631c5d42df52c06c3578d8833108d621dfa12862b6046768152,e0ab7ff74c88a631c5d42df52c06c3578d8833108d621dfa12862b6046768152,873.0256958007812,873.0256958007812,1,1,1,1,1,1
p52-instrument-0034,brics-odroid-025_cam1,N16,16,9941755dd5c7fcc870908c351fecb058e99b93f7c46842b9ebf09cea52729258,9941755dd5c7fcc870908c351fecb058e99b93f7c46842b9ebf09cea52729258,eac23506a0606a05afa247f411e1b41a24efa3417fad5d8e21435c3eaf74e354,eac23506a0606a05afa247f411e1b41a24efa3417fad5d8e21435c3eaf74e354,e0ab7ff74c88a631c5d42df52c06c3578d8833108d621dfa12862b6046768152,e0ab7ff74c88a631c5d42df52c06c3578d8833108d621dfa12862b6046768152,873.5595397949219,873.5595397949219,1,1,1,1,1,1
p52-instrument-0034,brics-odroid-025_cam1,N32,32,54c68d21143155e478cc323644b8301ab23f6737c9e1e04de038504374c4cb7e,54c68d21143155e478cc323644b8301ab23f6737c9e1e04de038504374c4cb7e,c31cf7e242affa7944cddc0ed0d7317dfe66d5d4cc837a5116400e4587a683fc,c31cf7e242affa7944cddc0ed0d7317dfe66d5d4cc837a5116400e4587a683fc,e0ab7ff74c88a631c5d42df52c06c3578d8833108d621dfa12862b6046768152,e0ab7ff74c88a631c5d42df52c06c3578d8833108d621dfa12862b6046768152,874.4546813964844,874.4546813964844,1,1,1,1,1,1
p52-instrument-0034,brics-odroid-025_cam1,N64,64,00d765cc938f5d4d172d4999378aa914cb082bef91c2324f0d11c7df1d6176cd,00d765cc938f5d4d172d4999378aa914cb082bef91c2324f0d11c7df1d6176cd,225a7066578f5b68930ff828c987504fde9554046f4336547df96ee13928fdb3,225a7066578f5b68930ff828c987504fde9554046f4336547df96ee13928fdb3,e0ab7ff74c88a631c5d42df52c06c3578d8833108d621dfa12862b6046768152,e0ab7ff74c88a631c5d42df52c06c3578d8833108d621dfa12862b6046768152,874.7498474121094,874.7498474121094,1,1,1,1,1,1
p52-instrument-0034,brics-odroid-025_cam1,N8,8,b1e82838fe253202af4ffcda714481c33d3c7a93d83c315e597aff5019ae3ce2,b1e82838fe253202af4ffcda714481c33d3c7a93d83c315e597aff5019ae3ce2,2ec59b109fd1f35c10cf7bd139527f9f90084e3386d1de816c601f9221e4eba1,2ec59b109fd1f35c10cf7bd139527f9f90084e3386d1de816c601f9221e4eba1,e0ab7ff74c88a631c5d42df52c06c3578d8833108d621dfa12862b6046768152,e0ab7ff74c88a631c5d42df52c06c3578d8833108d621dfa12862b6046768152,875.2566833496094,875.2566833496094,1,1,1,1,1,1
p52-instrument-0034,brics-odroid-027_cam0,ALL_COMMON,27,54899047d1ad5f05325637d6fce693bc54dfc8b36fbbf7ef0d734d66061359fd,54899047d1ad5f05325637d6fce693bc54dfc8b36fbbf7ef0d734d66061359fd,61c9bdc6edfb6f6031f1d9b97b5ed15e2204515b36fe72080f8f5a02ba27c48d,61c9bdc6edfb6f6031f1d9b97b5ed15e2204515b36fe72080f8f5a02ba27c48d,ee408937e50fc9468fa804537d193417c14b6f1b02b283de0cb705a18d6cdeda,ee408937e50fc9468fa804537d193417c14b6f1b02b283de0cb705a18d6cdeda,880.9151611328125,880.9151611328125,1,1,1,1,1,1
p52-instrument-0034,brics-odroid-027_cam0,N16,16,575c48d1c6e6833286cfdd025b9679d48341ad322515d4e19df9cb7114d6f4cd,575c48d1c6e6833286cfdd025b9679d48341ad322515d4e19df9cb7114d6f4cd,f9793291ccf91a5d6be8ca3e69b83f6305c9a1a52feecca668d933b61a1b2b4a,f9793291ccf91a5d6be8ca3e69b83f6305c9a1a52feecca668d933b61a1b2b4a,ee408937e50fc9468fa804537d193417c14b6f1b02b283de0cb705a18d6cdeda,ee408937e50fc9468fa804537d193417c14b6f1b02b283de0cb705a18d6cdeda,880.6906127929688,880.6906127929688,1,1,1,1,1,1
p52-instrument-0034,brics-odroid-027_cam0,N8,8,4f370156e79c2176d12106432065907750cecd768b82ef59a688842f9648b102,4f370156e79c2176d12106432065907750cecd768b82ef59a688842f9648b102,7707c113f2dc8cc1517cc1912de1a8ad6beb3e63c75ef92f41d5582f8200b52b,7707c113f2dc8cc1517cc1912de1a8ad6beb3e63c75ef92f41d5582f8200b52b,ee408937e50fc9468fa804537d193417c14b6f1b02b283de0cb705a18d6cdeda,ee408937e50fc9468fa804537d193417c14b6f1b02b283de0cb705a18d6cdeda,880.8526916503906,880.8526916503906,1,1,1,1,1,1
p52-instrument-0034,brics-odroid-030_cam0,ALL_COMMON,64,00d765cc938f5d4d172d4999378aa914cb082bef91c2324f0d11c7df1d6176cd,00d765cc938f5d4d172d4999378aa914cb082bef91c2324f0d11c7df1d6176cd,7c4a6f65a16750b7955462fea9281089873932cf14693f05b234f23a9af1b903,7c4a6f65a16750b7955462fea9281089873932cf14693f05b234f23a9af1b903,516b415f8697e60c3ecd8e1260339c8b741eddf8063e809c8c018082beac9bce,516b415f8697e60c3ecd8e1260339c8b741eddf8063e809c8c018082beac9bce,772.4967651367188,772.4967651367188,1,1,1,1,1,1
p52-instrument-0034,brics-odroid-030_cam0,DIVERSE16,16,05ee917300f3d95d9da8fbb326b3aa80f83494a659fdd577d0571ee64c839e60,05ee917300f3d95d9da8fbb326b3aa80f83494a659fdd577d0571ee64c839e60,18be1f2fd732bc120da1259df2eee941de40596581d8b876234ec8bd9bfd745e,18be1f2fd732bc120da1259df2eee941de40596581d8b876234ec8bd9bfd745e,516b415f8697e60c3ecd8e1260339c8b741eddf8063e809c8c018082beac9bce,516b415f8697e60c3ecd8e1260339c8b741eddf8063e809c8c018082beac9bce,771.8593444824219,771.8593444824219,1,1,1,1,1,1
p52-instrument-0034,brics-odroid-030_cam0,DIVERSE32,32,9e2119c59ef55d341a6e12c13ea5c73670041595c4316aee59863b71f739fb56,9e2119c59ef55d341a6e12c13ea5c73670041595c4316aee59863b71f739fb56,c9f56ac459a66d2f87c42b0c456369f33ed7476129c71c183610865e46a5e658,c9f56ac459a66d2f87c42b0c456369f33ed7476129c71c183610865e46a5e658,516b415f8697e60c3ecd8e1260339c8b741eddf8063e809c8c018082beac9bce,516b415f8697e60c3ecd8e1260339c8b741eddf8063e809c8c018082beac9bce,770.5894165039062,770.5894165039062,1,1,1,1,1,1
p52-instrument-0034,brics-odroid-030_cam0,LOW16,16,a9761d1de3e8fb3fc8b9dd4234c694acc6bc3489e7e0ccde0538e2b8e5689386,a9761d1de3e8fb3fc8b9dd4234c694acc6bc3489e7e0ccde0538e2b8e5689386,54d7c970f53b5516606936d1e003183f864eb38a17dcc13014c6ed7a81253953,54d7c970f53b5516606936d1e003183f864eb38a17dcc13014c6ed7a81253953,516b415f8697e60c3ecd8e1260339c8b741eddf8063e809c8c018082beac9bce,516b415f8697e60c3ecd8e1260339c8b741eddf8063e809c8c018082beac9bce,772.8625183105469,772.8625183105469,1,1,1,1,1,1
p52-instrument-0034,brics-odroid-030_cam0,LOW32,32,7cd6927860a318136bbe00e578279fa2c6b3ec6c1d9b42d0d247bbeb885633ad,7cd6927860a318136bbe00e578279fa2c6b3ec6c1d9b42d0d247bbeb885633ad,9865e2b603dad8f7949f8761daaa71c77c8af38d90b311b069fb55b205b12b1f,9865e2b603dad8f7949f8761daaa71c77c8af38d90b311b069fb55b205b12b1f,516b415f8697e60c3ecd8e1260339c8b741eddf8063e809c8c018082beac9bce,516b415f8697e60c3ecd8e1260339c8b741eddf8063e809c8c018082beac9bce,773.5967712402344,773.5967712402344,1,1,1,1,1,1
p52-instrument-0034,brics-odroid-030_cam0,N16,16,9941755dd5c7fcc870908c351fecb058e99b93f7c46842b9ebf09cea52729258,9941755dd5c7fcc870908c351fecb058e99b93f7c46842b9ebf09cea52729258,bdb1fda90dfb228c67288af56b90a82b57037859b0ec122758f2cf4100027692,bdb1fda90dfb228c67288af56b90a82b57037859b0ec122758f2cf4100027692,516b415f8697e60c3ecd8e1260339c8b741eddf8063e809c8c018082beac9bce,516b415f8697e60c3ecd8e1260339c8b741eddf8063e809c8c018082beac9bce,772.1340942382812,772.1340942382812,1,1,1,1,1,1
p52-instrument-0034,brics-odroid-030_cam0,N32,32,54c68d21143155e478cc323644b8301ab23f6737c9e1e04de038504374c4cb7e,54c68d21143155e478cc323644b8301ab23f6737c9e1e04de038504374c4cb7e,fbcbbc5511af35b841f6183369170f6cdc2ebe82fed658efbc7d054add445c65,fbcbbc5511af35b841f6183369170f6cdc2ebe82fed658efbc7d054add445c65,516b415f8697e60c3ecd8e1260339c8b741eddf8063e809c8c018082beac9bce,516b415f8697e60c3ecd8e1260339c8b741eddf8063e809c8c018082beac9bce,772.8113708496094,772.8113708496094,1,1,1,1,1,1
p52-instrument-0034,brics-odroid-030_cam0,N64,64,00d765cc938f5d4d172d4999378aa914cb082bef91c2324f0d11c7df1d6176cd,00d765cc938f5d4d172d4999378aa914cb082bef91c2324f0d11c7df1d6176cd,7c4a6f65a16750b7955462fea9281089873932cf14693f05b234f23a9af1b903,7c4a6f65a16750b7955462fea9281089873932cf14693f05b234f23a9af1b903,516b415f8697e60c3ecd8e1260339c8b741eddf8063e809c8c018082beac9bce,516b415f8697e60c3ecd8e1260339c8b741eddf8063e809c8c018082beac9bce,772.4967651367188,772.4967651367188,1,1,1,1,1,1
p52-instrument-0034,brics-odroid-030_cam0,N8,8,b1e82838fe253202af4ffcda714481c33d3c7a93d83c315e597aff5019ae3ce2,b1e82838fe253202af4ffcda714481c33d3c7a93d83c315e597aff5019ae3ce2,f521d003cafffdd16c4b056c99533addad8cc90df4214fae39f993d191dac621,f521d003cafffdd16c4b056c99533addad8cc90df4214fae39f993d191dac621,516b415f8697e60c3ecd8e1260339c8b741eddf8063e809c8c018082beac9bce,516b415f8697e60c3ecd8e1260339c8b741eddf8063e809c8c018082beac9bce,770.6669006347656,770.6669006347656,1,1,1,1,1,1
p52-instrument-0034,brics-odroid-030_cam1,ALL_COMMON,13,b5c3ae8ea45299d8368aa4cce592aee39cf9295205af3aca6f8a17685d4c1628,b5c3ae8ea45299d8368aa4cce592aee39cf9295205af3aca6f8a17685d4c1628,73135bf922194922f30269da8dd077c54bebd1ff171c7156c3356ab0adbe36a4,73135bf922194922f30269da8dd077c54bebd1ff171c7156c3356ab0adbe36a4,74f71ec779f1588b250bc3bda5f3ea91f1c4bb33cbf97912ecdc4a0eac276b04,74f71ec779f1588b250bc3bda5f3ea91f1c4bb33cbf97912ecdc4a0eac276b04,777.1685180664062,777.1685180664062,1,1,1,1,1,1
p52-instrument-0034,brics-odroid-030_cam1,N8,8,1ce34867f92f43047fd240252f9467636283a95bc36e1c6390105bd8fe84286d,1ce34867f92f43047fd240252f9467636283a95bc36e1c6390105bd8fe84286d,25c42acf5c3ee501cf4dd20cd7d32de1660bd7b731447967af24581d0756af8e,25c42acf5c3ee501cf4dd20cd7d32de1660bd7b731447967af24581d0756af8e,74f71ec779f1588b250bc3bda5f3ea91f1c4bb33cbf97912ecdc4a0eac276b04,74f71ec779f1588b250bc3bda5f3ea91f1c4bb33cbf97912ecdc4a0eac276b04,777.6735534667969,777.6735534667969,1,1,1,1,1,1
